age;workclass;education;education-num;marital-status;occupation;relationship;race;sex;hours-per-week;native-country;capital_gain_bin;capital_loss_bin;income
39;5;9;13;4;0;1;4;1;40;38;1;0;0
50;4;9;13;2;3;0;4;1;13;38;0;0;0
38;2;11;9;0;5;1;4;1;40;38;0;0;0
53;2;1;7;2;5;0;2;1;40;38;0;0;0
28;2;9;13;2;9;5;2;0;40;4;0;0;0
37;2;12;14;2;3;5;4;0;40;38;0;0;0
49;2;6;5;3;7;1;2;0;16;22;0;0;0
52;4;11;9;2;3;0;4;1;45;38;0;0;1
31;2;12;14;4;9;1;4;0;50;38;1;0;1
42;2;9;13;2;3;0;4;1;40;38;1;0;1
37;2;15;10;2;3;0;2;1;80;38;0;0;1
30;5;9;13;2;9;0;1;1;40;18;0;0;1
23;2;9;13;4;0;3;4;0;30;38;0;0;0
32;2;7;12;4;11;1;2;1;50;38;0;0;0
34;2;5;4;2;13;0;0;1;45;25;0;0;0
25;4;11;9;4;4;3;4;1;35;38;0;0;0
32;2;11;9;4;6;4;4;1;40;38;0;0;0
38;2;1;7;2;11;0;4;1;50;38;0;0;0
43;4;12;14;0;3;4;4;0;45;38;0;0;1
40;2;10;16;2;9;0;4;1;60;38;0;0;1
54;2;11;9;5;7;4;2;0;20;38;0;0;0
35;0;6;5;2;4;0;2;1;40;38;0;0;0
43;2;1;7;2;13;0;4;1;40;38;0;1;0
59;2;11;9;0;12;4;4;0;40;38;0;0;0
56;1;9;13;2;12;0;4;1;40;38;0;0;1
19;2;11;9;4;2;3;4;1;40;38;0;0;0
39;2;11;9;0;3;1;4;1;80;38;0;0;0
49;2;11;9;2;2;0;4;1;40;38;0;0;0
23;1;7;12;4;10;1;4;1;52;38;0;0;0
20;2;15;10;4;11;3;2;1;44;38;0;0;0
45;2;9;13;0;3;3;4;1;40;38;0;1;0
30;0;15;10;2;0;3;4;1;40;38;0;0;0
22;5;15;10;2;7;0;2;1;15;38;0;0;0
48;2;1;7;4;6;4;4;1;40;32;0;0;0
21;2;15;10;4;6;3;4;1;40;38;0;0;0
19;2;11;9;1;0;5;4;0;25;38;0;0;0
48;4;7;12;2;9;0;4;1;40;38;0;0;0
31;2;6;5;2;6;0;4;1;43;38;0;0;0
53;4;9;13;2;9;0;4;1;40;38;0;0;0
24;2;9;13;2;12;0;4;1;50;38;0;0;0
49;2;11;9;5;0;4;4;0;40;38;0;0;0
25;2;11;9;4;5;1;4;1;35;38;0;0;0
57;0;9;13;2;9;0;2;1;40;38;0;0;1
53;2;11;9;2;6;0;4;1;38;38;0;0;0
44;2;12;14;0;3;4;4;0;40;38;0;0;0
41;5;8;11;2;2;0;4;1;40;38;0;0;0
29;2;8;11;4;9;1;4;1;43;38;0;0;0
25;2;15;10;2;3;5;3;0;40;38;0;0;0
47;2;14;15;2;9;5;4;0;60;15;0;1;1
50;0;9;13;0;3;1;4;1;55;38;0;0;1
47;3;11;9;0;3;1;4;1;60;38;0;0;0
43;2;15;10;2;12;0;4;1;40;38;0;0;1
46;2;4;3;2;6;0;4;1;40;25;0;0;0
35;2;8;11;2;7;0;4;1;40;32;0;0;0
41;2;11;9;2;0;0;4;1;48;38;0;0;0
30;2;11;9;2;6;0;4;1;40;38;1;0;0
30;2;9;13;2;11;0;4;1;40;38;1;0;0
48;2;11;9;2;13;0;4;1;40;38;0;0;0
42;2;10;16;2;9;0;4;1;45;38;0;0;1
29;2;15;10;0;12;1;4;1;58;38;0;0;0
36;2;11;9;2;2;0;4;1;40;38;0;0;0
28;2;15;10;0;0;1;4;0;40;38;0;0;0
53;2;11;9;2;0;5;4;0;40;38;0;0;1
49;3;15;10;2;3;0;4;1;50;38;0;0;1
19;2;15;10;4;9;3;4;1;32;38;0;0;0
31;2;9;13;5;11;3;2;0;40;38;0;0;0
29;4;9;13;2;11;0;4;1;70;38;0;0;1
23;2;15;10;4;6;1;4;1;40;38;0;0;0
79;2;15;10;2;9;2;4;1;20;38;0;0;0
27;2;11;9;4;7;3;4;1;40;25;0;0;0
40;2;7;12;2;0;0;4;1;40;38;0;0;0
18;2;1;7;4;7;3;4;0;22;38;0;0;0
31;1;5;4;2;4;0;4;1;40;38;0;0;0
18;2;11;9;4;11;1;4;1;30;38;0;0;0
52;2;9;13;2;7;0;4;1;40;4;0;0;0
46;2;11;9;2;7;5;4;0;40;38;0;0;0
59;2;11;9;2;11;0;4;1;48;38;0;0;0
44;2;11;9;0;2;1;4;0;40;38;1;0;1
53;2;11;9;0;11;3;4;0;35;38;0;0;0
49;1;11;9;2;10;0;4;1;40;38;0;0;1
33;2;12;14;2;9;0;4;1;50;38;0;0;0
30;2;6;5;4;11;1;4;1;40;38;0;0;0
43;0;10;16;4;9;1;4;0;50;38;0;0;1
57;2;8;11;2;9;0;4;1;40;38;0;0;0
37;2;15;10;0;2;4;4;0;40;38;0;0;0
28;2;15;10;0;6;4;2;0;25;38;0;0;0
34;1;9;13;2;10;0;4;1;40;38;0;0;1
29;1;15;10;4;5;1;4;1;50;38;0;0;0
48;4;10;16;2;9;0;4;1;60;38;0;1;1
37;2;15;10;2;11;0;4;1;48;38;0;0;1
48;2;7;12;0;3;4;4;0;40;8;0;0;0
32;0;11;9;4;7;3;2;1;40;38;0;0;0
76;2;12;14;2;3;0;4;1;40;38;0;0;1
44;2;9;13;2;3;0;4;1;60;38;1;0;1
47;4;12;14;4;9;1;4;0;50;38;0;0;0
20;2;15;10;4;12;3;4;0;40;38;0;0;0
29;2;11;9;4;2;1;4;1;40;38;0;0;0
32;3;11;9;2;2;0;4;1;40;38;1;0;1
30;2;1;7;4;5;3;4;1;40;38;0;0;0
31;1;11;9;4;0;1;4;0;40;38;0;0;0
42;2;11;9;2;5;0;4;1;40;38;0;0;0
24;2;9;13;4;11;2;4;1;40;38;0;0;0
38;2;14;15;2;9;0;4;1;40;38;0;0;1
56;4;11;9;2;7;0;4;1;50;1;0;1;1
28;2;15;10;2;11;5;4;0;25;38;1;0;0
36;2;11;9;4;6;3;4;0;40;38;0;0;0
53;2;6;5;2;5;0;4;1;50;38;0;0;0
56;3;15;10;2;11;0;4;1;50;38;0;0;0
49;1;8;11;2;2;0;2;1;40;38;0;0;1
55;2;15;10;2;11;0;4;1;56;38;0;0;0
22;2;11;9;4;2;1;4;1;41;38;0;0;0
21;2;15;10;4;7;3;4;0;40;38;0;0;0
40;2;9;13;2;3;0;4;1;60;38;0;0;0
30;2;9;13;4;3;3;2;1;40;10;0;0;0
29;5;9;13;2;9;0;4;1;50;38;0;0;1
19;2;15;10;4;7;3;2;1;35;38;0;0;0
47;2;9;13;2;3;5;4;0;40;38;0;0;1
20;2;15;10;4;0;3;4;0;28;38;0;1;0
31;2;7;12;2;0;0;4;1;40;38;0;0;1
39;2;15;10;0;2;1;4;1;40;38;0;0;0
28;2;7;12;4;11;1;4;0;60;38;0;0;0
24;2;11;9;4;7;1;4;0;40;38;0;1;0
38;4;11;9;2;2;0;4;1;35;38;1;0;0
37;2;9;13;2;11;0;4;1;50;38;0;0;0
46;2;7;12;0;12;1;2;0;36;38;0;0;0
38;0;12;14;2;9;0;4;1;40;19;0;0;1
43;4;11;9;2;2;0;4;1;60;38;0;0;0
27;2;8;11;2;0;5;4;0;35;38;0;0;0
20;2;15;10;4;11;3;4;1;20;38;0;0;0
49;2;15;10;2;2;0;1;1;40;38;0;0;1
61;3;11;9;2;2;0;4;1;40;38;0;0;0
27;2;15;10;4;11;3;4;0;40;38;0;0;0
19;2;15;10;4;7;3;4;1;30;25;0;0;0
45;2;8;11;4;9;1;4;0;40;38;0;1;1
70;2;15;10;4;12;2;4;1;40;38;0;0;0
31;2;11;9;4;13;4;2;0;30;38;0;0;0
22;2;15;10;2;7;0;4;1;24;38;0;0;0
36;2;11;9;6;7;4;4;0;24;38;0;0;0
64;2;1;7;2;2;0;4;1;40;38;0;1;0
47;1;15;10;0;0;4;4;0;38;25;0;0;0
34;2;11;9;4;0;1;4;0;40;38;0;0;0
33;2;9;13;4;3;2;1;0;40;29;0;0;0
21;2;11;9;4;2;3;4;1;35;38;0;0;0
48;2;11;9;2;2;0;4;1;46;38;0;0;0
23;2;9;13;4;5;1;4;1;40;38;0;0;0
71;4;15;10;5;11;4;2;1;2;38;0;1;0
29;2;11;9;0;2;1;4;1;60;38;0;0;0
42;2;9;13;5;7;2;2;1;50;38;0;0;0
25;2;11;9;4;7;4;4;0;40;38;0;0;0
44;3;12;14;0;3;4;1;0;40;38;0;0;0
28;2;11;9;4;3;1;1;0;40;8;0;0;0
45;4;12;14;2;11;0;4;1;40;38;0;0;1
36;2;15;10;0;7;4;4;0;40;25;0;0;0
39;0;7;12;4;3;1;4;1;42;38;0;0;0
46;5;12;14;6;10;4;4;1;40;38;0;0;0
18;2;1;7;4;5;3;4;1;16;38;0;0;0
66;1;8;11;6;9;1;4;0;20;38;0;0;0
27;2;11;9;4;7;1;4;1;40;38;0;1;0
28;5;11;9;2;10;0;4;1;40;38;0;0;0
51;2;15;10;2;11;0;4;1;40;38;0;1;1
27;2;9;13;4;2;1;4;1;50;38;0;0;0
28;5;9;13;2;9;0;4;1;40;38;0;0;1
27;2;11;9;3;11;4;4;0;25;38;0;0;0
21;2;11;9;4;2;3;2;1;40;38;0;0;0
34;2;11;9;4;5;1;2;1;40;38;0;0;0
18;2;11;9;4;7;3;4;1;12;38;0;0;0
33;2;9;13;2;9;0;4;1;65;38;0;0;0
44;1;15;10;2;3;0;2;1;38;38;0;0;1
43;2;15;10;0;0;1;4;0;40;38;0;0;0
30;2;15;10;4;2;1;2;1;45;38;0;0;0
40;2;5;4;2;6;0;4;1;40;25;0;0;1
37;0;15;10;2;0;0;4;1;42;38;0;0;1
34;2;11;9;2;0;0;2;1;40;38;0;0;0
41;4;9;13;0;3;1;4;0;40;38;0;0;0
31;2;12;14;2;9;5;4;0;50;38;0;0;0
58;5;10;16;2;9;0;4;1;1;38;0;0;1
38;2;15;10;0;6;1;2;0;28;38;0;0;0
24;2;15;10;2;6;0;4;1;40;38;0;0;0
41;1;9;13;2;2;0;2;1;40;38;0;0;0
47;2;15;10;2;12;0;4;1;45;38;0;0;0
41;0;9;13;2;12;0;4;1;24;38;0;0;0
23;2;4;3;2;13;2;4;1;40;25;0;0;0
36;2;15;10;0;2;1;4;1;40;38;0;0;0
40;0;12;14;4;3;1;4;0;55;38;1;0;1
35;2;12;14;2;9;2;4;1;40;38;1;0;1
24;4;11;9;4;11;1;4;1;40;38;0;0;0
26;2;12;14;4;9;1;4;0;40;38;0;1;0
51;2;9;13;2;3;0;4;1;50;38;0;0;1
42;1;15;10;4;9;1;4;0;40;38;0;1;0
37;5;11;9;0;0;4;4;0;35;38;0;0;0
18;2;1;7;4;11;3;4;0;40;38;0;0;0
36;2;9;13;2;7;0;2;1;36;38;1;0;1
35;2;11;9;0;2;1;4;1;60;38;0;0;0
58;3;11;9;2;11;5;4;0;35;38;1;0;1
17;2;1;7;4;11;3;4;0;12;38;0;0;0
44;1;11;9;2;13;0;2;1;40;38;0;0;0
37;2;11;9;2;2;0;4;1;40;38;0;0;1
35;2;15;10;4;11;1;0;0;40;38;0;0;0
60;2;11;9;2;2;0;1;1;40;38;0;0;0
54;3;5;4;2;6;0;4;1;40;38;0;0;1
37;2;9;13;4;3;1;2;1;60;38;0;0;1
50;2;7;12;0;11;1;4;0;40;38;0;0;0
38;2;9;13;2;11;0;4;1;50;30;0;0;0
45;2;9;13;2;9;0;4;1;55;38;0;0;0
25;2;0;6;4;2;1;4;1;40;38;0;0;0
31;2;15;10;2;5;0;4;1;40;38;0;0;0
90;2;11;9;4;7;1;2;1;40;38;0;1;0
54;2;11;9;2;0;0;2;1;20;38;0;0;0
53;1;13;1;4;6;1;4;0;35;38;0;0;0
18;2;11;9;4;11;3;4;0;40;38;0;0;0
66;4;11;9;2;4;0;4;1;50;38;1;0;0
75;2;8;11;6;0;1;4;0;20;3;0;0;0
65;2;11;9;0;0;1;4;0;40;38;0;0;0
35;2;1;7;5;13;1;2;1;40;38;1;0;0
41;2;11;9;0;11;4;2;0;38;38;0;0;0
25;2;15;10;4;0;1;4;1;42;38;0;0;0
33;2;15;10;0;2;2;3;0;40;38;0;0;0
28;2;14;15;4;9;1;4;1;55;38;0;0;1
59;5;11;9;2;7;0;4;1;40;38;0;0;0
40;5;15;10;4;0;1;4;0;38;38;0;0;0
41;2;9;13;2;3;0;4;1;50;19;0;0;1
38;1;12;14;2;3;0;4;1;70;38;0;0;1
23;2;11;9;4;13;3;4;1;40;38;0;0;0
40;2;9;13;2;9;0;4;1;40;38;0;0;1
41;4;11;9;2;7;5;4;0;20;38;0;0;0
24;5;7;12;2;10;0;4;1;50;38;0;0;0
38;2;15;10;0;2;1;4;1;40;38;0;1;0
58;2;11;9;2;0;0;4;1;45;38;0;0;1
32;2;11;9;4;7;1;4;0;34;38;0;0;0
40;2;7;12;2;12;0;4;1;60;38;0;1;1
41;2;14;15;2;9;5;4;0;40;38;0;0;1
42;2;9;13;2;0;5;2;0;40;38;0;0;0
59;1;0;6;6;7;4;2;0;30;38;0;0;0
19;1;15;10;4;0;3;4;1;40;38;0;0;0
58;2;15;10;4;13;1;4;1;20;38;0;0;0
42;4;11;9;2;4;0;1;1;40;0;0;0;1
20;2;11;9;4;7;3;4;0;40;38;0;0;0
32;2;11;9;5;7;1;4;0;30;38;0;0;0
45;2;8;11;6;3;1;4;0;45;38;0;0;0
50;2;5;4;0;2;1;4;1;40;38;0;0;0
36;2;9;13;0;9;3;4;0;40;38;0;0;0
45;2;11;9;2;11;0;4;1;60;38;0;0;0
17;2;1;7;4;7;3;4;1;12;38;0;0;0
59;2;15;10;2;11;0;4;1;40;38;1;0;0
26;2;1;7;2;2;0;4;1;40;38;0;0;0
37;3;15;10;2;3;0;1;1;75;36;0;0;1
64;2;11;9;2;3;0;4;1;40;38;0;0;1
33;2;9;13;4;9;1;4;0;45;38;0;0;0
33;2;11;9;2;2;5;4;0;40;38;0;0;1
61;2;11;9;2;3;0;4;1;40;38;0;0;1
17;2;6;5;4;7;3;4;1;24;38;1;0;0
50;4;12;14;2;4;0;4;1;98;38;1;0;0
27;1;12;14;4;9;3;4;1;35;38;0;0;0
30;2;11;9;0;9;3;4;0;40;38;0;0;0
43;2;11;9;2;5;0;2;1;40;38;0;0;0
44;2;15;10;2;2;0;4;1;40;38;1;0;1
35;2;15;10;4;3;1;4;0;40;38;0;0;0
25;2;15;10;4;12;3;4;0;40;38;0;0;0
24;2;15;10;2;6;5;4;0;48;38;1;0;1
22;2;9;13;4;9;1;4;0;15;10;0;0;0
42;1;15;10;2;2;0;4;1;40;38;1;0;1
34;2;7;12;0;11;4;2;0;45;38;0;0;0
60;2;9;13;0;9;1;4;0;42;38;0;0;0
21;2;11;9;4;5;3;4;1;40;38;0;0;0
57;0;12;14;2;11;0;4;1;40;38;1;0;1
41;2;14;15;2;9;0;4;1;60;38;0;0;1
50;2;15;10;0;7;1;4;1;45;38;0;0;0
25;2;9;13;4;3;1;4;0;40;38;0;0;0
50;2;5;4;2;2;0;4;1;40;6;0;0;0
36;2;9;13;2;9;0;4;1;45;38;0;0;0
31;2;11;9;0;9;1;4;0;40;38;0;0;0
29;1;9;13;4;10;1;4;1;56;38;0;0;0
21;2;15;10;4;11;3;4;1;45;38;0;0;0
27;2;9;13;4;12;4;2;0;40;38;0;0;0
65;2;11;9;2;13;0;4;1;16;38;0;0;0
37;3;9;13;0;11;1;4;0;60;38;0;0;0
24;2;11;9;4;2;3;4;1;40;38;0;0;0
38;2;11;9;0;11;1;4;1;80;38;0;0;0
48;2;9;13;2;0;0;4;1;40;38;1;0;1
21;2;15;10;4;7;1;1;0;25;38;0;0;0
31;2;11;9;2;13;0;4;1;45;38;0;0;1
55;2;11;9;2;11;0;4;1;40;38;1;0;1
24;2;15;10;2;0;5;1;0;40;24;0;0;0
43;2;11;9;0;0;1;4;0;40;38;0;0;0
26;2;7;12;4;12;1;4;1;45;38;0;0;0
46;2;7;12;4;9;1;4;0;33;38;0;0;0
35;2;7;12;2;0;0;4;1;40;38;0;0;1
41;3;15;10;2;4;0;4;1;54;38;0;0;1
26;2;9;13;4;11;1;4;1;40;38;0;0;0
34;2;12;14;2;3;0;1;1;35;35;1;0;1
36;4;9;13;0;9;1;2;0;40;38;0;0;1
22;2;15;10;4;11;3;4;1;15;38;0;0;0
24;2;15;10;4;6;1;4;1;40;38;0;0;0
77;4;15;10;2;11;0;4;1;40;38;0;0;0
22;2;4;3;2;6;2;4;0;40;25;0;0;0
29;2;15;10;4;12;1;4;0;40;38;0;0;0
62;2;11;9;6;7;1;4;0;24;38;0;0;0
39;4;11;9;2;3;0;4;1;40;38;0;0;0
43;2;15;10;2;2;0;4;1;50;38;0;1;0
35;2;11;9;0;13;1;4;1;45;38;0;0;0
29;2;1;7;4;3;1;4;0;40;38;0;0;0
76;4;12;14;2;2;0;4;1;10;38;0;0;0
63;4;11;9;2;4;0;4;1;45;38;0;0;0
43;2;15;10;2;9;5;4;0;50;38;0;1;1
58;4;11;9;2;5;0;4;1;40;38;0;0;0
66;2;11;9;4;13;1;4;1;55;38;1;0;0
41;2;15;10;4;2;1;2;1;45;38;0;0;0
26;2;9;13;4;0;1;4;1;40;38;0;0;0
47;2;8;11;4;7;1;4;1;40;38;0;0;0
55;1;0;6;2;0;0;4;1;40;38;0;0;0
53;2;11;9;2;13;0;4;1;40;38;0;0;0
17;2;4;3;4;7;2;4;1;48;25;0;0;0
30;2;11;9;4;2;2;4;1;40;38;0;0;0
49;2;12;14;4;9;1;4;1;60;38;0;0;0
19;2;11;9;4;11;4;2;1;30;13;0;0;0
45;2;11;9;2;7;0;2;1;40;38;0;0;0
26;2;7;12;4;11;1;4;1;40;38;0;0;0
38;2;8;11;2;2;0;4;1;40;38;1;0;1
36;5;11;9;2;10;0;4;1;40;38;1;0;1
33;2;11;9;4;4;1;4;1;20;38;0;0;0
22;5;15;10;4;10;3;2;0;40;38;0;0;0
43;4;9;13;4;11;1;4;1;42;38;0;0;0
56;2;7;12;3;7;1;4;1;25;19;0;0;0
31;2;9;13;4;9;3;4;1;25;38;0;0;0
33;2;9;13;2;3;0;4;1;40;38;0;0;1
26;2;11;9;2;7;0;4;1;40;38;0;0;0
33;2;9;13;2;3;0;4;1;40;38;0;0;1
46;1;1;7;2;13;0;4;1;30;38;0;0;0
38;0;11;9;2;0;0;4;1;40;38;0;0;1
65;2;1;7;6;7;4;3;1;40;38;0;0;0
40;2;8;11;2;12;0;4;1;40;38;0;0;1
42;2;11;9;2;0;5;4;0;35;38;0;0;0
26;4;6;5;2;2;0;4;1;40;31;0;0;0
36;2;0;6;2;7;5;4;0;24;38;0;0;0
62;2;12;14;2;9;0;4;1;40;38;0;0;1
43;2;9;13;2;13;0;4;1;45;38;0;0;0
43;2;9;13;0;3;1;4;1;45;38;0;1;1
22;2;11;9;3;11;1;4;1;55;38;0;0;0
28;2;11;9;2;2;0;4;1;40;38;0;0;0
56;4;15;10;2;11;0;4;1;45;38;0;0;0
22;2;7;12;4;11;1;4;0;15;38;0;0;0
57;2;9;13;0;3;1;4;0;45;38;0;0;1
39;2;11;9;0;11;4;4;0;40;38;0;0;0
26;0;15;10;4;0;4;4;0;15;38;0;0;0
17;2;1;7;4;7;3;4;1;10;38;0;0;0
40;5;8;11;2;6;0;4;1;38;38;0;0;1
45;2;11;9;2;6;0;2;1;40;38;0;0;0
44;2;11;9;4;2;1;2;1;40;38;0;0;0
20;1;15;10;4;0;3;4;0;10;38;0;0;0
33;2;11;9;2;2;5;4;0;40;38;0;0;0
23;2;15;10;4;11;1;4;1;40;38;0;0;0
46;4;12;14;0;3;1;4;1;30;38;0;0;0
38;2;11;9;2;11;0;4;1;50;38;0;0;0
54;2;11;9;0;13;1;4;1;40;38;0;0;0
46;2;4;3;0;2;1;4;0;45;38;0;1;0
25;2;15;10;2;2;0;4;1;40;38;0;0;0
46;2;15;10;0;11;1;4;0;40;38;0;0;0
36;1;15;10;2;13;5;4;0;40;38;0;0;0
23;2;11;9;4;7;1;4;0;25;38;0;0;0
29;2;11;9;5;6;1;4;1;40;38;0;0;0
44;2;15;10;2;0;5;4;0;6;38;0;1;1
19;2;15;10;4;0;3;4;0;16;38;0;0;0
19;2;11;9;4;7;2;4;0;40;38;0;0;0
35;2;11;9;2;7;5;4;0;40;38;0;0;1
27;2;9;13;4;2;1;4;1;50;38;0;0;0
46;4;7;12;5;2;1;4;1;40;38;0;0;0
34;2;11;9;4;7;1;4;0;35;38;0;0;0
44;2;15;10;2;12;0;4;1;40;38;0;0;0
45;2;15;10;0;5;4;4;0;40;38;0;0;0
25;2;9;13;2;3;0;4;1;55;38;0;0;1
52;3;9;13;2;3;0;4;1;50;38;0;0;1
20;2;15;10;4;5;3;4;1;40;38;0;0;0
28;2;15;10;4;7;1;4;0;40;38;0;0;0
50;5;9;13;2;10;0;4;1;40;38;0;0;1
34;2;8;11;0;12;1;4;0;64;38;0;0;0
28;2;5;4;2;5;0;3;1;40;32;0;1;0
41;2;12;14;2;3;0;4;1;65;38;0;1;1
28;2;11;9;2;0;0;4;1;40;38;0;0;0
46;4;11;9;2;2;0;4;1;25;38;0;0;0
32;2;15;10;2;3;0;4;1;50;38;0;0;0
41;1;15;10;0;7;1;2;0;24;38;0;0;0
24;2;11;9;4;5;4;2;0;40;38;0;0;0
33;2;15;10;0;3;4;4;0;40;38;0;0;0
46;2;10;16;2;3;0;4;1;60;38;1;0;1
31;5;15;10;2;6;0;4;1;40;38;0;0;0
35;2;2;8;0;2;1;4;1;50;38;0;0;1
52;2;3;2;2;6;0;4;1;40;25;0;0;0
30;2;1;7;4;7;3;4;0;19;38;0;0;0
34;1;1;7;5;6;1;2;1;40;38;0;0;0
34;5;11;9;0;13;4;4;0;40;38;0;0;0
20;2;15;10;2;11;0;4;1;30;38;0;0;0
17;2;1;7;4;5;3;4;1;18;38;1;0;0
32;5;9;13;2;3;5;4;0;40;38;0;0;1
29;2;11;9;0;4;1;4;1;40;38;0;0;0
33;2;0;6;4;2;4;4;0;35;38;0;0;0
25;2;11;9;2;13;0;4;1;60;38;0;0;0
36;0;12;14;4;9;1;4;1;40;38;0;1;0
23;2;11;9;4;5;1;4;1;72;5;0;0;0
63;3;11;9;2;3;0;4;1;40;38;0;0;1
47;1;12;14;2;9;0;4;1;40;38;0;0;0
40;4;9;13;3;9;1;4;0;40;38;1;0;0
30;2;7;12;2;7;5;4;0;25;38;0;0;1
27;2;15;10;4;2;3;1;1;40;29;0;1;0
33;2;12;14;2;9;0;4;1;50;38;0;0;1
34;1;11;9;4;4;1;2;1;60;38;1;0;0
34;1;15;10;4;10;1;4;0;40;38;0;0;0
23;2;15;10;2;0;0;4;1;40;38;0;0;0
42;1;15;10;2;0;5;4;0;40;38;0;0;0
29;2;9;13;4;9;1;4;1;40;38;0;0;0
45;2;11;9;0;0;1;4;0;28;38;0;0;0
24;0;11;9;4;1;3;4;1;40;38;0;0;0
44;2;15;10;2;9;0;4;1;40;38;0;0;1
27;2;6;5;4;2;2;4;1;40;25;0;0;0
20;2;15;10;4;11;1;4;1;35;38;0;0;0
44;2;11;9;6;3;4;2;0;40;38;0;0;0
51;2;11;9;2;2;0;0;1;40;38;0;0;0
20;2;11;9;2;6;0;4;1;40;38;0;0;0
19;2;11;9;4;6;3;2;0;40;38;0;0;0
45;3;15;10;2;2;0;4;1;55;38;0;0;1
60;2;11;9;2;2;0;4;1;40;38;0;0;1
44;4;11;9;2;11;5;4;0;40;38;0;0;1
40;2;8;11;2;6;0;1;1;40;38;0;0;1
30;2;11;9;2;3;5;4;0;40;38;0;0;0
38;2;15;10;2;13;0;2;1;50;38;0;0;0
23;2;11;9;2;13;0;4;1;60;38;0;0;0
44;2;7;12;4;4;3;4;1;40;38;0;0;0
54;1;11;9;2;13;0;2;1;40;38;0;0;0
32;2;9;13;2;9;0;4;1;50;38;0;0;0
50;2;3;2;3;2;4;4;1;40;38;0;0;0
24;2;9;13;4;12;1;4;0;20;38;0;0;0
37;2;11;9;2;0;5;4;0;60;38;0;0;0
52;2;11;9;0;13;4;4;1;40;38;0;0;0
38;2;15;10;2;13;0;4;1;40;38;0;0;0
49;2;12;14;2;3;0;4;1;45;38;0;1;1
30;2;9;13;2;12;5;4;0;16;38;0;0;1
60;2;15;10;4;9;4;4;1;40;38;0;0;1
35;2;11;9;4;2;1;4;1;40;38;0;0;0
30;2;11;9;4;13;1;4;1;60;38;0;0;0
67;2;8;11;0;7;1;4;0;24;38;0;0;0
46;2;9;13;4;2;1;4;0;40;38;0;0;0
17;2;6;5;4;7;1;4;1;6;38;0;0;0
22;2;15;10;4;5;3;4;1;30;38;0;0;0
27;2;0;6;4;7;1;4;1;40;38;0;0;0
23;2;11;9;4;7;4;4;0;35;38;0;0;0
33;2;7;12;2;2;0;4;1;45;31;0;0;0
43;4;15;10;2;2;0;4;1;20;38;0;0;0
28;5;9;13;4;9;1;4;1;20;38;0;0;0
41;2;11;9;3;2;4;4;0;40;38;0;0;0
25;2;15;10;3;0;3;2;0;20;38;0;0;0
59;1;11;9;2;13;0;4;1;45;38;0;0;0
45;1;9;13;0;9;4;4;0;40;38;0;0;0
38;2;9;13;2;11;0;4;1;60;38;1;0;1
40;2;11;9;4;7;1;4;0;35;38;0;0;0
46;0;11;9;0;0;1;4;1;40;38;0;0;0
35;2;7;12;4;3;1;4;0;60;38;0;0;0
34;2;11;9;0;9;4;4;0;25;38;0;0;0
33;2;9;13;4;2;3;4;1;20;38;0;0;0
41;2;11;9;0;0;4;4;0;36;38;0;0;0
20;2;15;10;4;6;3;4;1;40;38;0;0;0
23;2;4;3;4;7;3;4;1;40;7;0;0;0
26;2;15;10;4;9;1;4;0;35;38;0;0;0
23;1;11;9;4;4;1;4;1;40;30;0;0;0
62;1;11;9;2;13;0;4;1;40;38;0;0;0
52;2;15;10;2;0;0;4;1;40;38;0;0;0
58;2;15;10;0;7;4;4;0;42;9;0;0;0
25;2;9;13;4;11;1;4;0;40;38;0;0;0
24;2;9;13;4;3;1;2;1;40;38;0;0;0
19;2;15;10;4;10;3;4;1;8;38;0;0;0
43;2;15;10;2;3;0;4;1;40;38;0;0;0
47;1;11;9;5;0;4;2;0;40;38;0;0;0
39;2;11;9;0;7;4;4;0;40;38;0;0;0
49;2;8;11;3;5;4;4;1;42;38;0;1;0
32;2;8;11;4;2;1;4;1;45;38;0;0;0
34;2;15;10;2;9;0;4;1;50;38;0;0;1
28;2;11;9;0;2;1;4;1;45;38;0;0;0
25;2;15;10;4;0;1;0;0;20;38;0;0;0
34;2;9;13;2;9;0;4;1;50;38;0;0;1
38;3;9;13;2;3;0;4;1;80;38;1;0;1
50;2;11;9;2;3;0;4;1;50;38;1;0;1
24;1;15;10;0;5;1;2;1;50;38;0;0;0
37;1;15;10;2;12;0;4;1;45;38;0;0;1
44;2;15;10;0;6;4;4;1;58;38;0;0;1
28;2;15;10;2;11;5;4;0;40;38;0;0;0
42;2;9;13;2;3;0;4;1;40;38;0;0;1
74;2;15;10;0;0;1;4;0;9;38;0;0;0
38;4;11;9;2;2;0;4;1;50;38;0;0;0
44;4;12;14;2;9;0;4;1;40;38;0;0;0
44;2;1;7;0;6;4;3;0;46;32;0;0;0
26;2;11;9;4;6;1;4;1;40;38;0;0;0
36;2;11;9;2;7;0;2;1;40;38;0;0;0
41;2;7;12;2;3;5;4;0;50;38;0;0;1
67;2;14;15;2;9;0;4;1;48;38;1;0;1
39;1;2;8;2;12;0;4;1;50;38;0;0;0
57;2;3;2;6;8;1;2;0;30;38;0;0;0
29;2;8;11;5;2;1;4;1;40;38;0;0;0
31;3;9;13;4;4;1;4;0;45;38;0;0;0
44;2;15;10;2;13;0;4;1;40;38;0;0;0
29;2;10;16;4;9;3;4;1;40;38;0;0;0
30;2;15;10;4;5;4;4;0;40;38;0;0;0
27;2;11;9;4;13;1;4;1;40;38;0;0;0
27;2;15;10;2;11;0;4;1;50;38;0;0;0
32;2;11;9;4;5;1;4;0;45;38;0;0;0
58;2;0;6;2;7;5;4;0;8;38;0;0;0
35;1;15;10;2;10;0;4;1;40;38;0;0;0
21;2;11;9;4;5;3;4;1;36;38;0;0;0
28;2;15;10;4;2;4;4;1;40;38;0;0;0
46;4;15;10;0;3;1;4;1;50;38;0;0;0
36;4;11;9;5;7;4;4;0;40;38;0;0;0
72;2;1;7;6;0;4;4;0;40;38;0;0;0
35;2;11;9;2;6;5;2;0;40;38;0;0;0
33;0;8;11;0;2;4;2;0;40;38;0;0;1
69;2;1;7;4;6;1;4;0;40;38;0;0;0
35;2;11;9;2;6;0;4;1;40;38;0;0;0
34;2;11;9;2;12;5;4;0;32;38;0;0;0
30;2;1;7;2;7;0;4;1;40;25;0;0;0
28;2;9;13;4;13;1;4;1;55;38;0;0;0
54;2;9;13;2;11;0;4;1;35;38;0;0;1
47;2;15;10;2;9;0;4;1;50;38;0;0;1
24;2;11;9;4;5;4;2;0;40;38;0;0;0
52;4;9;13;2;9;0;4;1;60;38;0;0;1
20;2;11;9;4;5;3;0;1;48;38;0;0;0
43;3;12;14;2;3;0;4;1;45;38;1;0;0
45;2;5;4;5;7;4;4;0;40;25;0;0;0
29;4;11;9;5;2;1;4;1;35;38;0;0;0
47;2;12;14;0;3;4;4;1;42;38;0;0;0
24;2;11;9;4;2;3;4;1;40;38;0;0;0
51;2;11;9;2;9;0;4;1;40;38;0;0;0
17;2;1;7;4;11;3;4;1;12;38;0;0;0
37;2;8;11;2;2;0;4;1;40;38;0;1;1
27;2;10;16;4;9;1;4;0;70;38;0;0;0
29;2;9;13;2;3;5;4;1;40;38;0;0;1
36;4;7;12;0;11;4;4;0;35;38;0;0;0
58;1;9;13;4;9;1;4;0;40;38;0;0;0
26;4;15;10;2;2;0;4;1;45;38;0;0;0
57;2;11;9;2;11;0;4;1;40;38;0;0;1
59;2;11;9;2;2;0;4;1;40;38;0;0;0
27;2;11;9;2;6;0;4;1;40;38;0;0;0
31;4;9;13;4;12;1;4;1;40;38;0;0;0
21;2;15;10;4;11;3;4;0;24;38;0;0;0
29;2;15;10;4;0;1;4;1;60;38;0;0;0
18;2;1;7;4;7;3;4;1;40;38;0;0;0
52;2;0;6;2;2;0;4;1;47;38;0;1;1
57;3;9;13;0;9;1;4;1;80;38;0;0;0
60;2;5;4;4;13;1;4;1;48;38;0;0;1
31;2;9;13;2;9;0;4;1;40;1;1;0;1
23;2;9;13;4;0;3;4;0;40;38;0;0;0
27;2;11;9;4;11;3;4;1;40;38;0;0;0
42;4;14;15;2;9;0;4;1;50;38;0;1;1
25;2;15;10;4;12;1;4;1;40;38;1;0;0
49;2;9;13;4;9;1;4;0;45;38;0;0;0
32;2;9;13;4;12;1;4;1;40;38;0;0;0
19;2;15;10;4;0;3;4;1;28;38;0;0;0
60;2;5;4;0;7;1;4;0;40;38;0;0;0
42;1;6;5;2;7;0;4;1;40;38;0;0;0
35;4;7;12;4;4;1;4;1;40;38;0;0;0
48;2;11;9;4;0;4;2;0;37;38;0;0;0
51;2;12;14;2;2;0;4;1;40;38;0;0;1
29;2;11;9;4;2;1;0;1;40;38;0;0;0
36;1;11;9;5;3;1;2;1;40;38;0;0;0
17;2;0;6;4;7;3;4;0;21;38;0;0;0
52;2;12;14;0;9;1;4;0;60;38;1;0;0
24;2;11;9;4;2;1;4;1;40;38;0;0;0
24;2;11;9;2;5;0;4;1;50;38;0;0;0
26;1;9;13;4;9;3;4;1;40;38;1;0;0
27;2;9;13;4;7;3;4;0;20;38;0;0;0
39;2;11;9;4;5;3;4;1;60;38;0;0;0
30;2;11;9;2;13;0;2;1;45;38;0;0;0
50;4;11;9;2;3;0;4;1;32;38;0;0;0
52;3;9;13;2;11;0;4;1;55;38;0;0;0
46;2;14;15;2;9;0;4;1;45;38;1;0;1
23;2;9;13;4;11;3;4;0;20;38;0;0;0
45;2;1;7;6;7;1;2;0;20;38;0;0;0
65;2;6;5;6;8;4;2;0;24;38;0;0;0
29;2;8;11;2;13;0;4;1;55;38;0;0;0
47;2;6;5;3;5;4;4;1;40;7;0;0;0
30;2;11;9;4;4;3;2;1;60;38;0;0;0
34;2;11;9;2;11;0;4;1;45;38;0;0;1
38;4;11;9;2;11;0;4;1;64;38;0;0;0
33;2;15;10;2;3;0;4;1;40;38;0;0;1
49;2;9;13;2;11;0;4;1;26;38;0;0;1
47;4;15;10;4;7;4;2;0;40;38;0;0;0
49;1;0;6;5;7;4;2;0;40;38;0;0;0
43;2;15;10;2;2;0;4;1;60;38;1;0;1
30;2;9;13;2;0;5;2;0;40;38;0;0;1
58;4;11;9;2;2;0;4;1;60;38;0;0;0
19;2;11;9;4;7;3;4;0;14;38;0;0;0
21;2;9;13;4;5;1;4;1;40;38;0;0;0
33;2;9;13;2;3;0;4;1;60;38;1;0;1
47;3;4;3;2;13;0;4;1;50;4;0;0;0
52;4;10;16;2;9;0;4;1;60;38;0;0;1
26;2;11;9;0;2;1;4;1;55;38;0;0;0
60;2;11;9;2;2;0;4;1;40;38;0;0;0
21;2;15;10;4;5;3;4;1;40;38;0;0;0
36;2;15;10;2;11;0;4;1;50;38;1;0;1
31;2;15;10;2;2;0;4;1;45;38;0;0;0
50;3;10;16;5;9;1;4;1;40;38;0;0;1
31;1;11;9;0;0;4;4;0;40;38;0;0;0
71;2;11;9;2;2;0;4;1;15;38;0;0;0
30;5;9;13;2;12;0;4;1;40;38;0;0;1
20;2;15;10;4;7;3;4;1;20;38;0;0;0
24;2;11;9;4;3;2;4;1;50;38;1;0;0
35;2;10;16;2;9;0;1;1;40;35;0;0;1
38;5;15;10;5;3;1;4;0;45;38;0;0;0
27;2;11;9;4;6;3;4;0;32;38;0;0;0
29;5;15;10;4;0;4;1;0;40;29;0;0;0
34;2;11;9;2;2;0;4;1;45;38;0;0;0
44;2;5;4;2;2;0;4;1;35;38;0;0;0
43;2;11;9;2;6;0;4;1;40;38;0;0;1
44;4;2;8;2;5;0;2;1;40;38;0;0;1
35;2;12;14;4;11;1;4;1;60;38;0;0;0
27;2;15;10;4;9;1;4;1;40;38;0;0;0
43;1;12;14;4;9;1;4;1;38;38;0;0;0
20;2;15;10;4;11;1;4;0;25;38;0;0;0
42;2;7;12;0;9;4;4;0;40;38;1;0;1
27;5;15;10;2;13;0;4;1;40;38;1;0;0
42;2;11;9;2;2;0;2;1;40;38;0;0;1
24;2;6;5;4;6;1;4;1;40;38;0;1;0
48;0;15;10;0;3;1;4;1;40;38;0;0;0
17;4;1;7;4;4;3;4;1;10;38;0;0;0
33;2;9;13;2;3;0;4;1;40;38;0;0;1
50;3;11;9;2;11;0;4;1;50;38;0;0;1
22;2;11;9;4;11;3;4;0;40;38;1;0;0
17;2;2;8;4;7;3;4;1;16;38;0;0;0
32;2;15;10;2;0;0;4;1;40;25;0;0;0
31;2;11;9;4;2;1;4;1;45;38;0;0;0
58;4;11;9;6;3;1;4;1;50;38;0;0;0
29;1;11;9;4;10;3;4;1;48;38;0;0;0
37;2;8;11;2;2;0;4;1;40;31;0;0;1
34;4;11;9;2;2;0;4;1;40;38;0;0;1
23;1;15;10;5;3;4;2;1;40;38;0;0;0
18;5;1;7;4;0;3;4;0;5;38;0;0;0
34;2;11;9;0;3;1;4;0;40;38;0;0;0
45;1;9;13;2;9;5;4;0;55;38;0;0;0
41;2;12;14;4;3;1;4;1;35;5;0;0;0
26;2;11;9;4;7;2;4;1;30;38;0;0;0
54;1;15;10;2;4;0;4;1;40;38;0;0;0
24;2;15;10;4;6;3;2;0;45;38;0;0;0
42;2;15;10;2;9;0;4;1;50;38;0;0;0
20;2;15;10;4;9;3;4;1;20;38;0;0;0
23;5;9;13;4;12;1;4;0;20;38;0;0;0
35;2;12;14;4;9;1;4;1;60;38;0;0;1
31;2;12;14;2;12;0;4;1;40;38;0;1;1
30;2;9;13;4;9;3;4;0;40;30;0;0;0
19;2;11;9;4;11;3;4;0;20;38;0;0;0
36;1;9;13;4;9;1;4;1;50;38;0;0;0
31;2;9;13;6;11;4;4;0;40;4;0;1;0
21;2;15;10;4;5;3;4;1;30;38;0;0;0
31;4;15;10;2;2;0;4;1;40;38;0;0;0
46;2;10;16;0;9;4;4;0;65;38;1;0;1
44;2;9;13;0;3;3;4;0;50;38;0;0;1
40;2;2;8;2;7;0;2;1;40;22;0;0;0
45;2;15;10;4;11;1;2;1;40;38;0;0;0
60;2;11;9;2;2;0;4;1;35;38;0;0;0
18;2;1;7;4;7;2;4;1;25;38;0;0;0
28;2;9;13;2;9;0;4;1;40;38;0;0;0
36;2;15;10;0;0;4;2;0;40;38;0;0;0
40;2;8;11;2;12;0;4;1;40;38;1;0;0
36;1;9;13;0;0;4;4;0;35;15;0;0;0
31;2;11;9;5;7;4;2;0;40;38;0;0;0
33;2;11;9;2;6;0;4;1;40;38;0;0;0
19;5;11;9;4;12;3;4;0;40;38;0;0;0
22;2;15;10;4;11;3;4;0;15;38;0;0;0
34;2;9;13;2;3;0;4;1;45;38;0;0;1
33;2;11;9;4;7;1;4;1;40;38;0;0;0
41;2;11;9;2;2;0;4;1;60;38;0;1;0
29;2;9;13;4;9;1;4;1;40;38;1;0;0
50;1;11;9;2;3;0;4;1;42;38;0;0;1
42;2;9;13;2;3;0;4;1;45;38;1;0;1
44;2;11;9;2;11;5;4;0;40;38;0;0;0
20;2;15;10;4;7;1;4;0;20;38;0;0;0
31;2;11;9;2;7;0;4;1;40;25;0;0;0
23;2;15;10;4;7;1;4;0;24;38;0;0;0
55;2;15;10;0;0;1;1;0;40;38;0;0;0
26;2;8;11;2;0;0;4;1;45;38;0;1;0
25;2;8;11;4;7;3;4;0;15;38;0;0;0
35;2;15;10;2;2;0;4;1;40;38;1;0;0
36;2;15;10;4;11;1;2;0;36;38;0;0;0
43;5;9;13;2;9;0;4;1;50;38;0;0;0
56;2;11;9;6;7;4;2;0;20;38;1;0;0
42;2;9;13;2;12;0;4;1;40;38;0;0;1
19;2;15;10;4;7;2;4;0;25;38;0;0;0
55;4;11;9;2;13;0;4;1;72;38;0;0;0
42;2;12;14;4;3;1;4;0;50;38;1;0;1
26;2;8;11;4;12;3;4;1;40;38;0;0;0
17;2;2;8;4;5;3;4;1;20;38;0;0;0
42;1;9;13;2;9;5;4;0;40;38;0;0;1
55;2;11;9;2;13;0;4;1;40;38;1;0;1
32;2;15;10;4;0;3;2;0;40;38;0;0;0
29;2;1;7;4;2;3;2;1;40;13;0;0;0
46;5;9;13;2;9;0;4;1;37;38;0;0;0
29;5;9;13;2;3;0;4;1;40;38;1;0;1
22;2;9;13;4;9;4;4;1;20;38;0;0;0
58;4;0;6;2;2;0;4;1;40;38;0;0;0
23;2;11;9;4;13;4;4;1;50;38;0;0;0
39;2;11;9;4;5;1;4;1;40;38;0;0;0
27;2;8;11;4;2;3;4;1;38;38;0;0;0
54;2;11;9;2;13;0;4;1;40;38;0;0;1
33;1;9;13;4;9;1;4;0;45;38;0;0;0
46;0;11;9;2;0;5;4;0;40;38;0;0;1
37;2;11;9;4;4;1;2;1;40;38;0;0;0
36;2;11;9;4;7;1;4;0;18;38;0;0;0
59;1;11;9;2;0;5;4;0;38;38;0;0;1
34;1;11;9;0;10;4;4;1;40;31;0;0;0
53;3;10;16;2;3;0;4;1;70;38;0;0;1
51;2;9;13;4;11;1;4;1;55;38;0;0;1
32;2;0;6;5;7;4;4;0;42;38;0;0;0
31;5;15;10;3;7;2;4;1;40;38;0;0;0
22;2;15;10;2;11;5;4;0;30;10;0;0;0
47;4;9;13;0;11;1;4;0;50;38;0;0;0
32;2;11;9;4;6;1;4;1;40;38;0;0;0
26;2;15;10;4;4;1;4;0;38;38;0;0;0
37;2;4;3;5;4;1;4;1;32;12;0;0;0
31;2;11;9;0;2;4;4;1;55;38;0;0;0
37;2;8;11;2;12;5;4;0;24;38;0;0;1
55;2;11;9;4;11;1;4;1;38;38;0;0;0
23;1;8;11;0;12;1;4;1;56;38;0;0;0
36;2;15;10;0;0;4;4;0;40;38;0;0;0
43;2;9;13;2;11;0;4;1;50;38;0;0;1
54;2;15;10;4;12;1;4;1;40;38;0;0;0
28;2;8;11;4;6;1;4;0;42;38;0;1;0
40;2;8;11;2;3;0;4;1;50;38;0;0;1
41;4;15;10;2;3;0;4;1;60;38;0;0;0
40;2;9;13;4;11;1;3;0;55;38;0;0;1
42;2;15;10;0;0;1;2;0;38;38;0;0;0
61;4;11;9;2;4;0;4;1;50;38;0;1;0
18;2;2;8;4;6;3;4;1;30;38;0;0;0
48;2;8;11;2;12;0;4;1;50;38;0;0;1
41;3;9;13;2;12;0;4;1;40;38;0;0;0
23;2;11;9;4;11;1;4;0;40;38;1;0;0
60;2;11;9;2;13;0;4;1;60;38;0;0;1
22;2;15;10;4;7;2;2;1;20;38;0;0;0
61;2;11;9;2;6;0;4;1;40;38;0;0;0
25;2;11;9;4;6;1;2;1;40;38;0;0;0
46;2;12;14;4;12;1;4;1;35;38;0;0;1
43;2;9;13;2;3;0;4;1;40;8;0;1;1
43;2;7;12;0;2;1;4;1;40;38;0;0;0
24;2;11;9;4;7;3;2;1;30;38;0;1;0
68;4;1;7;4;4;4;4;1;20;38;0;0;0
31;2;11;9;0;0;4;4;0;38;38;0;0;0
17;2;1;7;4;11;3;4;0;20;38;0;0;0
32;2;11;9;2;2;0;4;1;48;38;1;0;1
33;2;9;13;2;9;0;4;1;47;38;1;0;1
64;2;9;13;2;9;0;4;1;40;38;0;0;1
20;2;11;9;4;13;3;4;1;30;38;0;0;0
30;2;11;9;5;7;3;4;0;36;38;0;0;0
43;2;15;10;0;3;1;4;1;45;38;0;0;0
22;2;15;10;4;0;3;4;1;40;38;0;0;0
17;2;0;6;4;4;3;4;1;20;38;0;0;0
47;4;11;9;2;7;5;4;0;75;21;0;0;0
41;2;8;11;4;9;1;4;0;60;38;0;0;0
56;2;15;10;2;2;0;4;1;50;38;0;0;1
64;2;11;9;2;13;0;4;1;45;38;0;0;0
47;2;11;9;2;13;0;4;1;50;38;0;0;1
48;2;8;11;4;0;4;4;1;40;38;0;0;0
31;2;12;14;4;9;1;4;0;46;38;0;0;0
29;2;8;11;4;12;3;4;1;40;38;0;0;0
30;2;11;9;6;0;1;4;0;40;38;0;0;0
32;2;11;9;2;3;0;4;1;60;38;0;1;0
57;2;11;9;6;13;4;4;1;42;38;0;1;1
62;2;11;9;6;7;1;4;0;40;38;0;0;0
39;2;11;9;5;6;4;4;0;24;38;0;0;0
43;2;15;10;4;0;1;4;1;25;38;0;0;0
24;3;9;13;4;11;3;4;1;40;38;0;0;0
53;2;15;10;2;0;5;4;0;40;38;1;0;1
26;2;15;10;4;5;3;4;1;40;38;0;0;0
73;4;11;9;2;3;0;4;1;40;38;0;0;0
55;2;11;9;2;6;0;4;1;40;38;0;0;0
25;2;11;9;0;0;1;4;1;40;38;0;0;0
41;2;9;13;0;9;1;4;0;50;38;0;0;1
24;2;9;13;4;3;1;4;1;50;38;0;0;0
63;2;11;9;6;4;1;4;1;6;38;0;0;0
17;2;1;7;4;11;3;4;1;20;38;0;0;0
35;2;15;10;2;2;0;4;1;50;38;0;0;0
51;2;15;10;2;9;0;4;1;40;38;0;0;1
62;1;9;13;6;9;1;4;0;48;38;0;0;0
55;2;11;9;2;2;0;4;1;40;38;1;0;1
43;2;15;10;0;9;1;4;1;40;38;0;0;0
40;1;11;9;0;7;1;4;0;50;38;0;0;0
37;2;9;13;2;3;0;4;1;45;38;0;0;1
39;2;9;13;2;2;0;4;1;40;38;0;0;0
31;2;11;9;4;2;3;4;1;18;38;0;0;0
61;2;12;14;6;9;1;4;0;40;38;0;0;1
26;2;8;11;0;0;1;4;0;55;38;0;0;0
46;4;11;9;2;11;0;4;1;50;38;0;0;0
26;2;9;13;4;9;1;4;0;40;38;0;0;0
48;5;10;16;0;9;3;4;1;50;38;0;0;1
34;2;11;9;4;13;3;4;1;40;38;0;0;0
34;1;11;9;4;0;3;4;0;40;38;0;0;0
59;2;11;9;2;7;0;4;1;40;38;0;0;1
34;2;9;13;4;9;3;4;0;40;38;0;0;0
49;2;9;13;4;3;1;4;0;56;38;0;0;1
18;2;1;7;4;0;3;4;0;20;38;0;0;0
43;2;11;9;2;4;0;4;1;40;25;0;0;0
48;2;1;7;2;3;0;4;1;50;38;0;0;0
28;3;15;10;2;3;0;4;1;70;38;0;0;0
33;2;11;9;2;6;0;4;1;40;38;0;0;0
24;2;15;10;4;11;1;4;0;15;38;0;0;0
21;2;0;6;4;5;1;4;1;40;38;0;0;0
17;2;1;7;4;11;3;4;1;28;38;0;0;0
39;2;15;10;2;4;0;4;1;50;38;0;0;1
29;4;9;13;5;9;3;4;1;40;38;0;0;0
44;2;9;13;2;3;0;4;1;40;38;0;0;1
24;2;15;10;4;13;3;4;1;50;38;0;0;0
71;4;12;14;2;11;0;4;1;40;38;1;0;1
51;4;9;13;2;11;0;1;1;40;2;0;1;1
55;2;4;3;0;7;4;2;1;25;38;0;0;0
41;2;9;13;2;3;0;4;1;60;38;0;0;1
23;2;11;9;4;5;4;2;0;7;38;0;0;0
38;2;8;11;0;0;4;4;0;40;38;0;0;0
39;2;11;9;2;13;0;4;1;40;38;0;0;1
19;2;11;9;4;0;1;4;0;30;38;0;0;0
49;2;6;5;0;6;1;4;0;40;38;0;0;0
32;2;9;13;2;0;2;4;1;40;29;0;0;1
27;2;11;9;2;2;0;4;1;70;38;0;0;0
38;2;9;13;2;11;0;4;1;50;38;0;0;1
33;2;15;10;2;2;5;4;0;60;38;0;0;0
23;2;9;13;4;3;3;4;1;28;38;0;0;0
54;4;11;9;2;11;0;2;1;40;38;0;0;0
29;2;8;11;0;12;1;4;0;45;38;1;0;0
35;4;9;13;4;3;1;4;1;40;38;0;0;0
28;2;8;11;2;0;5;1;0;40;18;0;0;0
37;2;9;13;2;9;0;4;1;50;38;1;0;1
42;4;14;15;2;4;0;4;1;65;38;0;0;1
40;2;12;14;2;9;0;4;1;40;38;0;0;0
47;2;15;10;0;11;3;4;1;55;38;0;0;0
22;2;9;13;4;3;3;4;0;50;38;0;0;0
30;2;9;13;2;3;0;4;1;45;38;0;0;1
28;2;11;9;2;12;0;4;1;40;38;0;0;0
63;1;5;4;2;7;0;4;1;55;38;0;0;0
51;4;6;5;2;2;0;4;1;20;38;0;0;0
22;2;11;9;4;5;3;4;0;40;38;0;0;0
35;2;11;9;4;11;1;4;1;45;38;0;0;0
46;2;11;9;0;6;1;4;0;38;38;0;0;0
37;2;15;10;0;6;1;4;1;52;38;0;0;0
24;2;9;13;4;9;3;2;1;15;38;0;0;0
37;4;11;9;0;5;3;4;1;10;38;0;0;0
53;2;15;10;2;12;0;4;1;40;38;0;0;0
27;2;11;9;4;11;1;4;1;30;38;0;0;0
38;2;15;10;0;2;1;4;1;44;38;0;0;0
53;4;0;6;2;4;0;4;1;60;38;0;0;0
34;2;15;10;4;2;1;4;1;40;38;0;0;0
23;2;11;9;4;11;3;2;1;40;38;0;0;0
39;2;9;13;2;3;0;4;1;45;38;1;0;1
43;2;12;14;2;9;5;1;0;50;34;0;0;0
67;3;11;9;2;3;0;1;1;40;38;0;0;1
81;4;11;9;2;3;0;4;1;30;38;0;0;0
21;2;15;10;4;7;3;4;1;20;38;0;0;0
23;2;15;10;4;11;1;4;1;25;38;0;0;0
25;2;15;10;4;13;4;4;1;40;38;0;0;0
42;2;4;3;2;6;5;4;0;38;25;0;0;0
38;2;15;10;2;0;5;2;0;40;38;0;0;0
32;2;11;9;2;6;0;4;1;40;38;0;0;0
37;2;11;9;2;6;0;4;1;40;38;0;0;0
51;2;12;14;2;3;0;4;1;60;38;0;0;1
22;2;15;10;4;11;1;4;0;42;38;0;0;0
33;2;3;2;3;8;1;4;0;40;12;0;0;0
42;2;11;9;0;6;1;4;1;55;38;0;0;0
51;1;13;1;2;7;0;4;1;40;38;0;0;0
23;2;11;9;2;0;5;4;0;40;25;0;0;0
37;2;1;7;2;6;0;4;1;44;38;1;0;1
37;2;11;9;2;2;0;4;1;99;38;0;0;1
47;2;12;14;4;9;1;4;0;25;38;0;0;0
41;2;14;15;2;9;0;4;1;40;38;0;1;1
33;2;11;9;2;2;0;4;1;30;38;0;0;0
31;2;9;13;4;11;1;4;1;40;38;0;0;1
31;2;7;12;0;7;4;0;0;40;38;0;0;0
35;2;11;9;2;6;0;2;1;40;38;0;0;0
38;3;11;9;2;3;0;4;1;40;38;0;0;1
18;2;11;9;4;7;1;4;0;45;38;0;0;0
20;2;11;9;2;6;0;4;1;40;38;0;0;0
54;1;15;10;0;3;4;2;0;35;38;0;0;0
40;2;15;10;0;0;4;4;0;40;38;0;0;0
36;3;9;13;2;3;5;4;0;45;38;0;1;1
43;2;15;10;0;2;4;4;1;35;38;0;0;0
44;4;15;10;0;4;4;4;1;40;38;0;0;0
44;5;11;9;2;9;5;4;0;40;38;0;0;1
43;2;12;14;2;3;0;4;1;43;38;0;0;1
51;2;5;4;6;7;4;2;0;40;38;0;0;0
18;2;11;9;4;7;3;4;0;20;38;0;0;0
51;2;15;10;2;3;0;4;1;40;38;0;0;0
44;3;15;10;2;11;0;4;1;70;38;0;0;1
33;1;0;6;0;13;1;4;1;40;38;0;0;0
33;4;9;13;2;3;0;4;1;40;38;0;0;1
42;2;7;12;2;3;0;4;1;40;38;0;0;1
25;2;15;10;2;9;0;4;1;45;38;0;0;0
32;2;11;9;0;6;1;4;0;38;38;0;0;0
32;2;9;13;2;2;0;4;1;70;25;0;0;0
36;2;0;6;0;3;4;4;0;40;38;0;0;0
28;2;11;9;2;13;0;4;1;40;38;0;0;0
20;2;11;9;4;7;3;4;0;20;38;0;0;0
35;3;15;10;2;11;0;4;1;60;38;0;0;1
55;4;11;9;2;2;0;4;1;20;38;0;0;0
48;2;9;13;2;3;0;1;1;40;18;0;0;1
34;2;11;9;2;2;0;4;1;35;38;0;0;1
28;2;9;13;4;12;1;4;0;35;38;0;0;0
67;2;9;13;6;3;1;4;1;40;38;0;1;1
37;2;11;9;2;2;0;4;1;40;38;0;0;0
44;2;11;9;4;13;4;4;1;70;38;0;0;0
25;2;15;10;4;11;1;4;0;40;38;0;0;0
21;2;15;10;4;3;1;4;0;40;38;1;0;0
40;5;12;14;2;9;0;4;1;35;38;0;0;1
78;2;11;9;6;7;1;2;0;40;38;1;0;0
34;2;11;9;0;5;3;4;1;40;38;0;0;0
49;2;11;9;4;0;1;4;0;44;38;0;0;0
22;2;7;12;4;0;1;4;0;40;38;0;0;0
60;4;11;9;4;4;4;4;1;42;38;0;0;0
45;1;11;9;6;10;1;4;1;40;38;0;0;1
63;2;8;11;0;7;1;4;0;20;38;0;0;0
41;2;11;9;4;2;3;2;0;35;38;0;0;0
47;2;11;9;0;0;4;4;0;40;38;0;0;0
44;2;11;9;0;2;4;4;1;40;38;0;0;0
51;2;15;10;6;9;1;4;0;40;38;1;0;0
46;2;9;13;4;11;1;4;1;40;38;0;1;0
41;2;8;11;2;6;0;4;1;40;38;0;0;0
50;4;11;9;2;2;0;4;1;30;38;0;0;0
47;2;11;9;2;0;0;4;1;50;38;0;0;1
35;2;11;9;4;3;1;4;1;45;38;0;0;0
56;2;11;9;2;3;0;4;1;55;38;0;0;1
45;2;12;14;0;9;1;4;1;45;38;0;0;0
48;0;9;13;0;3;4;4;1;58;38;0;0;1
40;2;15;10;2;6;0;4;1;40;38;1;0;0
39;3;9;13;2;3;0;4;1;50;38;1;0;1
20;2;15;10;4;7;3;4;1;40;38;0;0;0
50;2;10;16;2;9;0;4;1;65;38;0;1;1
38;5;11;9;2;9;5;4;0;40;38;0;0;1
23;1;9;13;4;9;3;4;0;60;38;0;0;0
31;2;11;9;4;7;3;4;1;16;38;0;0;0
58;2;9;13;2;0;0;4;1;40;38;0;0;0
66;2;11;9;5;6;1;2;1;40;38;0;0;0
39;3;11;9;2;3;0;4;1;40;38;0;0;1
54;4;11;9;2;2;0;4;1;52;38;1;0;1
26;2;15;10;2;11;0;4;1;50;10;0;0;0
51;2;11;9;0;6;1;4;0;40;38;0;0;0
34;2;8;11;4;13;3;4;1;40;38;0;0;0
50;2;11;9;2;6;0;4;1;40;38;1;0;1
42;2;15;10;2;9;0;4;1;44;38;0;0;1
38;2;12;14;2;9;0;4;1;25;38;0;0;0
48;2;5;4;2;5;0;4;1;40;38;0;0;0
33;2;8;11;2;12;5;4;0;40;38;0;0;1
51;2;11;9;6;7;4;4;0;32;38;0;0;0
22;2;11;9;0;2;1;4;1;40;38;0;0;0
41;2;15;10;4;2;1;4;1;50;23;0;0;0
48;1;12;14;2;9;0;4;1;35;38;0;0;1
42;2;11;9;5;11;1;4;0;30;38;0;0;0
34;2;15;10;2;7;0;4;1;40;38;0;0;0
23;2;11;9;4;6;4;2;0;40;38;0;0;0
56;2;11;9;2;7;0;4;1;50;40;0;0;0
45;2;11;9;2;3;0;4;1;55;38;0;0;1
48;2;0;6;2;0;5;4;0;40;38;0;0;0
48;3;12;14;3;11;1;1;1;50;18;0;0;0
31;2;8;11;4;0;1;4;0;40;38;0;0;0
20;5;7;12;4;7;3;4;1;20;38;0;1;0
27;2;15;10;4;11;1;4;1;40;38;0;0;0
32;2;11;9;4;7;1;2;0;40;38;0;0;0
37;2;11;9;4;7;1;4;1;75;38;0;0;0
34;2;11;9;0;8;4;2;0;30;38;0;0;0
90;2;11;9;4;7;1;4;0;40;38;0;0;0
23;2;15;10;4;6;3;2;0;40;38;0;0;0
43;2;15;10;0;0;1;4;0;40;38;0;0;0
44;2;9;13;2;3;0;4;1;60;38;1;0;1
24;2;15;10;4;12;1;4;0;37;38;0;0;0
28;2;14;15;0;9;4;4;1;55;38;0;0;0
23;2;15;10;2;7;0;4;1;40;38;0;0;0
20;2;15;10;4;11;1;4;0;50;38;0;0;0
36;2;9;13;2;9;0;4;1;50;38;0;1;1
61;2;11;9;2;6;0;4;1;40;38;0;0;0
53;4;9;13;2;11;0;4;1;40;1;0;0;1
30;2;9;13;2;0;0;4;1;40;38;1;0;1
52;4;15;10;2;11;0;4;1;55;38;0;0;1
38;2;15;10;0;2;1;4;1;40;19;0;0;0
32;2;9;13;2;11;0;4;1;40;38;0;0;0
30;4;2;8;2;13;0;4;1;75;38;0;0;0
41;2;8;11;0;2;1;4;0;40;38;0;0;0
49;1;12;14;2;9;0;4;1;40;38;0;1;1
45;2;11;9;2;2;0;4;1;47;38;0;0;1
43;4;11;9;2;3;0;4;1;35;38;0;0;0
61;2;11;9;2;6;0;4;1;40;38;1;0;0
54;2;11;9;2;7;0;4;1;32;25;0;0;0
34;2;7;12;5;7;4;4;0;40;38;0;0;0
49;2;15;10;2;11;0;4;1;80;38;0;0;1
38;2;15;10;4;7;3;4;1;40;38;0;0;0
35;2;14;15;2;9;0;4;1;80;38;0;1;1
36;2;2;8;2;13;0;4;1;40;38;0;0;0
30;2;9;13;2;3;0;4;1;50;38;0;0;0
36;2;7;12;0;12;1;4;0;60;38;0;0;0
22;1;9;13;4;9;3;4;0;20;38;0;0;0
38;2;11;9;2;2;0;4;1;40;38;0;1;1
37;2;11;9;2;2;0;4;1;50;38;0;0;1
48;5;10;16;2;9;5;4;0;46;38;0;1;1
17;2;1;7;4;0;3;4;1;15;38;0;0;0
19;4;15;10;4;2;3;4;1;20;38;0;0;0
27;2;9;13;4;11;1;2;0;40;38;0;1;0
22;2;9;13;4;11;3;1;1;50;35;0;0;0
49;2;11;9;2;2;0;4;1;40;38;0;0;0
43;5;8;11;2;9;5;4;0;40;38;0;0;1
43;2;9;13;5;9;4;4;0;40;38;0;0;0
19;1;11;9;0;3;1;4;0;35;38;0;0;0
58;4;11;9;2;4;0;4;1;60;38;0;0;0
41;1;15;10;2;10;0;4;1;40;38;0;0;1
31;2;15;10;2;0;0;4;1;40;38;0;0;0
30;2;8;11;2;13;0;4;1;40;38;0;0;0
32;2;11;9;2;10;0;4;1;40;38;0;0;0
29;2;9;13;4;3;1;4;1;35;38;0;0;0
42;2;15;10;2;3;0;4;1;52;38;1;0;1
38;2;11;9;0;2;3;4;1;28;38;0;0;0
41;0;7;12;2;9;0;4;1;40;38;0;0;1
44;4;9;13;4;11;1;4;1;50;38;0;0;1
31;2;10;16;3;9;1;1;1;60;2;0;0;0
34;2;11;9;0;2;1;4;1;40;38;0;0;0
21;2;15;10;4;0;3;4;1;40;38;0;0;0
22;4;9;13;4;9;3;1;1;20;18;0;0;0
62;2;0;6;2;6;0;4;1;40;38;0;0;0
29;3;11;9;2;11;5;4;0;25;38;0;1;1
43;2;15;10;0;9;4;4;0;40;38;0;0;0
45;3;9;13;2;6;0;4;1;60;38;0;0;1
39;3;6;5;2;3;0;4;1;40;25;0;1;0
41;2;9;13;2;3;0;2;1;50;38;0;0;0
34;4;7;12;2;9;5;4;0;25;38;0;0;1
34;1;11;9;0;0;4;4;0;33;38;0;0;0
31;2;9;13;4;9;1;4;1;47;38;0;0;0
29;2;11;9;4;5;3;4;1;25;38;0;0;0
41;2;9;13;2;2;0;4;1;40;38;1;0;1
41;2;8;11;2;13;0;4;1;55;38;0;0;0
35;3;12;14;2;11;0;4;1;45;25;0;0;1
33;2;9;13;2;11;5;4;0;45;38;0;0;1
37;5;9;13;4;0;1;4;1;38;38;0;0;0
69;2;11;9;2;11;5;4;0;40;38;0;0;0
34;2;11;9;0;5;3;4;0;40;38;0;0;0
36;2;15;10;2;2;0;4;1;40;38;0;0;0
41;2;11;9;2;13;0;4;1;50;38;0;0;0
58;1;9;13;2;9;5;4;0;40;38;0;0;1
53;2;9;13;2;9;0;1;1;40;23;0;0;0
29;2;15;10;2;12;0;4;1;40;38;0;0;0
45;0;11;9;0;12;1;4;0;40;38;1;0;0
34;5;15;10;2;3;0;4;1;38;38;0;0;0
36;2;9;13;2;12;0;4;1;40;38;0;0;0
48;2;15;10;0;7;4;2;0;35;38;0;0;0
20;2;8;11;4;0;3;4;0;40;38;0;0;0
35;2;11;9;2;13;0;4;1;50;38;0;0;1
63;0;11;9;6;5;1;2;1;40;38;0;0;0
41;4;15;10;0;7;4;4;1;45;38;0;0;0
28;2;9;13;2;9;0;4;1;45;38;0;0;0
30;2;15;10;4;6;1;2;0;40;38;0;0;0
31;2;11;9;4;7;4;4;0;40;25;0;0;0
37;2;8;11;4;0;3;4;0;38;38;0;0;0
31;2;15;10;2;3;0;4;1;50;22;0;0;1
46;4;12;14;2;3;0;4;1;45;38;0;0;1
35;0;11;9;2;0;0;2;1;60;38;0;0;1
27;2;11;9;2;2;0;4;1;53;38;0;0;0
41;2;3;2;2;2;0;4;1;35;25;0;0;0
19;2;15;10;4;7;3;4;0;20;38;0;0;0
20;2;15;10;4;11;1;4;1;45;38;0;0;0
59;0;11;9;6;11;4;4;0;40;10;0;0;0
40;2;9;13;4;7;1;4;1;37;38;0;0;0
56;4;15;10;2;11;0;4;1;60;38;0;0;0
33;2;12;14;2;9;0;4;1;44;38;1;0;1
30;3;15;10;4;3;1;4;0;60;38;0;0;0
46;2;11;9;2;6;0;4;1;50;38;0;0;0
61;3;11;9;2;3;0;4;1;35;38;0;0;1
50;3;11;9;2;3;0;4;1;40;38;1;0;1
25;2;11;9;4;7;3;4;1;30;38;0;0;0
40;2;15;10;0;0;4;4;0;39;38;0;0;0
51;2;11;9;2;2;0;4;1;54;38;0;0;0
43;5;11;9;2;10;0;4;1;40;38;0;0;0
34;2;15;10;2;4;0;4;1;54;25;0;0;0
46;2;11;9;2;3;0;4;1;45;38;0;0;1
28;5;12;14;2;9;5;4;0;50;38;0;0;1
20;2;11;9;4;5;3;4;1;28;38;0;0;0
44;2;8;11;2;2;0;4;1;40;38;1;0;0
51;2;11;9;6;13;4;4;1;40;38;0;0;0
33;2;9;13;2;11;0;4;1;60;38;0;0;1
54;2;7;12;2;12;0;4;1;40;38;0;0;1
50;2;9;13;2;9;5;4;0;40;38;0;1;1
33;2;11;9;0;0;1;2;0;40;38;0;0;0
65;2;9;13;2;0;0;4;1;20;38;1;0;1
88;4;14;15;2;9;0;4;1;40;38;0;0;0
40;2;11;9;0;13;1;4;1;40;38;0;0;0
51;2;11;9;0;0;1;4;0;43;38;0;0;0
50;2;1;7;0;7;1;2;0;40;38;0;0;0
25;2;12;14;2;4;1;4;1;99;38;0;0;1
20;2;8;11;4;7;1;4;1;30;38;0;0;0
47;2;11;9;2;7;0;4;1;40;38;0;0;0
22;2;8;11;4;0;3;4;0;30;38;0;0;0
50;5;11;9;2;9;0;4;1;48;38;0;0;1
47;2;11;9;4;0;4;4;0;40;38;0;0;0
24;1;1;7;4;7;1;1;1;45;38;0;0;0
40;2;9;13;0;3;1;4;0;45;38;0;0;1
36;2;9;13;2;9;0;4;1;40;38;0;0;0
32;2;11;9;2;0;0;4;1;40;38;0;0;0
44;2;11;9;2;2;0;4;1;40;38;0;0;0
59;0;15;10;4;3;3;2;0;40;38;0;0;0
65;2;11;9;2;2;0;4;1;30;38;0;0;0
24;5;9;13;4;0;1;4;0;65;38;0;0;0
27;1;9;13;4;9;3;4;1;35;38;0;0;0
51;2;8;11;0;7;1;4;1;40;38;0;0;0
48;2;15;10;2;2;0;4;1;40;38;0;0;1
39;2;11;9;2;13;0;4;1;60;38;0;0;0
28;2;9;13;2;12;0;4;1;40;38;0;0;0
19;2;15;10;4;7;3;4;0;25;38;0;0;0
49;1;9;13;0;9;1;2;0;40;38;0;0;0
51;1;7;12;2;9;0;4;1;60;38;0;0;0
59;2;12;14;2;9;0;4;1;55;38;0;0;0
18;2;11;9;4;6;3;4;0;40;5;0;0;0
45;0;11;9;2;0;0;2;1;80;38;0;0;1
30;1;9;13;2;9;0;4;1;50;38;0;0;1
37;2;9;13;0;2;1;4;1;35;38;0;0;0
44;2;9;13;4;7;1;4;1;40;38;0;0;1
33;2;15;10;2;2;0;2;1;40;38;0;0;0
61;3;12;14;2;11;0;4;1;40;38;0;0;1
61;1;11;9;2;10;0;4;1;40;38;0;0;0
38;2;9;13;2;11;0;4;1;42;38;0;0;1
36;2;11;9;2;6;0;4;1;45;38;0;0;0
44;3;15;10;2;11;0;4;1;60;38;1;0;1
37;2;15;10;5;0;3;4;1;62;38;0;0;0
31;2;15;10;0;2;4;4;0;20;38;0;0;0
54;2;10;16;2;9;0;4;1;45;38;1;0;1
20;2;15;10;4;7;3;4;1;16;38;0;0;0
48;4;15;10;2;2;0;0;1;40;38;1;0;1
31;2;9;13;0;3;1;4;1;45;38;1;0;0
38;2;14;15;2;9;0;4;1;40;38;0;0;1
45;4;11;9;2;2;0;4;1;40;38;0;0;1
48;2;11;9;2;2;0;4;1;40;38;0;0;0
53;2;15;10;2;2;0;4;1;40;38;0;0;0
55;2;11;9;6;0;3;4;0;40;38;0;0;0
29;2;11;9;4;0;1;4;0;40;38;0;0;0
36;2;9;13;2;9;0;4;1;60;38;0;0;1
42;4;15;10;2;4;0;4;1;60;38;0;0;0
50;2;11;9;0;0;4;4;0;40;8;0;0;0
75;4;14;15;2;9;0;4;1;35;38;0;0;0
46;2;9;13;2;9;0;4;1;40;38;0;1;1
52;0;11;9;0;0;4;4;0;40;38;0;0;0
27;2;9;13;4;0;1;4;0;40;38;0;0;0
43;2;11;9;2;2;0;4;1;45;38;0;0;0
31;2;1;7;5;7;1;2;0;42;38;0;0;0
23;2;15;10;4;11;1;4;0;30;38;0;0;0
34;2;11;9;4;11;1;4;0;24;38;0;0;0
41;4;11;9;2;11;2;4;0;40;4;0;0;0
31;2;11;9;4;7;3;4;0;30;38;0;0;0
42;2;15;10;4;0;3;4;0;40;38;0;0;0
35;2;12;14;4;9;1;4;1;45;38;0;0;1
55;2;11;9;5;0;1;4;0;25;38;0;0;0
36;5;11;9;6;3;1;4;0;40;38;0;0;0
65;4;11;9;2;3;0;4;1;59;38;0;0;1
38;1;15;10;4;7;1;4;1;12;38;0;0;0
62;2;15;10;6;7;1;4;0;20;38;0;0;0
54;3;14;15;2;9;0;4;1;60;38;1;0;1
49;2;11;9;0;0;1;4;1;40;38;0;0;0
34;2;11;9;2;0;5;4;0;40;38;0;0;0
32;2;11;9;4;5;3;4;0;40;38;0;0;0
51;3;12;14;2;3;0;4;1;50;38;1;0;1
48;4;15;10;2;3;0;4;1;60;38;0;0;0
52;0;11;9;0;0;1;4;0;43;38;0;0;0
28;4;15;10;4;13;1;4;1;40;38;0;1;0
29;2;11;9;2;2;0;1;1;40;38;0;0;0
38;2;9;13;4;0;1;4;0;50;38;0;0;0
57;2;11;9;2;11;0;4;1;50;38;0;0;1
43;0;9;13;2;9;0;4;1;40;38;0;0;1
37;5;15;10;5;0;1;4;1;40;38;0;0;0
30;2;11;9;2;2;0;4;1;40;38;0;0;0
53;2;11;9;2;13;0;4;1;48;38;0;0;1
73;2;11;9;6;7;1;4;0;37;38;0;0;0
22;3;15;10;4;2;3;4;1;35;38;0;0;0
31;2;11;9;4;11;1;4;0;45;38;0;0;0
38;2;9;13;2;9;0;4;1;40;38;0;1;1
50;4;15;10;2;2;0;4;1;35;38;0;0;0
37;2;15;10;2;0;0;4;1;37;38;0;0;0
44;1;9;13;0;10;1;4;1;40;38;0;0;0
47;2;9;13;4;3;4;2;0;45;38;0;0;0
27;2;15;10;2;7;0;4;1;40;38;0;0;0
28;2;7;12;4;7;1;4;0;80;38;0;0;0
25;2;11;9;4;12;1;2;0;40;38;0;0;0
20;2;15;10;4;7;4;4;0;40;38;0;0;0
51;1;9;13;2;0;0;4;1;40;38;0;0;1
46;2;9;13;2;11;0;4;1;40;38;0;1;1
67;2;9;13;2;10;0;4;1;7;38;1;0;1
47;2;11;9;2;13;0;4;1;35;38;0;0;0
42;2;11;9;2;11;0;4;1;40;38;0;0;0
52;2;11;9;4;11;1;4;1;50;38;0;1;0
42;0;7;12;0;9;4;1;0;40;29;0;0;1
21;2;15;10;4;4;3;2;1;10;38;0;0;0
50;2;11;9;2;0;5;4;0;40;38;1;0;1
46;2;15;10;2;13;0;4;1;40;38;0;0;0
47;4;9;13;2;11;0;4;1;50;38;1;0;1
57;2;0;6;2;7;0;4;1;40;38;0;0;0
37;2;9;13;4;3;1;4;1;45;38;0;0;0
50;2;11;9;2;2;0;4;1;40;38;0;0;0
63;4;3;2;6;7;4;4;0;30;7;0;0;0
39;2;11;9;2;13;0;4;1;65;38;0;0;0
46;2;12;14;2;9;0;2;1;35;38;0;0;0
36;2;11;9;2;5;0;4;1;40;38;0;0;0
26;2;4;3;2;2;0;4;1;50;38;0;1;0
21;2;15;10;4;7;1;4;1;57;38;0;0;0
41;2;7;12;2;12;0;4;1;40;38;0;0;0
44;1;15;10;4;7;3;2;1;40;38;0;0;0
22;2;11;9;2;2;0;4;1;40;38;0;0;0
29;0;15;10;4;1;1;2;1;60;38;0;0;0
29;2;11;9;4;7;4;2;0;40;23;0;0;0
58;3;15;10;2;13;5;4;0;40;38;0;0;1
36;4;14;15;2;9;0;4;1;50;38;0;0;0
30;2;8;11;2;3;0;4;1;48;38;0;0;0
37;2;9;13;2;6;0;4;1;43;38;0;0;1
29;2;8;11;4;6;1;4;1;40;38;0;0;0
26;2;4;3;4;0;3;4;0;40;25;0;0;0
43;2;11;9;2;11;0;4;1;45;38;0;0;0
49;2;11;9;2;2;5;4;0;40;38;0;0;1
45;0;9;13;2;3;0;4;1;40;38;0;0;0
28;2;9;13;4;9;1;4;0;40;38;0;0;0
51;2;11;9;0;0;4;4;0;40;38;0;0;0
32;2;15;10;2;5;0;4;1;50;1;0;0;1
24;2;11;9;4;6;3;4;0;40;38;0;0;0
35;2;10;16;2;9;0;4;1;40;38;1;0;1
41;5;9;13;2;9;0;4;1;40;38;0;0;1
48;2;9;13;2;2;0;4;1;45;38;0;0;1
61;1;11;9;6;0;4;4;0;35;38;1;0;0
20;2;15;10;4;0;3;4;1;30;38;0;0;0
27;2;11;9;4;11;1;4;1;50;38;0;0;1
55;2;15;10;2;13;0;4;1;24;38;0;0;1
39;2;11;9;2;0;0;4;1;40;38;0;0;1
52;2;11;9;6;7;4;1;0;40;18;0;0;1
24;2;11;9;4;11;3;2;0;20;38;0;0;0
29;2;1;7;4;7;4;2;0;40;38;0;0;0
25;2;11;9;4;6;2;4;1;40;38;0;0;0
20;2;15;10;4;6;1;4;0;40;38;0;0;0
23;2;11;9;4;6;1;2;1;35;38;0;0;0
57;2;14;15;2;9;0;4;1;60;38;0;0;0
51;2;8;11;2;9;0;4;1;40;38;0;0;1
33;2;15;10;4;9;1;4;0;16;38;1;0;0
39;2;9;13;4;9;1;4;1;40;38;0;0;0
40;2;11;9;2;3;0;4;1;40;38;0;0;1
71;2;9;13;0;12;3;4;0;16;38;1;0;0
38;5;15;10;2;3;0;4;1;40;38;0;0;0
28;5;14;15;4;9;4;4;1;40;38;0;0;0
57;2;12;14;3;9;1;4;0;40;38;0;0;0
47;2;15;10;0;0;1;4;1;40;38;0;0;0
59;5;11;9;4;0;3;4;1;40;38;0;0;0
26;2;11;9;4;11;1;3;1;40;38;0;0;0
35;2;9;13;4;0;3;4;0;40;38;0;0;0
61;3;9;13;2;3;0;4;1;50;10;0;0;1
34;2;15;10;4;9;1;4;1;50;38;0;0;1
32;3;9;13;2;2;0;4;1;50;38;1;0;1
42;2;11;9;5;11;3;4;0;40;38;0;0;0
39;2;15;10;2;2;0;4;1;40;38;0;0;0
58;2;4;3;0;6;1;2;1;40;38;0;0;0
61;4;11;9;2;4;0;4;1;60;38;0;1;1
40;2;0;6;4;2;2;2;1;55;38;0;0;0
31;2;9;13;4;12;1;4;1;37;38;0;0;0
36;2;11;9;4;11;1;4;1;50;38;0;0;0
23;2;15;10;4;6;3;4;1;40;38;0;0;0
33;2;11;9;4;2;1;4;1;41;38;0;0;0
52;2;11;9;2;2;0;4;1;40;38;0;0;1
22;2;11;9;4;7;1;4;0;24;38;0;0;0
51;2;15;10;0;11;4;4;0;40;21;0;0;0
31;0;8;11;4;3;1;4;0;40;38;0;0;0
49;3;11;9;0;3;4;4;0;40;38;0;0;0
49;2;11;9;2;6;5;2;0;40;38;0;0;0
53;0;15;10;6;0;1;2;0;40;38;0;0;0
52;2;11;9;2;3;0;1;1;40;23;1;0;1
20;2;0;6;4;5;3;4;1;40;38;0;0;0
26;2;7;12;4;7;3;2;1;40;38;0;0;0
43;2;12;14;4;7;1;4;0;30;30;0;0;0
46;3;9;13;2;11;0;4;1;52;38;0;0;0
43;1;8;11;4;0;1;4;0;35;38;0;0;0
41;2;11;9;0;11;4;2;0;40;38;0;0;0
44;4;11;9;2;13;0;4;1;55;38;0;0;0
54;2;11;9;2;4;0;4;1;40;38;0;0;0
65;2;12;14;2;11;0;4;1;40;38;1;0;1
32;2;9;13;0;3;4;4;0;40;1;0;0;0
25;2;15;10;5;0;3;4;1;40;38;0;0;0
23;2;9;13;4;11;1;4;1;50;38;0;0;0
25;1;9;13;4;9;1;4;1;45;38;0;0;0
19;2;15;10;4;5;3;4;1;50;38;0;0;0
37;4;11;9;2;3;0;4;1;60;38;0;0;0
45;2;15;10;4;6;3;4;1;45;38;0;0;0
37;2;11;9;4;11;1;2;1;44;38;0;0;0
40;4;15;10;0;3;2;4;1;70;19;0;1;1
17;2;1;7;4;7;3;4;1;5;38;0;0;0
27;2;9;13;4;12;1;4;0;40;38;0;0;0
59;2;11;9;0;11;4;4;0;30;38;0;1;0
19;0;11;9;4;0;4;2;0;40;38;0;0;0
43;2;0;6;4;6;1;2;1;40;38;0;0;0
42;2;0;6;4;13;4;4;1;40;38;0;0;1
54;2;11;9;2;13;0;2;1;40;38;1;0;0
54;4;12;14;2;11;0;4;1;50;38;0;0;0
51;2;0;6;2;5;0;4;1;45;38;1;0;0
50;2;11;9;2;13;0;4;1;60;38;0;0;1
40;2;11;9;4;0;1;4;0;40;38;0;0;0
55;2;7;12;2;12;0;4;1;25;38;0;0;0
50;2;11;9;0;0;1;4;0;40;38;0;0;0
31;2;11;9;2;2;0;4;1;50;38;0;0;0
24;2;11;9;2;7;0;4;1;45;38;0;0;1
30;2;1;7;0;11;3;4;1;40;38;0;0;0
39;1;7;12;2;2;5;4;0;50;38;0;0;1
37;2;11;9;0;13;1;4;1;50;38;0;0;0
33;2;11;9;2;13;0;4;1;40;38;0;0;0
48;2;11;9;6;7;4;4;0;40;38;0;0;0
43;3;11;9;2;7;0;1;1;78;36;0;0;0
39;2;9;13;2;9;0;4;1;40;38;0;0;1
53;2;15;10;2;3;0;4;1;45;38;0;0;1
52;4;0;6;2;3;0;4;1;60;38;0;0;0
28;5;15;10;2;0;0;1;1;20;38;0;0;0
32;2;11;9;4;7;1;4;1;52;38;0;0;0
31;2;9;13;2;11;0;2;1;90;38;0;0;1
31;2;9;13;2;9;5;4;0;40;38;0;0;1
47;2;15;10;4;0;1;4;0;40;38;0;0;0
40;2;8;11;2;5;0;2;1;40;38;0;0;0
40;2;7;12;4;0;3;4;0;45;38;0;0;0
41;2;1;7;0;7;1;4;1;40;38;0;0;0
53;0;11;9;2;0;0;2;1;40;38;0;0;0
46;2;1;7;0;6;4;0;1;43;10;0;0;0
45;3;9;13;2;4;0;4;1;35;38;1;0;1
39;2;6;5;2;7;5;2;0;34;38;1;0;0
19;2;11;9;4;6;1;4;1;40;38;0;0;0
57;2;11;9;2;13;0;4;1;40;38;0;1;1
49;2;8;11;2;6;5;4;0;40;28;0;0;0
59;2;11;9;0;3;1;4;0;40;38;0;0;0
32;2;8;11;0;11;1;4;1;50;38;0;0;1
35;5;15;10;4;10;1;2;1;40;38;0;0;0
58;3;0;6;2;13;5;4;0;40;38;0;0;0
28;2;9;13;4;7;1;4;1;43;25;0;0;0
36;0;7;12;2;0;5;4;0;40;38;0;0;1
41;4;12;14;0;9;4;4;0;35;38;0;0;0
47;2;11;9;2;11;0;4;1;40;38;0;0;1
50;3;11;9;2;2;0;4;1;60;38;0;1;0
36;2;11;9;2;3;0;4;1;50;38;0;0;1
38;2;8;11;0;2;1;4;1;40;38;0;0;0
56;4;11;9;2;7;0;4;1;60;38;0;1;1
50;2;8;11;2;13;0;4;1;45;38;0;0;0
45;4;15;10;2;11;0;4;1;40;38;1;0;0
44;4;11;9;2;3;0;4;1;66;38;0;0;0
51;2;15;10;2;3;0;4;1;45;38;0;0;1
44;3;15;10;2;3;0;4;1;50;38;0;0;1
25;2;11;9;0;2;1;4;1;50;38;0;0;0
60;2;1;7;6;13;4;2;1;40;38;0;0;0
49;3;12;14;2;3;0;4;1;50;38;0;0;1
46;2;11;9;2;2;0;2;1;60;38;0;0;1
56;2;11;9;6;0;4;2;0;38;38;0;0;0
25;2;11;9;0;2;1;4;1;45;38;1;0;0
22;2;15;10;4;13;1;4;1;40;38;0;0;0
41;3;14;15;2;9;0;4;1;60;38;0;0;1
48;3;11;9;2;3;0;4;1;40;38;1;0;1
46;2;0;6;4;6;1;2;1;40;38;0;0;0
30;2;15;10;4;2;1;4;1;40;38;0;0;1
39;2;11;9;2;13;0;4;1;40;38;0;0;1
40;2;0;6;0;2;1;0;1;40;38;0;0;0
70;0;11;9;2;0;0;2;1;40;38;0;0;0
35;2;15;10;2;2;0;4;1;45;38;0;1;0
49;2;12;14;0;3;1;4;0;75;38;0;0;0
24;2;8;11;4;10;1;4;1;60;38;0;0;0
40;2;7;12;2;9;0;4;1;36;38;1;0;1
61;2;14;15;2;13;0;4;1;5;38;0;0;1
25;2;9;13;4;9;3;1;1;40;38;0;0;0
28;1;9;13;4;9;1;4;0;40;38;0;0;0
69;5;12;14;2;9;0;4;1;11;38;0;0;0
22;2;15;10;4;5;3;4;0;36;38;0;0;0
47;2;11;9;2;0;0;4;1;38;38;0;0;0
38;2;11;9;0;7;4;4;0;48;38;0;0;0
26;2;8;11;4;0;3;4;0;40;38;0;0;0
17;2;1;7;4;0;3;1;0;24;38;0;0;0
33;4;15;10;4;7;1;4;1;35;38;0;0;0
43;4;11;9;3;2;1;4;1;40;38;0;0;0
58;2;8;11;2;2;0;4;1;40;38;0;0;1
53;3;11;9;2;11;0;4;1;40;38;1;0;1
26;2;11;9;4;2;1;4;1;25;38;0;0;0
43;1;9;13;2;9;0;2;1;40;38;0;0;1
31;2;0;6;2;4;0;4;1;40;25;1;0;0
30;2;11;9;4;0;4;4;1;42;38;0;1;0
25;2;11;9;4;7;3;4;0;25;38;0;0;0
57;0;11;9;0;0;4;4;0;40;38;0;0;0
37;2;12;14;0;3;4;4;1;60;38;0;0;1
32;2;15;10;2;11;0;4;1;48;38;0;0;0
26;2;11;9;0;3;1;4;0;41;38;0;0;0
45;2;11;9;2;0;0;4;1;40;38;0;0;1
53;5;11;9;2;0;0;4;1;35;38;1;0;1
27;2;11;9;4;5;2;0;1;40;38;0;0;0
28;3;1;7;2;2;0;4;1;50;38;0;0;1
32;2;1;7;0;11;1;4;1;43;38;0;0;1
35;2;9;13;0;11;1;4;0;65;38;0;1;0
36;4;15;10;2;3;0;4;1;55;38;0;0;1
19;2;15;10;4;0;1;4;1;40;38;0;0;0
37;3;9;13;2;3;0;4;1;80;38;0;0;1
49;2;15;10;0;6;1;4;1;45;38;1;0;0
20;2;15;10;4;7;1;4;1;45;38;0;0;0
64;3;9;13;2;3;0;4;1;55;38;1;0;1
32;2;7;12;2;2;0;4;1;42;38;0;0;0
58;5;11;9;2;3;0;4;1;40;38;0;0;0
42;2;11;9;2;11;0;4;1;50;38;0;0;0
20;2;15;10;4;0;1;2;0;14;38;0;0;0
42;5;15;10;2;0;0;2;1;40;38;0;0;0
25;2;15;10;3;9;4;2;1;40;38;0;0;0
30;4;8;11;2;9;0;4;1;65;38;1;0;1
37;3;9;13;2;9;0;4;1;35;38;0;0;1
66;4;8;11;2;9;0;4;1;50;38;0;0;0
59;3;9;13;2;3;0;4;1;40;8;0;0;1
44;2;9;13;0;7;1;1;1;40;2;0;0;0
46;2;11;9;2;0;0;4;1;58;38;0;0;1
59;2;9;13;2;0;5;4;0;30;38;1;0;0
25;2;9;13;4;3;3;4;1;40;38;0;1;0
17;1;6;5;4;7;3;2;1;9;38;0;0;0
47;1;9;13;2;10;0;4;1;40;38;0;0;0
47;5;6;5;0;7;1;4;0;40;38;0;0;0
30;2;15;10;0;3;4;4;0;40;38;0;0;0
20;2;15;10;4;4;3;4;0;40;38;0;0;0
26;1;9;13;4;9;1;4;1;55;38;0;1;0
20;2;15;10;4;5;1;2;1;15;38;0;0;0
33;2;11;9;0;7;4;4;1;40;38;0;0;0
48;2;11;9;2;6;0;4;1;40;38;0;0;0
52;2;9;13;2;3;0;4;1;50;38;1;0;1
37;2;11;9;0;3;4;4;0;12;38;0;0;0
47;2;11;9;2;2;0;2;1;40;38;0;0;0
40;2;0;6;2;6;0;4;1;40;38;0;0;1
48;2;12;14;0;3;4;4;0;40;38;0;0;1
49;2;0;6;2;13;0;2;1;42;38;0;0;1
50;2;15;10;0;7;1;4;0;40;38;0;0;0
30;2;7;12;4;9;1;4;0;40;38;0;0;0
34;2;15;10;2;3;0;4;1;40;38;0;0;0
43;2;11;9;2;6;0;4;1;40;38;0;0;0
22;2;0;6;2;6;5;4;0;40;38;0;0;0
35;2;11;9;5;7;1;2;1;40;38;0;0;0
26;5;11;9;0;0;3;4;0;30;38;0;0;0
62;2;14;15;2;9;0;4;1;70;38;0;1;0
39;1;11;9;5;10;1;4;1;40;38;0;0;0
59;1;15;10;2;2;0;4;1;40;38;0;0;0
27;2;9;13;2;2;0;4;1;40;38;0;0;0
17;2;0;6;4;11;3;4;1;30;38;0;0;0
38;2;9;13;2;0;0;4;1;40;38;0;0;0
41;2;15;10;2;2;0;4;1;50;38;0;1;1
27;2;0;6;4;6;4;4;0;40;38;0;0;0
23;2;11;9;4;0;3;4;0;40;38;0;0;0
17;2;0;6;4;5;3;4;1;24;38;0;0;0
56;2;5;4;0;6;1;4;0;40;38;0;0;0
24;2;15;10;4;0;1;4;0;40;38;0;0;0
44;2;2;8;0;13;4;2;1;40;38;0;0;0
23;2;9;13;4;0;1;4;1;30;38;0;0;0
25;2;11;9;4;13;1;4;1;65;38;0;0;0
21;2;15;10;4;7;2;2;0;8;38;0;0;0
18;2;2;8;4;5;3;4;1;6;38;0;0;0
45;2;15;10;2;2;0;4;1;40;38;0;0;0
51;2;5;4;2;10;0;4;1;40;38;0;0;0
42;0;11;9;5;7;2;2;0;40;38;0;0;0
47;2;15;10;4;7;1;2;0;35;27;0;0;0
29;2;15;10;2;4;0;4;1;40;38;0;0;0
33;2;1;7;4;7;1;2;1;40;38;0;0;0
43;1;9;13;2;2;0;4;1;40;38;0;0;0
44;2;7;12;2;2;0;4;1;40;38;0;1;1
24;2;15;10;4;7;3;4;1;30;38;0;0;0
19;2;15;10;4;5;3;4;1;40;38;0;0;0
52;2;8;11;2;0;0;4;1;40;38;0;0;0
38;4;11;9;4;4;1;4;1;52;38;0;0;0
24;5;15;10;4;12;1;4;1;50;38;0;0;0
32;1;9;13;4;9;1;4;1;50;38;0;0;0
26;2;11;9;2;11;0;4;1;50;38;0;0;1
29;2;9;13;2;11;0;4;1;50;38;0;0;0
39;2;11;9;0;0;1;4;1;40;38;1;0;1
48;4;11;9;2;4;0;4;1;50;38;0;0;0
40;2;15;10;2;2;0;4;1;45;38;0;0;1
51;2;15;10;0;3;4;4;1;45;33;0;0;0
28;4;11;9;0;2;3;4;1;40;38;0;0;0
22;2;11;9;4;3;3;4;0;20;38;0;0;0
23;2;9;13;4;0;1;4;0;40;38;0;0;0
65;2;15;10;2;10;0;4;1;16;38;0;0;0
26;1;9;13;2;9;0;4;1;40;38;0;0;0
38;4;9;13;2;7;0;4;1;10;38;0;0;0
33;2;11;9;4;9;1;4;1;60;38;0;0;1
33;1;11;9;2;0;5;4;0;60;38;0;0;0
37;2;9;13;4;11;1;2;0;40;38;0;0;0
19;2;1;7;4;6;3;4;1;60;38;0;0;0
24;2;9;13;4;11;1;4;1;50;38;0;0;0
30;2;1;7;2;2;0;4;1;45;38;0;0;0
57;5;11;9;0;3;1;4;0;50;38;0;0;0
22;5;15;10;4;9;3;4;0;20;38;0;0;0
57;2;11;9;2;6;0;2;1;40;38;0;0;1
46;5;11;9;2;12;0;4;1;40;38;0;0;0
67;2;11;9;2;0;0;4;1;35;38;0;0;0
47;2;11;9;5;2;3;4;1;40;38;0;0;0
39;2;0;6;2;2;0;4;1;40;38;0;0;0
50;2;15;10;0;7;4;1;1;40;29;0;0;0
58;4;2;8;0;11;1;4;0;52;38;0;0;0
36;2;7;12;2;9;5;4;0;30;38;0;0;1
45;2;12;14;2;9;0;4;1;36;8;0;0;1
54;2;11;9;2;6;0;4;1;40;38;0;0;1
26;2;9;13;4;0;3;4;1;30;38;0;0;0
60;2;11;9;2;9;0;4;1;40;38;0;0;1
46;2;14;15;2;9;0;4;1;60;38;1;0;1
26;2;15;10;2;3;5;4;0;35;38;0;0;0
32;2;1;7;4;2;2;4;1;40;38;0;0;0
38;1;11;9;2;13;0;4;1;40;38;0;0;0
48;4;15;10;2;11;0;4;1;70;38;0;0;1
44;4;11;9;2;3;0;4;1;45;38;0;1;1
37;2;11;9;4;7;3;1;0;40;29;0;0;0
44;2;15;10;2;3;0;4;1;40;38;0;0;0
31;2;11;9;4;7;1;3;0;35;38;0;0;0
61;4;14;15;2;9;0;4;1;35;38;0;0;1
51;2;11;9;2;2;0;4;1;40;38;0;0;0
52;2;9;13;2;11;5;4;0;60;38;1;0;1
45;2;11;9;2;6;5;4;0;40;38;0;1;0
39;2;1;7;2;7;0;4;1;70;25;1;0;0
67;1;11;9;0;7;1;4;0;24;38;0;0;0
40;5;7;12;2;0;0;4;1;40;38;0;0;1
27;2;4;3;4;4;1;4;1;35;25;0;0;0
37;2;3;2;2;6;0;4;1;40;25;0;0;0
57;2;15;10;2;3;0;4;1;50;38;0;0;1
27;2;0;6;0;7;1;4;0;40;38;0;0;0
28;2;11;9;4;11;1;4;0;48;38;1;0;0
34;3;9;13;2;9;0;4;1;60;38;0;0;1
54;2;11;9;2;6;0;4;1;50;38;1;0;1
52;2;11;9;0;7;2;2;0;38;38;0;0;0
42;2;9;13;2;9;0;4;1;45;38;0;0;1
48;2;12;14;2;9;0;4;1;40;38;1;0;1
65;5;12;14;2;9;0;4;1;35;38;1;0;1
55;4;14;15;2;9;5;4;0;10;38;0;0;0
71;3;11;9;2;0;5;4;0;20;38;0;0;1
33;2;15;10;2;6;0;2;1;40;38;0;0;0
30;2;11;9;2;11;0;4;1;40;38;0;0;0
35;2;9;13;2;3;0;4;1;55;38;0;0;1
59;2;0;6;0;0;1;2;0;40;38;0;0;0
19;2;15;10;4;5;3;4;1;20;38;0;0;0
36;4;6;5;2;2;0;4;1;30;38;0;0;0
26;4;11;9;4;11;3;4;1;40;38;0;0;0
34;1;11;9;2;10;0;4;1;40;38;0;0;0
41;2;11;9;2;2;0;2;1;40;38;0;0;1
44;2;9;13;2;9;0;4;1;50;21;1;0;1
47;2;11;9;2;2;0;4;1;48;38;0;0;0
18;2;15;10;4;11;3;4;1;16;38;0;0;0
55;4;0;6;2;2;0;4;1;18;38;0;0;0
49;1;11;9;2;2;0;4;1;40;38;0;1;0
44;2;9;13;2;3;0;4;1;40;38;0;0;1
43;2;9;13;4;9;1;4;1;40;38;0;0;0
62;2;5;4;2;10;0;4;1;40;4;0;0;0
44;2;11;9;2;5;0;2;1;40;38;0;0;0
50;3;15;10;2;11;0;4;1;60;38;0;0;1
35;2;1;7;4;11;1;4;1;45;38;0;0;0
52;2;11;9;2;0;0;4;1;40;38;0;0;0
46;2;14;15;2;9;0;4;1;60;38;0;0;1
44;2;7;12;2;11;0;4;1;40;38;1;0;1
43;2;15;10;4;3;4;4;1;50;38;0;0;0
51;2;5;4;2;2;0;4;1;40;38;1;0;0
20;2;15;10;4;11;3;4;1;20;38;0;0;0
47;2;7;12;2;0;5;4;0;40;21;0;0;1
43;2;12;14;0;3;4;4;1;50;38;0;0;0
24;2;15;10;4;2;1;4;1;40;38;0;0;0
27;0;15;10;2;2;0;4;1;50;38;0;0;0
32;2;11;9;2;13;0;4;1;40;38;0;0;0
37;2;11;9;0;7;4;4;0;12;38;0;0;0
26;2;11;9;2;6;0;4;1;60;38;0;0;0
43;2;9;13;2;3;0;4;1;60;38;1;0;1
50;2;11;9;2;6;5;4;0;40;38;0;0;0
20;4;11;9;4;13;3;4;1;80;38;0;0;0
37;2;11;9;2;3;0;4;1;45;38;0;1;1
43;2;11;9;4;7;1;2;0;45;38;0;0;0
37;2;11;9;2;3;0;4;1;50;38;0;1;1
53;2;6;5;0;7;1;4;0;36;1;0;0;0
44;2;10;16;2;9;0;4;1;40;38;0;0;1
25;2;11;9;4;7;1;4;0;40;38;0;0;0
17;2;1;7;4;0;3;4;0;20;38;1;0;0
19;2;11;9;4;11;3;4;1;50;38;0;0;0
53;5;11;9;2;3;5;4;0;40;38;1;0;1
44;2;15;10;2;11;0;4;1;50;38;0;0;0
51;2;11;9;2;6;0;2;1;40;38;0;1;1
49;2;11;9;2;3;5;4;0;43;38;0;0;0
35;2;15;10;2;5;0;4;1;40;38;0;0;0
44;2;11;9;0;2;1;4;1;45;38;0;0;0
54;2;12;14;2;9;0;4;1;60;38;0;0;0
37;2;15;10;0;0;4;2;0;35;38;0;0;0
18;2;15;10;4;7;3;4;0;15;38;0;0;0
24;2;15;10;2;5;0;4;1;40;38;0;0;0
29;2;11;9;0;2;1;4;0;50;38;0;0;0
35;2;11;9;4;6;1;4;1;40;38;0;0;0
56;2;11;9;2;2;0;4;1;48;38;0;0;1
24;2;9;13;4;6;1;1;1;45;2;0;0;0
43;2;12;14;2;3;0;4;1;40;38;0;1;1
73;2;11;9;6;11;2;4;0;15;38;0;0;0
49;2;2;8;2;6;0;4;1;39;38;0;0;0
38;2;9;13;2;11;0;4;1;40;38;0;0;1
31;2;11;9;2;6;0;2;1;40;38;0;0;0
39;2;15;10;0;0;4;0;0;40;38;0;0;0
42;2;9;13;0;0;1;4;0;40;38;0;0;0
41;2;12;14;2;9;0;1;1;45;2;0;0;1
35;2;9;13;2;11;0;4;1;45;38;0;0;1
38;2;11;9;2;13;0;4;1;45;38;0;0;0
31;2;11;9;0;0;1;4;0;40;38;0;0;0
51;1;11;9;2;10;0;4;1;70;38;0;0;0
38;2;9;13;0;11;1;4;1;48;38;0;0;1
40;1;15;10;2;3;0;4;1;42;38;0;0;1
21;2;11;9;4;7;1;4;0;30;38;0;0;0
44;2;15;10;0;2;1;4;1;40;38;0;0;0
55;2;11;9;2;2;0;4;1;40;38;0;0;1
29;2;11;9;0;11;1;4;1;45;38;0;0;0
49;2;12;14;2;9;5;4;0;50;38;0;0;1
31;2;8;11;2;7;0;4;1;42;38;0;0;0
24;2;12;14;4;3;3;4;1;90;38;1;0;0
46;2;15;10;4;3;1;2;1;40;38;0;0;0
26;2;11;9;4;11;1;2;1;40;38;0;0;0
35;2;9;13;4;7;1;4;1;38;38;0;0;0
27;2;8;11;4;11;1;4;1;50;38;0;0;0
64;4;9;13;2;3;0;4;1;35;38;1;0;1
26;2;9;13;4;2;2;4;1;40;38;0;0;0
21;2;11;9;4;7;1;4;0;16;38;0;1;0
57;1;11;9;2;13;0;4;1;72;38;0;0;0
30;2;9;13;2;0;0;4;1;40;38;0;0;1
45;2;1;7;2;7;5;4;0;32;38;0;0;0
50;2;5;4;0;2;1;4;0;30;38;0;0;0
38;2;9;13;4;0;3;4;0;40;38;0;0;0
43;4;15;10;2;2;0;4;1;60;38;0;0;0
42;2;15;10;6;3;1;4;0;55;38;0;0;0
32;2;9;13;4;9;3;4;1;40;38;0;0;0
20;2;11;9;4;0;1;4;0;40;38;0;0;0
27;2;11;9;4;7;1;4;0;35;38;0;0;0
45;2;1;7;6;0;4;4;0;40;38;0;0;0
40;2;11;9;4;6;1;4;0;40;38;0;0;0
38;2;11;9;0;13;1;4;1;60;38;0;0;0
37;2;11;9;0;0;4;4;0;40;38;0;0;0
60;2;0;6;0;6;1;4;0;40;38;0;0;0
53;4;11;9;2;3;0;2;1;45;38;0;0;1
25;2;9;13;2;3;3;4;0;40;38;0;0;0
47;4;9;13;0;3;1;1;1;60;23;0;0;0
40;4;11;9;4;4;1;4;1;70;38;0;0;0
19;2;15;10;4;7;3;4;0;10;38;0;0;0
42;2;15;10;2;9;5;4;0;50;38;0;0;1
41;2;9;13;0;0;4;4;0;40;38;0;0;0
28;2;0;6;4;6;3;2;1;45;38;0;0;0
46;2;12;14;0;3;1;4;0;50;38;1;0;1
49;2;9;13;2;9;5;4;0;20;38;1;0;1
24;2;11;9;4;5;2;2;1;40;38;0;0;0
32;2;1;7;2;6;0;4;1;40;38;0;0;0
71;2;11;9;2;10;0;4;1;20;38;1;0;0
26;2;15;10;2;12;0;4;1;40;38;1;0;1
29;2;11;9;3;10;1;4;1;40;38;0;0;0
50;2;15;10;2;3;0;4;1;50;38;1;0;1
51;2;8;11;2;2;0;4;1;50;38;1;0;1
49;2;11;9;2;7;5;2;0;40;38;0;0;1
31;2;0;6;2;6;0;4;1;40;38;0;0;0
23;2;1;7;2;6;0;4;1;40;38;0;0;0
59;1;11;9;6;4;4;4;1;40;38;0;1;0
43;2;15;10;2;11;0;4;1;40;38;1;0;1
38;2;9;13;2;11;0;4;1;40;38;1;0;1
37;2;11;9;2;3;0;4;1;40;38;0;0;0
29;2;0;6;4;7;3;4;1;40;38;0;0;0
39;2;9;13;2;3;0;4;1;50;38;0;0;1
31;2;7;12;4;0;1;4;1;38;38;1;0;0
42;1;9;13;3;9;1;4;0;45;38;1;0;1
35;1;12;14;2;9;5;4;0;35;38;0;0;1
39;2;12;14;2;3;0;1;1;40;38;1;0;1
40;2;7;12;0;0;4;4;0;40;38;0;0;0
66;2;4;3;3;5;4;4;0;40;32;0;0;0
30;0;6;5;2;12;0;4;1;40;38;0;0;0
43;2;7;12;0;2;1;4;1;40;38;0;0;0
47;2;6;5;4;7;4;4;0;50;38;0;0;0
45;2;12;14;4;0;1;1;0;40;29;0;0;0
31;2;15;10;2;6;0;2;1;40;37;0;0;0
33;2;11;9;2;11;0;4;1;40;38;1;0;1
32;2;9;13;4;0;1;4;1;40;38;0;0;0
28;2;7;12;2;5;0;2;1;40;38;0;0;0
50;0;11;9;2;0;0;4;1;40;38;0;0;1
63;2;5;4;0;11;1;4;0;40;38;0;0;0
28;2;9;13;2;0;0;4;1;40;38;0;0;0
38;2;15;10;6;0;4;2;0;40;38;0;0;0
52;2;11;9;0;7;1;4;0;38;38;0;0;0
38;3;14;15;2;9;0;1;1;40;38;0;0;1
41;2;11;9;4;3;1;4;1;40;38;1;0;0
50;5;12;14;4;9;1;4;1;38;38;0;0;0
59;2;1;7;2;6;0;4;1;40;38;0;0;0
32;2;11;9;2;11;0;4;1;49;38;0;0;0
73;1;5;4;2;10;0;4;1;10;38;1;0;0
52;3;11;9;0;3;4;4;1;38;38;0;0;0
57;2;11;9;2;3;0;4;1;60;38;0;0;0
35;2;8;11;2;3;0;4;1;50;38;1;0;1
51;2;9;13;2;13;0;4;1;56;38;0;0;1
22;2;1;7;6;11;3;2;0;35;38;0;0;0
49;2;11;9;2;11;0;4;1;40;38;0;0;1
22;2;11;9;4;5;3;2;1;40;38;0;0;0
46;1;11;9;2;2;0;4;1;40;38;0;1;0
48;2;11;9;0;2;4;4;0;40;38;0;0;0
43;5;9;13;2;0;0;4;1;50;38;0;0;1
25;2;5;4;2;5;0;4;1;40;25;0;0;0
31;2;5;4;4;2;1;4;1;40;38;0;0;0
19;2;15;10;4;11;3;4;1;36;38;0;0;0
51;2;11;9;2;13;0;4;1;84;38;0;0;1
51;2;9;13;0;3;4;4;1;40;38;0;0;1
22;4;11;9;4;9;4;4;0;40;5;1;0;1
37;1;11;9;0;0;4;2;0;35;38;0;0;0
19;2;15;10;4;11;3;4;0;30;38;0;0;0
45;2;11;9;0;13;4;4;0;55;38;0;0;0
21;5;15;10;4;7;3;4;1;10;38;0;0;0
52;2;11;9;6;11;1;4;0;40;38;0;0;0
46;1;15;10;2;9;0;4;1;24;38;0;0;0
42;5;12;14;0;9;1;4;0;38;38;0;0;0
56;2;11;9;4;2;1;4;1;40;38;0;0;0
23;2;11;9;4;0;1;4;0;40;38;0;0;0
58;2;12;14;2;11;0;4;1;40;38;0;0;0
70;2;11;9;2;4;0;4;1;30;38;0;0;0
30;2;15;10;0;0;4;4;1;40;38;0;0;0
45;2;9;13;2;0;0;1;1;40;29;0;0;0
23;2;15;10;4;2;1;4;1;44;38;0;0;0
34;1;15;10;2;13;0;4;1;40;38;0;1;0
38;2;9;13;2;2;5;4;0;40;38;0;0;0
24;2;8;11;2;2;0;4;1;40;38;0;0;0
53;2;5;4;4;13;1;0;1;40;38;0;0;0
45;0;11;9;4;13;1;2;1;40;38;1;0;0
21;2;15;10;4;7;3;4;0;40;32;0;0;0
34;2;9;13;4;9;1;4;0;40;38;0;0;0
32;3;11;9;2;2;0;4;1;45;38;1;0;1
21;2;11;9;2;5;0;4;1;40;38;0;0;0
23;2;6;5;4;5;3;2;1;36;38;0;0;0
28;2;9;13;0;2;4;4;1;50;38;0;0;0
29;4;11;9;4;13;4;2;1;45;38;0;0;0
25;1;9;13;4;9;3;4;0;40;38;0;0;0
44;5;12;14;4;9;1;4;0;60;38;0;0;0
18;2;11;9;4;7;3;4;0;8;38;0;0;0
26;2;11;9;4;7;3;4;1;24;38;0;0;0
47;1;7;12;2;0;5;4;0;35;38;0;0;1
23;2;11;9;0;11;1;4;1;40;38;0;0;0
46;2;15;10;2;6;0;4;1;40;38;0;0;0
61;1;9;13;2;3;0;4;1;50;38;1;0;1
25;2;11;9;4;2;2;4;1;40;38;0;0;0
38;1;11;9;2;10;0;1;1;54;38;0;0;1
23;2;15;10;4;7;1;4;1;20;38;0;0;0
36;0;11;9;0;0;1;4;0;48;38;0;0;0
46;2;6;5;0;7;1;4;1;25;38;0;0;0
32;4;9;13;2;9;0;4;1;45;38;0;0;1
40;2;0;6;2;13;0;4;1;40;38;0;0;0
31;2;11;9;4;0;3;2;1;40;38;0;0;0
31;2;15;10;2;3;0;4;1;65;38;0;0;1
32;5;9;13;4;0;1;4;1;37;38;0;0;0
21;2;15;10;4;7;3;4;1;10;38;0;0;0
63;2;15;10;2;11;0;2;1;40;38;0;0;1
44;2;15;10;5;3;1;4;1;45;38;0;0;1
42;4;9;13;2;11;0;4;1;60;38;0;0;0
30;2;15;10;0;0;1;4;0;45;38;0;0;0
24;2;11;9;4;7;4;4;1;40;7;0;0;0
42;2;9;13;2;12;0;4;1;40;38;0;0;1
44;4;11;9;2;9;5;4;0;40;21;0;0;1
27;0;9;13;4;3;1;2;1;48;38;0;0;0
27;1;15;10;4;3;4;4;1;40;38;0;0;0
22;2;11;9;4;7;1;4;0;45;38;0;0;0
68;2;11;9;4;11;1;4;0;40;38;0;0;0
55;4;15;10;2;4;0;4;1;99;38;0;0;1
22;4;11;9;4;7;3;4;1;40;11;0;0;0
25;2;15;10;2;3;5;4;0;15;38;0;0;0
68;4;11;9;2;4;0;4;1;45;38;0;0;0
62;2;15;10;6;3;1;4;0;16;38;0;0;0
26;2;11;9;0;7;2;4;1;40;38;0;0;0
34;2;12;14;2;9;0;4;1;55;38;0;0;1
68;2;15;10;6;11;1;4;1;40;38;0;0;0
42;1;9;13;5;3;1;4;1;45;38;0;0;1
45;2;9;13;2;11;0;4;1;55;38;0;0;0
26;2;1;7;4;13;1;4;1;40;38;0;0;0
25;2;11;9;2;6;0;4;1;45;38;0;0;0
23;2;9;13;4;9;3;4;1;50;38;0;0;0
65;6;5;4;6;4;4;4;0;50;38;0;0;0
31;2;11;9;4;13;1;4;1;50;38;0;0;0
26;2;11;9;4;0;1;4;0;40;38;0;0;0
39;2;15;10;2;2;0;4;1;50;38;0;0;1
44;2;11;9;2;6;0;4;1;40;38;0;0;1
45;1;12;14;0;9;4;4;0;45;38;1;0;0
26;4;12;14;4;9;1;4;0;50;38;0;0;0
26;2;0;6;2;13;0;4;1;35;38;0;0;0
36;2;6;5;2;13;0;4;1;50;38;0;0;0
38;2;1;7;2;2;0;4;1;45;38;0;0;0
39;2;11;9;4;6;4;4;1;48;38;0;0;0
52;3;14;15;2;3;0;4;1;40;38;0;0;0
39;2;3;2;2;2;0;4;1;45;25;0;0;0
41;4;15;10;0;2;1;4;1;40;38;0;0;0
42;1;12;14;2;3;0;4;1;60;38;0;1;1
47;2;9;13;2;11;0;4;1;70;38;0;0;0
28;1;8;11;2;10;0;2;1;46;38;0;0;0
25;1;9;13;4;9;3;4;1;35;38;0;0;0
35;2;9;13;4;0;1;4;0;40;38;0;0;0
32;2;11;9;5;0;4;4;0;40;38;0;0;0
38;2;12;14;2;2;0;2;1;40;38;0;0;1
44;2;15;10;2;12;0;4;1;18;38;0;0;1
27;2;9;13;4;11;3;4;0;40;38;0;0;0
30;2;9;13;4;3;1;4;1;55;38;0;0;1
30;2;9;13;4;11;1;4;1;48;38;0;1;0
45;2;11;9;2;5;0;4;1;45;38;0;1;0
20;2;11;9;4;2;3;4;1;40;38;0;0;0
57;2;12;14;4;9;1;4;1;80;38;0;0;0
43;2;15;10;0;0;1;4;1;48;38;0;0;0
28;2;5;4;2;6;2;1;0;48;2;0;0;0
25;2;11;9;2;12;2;4;0;48;38;0;0;1
25;2;11;9;2;11;0;4;1;40;38;0;0;0
90;2;9;13;2;3;0;4;1;45;38;0;0;0
38;1;9;13;5;9;4;2;1;40;38;0;0;0
35;2;9;13;3;3;4;4;0;40;38;0;0;0
50;5;9;13;2;3;0;4;1;40;1;0;0;1
26;1;11;9;4;0;1;4;0;40;38;0;0;0
39;2;15;10;2;4;0;4;1;45;38;0;0;0
56;2;0;6;2;11;0;4;1;40;38;0;0;0
24;1;11;9;0;10;4;2;0;40;38;0;0;0
46;2;11;9;2;0;5;4;0;40;38;1;0;1
18;1;1;7;4;0;2;4;0;25;38;0;0;0
37;2;12;14;2;3;0;4;1;60;38;0;1;1
57;2;12;14;0;9;1;4;0;40;38;0;0;0
43;5;11;9;4;0;4;2;0;40;38;0;0;0
29;5;9;13;2;9;0;4;1;25;26;0;0;0
40;2;12;14;2;3;0;4;1;40;38;0;0;1
44;4;9;13;2;3;0;4;1;40;38;0;0;0
77;1;11;9;2;3;0;4;1;6;38;0;0;0
30;2;9;13;4;9;1;2;1;40;38;0;0;0
21;2;11;9;2;6;0;4;1;40;38;0;0;0
66;2;0;6;2;10;0;4;1;40;38;0;0;0
40;2;1;7;4;13;3;4;1;35;38;0;0;0
68;2;11;9;2;11;0;4;1;40;38;0;0;0
64;2;11;9;6;7;1;4;0;38;38;0;0;0
26;2;9;13;4;9;1;4;0;50;38;0;0;0
32;2;15;10;2;3;0;4;1;40;38;0;0;1
32;2;11;9;4;0;3;4;1;38;38;0;0;0
51;1;12;14;2;9;0;4;1;40;38;0;0;1
50;2;12;14;2;9;0;4;1;45;38;1;0;1
49;2;9;13;2;11;0;4;1;50;38;0;0;1
28;2;9;13;4;13;4;4;1;20;38;0;0;0
29;2;11;9;0;7;4;4;0;36;38;0;0;0
21;2;15;10;4;11;3;4;1;30;38;0;0;0
28;2;11;9;4;0;4;2;0;40;38;0;0;0
55;2;0;6;2;2;0;4;1;40;38;0;0;0
45;4;11;9;2;11;0;1;1;50;34;0;0;1
35;2;15;10;4;11;1;4;1;40;38;0;0;0
26;2;12;14;4;9;1;4;1;40;38;1;0;1
30;2;11;9;2;7;0;4;1;55;10;0;0;0
33;2;11;9;2;11;0;4;1;20;38;0;0;0
40;2;9;13;3;9;1;1;1;40;0;1;0;1
23;2;9;13;4;3;1;4;1;40;38;0;0;0
35;2;15;10;4;11;1;4;0;40;38;0;0;0
48;4;1;7;2;4;0;4;1;50;38;0;0;1
39;1;0;6;0;5;3;2;1;40;38;0;0;0
53;1;14;15;0;9;1;4;0;50;38;0;0;0
49;0;11;9;2;0;0;4;1;40;38;0;0;1
31;2;9;13;4;3;1;2;0;40;38;0;0;0
36;2;11;9;2;2;0;4;1;40;38;1;0;1
60;3;15;10;2;3;0;4;1;50;38;1;0;1
29;2;11;9;4;6;1;4;1;48;38;0;0;0
54;3;15;10;2;11;0;4;1;45;38;0;0;1
34;2;11;9;2;2;0;4;1;50;38;0;0;0
30;2;15;10;4;11;1;2;0;35;38;0;0;0
26;2;11;9;4;5;1;4;1;40;38;0;0;0
47;2;15;10;4;11;1;4;1;70;38;0;0;1
50;2;11;9;0;3;4;4;1;38;38;0;0;0
30;2;9;13;4;3;4;4;0;45;38;0;0;1
44;2;15;10;0;6;1;4;1;50;38;0;0;0
49;2;11;9;2;11;0;4;1;60;38;0;0;1
75;4;12;14;3;9;1;4;0;50;38;0;0;0
37;2;9;13;2;11;0;4;1;55;38;0;0;1
51;5;11;9;0;2;4;4;1;38;38;0;0;0
35;2;11;9;4;2;4;4;1;35;38;0;0;0
28;2;15;10;4;11;2;4;0;40;38;0;0;0
66;4;11;9;2;4;0;4;1;40;38;1;0;0
72;2;6;5;2;3;5;1;0;48;38;0;0;1
39;2;9;13;5;11;1;4;1;50;38;0;0;0
27;2;11;9;4;4;3;2;1;30;38;0;0;0
57;2;15;10;4;0;2;2;0;40;22;0;0;0
24;2;5;4;2;2;0;4;1;38;38;1;0;0
28;2;11;9;4;2;3;4;1;70;38;0;0;0
23;2;15;10;3;7;1;4;0;50;38;0;0;0
31;2;9;13;4;3;1;4;0;40;38;0;1;0
23;2;15;10;4;7;3;4;0;20;38;0;0;0
31;2;15;10;4;7;1;4;0;40;38;0;0;0
27;1;9;13;4;9;1;4;0;40;38;0;0;0
30;2;9;13;2;9;0;4;1;45;38;0;1;0
34;2;12;14;4;9;1;4;1;60;38;1;0;0
57;0;11;9;4;0;1;4;1;40;38;0;1;0
39;2;12;14;2;3;0;4;1;40;4;0;0;1
23;2;1;7;4;2;3;4;1;40;38;0;0;0
24;1;7;12;2;7;5;4;0;40;38;0;0;0
36;2;10;16;4;9;1;4;1;40;8;0;0;0
32;2;15;10;0;7;2;4;1;40;26;0;0;0
35;2;7;12;0;7;3;4;0;40;38;0;0;0
36;2;9;13;2;3;0;4;1;40;38;0;0;0
47;2;8;11;2;6;0;4;1;40;38;0;0;1
35;2;11;9;4;5;1;4;1;40;38;0;0;0
44;0;15;10;2;12;0;4;1;40;38;0;0;0
32;5;12;14;2;9;0;4;1;50;38;0;0;0
32;2;7;12;2;3;5;4;0;40;38;0;1;1
63;4;15;10;2;9;5;4;0;10;38;1;0;1
34;2;8;11;2;2;0;4;1;40;38;0;0;0
47;2;11;9;2;2;0;2;1;40;38;0;0;0
27;2;1;7;2;11;3;2;1;35;38;0;0;0
23;2;11;9;5;3;4;4;0;42;38;0;0;0
50;2;0;6;2;2;0;4;1;38;38;0;0;0
49;5;15;10;2;9;0;4;1;40;38;0;0;0
36;2;15;10;2;3;0;4;1;40;38;0;0;1
23;2;9;13;4;3;4;4;1;40;38;0;0;0
61;2;5;4;6;7;4;2;0;38;38;0;0;0
41;2;15;10;2;4;0;4;1;16;38;0;0;0
27;4;9;13;2;3;0;4;1;60;38;0;0;1
53;2;9;13;0;3;1;4;1;70;38;0;0;0
17;4;0;6;4;0;3;4;1;10;38;0;0;0
53;2;15;10;4;2;1;4;1;40;38;0;0;0
28;2;11;9;2;2;0;4;1;42;38;0;1;1
24;2;9;13;3;9;3;4;0;40;38;0;0;0
22;2;15;10;4;0;1;4;0;20;38;0;0;0
53;2;9;13;2;11;0;4;1;50;38;0;0;1
18;2;1;7;4;7;2;2;1;20;38;0;0;0
24;2;15;10;4;11;4;4;1;50;25;0;0;0
20;2;11;9;4;11;1;4;0;40;38;0;0;0
30;1;5;4;2;13;0;4;1;40;38;0;0;0
37;5;8;11;4;9;1;4;1;40;38;1;0;1
34;2;11;9;2;13;0;4;1;40;38;0;0;0
19;2;11;9;4;5;3;4;1;30;38;0;0;0
20;2;2;8;4;0;3;4;0;40;25;0;0;0
47;2;11;9;0;7;1;1;0;40;38;0;0;0
22;2;9;13;4;9;3;4;0;40;38;0;0;0
42;1;12;14;2;3;0;4;1;40;38;0;1;1
60;2;15;10;0;0;1;4;0;40;38;0;0;0
32;2;11;9;4;8;4;4;0;40;25;0;0;0
46;2;11;9;2;3;0;4;1;40;38;0;0;1
66;2;11;9;6;0;1;4;0;40;38;0;0;0
37;2;9;13;2;7;5;1;0;30;38;0;0;1
34;2;15;10;0;3;3;4;1;44;38;0;0;0
45;2;9;13;4;9;1;4;1;46;38;0;0;0
35;2;1;7;2;4;0;4;1;40;38;0;0;0
51;1;15;10;2;3;0;2;1;40;38;0;0;1
36;1;15;10;2;10;0;4;1;40;38;0;0;1
25;0;11;9;4;0;3;2;1;40;38;0;0;0
51;2;11;9;0;7;4;4;0;38;38;0;0;0
25;4;15;10;4;6;3;4;1;40;38;0;0;0
19;2;11;9;4;4;3;4;1;45;38;0;0;0
47;2;15;10;2;3;0;4;1;45;38;0;0;0
59;1;11;9;5;10;4;2;0;40;38;0;0;0
34;2;9;13;2;3;0;4;1;40;38;0;0;1
40;2;15;10;5;3;4;4;0;60;38;0;0;0
42;2;11;9;0;6;1;4;1;45;38;0;0;0
37;2;12;14;2;3;0;4;1;60;38;0;0;1
51;3;7;12;2;11;0;4;1;38;38;0;0;1
25;2;11;9;4;0;3;4;1;36;38;0;0;0
31;0;11;9;2;0;5;4;0;40;38;0;0;1
37;2;11;9;2;7;0;4;1;44;38;0;0;1
42;2;7;12;2;11;0;4;1;45;38;0;0;1
35;2;15;10;0;11;1;4;1;50;38;0;0;0
51;2;9;13;2;11;0;4;1;47;38;0;0;1
49;2;15;10;2;2;0;4;1;40;38;0;1;1
26;2;9;13;4;9;1;1;1;16;23;0;0;0
56;1;11;9;0;0;1;4;0;46;38;0;0;0
52;2;15;10;2;9;0;4;1;45;38;0;0;1
47;5;9;13;0;3;1;4;0;40;38;0;0;1
52;2;8;11;2;2;0;4;1;40;38;0;0;0
30;2;11;9;0;2;4;4;0;40;38;0;0;0
43;3;15;10;2;11;0;4;1;55;38;1;0;1
42;2;11;9;2;2;0;4;1;40;38;0;1;1
26;2;15;10;3;2;2;2;0;35;5;0;0;0
58;1;11;9;2;4;0;4;1;40;38;0;0;0
66;2;15;10;2;11;0;4;1;40;38;1;0;1
30;2;11;9;2;10;0;4;1;60;38;0;0;1
46;2;15;10;5;0;4;4;0;40;38;0;0;0
45;2;15;10;2;0;5;4;0;35;38;0;1;1
57;2;11;9;4;11;4;4;0;40;38;0;0;0
25;2;9;13;4;3;3;4;1;40;38;0;0;0
21;5;15;10;4;12;3;4;0;10;38;0;0;0
37;2;11;9;0;2;1;4;1;55;38;0;1;0
45;1;12;14;0;9;1;4;0;30;38;0;0;0
39;2;11;9;4;2;3;4;1;40;38;0;0;0
42;2;11;9;2;0;5;4;0;53;38;0;0;0
20;2;11;9;4;6;3;4;0;40;38;0;0;0
23;2;11;9;4;10;3;2;1;16;38;0;0;0
25;2;9;13;4;12;3;4;1;40;38;0;0;0
47;2;4;3;4;8;3;4;0;40;7;0;0;0
24;2;11;9;4;11;3;4;1;45;38;0;0;0
35;2;11;9;4;2;1;4;1;70;38;0;0;0
44;1;11;9;2;7;5;2;0;38;22;0;0;1
47;5;15;10;2;9;0;4;1;50;38;0;0;0
28;5;1;7;5;0;4;1;0;40;18;0;0;0
41;1;12;14;0;9;4;4;0;60;38;0;0;0
31;2;11;9;4;0;1;4;0;40;38;0;0;0
27;2;12;14;4;3;1;4;0;25;38;0;0;0
47;2;8;11;2;2;0;4;1;40;38;1;0;0
44;2;11;9;4;11;1;1;0;40;38;0;0;0
61;2;15;10;4;8;1;4;0;40;38;0;0;0
42;0;15;10;0;0;2;4;0;40;32;0;0;0
46;2;11;9;4;7;1;4;0;28;38;0;0;0
46;2;9;13;2;3;0;4;1;50;38;0;0;1
54;1;12;14;6;9;4;4;0;38;38;0;0;0
49;2;11;9;6;12;4;4;1;40;38;0;0;0
56;1;15;10;6;0;4;4;0;40;38;0;0;0
52;2;12;14;0;9;3;4;0;40;38;0;0;0
34;2;11;9;2;13;0;4;1;40;32;0;0;0
25;4;11;9;2;2;0;4;1;40;38;0;0;0
18;2;1;7;4;9;3;4;0;40;38;0;0;0
58;2;11;9;2;6;0;4;1;40;38;0;0;0
31;5;9;13;0;9;1;4;1;40;38;0;0;0
29;2;15;10;2;2;0;4;1;55;38;0;0;0
28;2;1;7;4;6;1;2;1;40;38;0;0;0
30;2;15;10;4;0;1;4;1;48;38;0;0;0
44;2;12;14;2;9;0;4;1;35;38;0;1;1
75;2;0;6;6;8;1;4;0;70;38;0;0;0
26;2;15;10;2;2;0;2;1;40;38;0;0;0
33;3;9;13;2;11;0;4;1;50;38;0;0;1
57;3;12;14;2;11;0;4;1;65;38;1;0;1
47;4;4;3;2;11;0;4;1;55;21;0;0;1
41;2;11;9;2;3;0;4;1;40;38;1;0;1
21;2;15;10;4;7;1;4;0;37;38;0;0;0
17;2;1;7;4;2;3;4;1;17;38;0;0;0
22;2;15;10;4;7;3;2;0;15;38;0;0;0
47;2;11;9;2;11;0;4;1;40;38;0;0;0
45;2;9;13;2;3;0;4;1;40;38;0;0;1
32;4;8;11;0;11;4;4;1;50;38;0;0;0
59;2;0;6;5;8;1;2;0;30;38;0;0;0
38;2;11;9;2;2;0;4;1;50;38;0;0;0
33;2;11;9;5;10;3;4;0;40;38;0;0;0
41;2;11;9;2;6;0;4;1;40;38;0;0;0
51;2;6;5;2;13;0;4;1;40;38;0;0;0
42;2;11;9;2;11;0;4;1;48;38;0;0;0
27;2;9;13;2;9;5;4;0;40;38;0;0;1
60;2;15;10;2;2;0;4;1;45;38;0;0;0
64;1;11;9;0;0;1;4;0;35;38;0;0;0
37;2;7;12;2;6;0;4;1;40;38;0;0;1
54;4;9;13;2;3;0;4;1;45;38;0;0;1
36;2;7;12;2;3;5;4;0;50;38;0;0;1
41;4;12;14;0;11;4;4;1;5;38;0;0;1
35;4;5;4;2;4;0;4;1;75;38;0;0;0
63;3;12;14;2;11;0;4;1;68;38;0;0;1
46;2;11;9;0;2;2;4;1;40;38;0;0;0
47;4;12;14;0;9;1;4;1;40;38;0;0;0
24;2;9;13;4;6;1;4;1;65;38;0;0;0
29;2;15;10;4;11;1;4;1;30;38;0;0;0
74;0;15;10;6;13;1;4;0;18;38;0;0;0
50;2;1;7;2;13;0;4;1;70;38;0;0;1
22;2;15;10;4;0;1;4;0;40;38;0;0;0
48;2;2;8;5;0;3;2;0;40;38;0;0;0
30;2;6;5;2;5;2;4;1;40;25;0;0;0
32;2;9;13;2;11;0;4;1;40;38;0;0;0
39;2;11;9;2;6;0;4;1;40;38;0;0;0
49;2;15;10;2;2;0;4;1;40;38;0;0;1
25;2;9;13;4;0;3;4;0;40;38;0;0;0
50;2;9;13;2;0;5;4;0;40;38;0;0;1
44;2;11;9;2;13;0;4;1;40;38;0;0;0
65;2;8;11;2;4;0;4;1;60;38;1;0;0
28;0;7;12;2;0;0;4;1;60;38;0;0;0
55;2;9;13;6;0;4;4;0;40;38;0;0;0
49;1;9;13;4;9;3;4;0;50;38;0;0;0
31;2;11;9;5;3;4;4;0;12;38;0;0;0
47;2;11;9;2;6;5;2;0;40;38;0;0;1
45;2;11;9;2;13;0;4;1;40;38;0;0;1
35;2;11;9;4;7;1;2;0;40;38;0;0;0
34;4;9;13;2;11;0;1;1;60;34;0;0;0
49;1;11;9;6;10;1;2;1;40;38;0;0;0
27;2;11;9;4;7;1;4;0;42;38;0;0;0
42;2;11;9;2;5;0;4;1;40;38;0;0;0
64;4;11;9;4;7;1;4;1;40;38;1;0;0
33;2;15;10;2;11;0;4;1;48;38;0;0;1
23;2;15;10;4;0;1;4;0;40;38;0;0;0
45;2;12;14;2;3;0;4;1;50;38;0;0;1
34;2;11;9;4;6;4;2;0;40;38;0;0;0
53;2;11;9;0;11;1;4;0;37;25;0;0;0
22;2;0;6;4;2;1;4;1;30;38;0;0;0
57;5;11;9;5;7;1;4;0;35;38;0;0;0
23;2;5;4;4;2;3;2;1;40;38;0;0;0
31;2;1;7;4;13;4;4;1;40;38;0;0;0
23;5;9;13;4;12;1;4;1;22;38;0;0;0
30;2;11;9;5;0;4;4;0;40;38;0;0;0
32;1;9;13;5;9;1;4;0;50;38;0;0;1
42;2;7;12;2;0;5;2;0;40;38;0;0;1
51;2;5;4;2;13;0;4;1;40;4;0;0;0
59;4;9;13;2;11;0;4;1;40;38;1;0;1
36;2;9;13;4;3;3;4;0;40;38;0;0;0
45;2;11;9;4;11;1;2;1;40;38;0;0;0
35;2;8;11;2;11;0;4;1;50;10;0;0;1
33;2;5;4;2;6;0;4;1;40;38;0;0;0
43;2;8;11;0;9;4;4;0;40;38;0;0;0
60;2;11;9;2;12;5;4;0;40;38;0;0;1
37;5;9;13;2;9;0;4;1;55;38;0;0;1
35;2;15;10;4;12;4;4;0;40;38;0;0;0
36;2;15;10;2;0;0;4;1;52;38;0;0;0
38;0;14;15;2;9;0;4;1;50;38;0;1;1
54;2;5;4;2;2;0;4;1;40;38;0;0;0
51;2;8;11;2;5;0;4;1;40;38;0;0;1
45;2;7;12;2;2;0;4;1;45;38;0;0;1
63;0;15;10;0;3;4;4;0;40;38;0;0;0
51;2;15;10;2;2;0;4;1;40;38;0;0;1
58;4;12;14;0;11;1;4;1;18;38;0;0;0
64;1;11;9;0;0;1;4;0;40;38;0;0;0
20;2;15;10;4;5;3;4;1;40;38;0;0;0
44;0;9;13;2;0;0;1;1;40;29;0;0;1
39;2;9;13;0;3;4;4;0;48;38;0;0;0
45;5;15;10;4;0;4;4;0;40;38;0;0;0
44;2;10;16;2;0;0;4;1;55;38;0;0;1
22;0;15;10;4;3;1;4;0;40;38;0;0;0
63;3;11;9;2;3;0;4;1;40;38;0;0;1
26;2;8;11;5;7;1;2;1;40;38;0;0;0
42;4;9;13;2;4;0;4;1;45;38;0;0;0
20;2;11;9;4;7;3;4;0;25;38;0;0;0
29;2;12;14;2;11;0;4;1;40;38;1;0;1
38;1;9;13;4;3;4;1;1;40;39;0;1;0
25;2;11;9;4;13;3;4;1;40;38;0;0;0
27;2;9;13;2;2;2;4;1;50;38;0;0;0
46;2;8;11;0;0;1;4;0;40;38;0;0;0
31;2;15;10;0;2;1;4;1;60;38;0;0;0
24;2;8;11;4;3;3;4;1;35;38;0;0;0
43;2;15;10;2;11;0;4;1;50;38;0;0;1
23;2;2;8;4;6;3;4;1;21;25;0;0;0
32;1;11;9;4;13;4;2;0;37;38;0;0;0
44;2;11;9;2;2;0;4;1;40;30;0;0;0
40;4;9;13;2;11;0;4;1;40;38;0;0;0
38;2;11;9;0;2;4;4;1;40;38;0;0;0
23;2;8;11;4;6;1;4;1;40;38;0;0;0
19;2;15;10;4;11;3;4;0;10;38;0;1;0
41;2;15;10;2;11;0;4;1;40;38;0;0;0
48;2;11;9;2;2;0;4;1;40;38;0;0;0
23;2;15;10;2;6;0;4;1;40;38;0;1;0
47;2;7;12;6;7;3;4;0;35;38;0;0;0
42;2;11;9;2;2;0;4;1;40;38;0;0;0
17;2;0;6;4;11;2;4;0;10;38;0;0;0
29;1;14;15;4;9;1;4;0;70;38;0;0;0
21;5;15;10;4;9;1;4;0;20;38;0;0;0
31;2;11;9;2;7;0;4;1;40;25;0;0;1
27;1;9;13;4;9;4;4;0;40;38;0;0;0
29;2;10;16;4;9;1;4;1;40;1;0;0;0
23;2;9;13;4;11;1;4;0;45;38;0;0;0
41;2;12;14;2;9;0;1;1;55;35;0;0;1
46;1;9;13;2;9;0;4;1;35;38;0;0;1
34;2;15;10;2;10;2;2;0;25;13;0;0;0
42;4;11;9;2;2;0;4;1;24;38;0;0;0
18;2;11;9;4;5;3;4;0;15;38;0;1;0
46;2;11;9;0;2;1;4;1;37;38;0;0;0
52;2;15;10;2;2;0;4;1;40;38;0;0;1
56;2;11;9;0;2;4;4;0;40;38;0;0;0
21;2;8;11;4;6;3;4;1;40;38;0;0;0
22;4;11;9;4;2;2;4;1;20;38;0;0;0
31;2;9;13;0;0;4;4;0;45;38;0;0;0
41;4;11;9;2;7;0;4;1;60;38;0;0;0
25;2;15;10;5;0;4;4;0;40;38;0;0;0
43;4;9;13;0;3;1;4;1;60;38;0;0;0
45;2;11;9;5;11;1;4;0;40;38;0;0;0
26;2;15;10;0;12;1;4;1;60;38;0;0;0
90;2;15;10;4;7;1;1;1;35;38;0;0;0
45;2;9;13;2;11;0;4;1;40;38;0;1;1
30;2;9;13;2;7;5;4;0;40;38;0;0;1
42;2;15;10;2;2;0;4;1;40;38;0;0;0
20;2;15;10;4;5;3;4;1;35;38;0;0;0
53;2;9;13;2;9;0;4;1;40;38;1;0;1
64;5;11;9;6;0;1;4;0;38;38;0;0;0
56;2;5;4;6;13;1;4;1;20;38;0;0;0
42;2;15;10;3;9;1;4;1;40;38;0;0;1
26;2;9;13;2;11;5;4;0;40;38;0;0;1
31;1;7;12;4;0;3;0;0;40;38;0;0;0
40;2;9;13;2;0;5;4;0;40;38;0;0;0
58;2;15;10;6;2;1;4;1;40;38;0;0;0
41;2;9;13;2;3;0;4;1;40;38;0;0;0
58;3;11;9;4;11;1;4;1;47;38;0;0;0
62;5;12;14;2;9;0;4;1;60;38;0;0;1
65;3;9;13;2;11;0;4;1;60;38;1;0;1
40;2;15;10;4;2;1;4;1;40;38;0;0;0
45;1;15;10;2;10;0;4;1;40;38;0;0;1
22;2;11;9;4;2;3;4;1;55;38;0;0;0
63;0;12;14;2;3;0;4;1;50;38;0;0;1
39;2;9;13;2;3;0;4;1;50;38;0;1;1
37;2;15;10;6;2;4;4;1;40;38;0;0;0
56;2;1;7;2;4;0;4;1;50;38;0;0;0
32;2;15;10;0;11;1;4;1;50;38;0;0;0
53;0;15;10;2;3;5;1;0;40;29;0;1;1
32;2;8;11;0;9;1;4;1;40;38;0;0;0
23;4;1;7;2;13;0;4;1;60;38;1;0;1
35;2;1;7;5;13;1;4;1;90;38;0;0;0
51;2;15;10;2;3;0;4;1;65;38;0;1;1
19;2;15;10;4;0;3;4;0;20;38;0;0;0
41;2;1;7;3;6;1;4;1;40;12;0;0;0
22;2;0;6;4;13;3;4;1;25;38;0;0;0
23;2;11;9;4;12;3;4;0;40;38;0;0;0
36;2;12;14;2;3;0;1;1;40;35;0;0;1
45;2;8;11;2;2;0;4;1;40;1;0;0;0
23;4;11;9;4;4;1;4;1;25;25;0;0;0
21;2;1;7;4;7;4;2;0;40;38;0;0;0
44;2;12;14;2;3;0;4;1;40;38;1;0;1
29;2;9;13;2;11;0;4;1;40;38;0;0;1
36;4;8;11;2;12;0;4;1;60;38;0;0;0
18;2;6;5;4;5;3;4;1;40;38;1;0;0
62;4;2;8;2;2;0;4;1;40;38;0;0;1
25;0;15;10;4;3;1;2;1;40;38;0;0;0
34;2;7;12;0;3;1;4;0;45;38;0;0;0
31;2;9;13;4;3;1;4;0;50;38;1;0;1
37;2;9;13;2;3;0;4;1;40;38;1;0;1
33;2;9;13;2;4;0;4;1;40;8;0;0;0
28;2;7;12;2;11;0;4;1;30;38;0;0;0
47;2;11;9;2;7;0;4;1;40;38;0;0;1
34;2;9;13;2;3;0;4;1;70;38;0;0;0
26;2;14;15;2;9;0;4;1;60;38;1;0;1
36;2;15;10;2;2;0;4;1;44;38;1;0;1
28;2;11;9;4;5;3;4;1;40;38;0;0;0
22;2;11;9;4;13;3;2;1;40;38;0;0;0
47;2;15;10;5;7;1;2;0;35;38;0;0;0
33;2;8;11;4;0;1;4;1;45;38;0;0;0
34;3;12;14;5;9;1;4;0;40;38;1;0;1
25;2;11;9;4;2;3;4;1;40;38;0;0;0
37;2;6;5;2;5;0;4;1;50;25;1;0;0
36;5;11;9;2;10;0;4;1;40;38;0;0;0
57;2;15;10;2;2;0;4;1;40;30;0;0;0
55;2;10;16;4;9;1;4;1;40;8;0;0;0
20;2;11;9;0;11;1;2;0;40;38;0;0;0
43;2;11;9;4;11;1;2;0;44;38;0;0;0
54;2;11;9;2;6;0;4;1;40;8;0;0;1
25;2;15;10;5;0;4;4;0;40;38;0;0;0
42;2;15;10;0;3;1;4;1;40;38;0;1;0
17;2;1;7;4;2;3;4;1;10;38;0;0;0
63;2;5;4;3;7;4;0;0;40;38;0;0;0
19;2;15;10;4;3;3;4;0;30;38;0;0;0
56;3;9;13;2;11;0;4;1;50;38;1;0;1
33;4;9;13;2;11;0;4;1;45;38;0;0;1
37;2;9;13;2;4;0;4;1;50;38;0;0;0
27;2;5;4;2;13;0;4;1;45;38;0;0;0
36;1;9;13;2;0;0;4;1;40;38;0;0;0
30;3;11;9;2;3;0;4;1;65;1;0;0;1
22;2;9;13;4;9;1;4;1;55;38;0;0;0
35;2;15;10;2;5;0;4;1;40;38;0;1;0
20;2;11;9;4;5;1;4;1;45;38;0;0;0
18;2;15;10;4;11;3;4;0;40;38;0;0;0
25;2;2;8;4;6;1;4;1;40;38;0;1;0
53;2;12;14;4;9;1;4;0;54;38;0;1;1
19;2;11;9;4;11;3;4;0;35;38;0;0;0
34;2;11;9;0;6;1;4;1;30;38;0;0;0
32;5;15;10;4;0;1;2;0;40;38;0;0;0
20;2;15;10;4;6;3;0;1;40;38;0;0;0
70;2;5;4;2;7;0;4;1;25;38;0;0;0
57;2;9;13;2;3;0;4;1;40;38;0;0;1
54;2;15;10;2;11;0;4;1;50;38;1;0;0
34;2;8;11;2;6;0;4;1;40;38;0;0;0
48;2;15;10;2;3;0;4;1;40;38;0;0;1
42;2;1;7;2;7;5;4;0;40;38;0;0;0
45;2;11;9;4;0;1;4;1;40;38;1;0;0
27;2;15;10;4;7;3;4;1;40;38;0;0;0
51;2;0;6;2;7;0;4;1;40;25;0;0;0
36;1;15;10;0;0;4;4;0;65;38;0;0;0
33;2;15;10;4;3;3;1;1;40;29;0;0;0
50;2;15;10;4;4;1;4;1;40;38;0;0;0
44;2;9;13;0;3;4;4;1;50;38;0;1;1
39;1;12;14;2;9;0;4;1;40;38;0;0;1
55;4;6;5;2;4;0;4;1;25;38;0;0;0
24;2;15;10;4;0;3;4;0;40;38;0;0;0
35;2;11;9;4;11;1;4;1;40;38;0;0;0
32;4;2;8;2;2;0;4;1;40;38;0;0;0
68;2;11;9;6;0;1;4;0;30;38;0;1;0
29;2;1;7;2;13;0;4;1;60;38;0;0;0
24;4;9;13;4;11;1;4;1;40;38;0;0;0
61;2;6;5;2;6;0;4;1;40;38;0;0;0
34;2;11;9;2;6;0;4;1;44;38;0;0;1
55;3;14;15;2;9;0;4;1;35;11;0;1;1
41;2;11;9;4;11;3;4;0;40;38;0;0;0
36;4;11;9;2;4;0;4;1;84;38;0;0;0
60;2;11;9;2;2;0;4;1;40;38;1;0;1
61;4;11;9;2;2;0;4;1;52;38;0;0;1
35;2;14;15;2;11;0;1;1;35;2;0;0;0
42;5;9;13;2;3;0;4;1;50;38;0;0;1
26;2;9;13;4;12;1;4;1;40;38;0;0;0
44;1;15;10;4;7;4;2;0;40;38;0;0;0
31;5;12;14;4;0;1;4;1;25;38;0;0;0
39;5;11;9;4;7;1;2;1;40;38;0;0;0
20;2;15;10;4;12;3;4;0;24;38;0;0;0
32;3;15;10;2;2;0;4;1;40;38;0;0;0
32;4;11;9;2;11;0;4;1;40;38;0;0;0
61;2;6;5;2;6;0;2;1;20;37;0;0;0
54;1;15;10;0;0;4;4;0;40;38;0;0;0
23;2;7;12;4;2;2;4;1;40;38;0;0;0
19;2;11;9;4;11;3;4;1;3;38;0;0;0
31;2;15;10;2;9;0;0;1;40;38;0;0;0
35;2;4;3;2;5;0;4;1;40;25;0;0;0
29;2;11;9;0;7;1;4;0;25;38;0;0;0
29;1;11;9;4;10;1;2;0;40;38;0;0;0
25;2;0;6;5;7;3;4;0;25;38;0;0;0
46;2;9;13;0;11;1;4;0;40;38;0;0;0
35;2;8;11;4;7;4;4;0;30;38;0;0;0
20;2;0;6;4;11;1;3;1;40;38;0;0;0
24;4;11;9;2;0;5;4;0;40;38;0;0;0
48;2;11;9;0;0;4;4;0;37;38;0;0;0
37;2;11;9;0;6;1;4;0;40;38;0;0;0
60;4;11;9;2;11;0;4;1;40;38;0;0;0
39;2;11;9;2;2;0;4;1;40;38;0;0;0
29;1;15;10;5;0;4;4;0;38;38;0;0;0
31;4;8;11;0;2;3;4;1;20;38;0;0;0
38;2;8;11;2;2;0;4;1;40;38;1;0;1
26;4;7;12;4;2;1;4;1;40;38;0;0;0
64;2;9;13;2;3;0;4;1;40;38;1;0;1
46;2;8;11;0;10;1;2;1;40;38;0;0;0
39;2;11;9;2;11;0;4;1;44;38;1;0;1
48;2;11;9;0;6;1;4;0;55;38;0;0;0
46;2;11;9;0;11;2;4;0;40;38;0;0;0
42;2;9;13;0;11;1;4;1;40;38;0;1;0
39;4;11;9;2;11;5;2;0;54;5;0;0;1
50;0;12;14;2;12;0;4;1;40;38;0;0;1
24;2;9;13;4;9;1;4;0;40;38;0;0;0
30;2;8;11;2;12;2;4;0;40;1;0;0;1
39;3;9;13;2;11;0;4;1;60;38;0;1;1
29;4;11;9;2;2;0;4;1;40;38;0;0;0
23;2;1;7;4;13;3;4;0;38;38;0;0;0
32;2;0;6;5;2;1;4;1;40;38;0;0;0
69;3;9;13;2;6;0;4;1;30;38;1;0;0
55;2;11;9;5;5;4;4;1;40;38;0;0;0
41;2;15;10;2;11;0;4;1;50;38;0;0;0
44;3;9;13;2;3;0;4;1;52;38;1;0;1
18;2;1;7;4;0;1;4;1;40;38;0;0;0
74;4;9;13;2;3;0;4;1;10;38;0;0;0
40;2;10;16;2;9;0;4;1;40;38;0;0;1
27;2;11;9;2;2;0;4;1;40;38;0;0;0
55;2;11;9;0;0;1;4;0;40;38;0;0;0
52;4;5;4;2;2;0;0;1;40;38;0;0;0
54;2;15;10;0;11;4;4;0;48;38;0;0;0
36;2;11;9;0;2;4;4;1;48;38;0;0;0
26;2;11;9;4;5;3;4;0;40;38;0;0;0
18;2;1;7;4;2;3;4;1;20;38;0;0;0
38;2;11;9;0;3;1;4;1;50;38;0;0;0
50;2;9;13;2;13;0;4;1;40;38;1;0;1
32;2;15;10;2;3;0;4;1;60;38;0;0;1
57;2;9;13;2;11;0;4;1;40;38;0;0;1
20;2;11;9;4;10;3;2;1;40;38;0;0;0
27;2;15;10;4;0;1;4;0;40;38;0;0;0
31;4;9;13;3;3;1;4;1;60;38;0;1;0
60;2;4;3;0;6;1;4;0;40;32;0;0;0
52;2;11;9;0;2;4;4;0;50;38;0;0;0
61;2;5;4;2;13;0;4;1;40;38;0;0;0
57;4;11;9;6;2;1;4;1;55;38;0;0;1
59;4;14;15;2;11;0;4;1;25;38;0;0;0
34;4;11;9;4;2;1;4;1;45;38;0;0;1
31;2;7;12;2;2;1;1;1;50;38;0;0;1
42;2;11;9;0;10;1;2;1;35;38;0;0;0
70;2;15;10;4;0;1;4;0;6;38;0;0;0
29;2;15;10;2;13;0;4;1;45;38;0;0;1
27;2;1;7;4;5;2;2;1;40;38;0;0;0
25;2;2;8;2;7;5;4;0;40;38;0;0;0
51;2;9;13;2;3;0;4;1;60;38;1;0;1
35;2;9;13;2;2;0;4;1;40;38;0;0;0
36;4;15;10;2;2;0;4;1;60;38;0;0;1
46;2;8;11;2;2;0;4;1;40;38;0;0;0
52;2;8;11;5;7;4;4;0;35;38;0;0;0
65;2;5;4;2;6;0;4;1;40;38;0;0;0
43;2;8;11;0;6;1;4;1;40;38;0;0;0
41;1;11;9;0;9;4;1;0;40;38;0;0;0
34;2;9;13;4;3;2;4;0;45;38;0;1;0
47;4;9;13;2;3;0;4;1;30;38;0;0;0
49;0;12;14;4;3;1;4;1;56;38;0;0;1
21;2;15;10;4;7;1;4;0;25;38;0;0;0
20;2;15;10;4;7;1;4;0;25;38;0;0;0
18;1;2;8;4;10;3;4;1;40;38;0;0;0
27;2;15;10;4;11;1;2;1;40;38;0;0;0
34;4;11;9;2;2;0;4;1;50;38;0;0;0
38;2;15;10;0;0;4;4;0;40;38;0;0;0
24;2;11;9;4;0;1;4;1;40;38;0;0;0
34;2;15;10;4;11;1;4;1;65;38;0;0;0
47;2;11;9;2;6;0;4;1;50;38;0;0;1
27;0;11;9;5;3;4;2;0;40;38;0;0;0
63;2;8;11;6;0;4;4;0;8;38;0;0;0
34;2;15;10;2;0;0;2;1;40;38;0;0;1
25;2;15;10;3;11;1;4;1;50;38;0;0;0
54;2;11;9;6;6;4;4;1;40;38;1;0;0
35;2;11;9;0;11;1;4;0;50;38;0;0;0
24;2;15;10;2;13;0;4;1;70;38;0;0;1
26;2;15;10;4;0;3;1;0;35;38;0;0;0
59;1;8;11;0;0;1;4;0;40;38;0;0;0
20;2;15;10;4;7;3;4;0;40;38;0;0;0
41;2;11;9;2;4;0;4;1;40;38;0;0;0
51;2;15;10;2;11;0;4;1;40;38;0;0;0
27;2;11;9;4;0;4;3;0;40;38;0;0;0
36;2;11;9;2;3;0;4;1;40;38;0;0;0
25;2;15;10;4;4;3;4;1;60;38;0;0;0
55;2;9;13;2;11;0;4;1;50;38;0;0;1
22;1;15;10;4;9;1;4;0;21;38;0;0;0
58;5;10;16;2;9;0;1;1;40;18;1;0;0
43;2;15;10;2;0;5;4;0;15;38;1;0;0
39;2;8;11;2;0;5;4;0;20;38;0;0;1
40;2;6;5;4;6;4;2;0;40;13;0;0;0
46;2;11;9;0;3;1;4;1;45;38;0;0;0
54;0;11;9;4;0;4;4;0;20;38;0;0;0
19;2;15;10;4;11;3;2;1;30;38;0;0;0
24;2;11;9;2;0;0;4;1;40;38;0;0;0
24;5;12;14;4;9;1;4;1;13;38;0;0;0
29;4;11;9;4;4;3;4;1;65;38;0;0;0
56;3;15;10;2;3;0;4;1;50;38;1;0;1
56;2;1;7;0;6;1;4;0;40;38;0;0;0
34;2;9;13;2;9;0;4;1;50;38;1;0;1
19;2;0;6;4;11;4;2;0;40;38;0;0;0
32;3;11;9;2;11;0;4;1;65;38;0;0;1
48;2;11;9;0;0;4;4;0;52;38;0;0;0
47;2;11;9;2;13;0;4;1;25;38;0;0;0
52;2;11;9;2;13;0;4;1;60;38;0;0;1
40;2;3;2;3;6;4;4;0;40;5;0;0;0
28;2;0;6;2;2;0;4;1;50;38;0;0;0
41;2;9;13;2;3;0;4;1;50;38;1;0;1
57;2;3;2;0;2;4;4;1;40;31;0;0;0
51;2;11;9;0;0;1;4;0;40;38;0;0;0
33;2;15;10;2;3;0;4;1;50;38;0;0;1
46;2;9;13;2;2;0;4;1;45;38;0;0;1
50;2;11;9;0;0;2;1;0;40;29;0;0;0
77;4;11;9;4;6;1;4;1;20;38;1;0;0
39;2;12;14;4;3;1;2;1;52;38;1;0;1
35;2;7;12;0;5;4;4;0;24;38;0;0;0
23;2;0;6;4;2;3;2;0;40;38;0;0;0
37;2;8;11;0;9;1;4;0;45;38;1;0;1
41;2;11;9;2;13;0;4;1;50;38;0;0;1
60;2;7;12;2;0;0;4;1;35;38;0;0;1
32;2;9;13;4;0;1;4;1;55;38;0;0;0
56;0;11;9;2;13;0;0;1;40;38;0;0;0
45;5;8;11;0;12;4;4;0;40;38;0;0;0
24;2;11;9;0;3;1;4;0;45;38;0;0;1
18;2;0;6;4;5;3;4;1;27;38;0;0;0
31;2;11;9;2;7;0;3;1;40;38;0;0;0
45;2;9;13;2;3;0;4;1;55;38;0;1;1
23;2;15;10;4;7;1;4;0;40;38;0;0;0
45;5;15;10;2;3;0;4;1;40;38;0;0;0
18;2;1;7;4;11;2;0;0;25;38;0;0;0
25;2;11;9;2;13;0;2;1;30;38;0;0;0
31;5;11;9;2;11;0;4;1;40;38;0;0;0
19;2;11;9;4;6;2;4;1;45;38;0;0;0
41;2;9;13;2;3;0;4;1;40;38;0;0;1
74;2;14;15;6;0;1;2;0;20;38;0;0;0
27;2;4;3;4;13;1;4;1;40;25;0;0;0
23;2;11;9;4;0;1;4;0;40;38;0;0;0
31;2;8;11;2;11;0;4;1;40;38;0;0;1
40;3;11;9;2;5;0;4;1;40;38;0;0;0
41;0;11;9;2;13;0;4;1;40;38;0;0;1
25;2;12;14;4;11;1;4;1;20;38;0;0;0
42;2;11;9;2;2;0;0;1;60;38;0;0;0
24;2;9;13;4;2;1;4;0;40;38;0;0;0
42;2;7;12;2;2;0;4;1;50;38;0;0;1
45;4;0;6;2;2;0;4;1;70;38;0;0;0
52;0;11;9;2;3;0;4;1;40;38;1;0;1
34;2;8;11;0;2;1;4;1;40;38;0;0;0
32;2;11;9;4;5;2;4;1;60;38;0;0;0
54;2;11;9;2;2;0;4;1;45;38;0;0;0
42;0;1;7;4;12;1;4;1;40;38;0;1;0
32;2;9;13;2;12;0;4;1;40;38;1;0;1
55;3;9;13;2;11;0;4;1;60;38;0;0;1
52;5;12;14;2;9;0;4;1;40;38;0;0;0
21;5;15;10;4;0;1;4;0;15;38;0;0;0
33;2;9;13;2;3;5;4;0;40;38;0;0;1
27;4;1;7;2;2;0;4;1;40;38;0;0;0
42;1;9;13;0;9;1;4;0;50;38;0;0;0
27;3;15;10;4;0;3;4;0;45;38;0;0;0
47;2;8;11;2;2;0;4;1;40;38;1;0;1
19;2;11;9;4;7;1;4;0;40;38;0;0;0
46;2;15;10;2;2;0;4;1;40;38;0;0;0
55;4;11;9;6;7;1;4;0;25;26;0;0;0
50;2;5;4;2;11;0;3;1;49;5;0;0;0
32;2;15;10;4;0;1;4;0;50;38;1;0;0
28;2;11;9;2;0;5;4;0;40;38;0;0;0
23;2;11;9;4;0;3;2;0;40;38;0;0;0
43;2;12;14;3;3;1;4;1;50;38;0;0;0
34;2;9;13;2;9;0;4;1;40;19;0;0;1
19;2;15;10;4;0;1;1;1;40;39;0;0;0
37;2;15;10;2;3;0;1;1;55;38;0;0;0
27;2;9;13;4;0;2;1;0;40;16;0;0;0
18;2;11;9;4;11;3;4;0;24;38;0;0;0
31;2;15;10;6;0;4;4;0;40;38;0;0;0
49;2;11;9;2;13;0;4;1;50;38;0;0;0
26;0;14;15;2;9;0;4;1;60;3;0;0;0
48;2;11;9;2;2;0;4;1;45;38;0;0;1
39;2;11;9;2;2;0;2;1;40;38;0;0;0
41;2;11;9;5;6;4;4;0;40;38;0;0;0
48;5;8;11;0;9;4;4;0;56;38;0;0;1
40;2;9;13;0;3;1;4;0;40;38;1;0;1
70;2;9;13;2;11;0;4;1;70;38;0;0;1
20;2;11;9;4;5;3;4;1;43;38;0;0;0
38;2;4;3;2;7;0;4;1;75;25;0;0;0
37;4;15;10;5;7;3;4;0;40;4;0;0;0
49;2;15;10;6;3;1;4;0;40;38;0;0;1
51;2;11;9;2;5;0;4;1;40;38;1;0;1
43;2;3;2;4;11;3;4;1;40;38;0;0;0
38;2;14;15;4;9;1;4;1;50;38;0;0;0
23;2;5;4;4;7;1;4;1;25;25;0;0;0
34;2;11;9;2;2;0;4;1;40;38;0;0;0
33;2;15;10;4;0;4;4;1;40;38;0;0;0
31;2;15;10;4;4;1;4;0;45;38;0;0;0
64;2;15;10;6;12;4;4;0;40;38;0;0;0
26;1;9;13;2;9;0;4;1;28;7;0;0;0
55;2;15;10;2;9;0;4;1;40;38;0;0;0
61;1;9;13;3;9;1;4;1;40;38;0;0;0
37;2;11;9;2;12;0;4;1;40;38;0;0;1
78;1;9;13;2;3;0;4;1;15;38;0;0;0
27;0;15;10;4;0;4;2;0;40;38;0;0;0
49;2;11;9;0;9;1;4;1;42;38;0;0;0
55;5;12;14;2;9;0;4;1;45;38;1;0;1
42;2;9;13;2;13;0;4;1;58;38;0;0;0
61;2;6;5;2;2;0;4;1;40;38;0;0;0
64;4;9;13;2;0;0;4;1;5;38;0;0;0
46;1;11;9;2;7;0;4;1;40;38;0;0;0
24;2;9;13;4;3;1;4;1;40;38;0;0;0
27;2;15;10;2;2;0;4;1;70;38;1;0;0
47;2;11;9;2;13;0;4;1;55;38;1;0;1
18;2;15;10;0;7;3;4;1;15;38;0;0;0
48;2;11;9;2;11;0;4;1;50;38;0;0;0
50;4;11;9;0;4;1;4;1;40;38;0;0;0
40;5;12;14;0;9;1;4;0;45;38;0;0;0
56;4;0;6;0;11;3;4;1;40;38;0;0;0
34;2;11;9;4;0;1;4;0;40;38;1;0;0
56;0;9;13;2;11;0;4;1;40;38;0;0;0
18;2;1;7;4;7;3;4;1;20;38;0;0;0
21;2;15;10;4;7;3;4;0;25;38;0;0;0
40;2;11;9;0;12;4;4;0;40;38;0;0;0
27;1;11;9;2;5;2;4;1;50;38;0;0;0
52;4;14;15;2;9;0;4;1;45;38;1;0;1
46;2;11;9;0;11;1;4;0;30;38;0;0;0
23;2;11;9;4;0;3;4;0;40;38;0;0;0
50;2;15;10;2;12;0;4;1;45;38;0;0;1
19;2;15;10;4;6;2;4;1;50;38;0;0;0
20;2;11;9;4;7;1;4;1;40;38;0;0;0
39;2;15;10;0;3;1;4;0;40;38;1;0;1
24;2;1;7;4;2;3;4;1;35;38;0;0;0
72;2;8;11;6;0;1;4;0;40;38;0;0;0
42;5;12;14;2;9;5;4;0;20;38;0;0;1
51;2;9;13;0;3;1;0;1;50;38;0;0;0
39;2;11;9;2;11;0;4;1;50;38;0;0;1
40;1;15;10;4;0;4;0;0;35;38;1;0;0
34;2;15;10;2;11;0;4;1;55;38;0;0;1
19;2;1;7;4;5;3;4;1;40;25;0;0;0
26;2;11;9;4;3;3;4;0;40;38;0;0;0
45;1;9;13;0;9;4;4;0;50;38;1;0;1
28;2;12;14;4;9;1;4;0;40;38;0;0;1
30;0;9;13;4;9;1;4;1;40;38;0;0;1
32;2;11;9;4;0;1;4;0;40;38;0;0;0
19;2;15;10;4;7;3;4;0;25;38;0;0;0
21;2;11;9;4;7;3;4;1;35;38;0;0;0
54;2;11;9;2;8;2;2;0;20;38;0;0;0
62;2;14;15;2;9;0;4;1;30;38;0;0;1
25;2;15;10;4;7;1;4;1;48;38;1;0;0
49;3;15;10;0;3;4;4;0;32;38;0;0;0
32;2;11;9;2;2;0;4;1;40;38;0;0;1
37;1;11;9;2;10;0;4;1;40;38;0;0;1
58;2;11;9;0;11;2;4;0;40;38;0;0;0
37;2;15;10;2;0;5;4;0;45;38;1;0;1
41;2;11;9;4;3;1;4;0;40;38;0;0;0
38;2;9;13;2;3;0;4;1;40;38;1;0;1
47;5;11;9;2;7;0;4;1;40;38;0;0;0
42;2;11;9;0;7;4;2;1;35;38;0;0;0
30;5;11;9;2;0;0;4;1;40;38;0;1;0
43;2;15;10;2;11;0;4;1;40;38;1;0;1
34;2;11;9;2;6;0;2;1;40;38;0;0;0
57;2;15;10;0;3;2;4;0;10;38;1;0;0
46;2;1;7;2;6;0;4;1;40;38;0;0;0
32;2;15;10;2;13;0;4;1;55;38;0;0;0
20;2;6;5;4;6;3;4;0;11;26;0;0;0
47;2;8;11;0;11;1;4;1;50;38;0;0;0
53;4;5;4;2;3;0;4;1;50;11;1;0;1
43;2;9;13;2;11;0;4;1;65;38;0;0;1
80;4;5;4;2;4;0;4;1;30;38;0;0;0
24;2;15;10;4;7;3;4;0;40;25;0;0;0
43;1;12;14;2;3;0;4;1;60;38;0;1;1
22;2;11;9;4;5;3;4;1;40;38;0;0;0
40;2;15;10;5;3;1;2;1;40;38;0;0;0
48;2;11;9;2;3;0;4;1;50;38;0;0;1
51;2;11;9;2;2;0;4;1;45;38;0;0;1
24;0;11;9;4;0;1;4;0;40;38;0;0;0
19;2;11;9;4;7;3;4;0;40;38;0;0;0
34;2;15;10;0;0;4;4;0;30;38;0;0;0
24;2;11;9;4;2;3;4;1;40;38;0;0;0
41;2;9;13;2;13;0;4;1;48;1;0;0;1
24;2;11;9;0;11;1;4;0;38;38;0;0;0
22;1;15;10;4;10;3;4;1;40;38;0;0;0
32;0;15;10;0;0;4;4;0;40;38;0;0;0
41;2;9;13;0;3;1;4;0;55;38;0;0;0
20;2;15;10;4;7;3;4;1;35;38;0;0;0
31;2;11;9;4;7;1;2;1;40;38;0;0;0
55;2;9;13;2;12;0;4;1;18;38;0;0;1
26;2;9;13;4;11;3;4;1;40;38;0;0;0
27;4;11;9;0;13;1;4;1;70;38;0;0;0
35;2;11;9;5;0;1;4;0;40;38;0;0;0
40;2;11;9;0;7;1;4;1;60;11;0;0;0
59;2;15;10;2;9;0;4;1;34;38;0;0;0
61;2;15;10;2;11;0;4;1;45;38;0;0;1
31;2;11;9;4;11;3;2;0;40;38;0;0;0
43;0;12;14;0;10;1;4;1;60;38;0;0;1
61;2;4;3;4;5;1;2;1;40;38;0;1;0
54;2;7;12;6;0;4;4;0;30;38;0;0;0
30;2;15;10;2;11;0;4;1;50;38;0;0;0
20;2;15;10;4;11;1;4;0;50;38;0;0;0
27;5;12;14;4;9;1;4;0;50;10;0;0;0
44;3;15;10;0;6;1;4;1;60;38;0;0;0
64;2;15;10;6;0;1;4;0;40;4;0;0;0
55;2;11;9;0;0;1;4;0;40;38;0;0;0
34;2;11;9;0;2;1;4;1;55;38;1;0;0
61;2;11;9;6;11;1;4;0;35;38;0;0;0
34;2;11;9;0;6;4;2;0;40;38;0;0;0
47;3;14;15;2;9;0;4;1;60;38;0;1;1
26;2;9;13;4;0;1;4;1;45;38;0;0;0
35;2;1;7;4;7;4;0;1;40;38;0;0;0
36;2;9;13;2;9;0;4;1;38;38;0;0;0
47;2;9;13;2;9;0;4;1;40;38;0;0;1
17;2;1;7;4;7;3;2;0;25;38;0;0;0
35;2;15;10;2;9;0;4;1;60;38;0;0;0
33;2;12;14;4;9;3;4;1;20;38;0;0;0
25;2;7;12;2;0;5;4;0;40;38;0;0;0
18;2;0;6;4;11;3;4;1;10;38;0;0;0
47;5;12;14;5;9;1;4;1;38;38;0;0;0
44;2;11;9;6;7;4;2;0;30;38;0;0;0
41;2;11;9;0;7;4;4;0;30;38;0;0;0
30;2;9;13;4;0;1;4;0;40;38;0;0;0
53;4;15;10;2;4;0;4;1;50;38;0;0;0
53;2;11;9;6;7;4;2;0;20;38;0;0;0
40;2;11;9;2;11;5;4;0;20;38;1;0;0
24;2;15;10;4;0;1;4;1;24;38;0;1;0
27;2;9;13;4;11;3;4;1;40;38;0;0;0
50;2;4;3;2;13;0;4;1;37;25;0;0;0
36;2;1;7;2;2;0;4;1;50;38;0;0;0
41;2;3;2;2;6;0;4;1;40;25;0;0;1
41;2;12;14;4;9;1;4;0;40;38;0;0;0
31;2;11;9;4;7;1;4;0;40;38;0;0;0
32;0;9;13;2;3;0;4;1;40;38;0;0;0
22;2;15;10;4;6;3;4;1;48;38;0;0;0
22;2;0;6;0;2;3;4;1;40;38;0;0;0
18;1;2;8;4;9;3;4;1;30;38;0;0;0
39;2;9;13;2;9;0;2;1;30;38;0;0;0
38;2;11;9;2;3;5;4;0;55;38;0;0;0
35;5;11;9;2;2;0;4;1;40;38;0;0;0
23;2;15;10;4;6;1;4;1;40;38;0;0;0
54;4;9;13;2;3;0;4;1;40;38;0;0;1
36;2;12;14;2;9;0;4;1;60;38;0;0;1
63;1;11;9;2;3;0;4;1;55;38;0;0;0
39;2;15;10;2;3;0;4;1;48;38;0;0;0
57;4;15;10;2;11;0;4;1;60;38;0;0;1
58;3;14;15;2;9;0;4;1;50;38;0;1;1
29;2;9;13;4;0;1;1;0;40;23;0;0;0
17;2;1;7;4;11;3;4;0;20;38;0;0;0
40;2;11;9;0;2;1;4;1;40;38;0;0;0
69;4;15;10;2;7;5;4;0;15;38;0;0;0
28;2;0;6;0;11;1;4;0;40;38;0;0;0
38;2;6;5;2;2;0;4;1;40;38;0;0;0
44;2;14;15;4;9;1;4;1;40;38;1;0;1
45;1;14;15;0;9;4;2;0;40;38;0;1;0
33;5;9;13;2;0;0;2;1;40;38;0;0;0
41;1;15;10;2;7;0;4;1;40;38;0;1;1
37;3;11;9;2;11;0;4;1;60;38;1;0;1
50;2;15;10;2;11;0;4;1;45;38;0;0;1
48;2;9;13;2;9;0;4;1;50;38;0;0;0
36;2;15;10;2;3;0;4;1;60;38;0;0;1
21;2;15;10;4;7;3;4;0;37;38;0;0;0
37;2;7;12;2;4;0;4;1;40;38;0;0;0
20;5;15;10;4;9;3;4;0;20;38;0;0;0
54;4;11;9;2;11;5;4;0;30;38;0;0;0
28;2;11;9;5;11;2;4;0;40;38;0;0;0
27;2;15;10;4;9;1;4;1;40;38;0;0;0
33;2;8;11;4;7;4;2;0;40;38;0;0;0
40;4;14;15;4;9;1;4;1;45;38;0;1;1
47;2;12;14;2;11;0;4;1;40;38;0;0;1
44;2;3;2;4;6;1;4;0;40;7;0;0;0
25;2;2;8;4;5;4;4;1;43;38;0;0;0
35;2;9;13;2;9;0;4;1;55;38;0;0;0
29;2;15;10;2;11;5;4;0;25;38;0;0;0
30;2;11;9;0;6;4;4;1;40;38;0;0;0
30;2;15;10;2;5;0;4;1;40;38;0;0;0
56;4;5;4;0;7;4;4;0;40;38;0;0;0
25;4;9;13;4;9;3;4;1;30;38;0;0;0
28;2;11;9;4;5;3;2;1;40;38;0;0;0
43;4;6;5;2;2;0;4;1;40;38;0;0;0
47;1;11;9;2;10;0;4;1;60;38;0;0;1
46;4;9;13;2;2;0;4;1;40;38;0;0;0
41;5;12;14;0;9;4;4;0;35;38;0;0;0
38;0;7;12;2;0;5;4;0;33;38;1;0;1
29;2;11;9;4;10;2;2;1;40;38;0;0;0
25;2;4;3;4;2;1;4;1;40;25;0;0;0
56;2;1;7;2;2;0;4;1;45;38;0;0;0
31;2;5;4;2;5;0;4;1;40;38;0;0;0
22;2;1;7;4;7;2;4;1;40;38;0;0;0
31;2;11;9;4;5;2;4;1;40;38;0;0;0
28;2;15;10;5;0;1;4;0;40;38;0;0;0
53;2;9;13;2;3;0;2;1;40;38;0;0;0
45;2;12;14;0;3;1;4;0;50;38;0;0;1
71;2;13;1;6;2;4;2;1;10;38;0;0;0
39;2;11;9;2;2;0;4;1;50;38;1;0;1
19;0;11;9;1;11;5;4;0;40;38;0;0;0
34;1;9;13;0;9;4;4;0;40;38;0;0;0
36;2;11;9;2;0;0;4;1;45;38;0;0;0
40;2;11;9;3;7;3;4;0;40;38;0;0;0
90;2;15;10;5;0;3;4;0;40;32;0;0;0
56;2;14;15;2;3;0;4;1;16;38;0;0;0
21;2;11;9;4;9;1;4;0;40;38;0;0;0
48;2;9;13;2;3;0;4;1;45;38;0;0;1
45;2;15;10;5;0;4;4;0;27;38;0;0;0
46;2;11;9;2;6;0;4;1;40;38;0;0;1
64;2;0;6;5;7;1;4;0;35;38;0;0;0
29;1;12;14;4;9;3;1;1;40;35;0;0;0
22;2;11;9;0;12;4;4;0;30;10;0;0;0
47;2;11;9;2;13;0;4;1;48;21;0;0;1
67;3;9;13;2;3;0;4;1;75;38;0;1;1
43;2;11;9;2;5;0;4;1;40;38;0;0;0
42;2;15;10;2;11;0;4;1;40;38;0;0;0
31;2;15;10;2;7;0;4;1;50;38;0;1;0
53;2;1;7;0;7;4;4;0;40;38;0;0;0
81;2;6;5;6;8;1;2;0;5;38;1;0;0
33;1;11;9;0;0;3;4;0;40;38;0;1;0
17;2;2;8;4;7;3;4;0;8;38;0;0;0
28;2;11;9;4;5;3;4;1;30;38;0;0;0
24;2;15;10;4;11;3;4;0;40;38;0;0;0
40;2;11;9;5;0;4;4;0;45;38;0;0;0
30;1;12;14;4;0;1;4;0;40;38;0;0;0
24;2;1;7;4;6;4;4;0;40;38;0;0;0
26;2;12;14;2;11;5;4;0;40;38;0;0;0
38;2;15;10;0;11;4;4;0;38;38;0;0;0
30;2;11;9;2;12;0;4;1;40;38;0;0;1
33;2;9;13;2;3;0;4;1;50;38;0;0;0
40;2;11;9;2;11;0;4;1;60;38;0;0;1
63;4;11;9;2;4;0;4;1;98;38;0;0;0
23;2;5;4;4;2;2;4;1;36;38;0;0;0
56;2;11;9;0;2;4;2;1;40;38;0;0;0
42;4;8;11;2;3;0;4;1;60;38;0;0;0
40;2;11;9;4;2;1;4;1;40;1;0;0;0
49;2;7;12;2;11;5;4;0;40;38;0;1;1
52;2;11;9;0;6;3;2;0;35;38;0;0;0
28;2;9;13;4;0;3;4;0;40;38;0;0;0
35;2;0;6;2;13;0;4;1;70;38;0;0;0
43;4;11;9;4;2;1;4;1;35;38;0;0;0
29;4;14;15;4;9;3;4;1;50;21;0;0;1
23;2;9;13;4;6;3;4;1;25;38;0;0;0
50;1;15;10;2;0;0;4;1;48;38;0;1;0
34;2;15;10;4;7;3;2;1;40;38;0;0;0
19;2;11;9;4;7;3;4;1;40;38;0;0;0
47;2;1;7;2;6;5;2;0;40;38;0;0;0
37;4;15;10;2;4;0;4;1;40;38;0;0;0
25;2;11;9;4;11;4;2;0;35;38;0;0;0
75;2;15;10;2;3;0;4;1;35;38;0;0;1
24;2;11;9;2;2;0;4;1;40;38;0;0;0
28;5;9;13;4;12;3;1;1;20;38;0;0;0
17;1;1;7;4;7;3;4;0;16;38;0;0;0
31;2;11;9;4;2;3;2;1;40;38;0;0;0
31;2;13;1;4;7;2;4;0;35;25;0;0;0
45;2;9;13;2;9;0;4;1;55;38;0;0;1
31;2;11;9;4;2;3;4;1;42;38;0;0;0
27;2;9;13;2;9;0;4;1;42;38;0;0;1
48;2;15;10;6;3;4;2;0;38;38;0;1;0
34;2;9;13;2;10;0;2;1;30;38;0;0;0
26;2;11;9;4;6;4;2;0;40;38;0;0;0
53;2;15;10;2;9;0;4;1;40;38;0;0;0
60;2;9;13;2;3;0;4;1;35;38;0;0;1
49;1;12;14;5;9;4;4;0;50;38;0;0;0
40;2;15;10;0;3;1;4;0;40;38;0;0;0
48;3;0;6;2;4;0;4;1;80;38;0;0;0
23;2;9;13;4;9;1;4;1;50;38;0;0;0
42;2;8;11;2;9;0;4;1;40;38;0;0;1
37;4;11;9;4;4;3;4;1;85;38;0;0;0
27;2;11;9;4;2;3;4;0;45;38;0;0;0
38;2;15;10;2;3;0;4;1;44;38;0;0;1
27;2;11;9;4;2;1;4;1;35;20;0;0;0
75;2;11;9;6;0;1;4;0;40;38;0;0;0
49;3;9;13;2;11;0;4;1;52;38;0;0;1
27;2;15;10;4;11;1;4;1;20;38;0;0;0
36;4;9;13;4;4;1;4;1;50;25;0;0;0
36;2;9;13;2;9;0;4;1;45;38;1;0;1
35;2;11;9;0;5;3;4;1;35;38;0;0;0
36;2;11;9;2;11;0;4;1;40;38;0;0;1
53;2;1;7;2;2;0;2;1;40;38;0;0;0
27;2;15;10;4;0;4;2;0;40;38;0;0;0
34;2;11;9;0;2;1;4;1;35;38;1;0;0
61;2;15;10;2;11;0;4;1;44;38;0;0;1
29;2;11;9;0;6;4;4;1;56;38;0;0;0
40;5;15;10;0;0;4;2;0;35;38;0;0;0
37;2;12;14;4;3;1;4;1;40;38;0;0;1
22;2;6;5;4;5;2;4;1;30;38;0;0;0
43;3;15;10;2;3;0;4;1;40;38;0;0;0
55;4;11;9;2;4;0;4;1;30;38;0;0;0
28;2;15;10;0;0;4;4;0;40;38;0;0;0
23;2;9;13;4;7;3;4;0;30;38;0;0;0
64;1;1;7;2;2;0;2;1;40;38;0;0;1
46;2;15;10;4;5;1;4;1;40;38;0;0;0
29;2;15;10;4;2;3;4;1;40;38;0;0;0
44;2;12;14;2;3;0;1;1;48;18;0;0;0
20;2;15;10;4;9;3;4;1;25;38;0;0;0
62;4;15;10;0;11;1;4;1;40;38;0;0;0
49;2;8;11;4;3;4;4;0;35;3;0;0;0
29;2;0;6;2;4;5;0;0;40;38;0;0;0
35;4;9;13;2;11;0;4;1;60;23;0;0;0
39;1;1;7;2;13;0;4;1;30;38;0;0;0
39;2;9;13;4;3;1;4;1;45;38;0;0;0
37;2;11;9;0;6;2;4;0;32;38;0;0;0
38;2;11;9;2;5;0;4;1;30;25;1;0;0
31;2;5;4;2;6;0;4;1;40;38;0;0;0
55;2;5;4;2;2;0;4;1;60;38;0;0;0
38;2;15;10;5;7;4;4;0;40;38;0;0;0
33;2;15;10;0;11;1;4;0;25;38;0;0;0
25;2;7;12;4;0;1;4;0;40;38;0;0;0
37;2;8;11;0;12;4;4;0;52;38;0;0;0
49;2;15;10;0;12;2;4;1;35;38;0;0;0
26;2;11;9;4;2;2;4;1;40;38;0;0;0
35;2;11;9;2;2;0;4;1;43;38;0;0;0
44;3;11;9;2;11;5;4;0;60;38;0;0;0
37;2;12;14;5;3;1;4;1;45;38;0;0;1
42;2;9;13;2;9;0;4;1;45;38;0;0;1
64;5;10;16;4;9;1;4;0;40;38;1;0;1
28;2;11;9;2;5;0;4;1;40;38;0;0;1
35;4;11;9;4;3;1;4;1;50;38;1;0;0
40;5;9;13;2;0;0;4;1;40;38;0;0;0
55;0;9;13;2;9;0;4;1;40;38;0;0;1
21;2;11;9;4;4;3;4;1;65;38;0;0;0
49;2;15;10;4;3;1;2;0;40;38;0;0;0
51;5;10;16;2;9;0;4;1;40;38;0;0;1
57;2;14;15;2;2;0;1;1;40;29;0;1;1
51;2;9;13;2;2;0;4;1;40;38;0;0;1
24;2;11;9;4;11;3;4;0;32;38;0;1;0
45;4;11;9;2;2;0;4;1;40;8;0;0;0
28;2;11;9;2;6;0;4;1;45;38;0;0;0
42;3;14;15;2;9;0;4;1;60;38;0;1;1
22;2;15;10;4;7;1;4;1;40;38;0;0;0
28;5;12;14;2;3;0;4;1;40;38;0;0;0
60;2;11;9;6;6;4;4;0;40;38;0;0;0
31;2;11;9;5;6;4;4;0;40;38;0;1;0
47;2;15;10;2;2;0;4;1;75;38;0;0;1
30;2;11;9;1;0;0;4;1;60;38;0;0;0
61;2;12;14;2;11;0;4;1;60;38;0;0;1
71;1;9;13;6;9;4;4;0;6;38;0;0;0
42;2;11;9;0;0;3;4;0;40;38;0;0;0
44;1;2;8;2;2;0;4;1;55;38;0;0;0
46;4;15;10;2;11;0;4;1;60;38;0;0;1
50;1;14;15;4;3;1;2;0;52;38;0;0;1
27;5;9;13;4;9;1;4;1;9;38;0;0;0
21;2;15;10;4;0;2;4;0;40;25;0;0;0
25;2;11;9;4;5;2;4;1;35;38;0;0;0
61;2;4;3;0;13;1;4;1;56;38;0;1;0
54;2;15;10;0;0;1;4;1;30;38;0;0;0
31;2;9;13;4;11;1;4;1;40;38;0;0;0
53;4;15;10;2;4;0;4;1;30;38;0;0;0
39;3;7;12;2;3;0;4;1;55;38;1;0;1
57;3;14;15;2;13;0;4;1;50;38;1;0;1
48;2;9;13;0;11;4;4;0;44;38;0;0;0
30;2;15;10;2;13;0;4;1;56;38;0;0;1
35;2;11;9;2;5;0;4;1;60;38;0;0;0
42;4;11;9;2;3;0;4;1;50;38;0;0;0
34;4;11;9;2;6;0;4;1;40;38;0;0;0
59;2;11;9;2;11;0;4;1;40;38;0;0;1
69;1;0;6;2;3;0;4;1;20;38;0;0;0
29;2;15;10;4;0;3;4;0;40;38;0;0;0
40;2;11;9;2;13;0;4;1;40;38;0;0;0
21;2;15;10;4;7;3;4;1;15;38;0;0;0
40;2;7;12;0;9;1;4;0;40;38;0;0;0
43;2;15;10;2;2;0;4;1;40;38;0;0;0
36;2;11;9;0;5;1;4;1;40;38;0;0;0
41;2;11;9;3;9;1;1;1;40;23;0;0;1
20;2;15;10;4;13;3;4;1;30;38;0;0;0
41;1;9;13;6;0;1;4;0;40;38;0;0;0
34;2;15;10;0;3;1;4;1;50;38;0;0;0
48;2;1;7;0;7;4;2;0;40;38;0;0;0
27;2;11;9;4;3;3;4;0;40;38;0;0;0
35;2;15;10;2;3;0;4;1;60;38;1;0;1
27;2;11;9;4;2;3;2;1;40;38;0;0;0
20;2;15;10;4;11;3;4;1;40;38;0;0;0
18;2;15;10;4;11;3;4;0;15;38;0;0;0
32;2;9;13;2;11;0;4;1;40;38;0;0;0
38;2;12;14;2;3;0;4;1;60;38;0;0;1
23;5;15;10;4;7;3;4;1;40;38;0;0;0
28;2;9;13;2;3;0;4;1;45;38;0;0;1
40;5;14;15;2;9;0;4;1;38;38;0;0;1
35;2;11;9;0;6;4;4;0;40;38;0;0;0
74;3;15;10;6;3;4;4;1;40;38;0;0;0
28;2;11;9;4;2;3;4;1;40;38;0;0;0
23;2;15;10;4;5;3;4;1;30;38;0;0;0
20;4;15;10;4;4;3;4;1;10;38;0;1;0
44;2;11;9;0;6;4;2;0;56;38;0;0;0
46;1;11;9;0;0;4;4;0;25;38;0;0;0
51;4;9;13;2;11;0;4;1;50;38;1;0;1
40;2;15;10;5;0;1;4;0;40;38;0;0;0
48;2;14;15;2;12;0;4;1;40;38;0;1;1
60;4;6;5;2;4;0;4;1;84;38;0;1;0
48;3;9;13;2;3;0;4;1;40;38;0;0;1
46;1;9;13;2;9;5;4;0;70;38;0;0;0
48;3;9;13;2;3;0;4;1;40;38;0;0;1
24;1;9;13;4;9;1;4;0;40;38;0;0;0
45;5;15;10;0;9;4;4;0;40;38;0;0;0
18;2;2;8;4;11;3;4;0;35;38;0;0;0
39;2;11;9;2;6;0;4;1;40;38;0;0;0
65;3;11;9;2;4;0;4;1;65;38;0;1;0
22;2;15;10;0;6;3;4;0;40;38;0;0;0
20;2;15;10;4;7;3;4;0;20;38;0;0;0
28;2;15;10;2;11;0;4;1;40;38;0;0;0
46;2;14;15;2;9;0;4;1;50;38;1;0;1
42;1;9;13;2;3;0;4;1;48;38;0;1;1
28;2;15;10;2;3;3;4;1;50;38;1;0;1
18;2;15;10;4;11;3;4;0;20;38;0;0;0
24;0;9;13;4;9;1;1;1;40;38;0;0;0
45;2;10;16;2;9;0;4;1;56;38;0;0;1
24;2;11;9;4;0;3;4;1;40;38;0;0;0
44;2;9;13;2;3;0;4;1;50;38;1;0;1
20;2;15;10;4;7;3;4;1;30;38;0;0;0
35;2;15;10;2;12;0;4;1;55;30;1;0;0
52;3;9;13;2;11;0;4;1;60;38;0;0;0
25;2;7;12;4;4;1;4;1;45;38;1;0;0
19;2;4;3;4;4;1;4;1;36;25;0;0;0
54;2;15;10;0;0;4;4;0;40;38;0;0;0
21;2;15;10;4;2;3;4;1;40;38;0;0;0
26;2;11;9;2;0;5;4;0;40;38;0;0;1
42;2;8;11;0;0;4;4;0;40;38;0;0;0
19;2;15;10;4;0;3;4;0;40;38;0;0;0
55;2;12;14;2;3;0;4;1;50;38;0;1;1
44;5;11;9;2;0;0;4;1;40;38;0;0;0
25;2;9;13;4;3;3;4;1;55;38;0;0;0
26;2;15;10;2;6;0;4;1;40;38;0;0;0
64;0;7;12;5;9;1;4;0;40;38;0;0;1
41;2;1;7;0;7;4;3;0;40;38;0;0;0
43;2;15;10;2;13;0;4;1;40;38;0;0;0
45;2;11;9;4;2;3;4;1;48;38;1;0;1
48;0;9;13;2;9;0;4;1;44;38;0;0;1
60;2;11;9;2;13;0;4;1;40;38;0;0;0
45;4;15;10;4;4;1;4;1;50;38;0;0;0
51;2;0;6;2;11;0;4;1;40;38;0;1;1
37;0;11;9;0;0;4;4;0;40;38;0;0;0
22;2;15;10;4;0;3;4;1;30;38;0;0;0
44;2;11;9;2;2;0;4;1;65;38;0;0;1
27;2;11;9;2;2;0;4;1;50;38;0;0;0
47;1;11;9;2;2;0;4;1;40;38;0;0;0
32;2;12;14;2;3;0;2;1;40;38;0;1;1
40;2;9;13;2;3;0;4;1;50;38;0;0;1
41;2;11;9;2;11;0;4;1;40;38;0;0;0
26;2;9;13;4;9;1;4;0;40;38;0;0;0
47;2;15;10;2;3;0;1;1;40;38;0;0;0
55;3;11;9;2;3;0;4;1;45;38;0;0;0
38;2;11;9;2;5;0;4;1;40;38;0;0;0
24;5;9;13;4;9;1;4;1;15;38;0;0;0
64;4;10;16;2;3;0;4;1;25;38;0;0;1
56;0;9;13;2;9;0;4;1;40;38;0;0;1
41;2;11;9;2;11;0;4;1;49;38;0;0;1
33;2;11;9;2;11;0;4;1;45;38;1;0;1
33;2;14;15;4;9;3;4;1;42;38;0;0;1
21;2;15;10;2;7;0;4;1;40;38;0;0;0
59;1;11;9;6;2;1;2;1;40;38;0;0;0
58;2;8;11;2;3;0;4;1;40;10;0;0;1
43;1;12;14;0;9;4;4;1;40;38;0;0;0
21;2;11;9;4;2;3;2;1;40;38;0;0;0
45;2;11;9;4;6;1;4;1;40;38;0;0;0
53;1;11;9;2;3;5;4;0;50;38;0;0;1
27;2;0;6;2;3;5;4;0;40;25;0;0;0
38;2;12;14;2;9;0;4;1;35;38;0;0;1
31;2;9;13;2;3;0;4;1;70;38;0;0;1
41;2;11;9;2;13;0;4;1;35;38;0;0;0
22;5;15;10;4;0;3;4;0;40;38;0;0;0
43;4;12;14;2;11;0;4;1;60;38;0;0;0
41;5;15;10;4;9;1;4;1;40;38;0;0;0
27;2;15;10;2;5;5;4;0;35;38;0;0;0
41;1;15;10;2;3;0;4;1;40;38;0;0;0
36;2;14;15;0;9;1;4;1;45;38;1;0;1
49;2;9;13;2;0;5;4;0;40;38;0;0;1
20;2;11;9;4;5;3;4;1;45;38;0;0;0
58;4;11;9;3;7;4;4;0;45;38;0;0;0
35;4;2;8;4;7;1;2;0;40;37;0;0;0
30;1;11;9;2;10;0;4;1;40;38;0;0;1
21;2;11;9;4;2;3;4;1;40;38;0;0;0
29;2;7;12;4;6;4;4;1;45;38;0;0;0
40;2;11;9;6;11;1;4;0;40;38;0;0;0
54;5;9;13;4;9;4;1;0;40;38;0;0;1
35;2;9;13;2;11;0;4;1;60;38;0;0;1
35;2;9;13;2;11;0;4;1;50;38;0;0;0
59;2;11;9;5;11;4;2;0;40;38;0;0;0
43;3;15;10;2;6;0;4;1;50;38;0;0;0
39;2;0;6;2;2;0;4;1;60;38;0;0;1
51;2;5;4;5;6;1;2;0;30;38;0;0;0
71;2;15;10;4;7;1;4;0;60;38;1;0;0
33;2;2;8;0;6;4;2;0;40;38;0;0;0
28;2;11;9;0;7;3;2;1;35;38;0;0;0
30;2;11;9;3;11;4;4;1;40;38;0;0;0
20;2;4;3;3;4;2;4;1;40;25;0;0;0
51;3;11;9;2;11;0;4;1;50;38;0;0;0
39;2;11;9;2;6;5;4;0;40;38;0;0;1
62;2;15;10;2;11;0;1;1;40;38;0;0;1
28;2;6;5;4;6;1;4;1;50;5;0;0;0
23;2;11;9;4;11;3;1;1;48;34;0;0;0
39;2;9;13;2;11;5;4;0;30;38;0;0;0
50;3;9;13;6;11;4;4;1;65;38;0;0;1
31;2;5;4;4;2;4;4;1;40;38;0;0;0
45;1;9;13;2;3;0;4;1;50;38;0;1;1
47;2;0;6;6;6;1;4;1;40;38;0;0;0
59;2;11;9;6;9;1;4;0;18;38;0;0;0
32;2;7;12;2;5;0;4;1;40;38;0;0;0
49;2;9;13;2;11;0;4;1;55;38;0;1;1
74;0;11;9;6;7;1;4;1;17;38;0;0;0
22;2;15;10;4;0;3;4;1;35;38;0;0;0
32;2;15;10;2;2;0;4;1;55;11;0;0;0
34;2;9;13;2;4;0;4;1;50;38;0;0;1
59;2;9;13;2;2;0;4;1;60;38;0;0;1
36;2;9;13;2;11;0;4;1;50;38;0;0;1
59;2;1;7;0;0;4;4;0;40;38;0;0;0
47;3;9;13;0;3;1;4;1;70;38;0;0;1
53;1;11;9;2;7;0;4;1;45;38;0;1;0
25;4;15;10;4;2;4;4;1;35;38;0;0;0
44;2;9;13;0;0;1;2;1;65;38;0;0;0
57;4;14;15;2;11;5;4;0;35;38;1;0;1
42;4;9;13;2;4;0;4;1;80;38;0;1;1
58;1;0;6;2;13;0;4;1;40;38;0;0;0
39;2;9;13;2;11;0;4;1;40;38;1;0;0
45;2;5;4;0;6;1;4;1;48;38;0;0;0
47;2;9;13;2;3;5;2;0;35;38;0;0;1
52;2;11;9;0;6;1;4;0;40;38;0;0;0
34;2;11;9;4;7;4;2;0;35;38;0;0;0
36;4;5;4;2;2;0;4;1;35;38;0;0;0
41;2;11;9;3;2;1;4;1;40;30;0;0;0
30;2;15;10;4;9;3;4;1;40;25;0;0;0
44;2;9;13;2;3;0;3;1;40;32;0;0;0
34;2;15;10;4;7;4;4;0;40;38;0;0;0
41;2;15;10;5;7;1;2;1;40;38;0;0;0
29;2;11;9;4;5;1;4;1;40;38;0;0;0
25;2;6;5;4;6;2;4;1;48;25;0;0;0
42;1;9;13;5;9;4;4;1;40;38;0;0;0
48;2;15;10;2;11;0;4;1;40;38;1;0;1
26;2;8;11;4;11;1;4;1;55;38;0;0;0
46;3;9;13;2;11;0;4;1;45;38;0;0;0
38;2;9;13;2;3;0;4;1;50;38;0;1;1
49;5;1;7;2;0;0;4;1;40;38;0;0;0
23;2;15;10;4;11;3;2;0;20;38;0;0;0
46;1;9;13;4;9;1;4;0;40;38;0;0;1
30;2;11;9;4;5;4;4;1;55;38;0;0;0
49;4;11;9;2;2;0;4;1;40;38;0;0;1
31;2;11;9;0;2;3;4;1;50;38;0;1;0
19;2;11;9;4;5;3;4;1;50;38;0;0;0
45;2;7;12;0;9;4;4;0;38;38;1;0;0
34;2;9;13;2;9;0;4;1;40;28;0;1;1
26;2;11;9;4;2;1;4;1;40;38;0;0;0
38;4;11;9;2;13;0;4;1;40;38;0;0;1
31;2;15;10;4;0;1;4;0;43;38;0;0;0
36;3;7;12;5;3;1;4;1;50;38;0;0;0
31;2;9;13;2;3;0;4;1;60;38;0;0;1
30;2;9;13;2;12;0;4;1;40;38;0;0;0
37;2;11;9;2;9;0;4;1;40;38;0;0;1
30;2;9;13;4;9;1;2;1;50;38;0;0;1
73;2;0;6;6;7;1;4;0;10;38;0;0;0
38;0;12;14;2;3;0;4;1;40;38;0;0;1
30;2;0;6;4;2;1;4;1;50;38;0;0;0
33;2;11;9;2;2;0;4;1;50;38;0;0;1
52;1;9;13;2;9;0;4;1;40;38;1;0;1
58;2;15;10;0;0;4;4;0;46;38;0;0;0
34;1;12;14;4;9;1;4;0;50;38;0;0;0
35;2;11;9;2;2;0;4;1;40;38;0;0;0
59;0;11;9;2;2;0;4;1;40;38;0;0;1
45;2;9;13;0;3;4;4;0;40;38;0;0;0
27;2;15;10;4;13;1;4;1;48;38;0;0;0
31;1;10;16;4;9;1;4;1;50;25;0;0;1
45;2;15;10;4;4;2;4;1;50;38;0;0;0
40;2;11;9;5;7;2;4;0;25;38;0;0;0
27;2;14;15;2;0;0;4;1;40;38;0;0;0
19;2;11;9;4;7;3;4;1;20;38;0;0;0
29;2;4;3;4;7;1;4;1;25;25;0;0;0
34;3;15;10;2;4;0;4;1;72;38;0;0;0
32;5;7;12;2;2;0;4;1;40;38;0;0;0
49;2;1;7;2;2;0;4;1;40;4;0;0;0
33;2;1;7;0;3;4;4;0;40;38;0;0;1
62;2;9;13;2;9;0;4;1;50;38;0;0;1
39;4;11;9;2;3;0;4;1;40;38;0;0;0
43;2;11;9;0;3;4;4;0;40;38;0;0;0
22;2;15;10;4;12;1;4;0;60;38;0;0;0
24;2;11;9;2;13;0;4;1;45;38;0;0;0
25;2;15;10;4;7;4;2;0;40;38;0;0;0
19;2;15;10;4;11;1;4;0;28;38;0;0;0
31;2;7;12;0;0;4;4;0;41;38;0;0;0
53;2;1;7;0;2;2;4;0;40;38;0;0;0
61;2;11;9;2;0;0;4;1;3;38;0;0;0
47;2;9;13;2;7;0;4;1;40;7;0;0;0
37;2;11;9;0;0;4;4;0;45;38;0;0;0
50;4;9;13;0;3;1;4;1;30;38;0;0;0
27;2;15;10;4;11;1;4;1;44;38;0;0;0
58;2;11;9;0;0;1;4;0;40;38;0;0;0
43;2;11;9;2;5;0;2;1;40;38;0;0;0
39;2;7;12;2;0;0;4;1;40;38;0;0;0
36;2;15;10;4;11;1;4;0;35;38;0;0;0
56;2;9;13;2;9;0;4;1;50;38;0;0;0
26;2;11;9;2;4;0;4;1;55;38;0;0;0
23;2;9;13;4;9;3;4;0;38;38;0;0;0
47;2;1;7;4;13;1;2;1;40;38;0;0;0
68;2;2;8;6;11;1;4;0;30;38;0;0;0
47;1;15;10;4;10;1;2;1;40;38;0;0;0
45;0;15;10;2;12;0;4;1;40;12;1;0;1
26;2;15;10;2;3;0;4;1;60;38;0;0;0
20;2;11;9;4;6;3;4;1;40;38;0;1;0
46;2;15;10;4;0;3;4;0;40;38;0;0;0
37;2;7;12;2;12;0;4;1;50;38;0;0;1
37;2;15;10;2;2;0;4;1;45;38;0;0;0
43;2;15;10;2;13;0;4;1;42;38;0;0;0
59;2;12;14;6;9;1;4;0;40;38;0;0;0
39;2;11;9;0;0;4;4;0;40;38;0;0;0
32;2;15;10;0;4;1;4;0;54;38;0;1;0
63;2;15;10;2;9;0;4;1;16;38;0;0;0
45;2;9;13;2;9;0;4;1;60;38;0;0;1
59;2;9;13;0;0;4;4;0;40;38;0;0;0
26;2;11;9;4;12;2;4;1;40;38;0;0;0
34;2;11;9;0;0;4;4;0;40;38;0;0;0
41;2;11;9;2;2;0;4;1;40;38;0;0;1
26;2;11;9;4;5;3;2;1;40;38;0;0;0
53;2;11;9;0;6;1;4;0;40;38;0;0;0
33;2;11;9;2;0;5;4;0;35;38;0;0;1
46;2;9;13;2;3;0;4;1;50;38;0;0;1
31;2;11;9;6;2;4;4;0;40;38;0;0;0
24;2;11;9;5;7;1;4;1;40;38;0;0;0
57;1;11;9;0;0;4;4;0;62;38;0;0;0
40;2;11;9;5;7;4;4;0;47;38;0;0;0
41;3;8;11;2;11;0;3;1;84;25;0;1;0
20;2;15;10;4;0;3;4;1;26;38;0;0;0
45;2;1;7;4;6;1;2;0;40;38;0;0;0
27;2;8;11;5;0;4;4;0;40;38;0;0;0
36;2;4;3;3;2;2;4;1;40;25;0;0;0
30;2;11;9;2;2;0;4;1;40;10;0;0;0
36;2;9;13;2;9;5;4;0;40;38;0;0;1
25;2;11;9;3;4;1;3;1;40;25;0;0;0
31;2;11;9;2;0;5;4;0;40;38;0;0;0
49;2;11;9;2;2;0;4;1;45;38;1;0;1
26;2;1;7;4;5;4;4;1;20;38;0;0;0
25;2;9;13;4;9;1;4;1;40;38;0;0;0
29;2;8;11;4;0;3;4;0;40;38;0;0;0
24;2;15;10;4;0;3;4;0;52;5;1;0;0
41;2;11;9;2;0;0;4;1;40;38;0;0;1
35;2;12;14;4;3;1;4;1;40;38;0;0;1
57;3;9;13;2;11;5;4;0;40;38;0;0;1
21;2;1;7;4;8;2;4;0;40;25;0;0;0
29;2;0;6;4;7;3;2;0;32;38;0;0;0
36;2;15;10;2;3;0;4;1;40;38;0;0;0
20;2;15;10;4;0;3;4;0;25;38;0;0;0
51;2;9;13;2;3;0;4;1;40;38;0;0;1
39;2;1;7;2;6;0;4;1;40;38;0;0;0
36;2;9;13;2;3;0;4;1;50;38;1;0;0
40;4;14;15;2;9;0;4;1;70;38;1;0;1
61;2;11;9;2;3;0;4;1;50;38;0;0;0
38;2;14;15;2;9;0;4;1;60;38;0;0;0
21;2;11;9;5;7;3;4;0;35;38;0;0;0
40;2;11;9;0;12;4;4;0;40;38;0;0;0
46;2;0;6;2;2;0;4;1;45;38;0;0;0
21;2;15;10;2;2;0;4;1;54;38;0;0;0
35;4;0;6;2;13;0;2;1;50;38;0;0;0
39;2;9;13;2;11;0;4;1;40;38;0;0;0
38;4;11;9;2;2;0;4;1;60;38;0;0;0
30;2;11;9;5;0;4;4;0;40;38;0;0;0
28;2;6;5;4;6;4;3;1;40;25;0;0;0
32;2;9;13;2;3;0;4;1;40;38;0;0;1
46;4;8;11;2;2;0;4;1;40;38;0;0;1
40;2;8;11;2;2;0;4;1;40;38;0;0;0
47;2;11;9;2;6;5;2;0;40;38;1;0;1
44;2;0;6;2;13;0;4;1;40;38;0;0;0
38;2;11;9;2;11;0;4;1;40;3;1;0;0
46;4;9;13;2;4;0;4;1;40;38;0;0;1
51;2;10;16;2;9;0;4;1;60;19;1;0;1
45;2;10;16;6;9;4;4;1;40;19;1;0;1
20;2;15;10;4;7;3;4;0;20;38;0;0;0
44;2;9;13;2;9;0;4;1;45;38;0;0;0
33;2;8;11;2;4;0;4;1;45;38;0;0;0
18;2;11;9;4;7;3;4;0;30;38;0;0;0
61;3;14;15;5;9;1;4;1;40;38;0;0;1
50;5;9;13;4;3;1;4;0;40;38;0;0;0
47;0;11;9;4;6;3;2;1;40;38;0;0;0
34;2;9;13;2;3;0;4;1;50;38;0;0;1
53;2;11;9;2;13;0;2;1;60;38;0;0;0
39;4;15;10;2;2;0;4;1;40;38;0;0;0
58;2;11;9;2;2;0;4;1;40;38;0;0;1
26;2;1;7;4;4;1;4;1;50;38;0;0;0
41;2;4;3;2;0;0;4;1;40;25;0;0;0
47;1;15;10;2;3;0;4;1;40;38;0;0;0
31;2;8;11;2;6;0;0;1;40;38;0;0;0
52;2;15;10;2;3;0;4;1;40;38;0;0;1
29;2;7;12;2;11;0;4;1;50;38;0;0;1
43;2;6;5;5;5;4;2;0;50;38;0;0;0
42;0;12;14;2;3;0;4;1;40;38;0;0;1
35;2;15;10;4;6;1;2;0;30;38;0;0;0
41;2;11;9;2;6;0;4;1;40;38;1;0;0
34;2;9;13;2;11;0;4;1;60;38;1;0;1
52;4;15;10;2;2;0;4;1;40;38;0;0;0
61;2;15;10;2;2;0;4;1;40;38;0;0;0
39;1;11;9;5;3;4;4;1;40;38;0;0;0
19;2;15;10;4;11;1;4;0;25;38;0;0;0
46;5;9;13;2;3;0;4;1;40;38;1;0;1
39;2;15;10;4;3;1;4;1;45;38;0;0;0
22;2;15;10;4;7;1;4;1;50;38;0;0;0
30;5;11;9;5;0;1;4;0;40;38;0;0;0
40;2;8;11;0;7;1;4;0;32;38;0;0;0
43;2;9;13;3;9;1;4;1;40;38;1;0;0
37;2;4;3;2;4;0;4;1;36;25;0;0;0
23;2;7;12;4;7;3;4;1;20;38;0;0;0
39;1;7;12;0;9;1;4;1;59;38;0;0;0
54;2;12;14;2;11;0;4;1;40;38;0;0;0
46;3;15;10;2;11;0;4;1;60;38;0;0;0
20;2;15;10;4;13;3;4;0;40;38;0;0;0
50;4;9;13;2;12;5;4;0;50;38;0;0;1
17;2;0;6;4;11;3;4;0;15;38;0;0;0
36;2;11;9;2;6;0;4;1;40;38;0;0;0
37;2;11;9;2;11;0;4;1;45;38;0;0;0
53;2;11;9;0;7;1;4;0;38;38;0;0;0
50;2;11;9;2;13;0;4;1;40;38;0;0;1
38;2;11;9;2;2;0;4;1;40;38;0;0;0
63;4;11;9;2;2;0;4;1;32;38;0;0;0
53;2;11;9;2;2;0;4;1;50;38;0;0;1
23;3;15;10;4;9;1;4;1;50;38;0;0;0
20;2;11;9;4;5;1;4;1;43;38;0;0;0
46;2;15;10;2;2;0;2;1;40;38;0;0;1
28;2;0;6;4;7;2;0;1;40;25;0;0;0
59;2;12;14;0;9;1;4;1;50;38;0;0;0
41;2;9;13;2;3;0;4;1;40;38;0;0;1
33;2;13;1;2;4;0;4;1;40;25;0;0;0
56;2;2;8;2;2;0;4;1;40;21;0;0;0
50;4;11;9;2;11;0;4;1;55;7;1;0;1
31;1;9;13;4;3;1;4;0;50;38;0;0;0
41;2;8;11;0;11;3;4;1;50;38;0;0;0
38;2;9;13;2;9;5;4;0;40;38;1;0;1
25;5;7;12;4;0;3;4;0;40;38;0;0;0
49;1;9;13;0;9;4;2;0;40;38;0;0;0
39;2;15;10;4;6;3;4;1;40;38;0;0;0
21;2;15;10;4;9;3;4;0;25;38;0;0;0
35;2;9;13;2;11;0;4;1;40;38;0;0;0
38;2;11;9;2;2;0;4;1;40;38;0;0;1
31;2;11;9;0;13;1;4;1;55;38;0;0;0
17;3;1;7;4;9;3;4;1;20;38;0;0;0
31;2;9;13;2;0;0;4;1;50;38;1;0;1
25;1;9;13;4;9;1;4;1;40;38;0;0;0
39;2;12;14;2;3;0;4;1;55;38;0;0;1
50;2;5;4;2;6;0;4;1;40;38;0;0;0
38;1;9;13;2;9;5;4;0;20;38;0;0;1
50;2;15;10;2;11;0;4;1;60;38;0;0;0
63;2;0;6;2;3;0;4;1;40;38;0;0;0
31;2;11;9;2;13;0;4;1;50;38;0;0;0
23;2;9;13;4;9;3;4;0;40;38;0;0;0
18;2;15;10;4;7;3;4;1;20;38;0;0;0
43;1;9;13;0;9;4;4;0;48;38;0;0;0
34;2;15;10;2;3;0;4;1;50;38;0;0;1
18;2;1;7;4;11;3;4;1;35;38;0;0;0
46;2;11;9;2;6;0;2;1;40;38;1;0;1
35;2;9;13;4;11;4;4;0;40;38;0;0;1
46;5;12;14;4;3;1;4;0;38;38;0;0;0
59;2;8;11;2;12;0;4;1;40;38;1;0;1
31;2;5;4;4;5;1;4;0;30;31;0;0;0
27;2;11;9;0;11;4;4;0;37;38;0;0;0
41;2;12;14;2;9;0;4;1;40;8;0;0;0
55;2;9;13;2;3;0;4;1;40;38;0;0;1
44;2;11;9;4;6;1;4;0;40;38;0;0;0
26;2;9;13;4;3;1;4;0;50;38;0;1;0
36;2;8;11;2;9;5;4;0;40;38;0;0;1
69;2;6;5;2;7;0;4;1;35;38;1;0;0
33;2;15;10;4;0;4;4;0;40;38;0;0;0
30;2;8;11;2;9;0;4;1;40;38;0;0;0
35;2;11;9;2;7;5;4;0;16;38;0;0;1
25;2;9;13;4;3;1;4;0;40;38;0;0;1
18;2;1;7;4;7;2;2;1;15;38;0;0;0
35;4;15;10;2;2;0;4;1;60;38;0;0;1
20;2;11;9;2;5;0;4;1;50;38;0;0;0
26;2;12;14;2;9;0;4;1;40;38;1;0;0
46;2;9;13;2;12;0;4;1;40;38;0;0;0
31;2;9;13;4;9;4;4;0;36;38;0;0;0
40;2;14;15;2;2;0;4;1;40;25;1;0;1
40;2;11;9;0;3;4;4;0;52;38;0;1;0
31;2;9;13;4;3;1;4;0;40;38;0;0;0
32;4;10;16;2;3;0;4;1;40;38;0;0;0
23;4;15;10;0;0;3;4;1;40;38;0;0;0
25;1;12;14;4;10;1;4;1;40;38;0;0;0
37;2;15;10;2;13;0;4;1;50;38;0;0;0
18;2;15;10;4;11;3;4;0;20;38;0;0;0
55;2;11;9;6;11;1;4;0;38;38;0;0;0
52;2;6;5;0;2;4;4;0;40;4;0;0;0
26;2;11;9;4;0;3;4;0;40;38;0;0;0
37;2;15;10;4;12;1;4;1;40;38;0;0;1
39;2;11;9;0;3;4;4;0;45;38;0;0;0
62;4;9;13;0;9;1;4;0;40;38;0;0;1
47;2;11;9;2;2;0;4;1;45;38;0;0;1
51;1;9;13;2;10;0;4;1;40;38;0;0;1
55;2;11;9;0;7;4;4;0;40;38;0;0;0
30;2;11;9;2;2;0;4;1;35;38;0;0;0
59;0;15;10;2;2;0;4;1;36;38;0;0;0
45;4;0;6;2;2;0;4;1;65;38;0;0;0
52;2;15;10;2;3;0;4;1;45;38;1;0;1
21;2;11;9;4;5;3;4;1;20;38;0;0;0
31;2;11;9;2;6;0;4;1;55;38;0;0;0
29;2;15;10;4;0;3;2;1;40;38;0;0;0
24;2;11;9;2;5;0;4;1;40;38;0;0;0
17;2;0;6;4;7;3;4;1;24;38;0;0;0
47;2;11;9;0;6;1;2;0;40;38;0;0;0
46;2;15;10;2;11;0;4;1;50;38;0;0;1
63;2;2;8;2;13;0;4;1;40;4;0;0;0
21;2;15;10;4;7;3;4;1;25;38;0;0;0
18;2;11;9;4;7;2;2;1;36;38;0;0;0
49;5;10;16;2;3;0;4;1;50;38;0;0;1
81;4;11;9;6;0;1;4;0;20;38;0;0;0
36;3;7;12;2;3;0;4;1;40;38;0;0;1
47;2;11;9;2;2;0;4;1;40;38;0;0;1
36;2;12;14;2;11;0;4;1;50;38;0;0;1
39;4;8;11;2;4;0;4;1;60;38;0;0;0
46;2;9;13;4;11;1;4;0;35;38;0;0;0
43;1;15;10;2;0;5;4;0;40;38;0;1;1
39;1;9;13;0;0;4;4;0;35;38;0;0;0
29;2;15;10;5;11;1;4;0;40;38;0;0;0
23;2;11;9;4;5;3;2;0;16;38;0;0;0
57;2;0;6;2;2;0;4;1;43;38;0;0;0
38;4;11;9;4;11;4;2;0;42;38;0;0;0
25;2;9;13;4;11;3;4;0;40;38;0;0;0
39;1;15;10;2;3;0;4;1;40;38;0;0;0
24;2;15;10;4;11;1;2;1;40;22;0;0;0
56;2;12;14;2;2;0;4;1;44;38;0;1;1
39;2;2;8;0;11;1;4;0;40;38;0;0;0
23;2;8;11;4;11;4;4;0;60;38;0;0;0
67;4;11;9;0;3;1;4;0;16;38;1;0;0
41;2;9;13;4;0;1;1;1;50;38;0;0;0
24;1;9;13;4;9;3;4;0;50;38;0;0;0
51;2;9;13;0;3;1;2;1;40;38;1;0;1
30;3;11;9;0;7;1;4;0;60;38;0;0;0
47;3;11;9;2;4;0;4;1;40;38;1;0;1
56;2;11;9;4;6;1;4;1;32;38;0;0;0
51;2;11;9;0;2;1;4;1;38;38;0;0;0
57;4;15;10;2;3;0;4;1;55;38;0;0;0
34;2;15;10;0;7;4;4;0;40;38;0;0;0
24;2;9;13;4;9;1;4;1;40;38;0;0;0
57;2;11;9;2;6;0;4;1;40;38;0;0;0
38;2;11;9;2;6;0;4;1;40;38;0;0;1
23;2;11;9;4;12;1;4;0;40;38;0;0;0
35;2;5;4;2;6;0;4;1;40;25;0;0;0
58;2;11;9;2;2;0;4;1;52;38;0;0;0
68;5;10;16;2;9;0;4;1;60;38;0;1;1
43;2;15;10;2;3;0;4;1;40;38;0;1;1
17;2;1;7;4;7;3;4;0;20;38;0;0;0
53;5;10;16;2;9;0;4;1;50;38;1;0;1
37;3;10;16;2;9;0;2;1;99;38;0;0;1
63;2;11;9;2;2;0;4;1;40;38;0;0;1
31;2;15;10;3;13;4;4;1;50;38;0;0;0
29;2;11;9;2;7;0;4;1;40;38;0;0;0
43;1;15;10;2;10;0;4;1;40;38;0;1;1
27;2;14;15;4;9;1;4;0;65;38;0;0;1
25;4;11;9;4;7;2;4;1;32;38;0;0;0
28;2;11;9;4;9;1;4;0;40;38;0;0;0
54;2;11;9;0;11;4;4;0;35;38;0;0;0
31;1;15;10;4;3;3;0;0;32;38;0;0;0
23;2;15;10;4;12;1;4;1;48;38;0;0;0
19;2;9;13;4;9;3;4;0;30;38;0;0;0
61;4;11;9;2;4;5;4;0;40;38;1;0;0
27;3;8;11;2;7;5;4;0;36;38;0;0;1
19;2;15;10;4;0;3;2;0;20;38;0;0;0
25;1;11;9;0;0;1;0;0;35;38;0;0;0
40;2;15;10;2;12;0;4;1;48;38;0;0;1
53;2;1;7;0;7;1;4;0;37;38;0;0;0
32;2;9;13;4;9;1;4;1;45;38;0;0;0
72;4;10;16;2;9;0;4;1;25;38;0;1;1
61;2;5;4;2;13;0;4;1;40;38;0;0;0
42;2;11;9;2;11;0;4;1;40;38;0;0;0
17;2;0;6;4;7;3;0;0;20;38;1;0;0
73;2;11;9;2;13;0;4;1;16;1;0;0;0
41;4;15;10;5;2;1;4;1;40;38;0;0;0
23;2;15;10;4;6;3;2;0;20;22;0;0;0
23;2;11;9;4;9;1;4;0;40;1;0;0;0
65;2;8;11;2;0;0;4;1;15;38;0;0;0
45;3;11;9;2;11;5;4;0;50;38;0;0;0
52;0;9;13;2;12;0;2;1;40;38;1;0;1
24;1;9;13;4;0;3;2;0;27;38;0;0;0
23;2;8;11;2;2;0;4;1;40;38;0;0;0
30;2;15;10;0;12;3;4;0;40;38;0;0;0
26;2;9;13;4;3;1;4;1;40;38;0;0;0
37;4;11;9;0;4;4;4;1;56;38;0;0;0
17;2;11;9;4;7;3;4;1;40;38;0;0;0
31;2;11;9;2;11;0;4;1;40;38;0;0;0
52;2;11;9;5;0;2;4;0;40;38;0;0;0
63;2;9;13;4;11;1;4;1;27;38;0;0;0
27;2;11;9;4;8;1;4;0;60;38;0;0;0
31;2;6;5;2;6;0;4;1;40;25;1;0;0
71;4;11;9;6;0;1;4;0;35;38;0;0;0
35;2;9;13;2;3;0;4;1;60;38;0;0;0
44;2;11;9;2;0;5;4;0;38;38;0;0;0
36;2;12;14;2;9;0;1;1;40;2;0;0;0
22;2;9;13;4;3;2;4;0;20;38;0;0;0
32;2;11;9;2;9;0;4;1;48;38;0;1;0
30;1;9;13;0;9;4;4;0;40;38;0;0;0
25;2;15;10;4;0;3;4;0;40;38;0;0;0
76;2;5;4;6;10;1;4;0;12;38;0;0;0
41;2;11;9;0;2;1;4;1;40;38;0;0;0
26;2;5;4;2;6;0;3;1;40;38;0;0;0
32;2;15;10;0;0;4;4;0;40;38;0;0;0
22;2;11;9;4;2;1;4;1;40;38;0;0;0
39;2;9;13;2;11;0;4;1;40;38;0;1;1
63;4;9;13;4;13;1;4;1;40;38;0;0;0
23;2;7;12;4;13;4;4;0;40;38;0;0;0
61;2;0;6;2;6;0;4;1;40;38;0;0;0
31;5;8;11;2;2;0;4;1;40;38;0;0;0
25;2;6;5;2;6;0;4;1;45;38;0;0;0
33;2;11;9;4;7;3;4;0;40;38;1;0;0
39;2;11;9;2;11;5;4;0;36;38;0;0;0
53;2;9;13;2;6;5;1;0;40;2;0;0;0
26;0;9;13;4;3;1;4;0;40;38;0;0;0
21;2;15;10;4;7;3;4;1;32;38;0;0;0
18;2;11;9;4;0;3;2;1;40;38;0;0;0
34;2;9;13;2;3;0;4;1;60;38;1;0;1
44;5;12;14;2;9;0;2;1;40;38;1;0;1
31;2;11;9;0;2;3;4;1;50;38;0;0;0
44;2;11;9;2;13;0;4;1;40;38;0;0;1
42;2;14;15;2;9;0;4;1;60;38;0;1;1
43;2;11;9;2;6;0;4;1;44;25;0;0;0
33;2;9;13;2;7;0;1;1;38;38;1;0;1
21;2;15;10;4;11;3;2;0;30;38;0;0;0
30;2;11;9;2;5;0;4;1;40;38;0;0;1
55;2;11;9;2;13;0;4;1;60;38;0;0;0
57;2;15;10;4;0;1;4;0;40;38;0;0;0
37;2;11;9;4;4;1;4;1;50;38;0;0;0
32;2;11;9;2;6;0;4;1;40;38;0;0;1
62;4;9;13;2;9;0;4;1;60;38;0;0;1
31;4;9;13;4;11;1;2;1;40;38;0;0;1
51;2;9;13;2;3;0;4;1;50;9;0;0;1
37;2;12;14;0;3;4;4;0;45;38;0;1;0
45;2;4;3;2;13;0;4;1;38;25;0;0;0
47;2;15;10;2;6;0;4;1;40;38;0;0;0
75;4;1;7;2;3;0;4;1;30;38;0;0;0
43;2;12;14;2;9;0;3;1;50;38;0;0;0
39;2;7;12;2;2;0;4;1;60;10;1;0;1
30;2;9;13;2;9;0;4;1;40;38;0;0;1
27;2;4;3;4;5;2;4;1;40;12;0;0;0
44;2;11;9;2;6;0;0;1;40;38;0;0;0
53;1;12;14;0;9;1;4;0;35;38;0;0;1
40;2;9;13;2;0;0;4;1;40;38;0;0;0
18;2;1;7;4;11;3;4;0;20;38;0;0;0
33;2;9;13;2;10;0;2;1;40;8;0;0;0
20;2;11;9;4;11;3;4;1;40;38;0;0;0
38;2;15;10;2;3;0;2;1;50;38;0;0;0
48;2;11;9;0;0;1;4;0;35;38;0;0;0
46;4;11;9;2;3;0;4;1;40;38;0;0;0
51;2;11;9;2;2;0;4;1;40;38;0;0;0
35;4;11;9;4;7;2;4;0;30;38;0;0;0
24;2;5;4;4;5;2;4;1;40;25;0;0;0
30;2;15;10;0;5;1;4;1;50;38;0;0;0
70;2;11;9;2;3;0;4;1;30;38;0;0;0
26;2;11;9;2;13;0;4;1;44;38;0;0;0
34;2;11;9;2;2;0;4;1;40;38;0;1;0
46;2;11;9;2;2;0;4;1;40;38;0;0;1
70;2;11;9;2;0;5;4;0;5;38;0;0;0
37;1;15;10;2;7;0;4;1;40;38;0;0;0
36;4;15;10;0;11;4;4;0;35;38;0;0;0
23;2;6;5;4;6;2;4;0;40;25;0;0;0
28;2;11;9;2;11;0;4;1;40;38;0;1;0
44;4;15;10;2;3;0;4;1;50;38;0;0;1
58;2;11;9;0;6;1;4;1;30;38;1;0;0
53;2;15;10;2;3;0;4;1;60;38;0;0;1
23;2;15;10;2;5;0;4;1;40;38;0;0;0
26;2;11;9;4;2;1;2;1;40;38;0;0;0
34;1;12;14;0;9;1;4;0;50;38;0;0;0
43;2;1;7;2;2;0;4;1;40;38;0;0;0
22;2;15;10;4;7;2;2;1;20;38;0;0;0
41;2;15;10;2;2;0;0;1;50;38;1;0;1
36;2;11;9;2;0;0;1;1;40;39;0;0;0
41;1;9;13;2;9;5;4;0;20;38;0;1;0
27;2;11;9;4;0;1;4;1;40;38;1;0;0
42;4;15;10;2;4;0;4;1;60;38;0;0;0
27;2;8;11;4;0;3;4;0;35;38;0;0;0
41;2;11;9;0;10;3;4;1;40;38;0;0;0
32;2;9;13;2;3;2;1;0;40;2;0;0;1
21;2;15;10;4;0;3;1;1;20;38;0;0;0
44;2;9;13;2;3;0;2;1;50;38;0;0;1
29;2;9;13;4;3;3;4;1;40;38;0;0;0
19;4;15;10;4;7;3;4;0;22;38;0;0;0
21;1;15;10;4;0;3;4;1;40;12;0;0;0
46;2;11;9;2;13;0;4;1;40;38;0;0;0
38;2;9;13;2;3;0;4;1;55;38;0;0;1
43;2;15;10;4;0;4;4;1;48;38;0;0;1
54;3;11;9;2;11;0;4;1;50;38;0;0;1
38;2;12;14;2;3;0;4;1;60;38;0;1;1
50;2;11;9;2;0;5;4;0;40;38;0;0;1
30;2;8;11;2;9;5;4;0;36;38;0;0;1
30;2;6;5;2;2;0;4;1;40;38;0;0;0
28;1;11;9;4;3;4;0;0;35;38;0;0;0
26;2;8;11;4;0;1;4;0;45;38;0;0;0
37;0;15;10;2;2;0;4;1;43;38;0;0;0
32;2;11;9;2;6;0;4;1;50;38;1;0;1
64;5;12;14;2;9;5;4;0;5;38;0;0;1
18;2;11;9;4;11;3;4;0;28;38;0;0;0
30;2;15;10;2;0;0;4;1;30;38;0;0;0
18;2;1;7;4;7;2;2;1;30;38;0;0;0
27;2;11;9;2;2;0;4;1;40;38;0;0;0
49;2;6;5;2;7;0;4;1;40;38;0;0;0
46;5;11;9;2;7;0;4;1;43;38;0;0;1
37;2;11;9;2;0;0;4;1;40;38;0;0;0
30;2;15;10;0;13;1;4;1;40;38;0;0;0
29;2;11;9;0;9;1;3;0;30;10;0;0;0
25;4;11;9;2;4;0;4;1;30;38;0;0;0
38;2;11;9;5;8;4;2;0;30;38;0;0;0
35;2;15;10;2;2;0;4;1;50;38;0;0;0
56;2;12;14;2;0;0;4;1;80;38;0;0;1
29;2;15;10;0;3;1;4;0;40;38;0;0;0
41;2;11;9;2;12;0;4;1;40;38;0;0;0
47;2;11;9;2;6;0;4;1;40;38;0;0;0
23;2;9;13;4;0;1;1;0;40;38;0;0;0
46;4;9;13;2;11;0;4;1;45;38;0;0;1
28;1;11;9;4;10;2;2;1;40;38;0;1;0
39;2;9;13;0;0;4;4;0;20;38;0;0;0
42;4;15;10;2;4;5;4;0;50;38;0;0;0
39;2;11;9;2;13;0;4;1;48;38;1;0;1
37;3;9;13;2;2;0;4;1;55;38;1;0;1
57;2;14;15;4;9;1;4;0;40;38;0;0;0
22;2;15;10;4;7;1;2;0;30;38;0;0;0
24;2;8;11;4;0;1;4;1;30;38;0;0;1
19;2;15;10;4;5;3;4;1;50;38;0;0;0
55;2;7;12;0;11;4;2;0;30;38;0;0;0
37;1;11;9;2;10;0;4;1;40;38;0;0;0
37;1;15;10;4;0;4;2;0;40;38;0;0;0
28;2;9;13;2;7;0;4;1;50;38;0;0;0
27;2;11;9;4;7;1;4;0;40;38;0;0;0
40;5;9;13;4;9;4;4;0;20;38;0;0;0
51;2;11;9;0;8;3;4;0;40;38;0;0;0
52;2;8;11;2;13;0;4;1;56;38;0;0;0
49;3;15;10;2;3;0;4;1;50;38;1;0;1
40;0;15;10;0;0;1;4;0;50;38;0;0;0
80;2;15;10;4;9;1;4;1;60;38;0;1;0
63;2;15;10;2;10;0;4;1;40;38;0;0;0
63;2;11;9;0;13;4;4;1;45;38;0;0;1
51;2;15;10;0;0;4;4;0;40;38;0;0;0
23;2;11;9;4;0;1;4;0;40;38;0;0;0
66;4;11;9;6;2;1;4;1;20;38;0;0;0
33;4;11;9;2;11;0;4;1;66;38;0;0;0
49;2;11;9;2;2;0;4;1;43;38;0;0;0
20;2;15;10;4;13;1;4;1;32;38;0;0;0
33;3;7;12;2;3;0;4;1;60;38;0;1;1
26;2;15;10;1;10;0;4;1;40;38;0;0;0
52;2;11;9;2;3;0;4;1;50;38;0;0;1
33;2;9;13;2;3;0;4;1;50;38;0;0;1
47;2;9;13;0;11;1;4;1;45;38;0;0;0
23;2;11;9;4;3;3;2;1;75;38;0;0;0
53;0;7;12;2;0;0;4;1;40;38;0;0;0
19;2;15;10;4;7;3;4;1;20;38;0;0;0
26;0;15;10;4;2;1;4;1;40;38;1;0;0
53;2;5;4;2;13;0;4;1;60;38;0;0;1
65;2;11;9;4;6;1;4;1;10;38;0;0;0
68;2;9;13;2;13;0;4;1;30;38;0;0;0
30;2;0;6;4;11;2;4;1;18;12;0;0;0
28;2;1;7;2;2;0;4;1;45;38;0;0;0
54;1;0;6;2;10;0;4;1;45;38;0;0;0
30;2;11;9;4;7;3;4;1;10;38;0;0;0
22;2;15;10;4;0;3;4;1;50;38;0;0;0
25;2;11;9;4;7;3;4;1;30;38;0;0;0
19;2;1;7;4;7;2;4;1;20;38;0;0;0
32;0;14;15;2;9;0;4;1;40;38;0;0;1
23;2;9;13;4;3;3;4;0;40;38;0;0;0
51;1;9;13;2;9;0;4;1;45;38;0;0;0
25;2;15;10;2;11;0;4;1;44;38;0;0;1
46;1;9;13;4;9;1;2;0;40;38;0;0;0
38;2;15;10;0;12;4;4;0;50;38;0;0;0
26;5;11;9;2;10;0;1;1;40;38;0;0;1
46;2;11;9;0;9;1;4;0;40;38;0;0;0
25;2;9;13;4;9;1;4;0;40;38;0;0;0
20;2;15;10;4;7;3;4;0;16;38;1;0;0
29;1;12;14;2;9;2;4;1;35;38;0;0;0
51;3;12;14;2;3;0;4;1;50;38;0;0;1
40;2;15;10;2;2;0;4;1;52;38;0;0;0
24;2;15;10;4;0;1;4;0;40;38;0;0;0
24;4;9;13;4;4;4;4;1;50;38;0;0;0
31;2;8;11;2;7;5;0;0;24;25;0;0;0
34;2;7;12;5;2;1;4;1;60;38;0;0;0
19;2;15;10;4;4;3;4;1;66;38;0;0;0
21;2;11;9;4;13;3;2;1;40;38;0;0;0
21;2;0;6;2;4;0;4;1;70;38;0;0;0
23;2;15;10;2;13;0;4;1;24;38;0;0;0
37;0;15;10;4;2;1;4;1;40;38;0;0;0
40;2;12;14;2;3;0;4;1;46;38;0;0;1
57;2;11;9;2;7;0;4;1;30;38;0;0;0
48;2;9;13;2;9;0;4;1;40;38;0;1;1
24;2;1;7;2;13;0;1;1;40;39;0;0;0
43;2;15;10;2;9;0;4;1;40;38;0;0;0
40;2;11;9;4;7;1;4;0;40;38;0;0;0
52;3;14;15;2;9;0;4;1;35;38;1;0;1
49;2;11;9;0;3;1;4;1;40;38;0;0;0
45;4;15;10;2;3;0;0;1;40;38;1;0;0
62;1;11;9;4;2;1;4;1;40;38;0;0;0
29;2;8;11;2;0;0;4;1;40;38;0;0;0
49;2;11;9;5;6;4;4;0;40;38;0;0;0
55;0;15;10;0;0;4;2;0;40;38;0;0;0
37;3;9;13;4;3;3;4;1;40;38;0;0;0
43;5;9;13;2;0;0;4;1;40;38;0;0;1
29;2;15;10;0;0;1;4;0;40;38;0;0;0
44;2;11;9;2;11;5;4;0;40;38;0;0;1
28;2;15;10;5;12;4;4;1;40;38;0;0;1
38;2;15;10;4;3;1;4;0;45;38;0;0;0
45;2;8;11;2;11;0;4;1;50;38;0;1;1
19;2;15;10;4;7;3;4;0;20;38;0;0;0
20;2;2;8;4;7;1;4;1;40;38;0;0;0
60;2;11;9;2;5;0;4;1;40;38;0;0;0
30;2;11;9;4;11;1;4;0;40;38;0;0;0
51;2;15;10;0;11;1;4;0;60;38;0;0;0
48;2;11;9;0;3;4;4;0;40;38;0;0;0
43;2;9;13;2;11;0;4;1;40;38;0;1;1
51;1;11;9;0;13;4;2;1;40;38;0;0;0
41;2;8;11;2;12;0;4;1;48;38;0;1;1
50;5;11;9;2;2;0;2;1;40;38;0;0;1
46;2;11;9;2;11;5;4;0;40;38;0;0;1
54;2;15;10;2;13;0;4;1;60;38;1;0;1
68;2;11;9;2;5;0;4;1;45;38;0;0;1
23;4;7;12;4;2;1;4;1;30;38;0;0;0
49;2;12;14;4;11;1;4;0;35;38;0;0;0
24;2;0;6;2;5;0;4;1;40;38;0;0;0
30;1;11;9;2;10;0;2;1;40;38;0;0;0
38;2;11;9;2;6;0;4;1;45;38;1;0;0
34;2;11;9;4;11;1;4;0;35;38;0;0;0
22;2;15;10;4;3;3;4;1;40;38;0;0;0
30;2;5;4;5;5;1;4;1;40;38;0;0;0
61;2;5;4;2;13;0;4;1;31;38;0;0;0
36;2;11;9;0;3;4;4;1;40;38;0;0;0
51;3;8;11;2;3;0;4;1;40;38;0;0;0
43;2;4;3;2;6;5;1;0;40;39;0;0;1
54;0;15;10;2;10;0;4;1;48;38;0;0;1
63;2;11;9;6;9;1;4;0;25;38;0;0;0
51;2;15;10;2;3;0;4;1;40;38;0;0;1
63;4;0;6;2;6;0;4;1;40;38;0;0;0
51;1;12;14;2;9;0;4;1;60;38;0;0;1
27;2;11;9;0;11;3;4;0;35;38;0;0;0
35;2;7;12;2;12;0;4;1;40;38;0;0;1
46;4;11;9;5;2;4;4;1;40;38;0;0;0
53;2;8;11;2;2;0;2;1;40;38;0;0;1
26;0;15;10;0;0;3;4;1;24;38;0;0;0
43;2;11;9;4;6;3;4;1;40;38;0;0;0
39;2;11;9;2;11;0;4;1;50;38;1;0;1
50;0;11;9;0;9;1;4;1;40;38;0;1;0
54;0;11;9;2;0;0;4;1;40;38;0;0;1
57;5;15;10;0;9;4;4;0;40;38;0;0;0
29;1;11;9;4;7;3;4;1;20;38;0;0;0
20;2;11;9;4;2;2;2;1;40;38;0;0;0
53;2;9;13;2;3;0;4;1;55;38;0;1;1
23;2;11;9;4;7;1;4;1;40;7;0;0;0
69;2;1;7;2;0;0;4;1;20;38;0;0;0
56;2;5;4;2;5;0;4;1;40;38;0;1;0
53;1;9;13;2;9;0;2;1;35;38;0;0;0
28;2;11;9;4;0;1;4;1;40;38;0;0;0
28;2;9;13;2;7;0;2;1;40;38;0;0;0
33;3;11;9;2;3;0;1;1;84;35;0;0;1
48;2;11;9;0;11;4;4;0;30;38;0;0;0
61;2;11;9;2;2;0;4;1;40;38;0;0;1
49;2;9;13;2;9;0;4;1;45;38;1;0;0
48;2;15;10;2;3;0;4;1;40;38;0;0;0
32;2;5;4;2;2;0;4;1;40;38;0;0;0
51;2;11;9;2;2;0;4;1;40;38;0;0;1
19;2;15;10;4;7;3;4;1;14;38;0;0;0
47;2;11;9;2;9;0;4;1;50;38;0;0;0
25;2;9;13;4;13;3;4;1;60;38;0;0;0
72;2;15;10;2;10;0;2;1;40;38;0;0;0
29;2;1;7;0;2;1;4;1;40;38;0;0;0
22;2;11;9;4;0;3;4;0;40;38;0;0;0
57;2;11;9;2;7;0;2;1;48;8;0;0;0
50;2;7;12;2;0;0;4;1;60;3;0;0;0
45;3;15;10;2;11;0;4;1;30;38;0;0;0
52;2;15;10;0;9;1;4;1;40;38;0;0;1
53;2;12;14;2;3;0;4;1;48;38;0;0;1
36;2;11;9;2;5;0;4;1;48;38;0;0;0
46;2;11;9;2;2;0;4;1;40;38;0;0;1
20;2;11;9;4;11;3;4;0;20;38;0;0;0
75;2;4;3;6;7;4;2;1;10;38;0;0;0
32;1;11;9;2;2;0;4;1;40;38;0;0;1
28;2;11;9;2;2;0;4;1;40;38;0;0;0
53;2;12;14;0;9;1;4;0;40;38;0;0;0
17;2;1;7;4;11;3;4;0;35;38;0;0;0
46;5;8;11;0;0;4;4;0;38;38;0;0;0
39;2;7;12;5;9;1;4;0;30;38;0;0;0
38;2;15;10;0;2;4;4;1;40;38;0;0;0
36;2;11;9;2;6;0;4;1;60;38;0;0;0
63;1;9;13;4;9;1;2;0;21;38;0;0;0
28;2;3;2;2;6;0;4;1;43;25;0;0;0
49;2;11;9;4;0;4;4;0;35;38;0;0;0
43;2;15;10;2;6;0;4;1;40;25;0;0;0
38;2;9;13;2;3;0;4;1;45;38;0;0;1
39;2;11;9;4;12;1;4;1;62;8;0;0;0
40;2;11;9;2;3;0;4;1;40;38;0;0;0
24;0;9;13;4;9;1;4;1;45;38;0;1;0
30;2;15;10;2;12;0;4;1;50;38;0;0;1
44;2;15;10;2;13;0;2;1;40;38;0;0;0
40;2;11;9;2;11;0;4;1;24;38;0;0;0
30;2;11;9;4;6;2;4;0;35;32;0;0;0
42;2;12;14;0;9;1;4;0;40;38;0;1;0
52;4;8;11;0;9;1;4;0;35;38;0;0;0
42;2;15;10;2;2;0;2;1;40;38;0;0;1
39;2;15;10;2;2;0;4;1;52;38;0;0;1
43;2;15;10;0;9;4;4;1;45;38;0;0;0
62;4;11;9;2;2;0;4;1;40;38;1;0;0
30;2;8;11;2;2;0;4;1;40;8;0;0;0
39;2;9;13;2;9;0;4;1;55;38;0;0;1
41;2;11;9;2;13;5;4;0;20;38;0;0;0
49;2;12;14;2;9;5;4;0;40;38;0;1;1
25;2;1;7;2;2;0;4;1;40;38;0;0;0
48;2;1;7;2;13;0;4;1;40;38;0;1;0
44;5;9;13;4;0;1;4;1;40;38;0;0;0
36;2;6;5;0;5;1;4;1;56;38;1;0;0
40;2;11;9;4;5;3;4;1;40;20;0;0;0
21;2;11;9;4;0;3;2;0;35;22;0;0;0
41;2;15;10;5;0;1;4;0;38;38;0;0;0
24;2;9;13;4;3;1;4;0;50;38;0;0;0
67;4;11;9;2;4;0;4;1;60;38;0;0;0
24;2;9;13;4;0;3;4;1;38;38;0;0;0
50;4;9;13;2;11;0;4;1;60;38;0;0;0
48;2;12;14;0;11;1;4;1;35;38;0;0;0
29;2;11;9;4;6;1;4;1;40;6;1;0;0
50;2;9;13;0;9;4;4;0;36;20;0;0;0
64;5;0;6;2;3;0;4;1;40;38;0;0;1
49;2;6;5;0;7;1;2;1;37;38;0;0;0
20;2;11;9;4;7;3;2;1;52;38;0;0;0
30;2;11;9;5;0;1;4;0;40;38;0;0;0
37;2;9;13;2;7;0;1;1;30;2;0;0;0
52;2;11;9;2;6;0;4;1;40;38;0;0;1
22;2;15;10;4;10;3;4;1;25;38;0;0;0
19;5;15;10;4;0;3;4;1;15;38;0;0;0
52;2;11;9;0;2;2;4;1;55;38;0;0;1
42;2;9;13;3;12;3;1;0;40;38;0;0;0
35;2;11;9;5;3;1;4;0;36;38;0;0;0
27;2;15;10;4;0;4;4;0;50;38;0;0;0
54;5;11;9;4;7;1;2;0;38;38;0;0;0
37;2;11;9;2;2;0;4;1;40;38;0;1;0
37;2;0;6;2;13;0;4;1;35;38;0;0;0
28;2;5;4;2;2;0;4;1;30;38;0;0;0
63;2;9;13;2;11;0;4;1;40;38;0;0;0
19;2;11;9;4;6;3;4;1;42;38;0;0;0
28;2;9;13;4;11;3;4;0;40;38;0;0;0
44;2;14;15;4;9;1;4;0;40;38;0;0;1
31;2;15;10;2;2;0;4;1;40;38;0;0;1
64;2;11;9;0;8;1;4;0;50;38;0;0;0
40;2;11;9;2;5;0;4;1;40;38;0;0;1
59;1;7;12;0;9;1;4;0;50;38;0;0;0
22;2;15;10;4;0;3;4;0;40;38;0;0;0
40;2;15;10;4;11;1;4;0;44;38;0;0;0
35;2;5;4;2;5;0;4;1;40;25;0;0;0
20;2;15;10;4;0;3;4;0;15;38;0;0;0
35;1;11;9;4;10;3;4;1;40;38;0;0;0
28;2;15;10;2;3;0;4;1;48;38;0;0;0
28;2;11;9;0;6;3;4;1;40;38;0;0;0
25;3;7;12;4;11;1;4;1;60;38;0;0;0
37;2;11;9;0;0;4;4;0;40;38;0;0;0
31;2;8;11;0;11;3;4;0;38;38;0;0;0
41;2;11;9;4;0;2;4;0;40;38;0;0;0
31;2;0;6;2;12;0;4;1;40;38;0;0;1
44;2;11;9;2;2;0;4;1;40;38;0;0;0
20;2;15;10;4;3;1;2;1;47;38;0;0;0
57;4;15;10;2;4;0;4;1;50;38;0;0;0
26;2;11;9;0;7;1;4;0;12;38;0;0;0
44;3;11;9;2;3;0;4;1;60;11;1;0;0
29;1;11;9;4;10;1;4;1;40;38;0;0;0
36;2;11;9;2;9;0;4;1;40;38;0;1;1
40;2;8;11;2;2;0;4;1;40;38;0;0;1
21;2;7;12;4;7;1;2;1;35;22;0;0;0
21;2;15;10;4;2;1;4;1;70;38;0;0;0
34;4;14;15;5;9;4;4;1;48;38;0;0;1
24;2;9;13;4;3;3;4;0;15;38;0;0;0
28;2;0;6;0;7;1;4;0;40;38;0;0;0
35;2;11;9;5;13;3;4;1;50;38;0;0;0
35;2;11;9;0;2;1;4;1;40;38;0;0;0
38;5;9;13;4;3;1;4;0;40;38;0;0;0
44;0;11;9;0;0;4;2;0;40;38;0;0;0
39;2;9;13;2;5;5;4;0;40;30;0;0;1
57;1;11;9;0;7;1;4;0;40;38;0;0;0
19;2;15;10;4;11;3;4;0;40;38;0;0;0
29;2;8;11;2;6;0;4;1;48;38;0;0;0
23;2;11;9;4;6;2;2;1;40;38;0;0;0
50;2;11;9;6;7;4;4;0;40;38;0;0;0
51;4;15;10;2;2;0;4;1;20;38;0;0;0
28;2;8;11;0;2;1;0;1;40;38;0;0;0
44;2;9;13;2;11;0;4;1;60;38;0;0;0
29;4;9;13;4;9;1;2;1;40;38;0;0;0
31;2;11;9;0;13;1;4;1;45;38;0;0;0
27;2;9;13;2;2;0;4;1;45;38;0;0;1
34;2;9;13;2;3;0;4;1;45;38;0;0;0
50;3;14;15;2;9;0;1;1;50;29;1;0;1
27;2;15;10;2;5;0;4;1;40;38;0;0;1
31;2;8;11;4;0;4;2;0;40;38;0;0;0
46;2;7;12;2;2;0;4;1;40;38;0;0;1
39;2;15;10;4;0;3;1;0;40;38;0;0;0
40;2;9;13;2;11;0;4;1;55;38;0;0;1
28;2;1;7;0;11;3;4;1;40;38;0;0;0
18;2;11;9;4;11;3;4;0;40;38;0;0;0
51;2;11;9;0;0;1;4;0;40;38;0;0;0
58;3;11;9;0;11;1;4;1;50;38;0;0;0
66;2;11;9;2;11;0;4;1;40;38;0;0;0
36;4;11;9;2;7;5;1;0;20;34;0;0;0
38;2;1;7;0;5;1;4;0;60;38;0;0;0
25;2;7;12;4;3;3;4;1;40;38;0;0;0
25;2;11;9;4;7;4;4;0;22;38;0;0;0
90;2;1;7;4;5;3;4;1;40;38;0;0;0
41;1;15;10;0;0;4;4;0;40;38;0;0;0
33;2;9;13;0;9;4;4;0;40;10;1;0;0
33;2;11;9;4;0;1;4;0;40;38;0;0;0
35;2;9;13;2;3;0;4;1;45;38;0;1;1
39;4;11;9;4;2;3;2;0;20;38;0;0;0
59;2;11;9;2;11;0;4;1;60;38;0;0;0
19;2;15;10;4;12;3;4;1;16;38;0;1;0
39;2;11;9;2;11;0;4;1;38;38;1;0;0
27;2;11;9;4;5;3;4;0;40;38;0;0;0
52;2;5;4;2;2;0;4;1;40;38;0;0;0
59;4;11;9;0;7;3;4;0;24;38;0;0;0
28;2;15;10;0;2;4;4;0;40;38;0;0;0
37;2;11;9;0;7;2;4;0;50;28;0;0;0
36;2;9;13;2;3;0;4;1;50;38;0;0;1
34;2;9;13;2;9;0;4;1;60;38;0;0;1
23;2;15;10;4;0;3;4;1;40;38;0;0;0
33;2;11;9;0;2;1;4;1;84;38;0;1;0
27;1;12;14;4;9;3;4;1;52;38;0;0;0
31;1;12;14;2;9;0;4;1;40;38;0;0;0
21;2;0;6;2;6;0;4;1;36;38;0;0;0
31;2;11;9;2;3;0;4;1;54;38;0;0;0
59;2;11;9;2;5;0;4;1;40;38;0;0;1
40;1;12;14;2;9;0;4;1;48;38;0;1;1
19;2;1;7;4;5;3;4;1;40;38;0;0;0
47;2;11;9;2;13;0;4;1;50;38;0;0;0
34;2;9;13;4;2;4;4;1;40;38;0;0;0
57;2;11;9;2;7;0;4;1;78;38;0;0;0
51;1;6;5;2;13;0;2;1;40;38;0;0;0
21;2;15;10;4;5;1;4;1;20;38;0;0;0
30;3;15;10;2;11;0;4;1;50;38;0;0;0
46;2;15;10;0;5;1;4;1;45;38;0;0;0
40;2;9;13;4;11;1;4;0;45;38;0;0;0
52;2;13;1;2;7;1;4;1;40;7;0;0;0
23;2;9;13;4;11;1;1;1;50;35;0;0;0
25;2;11;9;4;0;1;4;0;50;38;0;0;0
43;2;15;10;0;13;1;4;1;45;38;0;0;0
38;5;15;10;0;10;4;0;0;40;38;0;0;1
22;2;8;11;4;7;1;4;0;30;38;0;0;0
33;1;9;13;4;0;1;4;0;40;38;1;0;0
34;2;15;10;2;9;0;4;1;40;38;1;0;1
65;2;8;11;2;13;0;4;1;20;38;0;0;0
50;2;11;9;4;12;3;4;1;15;38;0;0;0
29;2;9;13;4;11;1;4;1;48;38;1;0;0
25;2;11;9;2;13;0;4;1;40;38;0;0;0
54;2;15;10;0;0;1;4;0;40;38;0;0;0
49;2;11;9;2;0;0;4;1;40;38;0;0;1
44;2;15;10;2;6;0;4;1;40;38;0;0;0
24;2;6;5;0;7;3;4;0;40;38;0;0;0
25;2;9;13;4;11;1;4;1;38;38;0;0;0
65;1;11;9;2;13;0;4;1;20;38;0;0;0
56;4;11;9;2;3;0;2;1;45;38;0;0;0
39;4;14;15;2;9;0;4;1;60;38;1;0;1
23;2;9;13;4;9;3;4;0;40;38;0;0;0
20;2;15;10;4;7;1;4;0;20;38;0;0;0
24;2;4;3;4;2;4;4;1;40;7;0;0;0
41;2;15;10;2;3;0;4;1;50;38;0;1;1
40;3;15;10;2;4;0;4;1;50;38;0;0;0
55;2;11;9;2;2;0;4;1;50;38;0;0;1
38;2;11;9;0;0;4;4;0;48;38;0;0;0
23;2;11;9;4;0;4;2;0;40;38;0;0;0
44;2;9;13;2;3;0;4;1;50;38;0;0;0
45;2;15;10;2;2;0;4;1;40;38;0;1;1
20;4;15;10;4;0;3;4;0;12;10;0;0;0
29;2;11;9;4;7;3;4;1;40;38;0;0;0
43;5;11;9;2;10;0;4;1;40;38;0;0;0
30;2;2;8;0;6;1;4;1;40;38;0;0;0
28;5;15;10;4;0;1;4;0;38;38;0;0;0
31;2;11;9;2;3;0;4;1;40;38;0;0;1
52;2;11;9;0;2;4;4;0;40;38;0;0;0
36;2;9;13;2;9;5;4;0;50;19;0;0;1
38;2;11;9;2;2;0;4;1;45;38;0;0;0
63;4;8;11;2;4;0;4;1;40;38;0;0;0
21;2;15;10;4;7;3;4;1;35;38;0;0;0
33;5;11;9;0;0;1;4;1;40;38;0;0;0
46;5;15;10;0;9;4;4;0;50;38;1;0;0
47;3;9;13;4;11;1;4;1;60;38;1;0;0
33;2;10;16;2;9;0;4;1;55;38;0;0;1
28;2;11;9;0;5;1;4;1;40;38;0;0;0
46;2;11;9;0;8;4;4;0;28;6;0;0;0
25;2;15;10;2;11;0;2;1;45;38;0;0;0
37;2;11;9;2;2;3;4;1;40;38;1;0;0
31;4;6;5;2;2;0;4;1;60;38;0;0;0
49;2;11;9;2;2;0;4;1;40;38;0;0;0
22;5;15;10;3;12;4;4;1;20;38;0;0;0
52;2;8;11;2;7;5;4;0;20;38;0;0;1
29;2;7;12;2;3;5;4;0;50;38;0;0;0
18;2;1;7;4;7;3;4;0;20;38;0;0;0
31;1;15;10;2;3;0;4;1;35;38;0;0;0
23;2;15;10;4;7;1;1;0;35;39;0;0;0
54;4;0;6;2;11;0;4;1;65;38;0;0;0
50;1;11;9;0;7;4;4;0;49;5;0;0;0
24;2;9;13;4;4;3;4;0;40;38;0;0;0
49;3;11;9;5;7;1;4;1;45;38;0;0;0
54;1;11;9;2;2;0;4;1;40;38;0;0;1
41;2;9;13;2;3;0;4;1;60;38;0;1;1
49;2;11;9;2;0;0;4;1;40;38;0;0;0
36;1;9;13;4;9;1;4;0;35;38;0;0;0
23;2;11;9;4;13;3;2;1;40;13;0;0;0
63;2;15;10;6;7;1;4;0;40;38;0;0;0
67;2;11;9;2;11;0;4;1;40;1;0;0;1
23;2;11;9;4;2;1;4;1;40;38;0;0;0
22;2;9;13;4;9;3;4;1;40;38;0;0;0
66;2;8;11;2;0;0;4;1;30;38;0;0;0
25;2;1;7;2;2;0;4;1;50;38;0;0;0
30;2;15;10;0;6;4;4;0;20;38;0;0;0
35;2;11;9;2;13;0;4;1;40;38;1;0;0
67;4;5;4;2;3;0;4;1;40;38;0;0;0
30;2;2;8;4;2;1;2;1;40;38;0;0;0
26;2;15;10;4;6;1;2;0;38;38;0;0;0
34;2;11;9;2;6;0;4;1;40;38;0;0;0
21;2;15;10;4;11;3;4;1;40;38;0;0;0
18;2;2;8;4;2;3;4;1;10;38;0;0;0
21;2;11;9;4;2;1;4;1;40;38;0;0;0
76;3;6;5;2;9;0;4;1;40;38;0;0;0
26;2;11;9;2;6;5;4;0;56;38;0;0;0
18;2;2;8;4;7;1;4;0;25;38;0;0;0
34;2;8;11;2;6;0;4;1;50;38;0;1;0
59;2;11;9;0;3;1;4;0;40;38;0;0;0
55;2;9;13;5;3;1;4;1;45;38;1;0;1
33;4;15;10;4;4;1;4;1;72;38;0;0;0
25;2;11;9;4;7;3;4;0;10;38;0;0;0
48;2;11;9;6;6;1;4;0;10;38;0;0;0
64;2;9;13;0;11;1;4;0;5;38;0;0;0
47;1;12;14;4;9;1;4;0;45;38;0;0;1
26;2;15;10;4;12;3;4;0;40;38;0;0;0
36;2;7;12;2;9;0;4;1;48;38;0;0;1
21;2;11;9;2;4;0;4;1;40;38;0;0;0
30;2;11;9;4;6;3;4;1;44;38;0;0;0
41;4;11;9;0;2;1;4;1;40;38;0;0;0
34;2;15;10;4;11;2;2;1;30;38;0;0;0
24;2;0;6;4;11;1;4;1;49;7;0;0;0
26;2;9;13;4;9;1;4;0;20;38;0;0;0
25;2;11;9;4;0;1;4;0;48;38;0;0;0
35;2;15;10;0;11;4;4;0;36;38;0;0;0
41;2;15;10;0;2;1;4;1;40;38;0;0;1
33;2;1;7;4;2;3;4;1;40;38;0;0;0
18;2;15;10;4;7;3;4;0;25;38;0;0;0
27;3;11;9;5;0;1;4;1;38;38;0;0;0
32;2;11;9;0;7;4;4;0;35;38;0;0;0
51;1;11;9;4;7;1;2;1;40;38;0;0;0
38;2;8;11;0;0;4;2;0;40;38;0;0;0
41;1;15;10;2;13;5;4;0;25;38;0;0;0
26;2;15;10;2;2;0;4;1;40;38;1;0;0
38;4;8;11;0;3;4;4;1;35;38;0;0;0
54;2;6;5;2;3;0;4;1;45;38;0;0;1
30;2;9;13;4;9;1;4;0;60;27;0;0;0
31;2;15;10;6;3;4;4;0;30;38;0;0;0
26;5;9;13;4;9;1;4;1;40;38;0;0;0
75;4;10;16;2;9;0;4;1;3;38;1;0;0
29;2;12;14;4;13;3;2;1;40;38;0;0;0
61;2;11;9;2;3;0;4;1;50;38;0;0;1
24;2;15;10;5;11;4;4;0;45;38;0;0;0
34;2;7;12;4;9;1;4;1;40;38;0;0;0
42;2;15;10;0;2;3;4;1;40;38;0;0;0
24;2;1;7;4;2;1;4;1;40;38;0;0;0
27;0;11;9;4;2;1;2;1;40;38;0;1;0
39;1;9;13;2;9;5;4;0;50;38;0;0;1
20;2;11;9;4;5;3;4;1;40;38;0;0;0
51;2;1;7;4;7;1;2;0;40;38;0;0;0
68;2;9;13;2;11;0;4;1;30;38;0;0;0
28;0;11;9;4;6;3;4;1;48;38;0;0;0
43;2;11;9;0;12;1;4;0;40;38;0;0;0
35;2;15;10;3;2;1;4;1;40;38;0;0;0
44;2;11;9;0;0;4;2;0;40;38;0;0;0
41;2;9;13;4;5;1;4;1;40;38;0;0;0
44;2;11;9;2;12;0;4;1;45;38;0;0;1
20;2;11;9;2;0;2;4;0;40;38;0;0;0
46;2;11;9;2;2;0;4;1;75;38;0;0;1
27;4;7;12;2;13;0;4;1;70;38;1;0;1
32;2;15;10;4;7;1;4;1;50;38;0;0;0
46;2;15;10;0;11;1;4;1;50;38;0;0;0
26;2;11;9;4;7;1;4;1;24;38;0;0;0
20;2;15;10;4;0;3;1;0;40;39;0;0;0
36;2;11;9;2;4;5;4;0;40;38;0;0;0
49;2;9;13;2;3;0;4;1;40;38;0;0;1
32;2;11;9;2;3;0;4;1;55;38;1;0;1
32;2;9;13;2;9;0;4;1;50;38;1;0;1
49;2;9;13;2;2;0;4;1;40;38;0;1;1
36;2;11;9;4;13;1;4;1;45;38;0;0;0
22;2;15;10;4;7;2;4;1;25;38;0;0;0
52;0;11;9;0;0;1;4;0;40;38;0;0;0
42;2;11;9;2;3;0;4;1;50;38;0;0;1
72;2;11;9;6;7;4;4;0;16;38;0;0;0
30;1;9;13;5;9;1;4;0;40;38;0;0;0
44;2;15;10;2;5;0;4;1;40;38;0;0;0
23;2;9;13;4;11;1;4;0;45;38;0;0;0
22;2;15;10;4;11;3;4;1;20;38;0;0;0
59;2;9;13;5;0;4;4;1;60;38;0;0;0
46;2;11;9;0;9;4;4;0;40;38;0;0;0
30;2;8;11;2;5;0;4;1;40;25;0;0;0
64;0;5;4;6;7;4;4;0;30;32;0;0;0
31;2;15;10;2;11;5;2;0;40;38;0;0;0
64;2;11;9;2;7;0;4;1;20;38;0;0;0
45;2;11;9;4;6;3;4;0;40;38;0;0;0
59;2;11;9;2;6;0;4;1;40;38;0;1;1
32;2;11;9;4;0;2;2;0;40;22;0;0;0
43;2;9;13;2;6;0;0;1;40;38;0;0;0
23;2;15;10;4;11;1;4;1;45;38;0;0;0
49;4;11;9;2;2;0;4;1;40;38;0;0;0
32;2;2;8;2;6;0;4;1;40;25;0;0;0
49;2;8;11;4;3;4;4;0;40;38;0;0;0
33;2;15;10;0;9;1;4;1;40;38;0;0;0
28;2;14;15;4;9;1;4;0;85;38;0;0;0
47;2;11;9;2;11;0;2;1;40;38;0;0;0
41;2;11;9;4;7;3;4;1;40;38;0;0;0
34;1;12;14;2;3;0;4;1;40;38;0;0;1
25;2;11;9;4;7;1;4;0;35;38;0;0;0
21;2;15;10;4;11;1;4;0;15;38;0;0;0
46;2;6;5;2;7;0;4;1;40;38;0;0;0
37;2;3;2;2;2;0;1;1;40;0;0;0;0
41;2;15;10;2;2;0;4;1;56;38;0;0;1
44;2;11;9;4;0;3;4;1;50;38;0;1;0
30;2;11;9;2;12;0;4;1;40;38;0;0;1
54;2;15;10;2;6;0;4;1;40;38;0;0;0
35;4;11;9;2;4;0;4;1;99;38;0;0;0
21;2;15;10;4;12;3;4;0;25;6;0;0;0
35;4;12;14;2;11;0;4;1;40;38;0;0;1
35;2;14;15;2;9;0;4;1;80;38;0;0;1
19;2;15;10;4;2;3;4;1;20;38;0;0;0
48;2;11;9;0;3;1;4;0;40;38;0;0;0
65;4;15;10;6;2;1;4;0;35;38;0;0;0
40;2;9;13;5;0;4;2;1;35;38;0;0;0
26;2;11;9;4;0;1;4;0;40;38;0;0;0
45;2;15;10;2;3;0;4;1;40;38;0;0;0
26;2;15;10;4;2;3;4;1;40;38;0;0;0
32;2;11;9;2;0;0;4;1;40;38;0;0;0
35;2;9;13;0;3;1;4;1;50;38;1;0;1
22;4;15;10;4;2;1;4;1;48;38;0;0;0
37;2;8;11;5;9;3;4;0;38;38;0;0;0
25;2;9;13;4;2;1;4;1;40;25;0;0;0
46;2;8;11;2;3;0;4;1;48;38;0;0;1
30;2;11;9;4;5;3;4;1;27;38;0;0;0
63;2;7;12;0;3;1;4;1;40;38;0;0;1
51;1;11;9;2;10;0;4;1;40;38;0;0;1
68;4;5;4;2;3;0;4;1;16;38;0;0;0
36;2;10;16;2;9;0;4;1;50;1;0;0;0
28;3;15;10;4;3;1;4;1;50;38;0;0;0
41;1;15;10;2;11;0;4;1;40;38;0;0;0
47;2;15;10;2;9;0;4;1;40;38;0;0;0
22;2;15;10;4;7;4;2;0;30;38;0;0;0
34;3;14;15;2;9;0;4;1;40;38;1;0;1
46;0;9;13;2;9;0;4;1;40;38;0;0;1
28;2;15;10;3;0;3;4;0;40;38;0;0;0
36;2;11;9;2;2;0;4;1;52;38;0;0;1
18;2;15;10;4;11;3;4;0;20;38;0;0;0
33;1;12;14;2;9;0;4;1;50;38;1;0;1
51;2;11;9;2;13;0;4;1;60;38;1;0;1
56;4;11;9;2;3;0;4;1;35;38;0;0;0
54;2;11;9;4;0;4;4;0;40;38;0;0;0
29;2;11;9;4;3;4;2;0;40;38;0;0;0
40;2;15;10;0;5;1;0;0;84;38;0;0;0
53;2;12;14;2;3;0;4;1;65;38;1;0;1
22;2;11;9;4;5;3;4;1;35;38;0;0;0
33;2;11;9;2;6;0;4;1;40;38;0;0;1
28;2;11;9;0;13;1;4;1;50;38;0;0;0
63;2;15;10;2;9;5;4;0;12;38;0;0;0
53;0;10;16;2;9;0;4;1;60;10;1;0;1
37;2;0;6;2;2;0;4;1;50;38;0;0;0
50;0;15;10;0;3;4;4;1;40;38;0;0;0
22;2;11;9;4;2;3;4;1;40;38;0;0;0
40;0;7;12;4;0;1;4;0;40;38;0;0;0
22;2;9;13;4;9;1;4;0;40;38;1;0;1
21;2;15;10;4;9;3;4;1;40;38;0;0;0
25;2;7;12;2;5;0;2;1;40;22;0;0;0
20;2;15;10;4;2;1;4;0;40;38;0;0;0
43;0;11;9;2;13;0;4;1;40;38;0;0;0
29;2;8;11;4;3;4;4;0;50;38;0;0;0
32;2;9;13;2;11;0;4;1;40;38;0;0;1
42;2;12;14;2;11;0;4;1;50;38;0;0;1
33;2;11;9;2;6;0;1;1;40;34;0;0;0
27;2;15;10;2;3;5;4;0;40;38;0;0;1
29;2;15;10;2;6;0;4;1;38;38;0;0;0
29;2;11;9;2;13;0;4;1;40;38;0;0;0
20;2;15;10;4;3;3;4;0;20;38;0;0;0
35;2;0;6;4;0;3;4;1;40;38;0;0;0
31;4;9;13;2;9;0;4;1;50;32;0;1;1
33;2;11;9;4;2;1;4;1;50;38;0;0;0
67;2;15;10;2;3;0;4;1;40;38;0;1;0
46;2;15;10;2;9;0;4;1;10;38;0;0;0
45;2;6;5;2;6;5;4;0;40;38;0;0;1
17;1;1;7;4;11;3;4;1;20;38;0;0;0
35;2;9;13;2;3;0;4;1;70;38;0;1;1
48;4;9;13;3;3;1;2;1;40;22;0;0;1
49;2;11;9;0;6;1;2;0;40;38;0;0;0
20;2;15;10;4;11;2;4;0;40;38;0;0;0
27;2;11;9;2;6;0;4;1;46;1;1;0;0
64;2;15;10;2;2;0;4;1;20;38;0;0;0
53;0;15;10;5;2;1;2;1;40;38;0;0;0
52;2;11;9;0;0;1;4;0;40;38;0;0;0
29;2;11;9;2;2;0;4;1;55;38;0;0;0
32;3;11;9;2;2;0;4;1;40;38;1;0;1
48;4;9;13;2;9;5;4;0;20;38;0;0;1
30;2;15;10;4;2;2;4;1;40;25;0;0;0
34;2;11;9;2;7;0;4;1;20;38;0;0;0
39;2;11;9;4;9;1;4;1;50;38;0;0;0
28;2;1;7;4;5;2;4;1;40;38;0;0;0
54;2;9;13;4;9;1;4;0;50;38;0;0;0
24;2;15;10;4;11;3;4;1;40;38;0;1;0
25;2;11;9;4;3;3;4;0;40;38;0;0;0
25;2;1;7;0;7;4;4;0;12;38;0;0;0
48;1;15;10;2;3;5;4;0;40;38;1;0;1
24;2;9;13;4;11;3;4;0;40;38;0;0;0
31;2;15;10;2;11;0;1;1;50;35;0;0;0
47;2;15;10;2;2;0;4;1;40;38;0;0;1
19;2;15;10;4;0;3;4;0;25;38;0;0;0
52;3;15;10;2;11;0;4;1;50;38;1;0;1
52;2;11;9;2;0;0;4;1;40;38;0;0;0
60;2;11;9;2;13;0;4;1;28;38;0;0;0
43;2;12;14;2;9;0;4;1;50;38;0;0;1
24;2;7;12;0;7;3;4;0;30;38;0;0;0
51;2;11;9;4;0;1;4;0;40;38;0;0;0
38;4;6;5;0;2;1;4;1;40;38;0;0;0
21;2;15;10;4;0;3;4;0;10;38;0;0;0
40;3;11;9;2;0;0;4;1;50;38;0;0;1
54;2;15;10;6;3;4;4;0;40;38;0;0;0
35;2;9;13;4;7;2;4;1;50;38;0;0;0
52;2;1;7;5;6;4;2;1;40;38;0;0;0
53;2;11;9;2;3;0;4;1;40;38;1;0;1
35;2;11;9;0;2;4;2;1;40;38;0;0;0
43;4;15;10;0;11;4;4;0;42;38;0;1;0
29;2;9;13;2;2;0;4;1;40;1;0;0;0
29;2;11;9;2;13;0;0;1;65;38;0;0;0
27;2;11;9;4;7;1;4;0;40;38;0;0;0
58;2;9;13;2;0;0;4;1;40;25;0;0;0
64;2;11;9;2;5;0;4;1;18;38;0;0;0
53;2;11;9;2;0;5;2;0;32;38;0;0;0
21;2;11;9;4;0;1;4;0;30;38;0;0;0
40;4;7;12;0;3;1;4;1;30;38;0;0;0
52;5;10;16;2;9;0;4;1;40;19;0;0;1
38;2;8;11;4;12;1;4;1;50;38;0;0;0
39;2;11;9;2;3;0;4;1;40;38;0;0;0
68;2;10;16;2;9;0;4;1;55;38;0;0;1
24;2;11;9;4;11;1;4;1;38;38;0;0;0
40;3;14;15;2;9;0;4;1;50;38;0;0;1
43;3;14;15;2;9;0;2;1;99;38;0;0;1
38;2;9;13;4;3;1;4;0;70;38;0;0;0
45;2;11;9;2;11;0;4;1;40;38;0;0;1
18;2;1;7;4;6;3;4;1;55;38;0;0;0
57;1;12;14;2;3;0;4;1;50;38;0;0;1
49;2;11;9;5;7;1;2;0;35;38;0;0;0
25;2;15;10;4;3;3;4;0;40;40;0;0;0
52;0;15;10;0;0;1;4;1;40;38;0;0;0
56;2;0;6;0;2;1;4;1;56;38;0;0;0
26;3;15;10;4;11;1;4;1;48;38;0;0;0
19;2;11;9;4;2;1;4;0;40;38;0;0;0
25;3;9;13;4;0;3;1;0;40;38;0;0;0
25;2;11;9;2;0;5;4;0;30;38;0;0;0
21;2;11;9;4;11;2;4;1;45;38;0;0;0
48;4;5;4;2;2;0;4;1;40;21;0;0;0
33;5;12;14;2;9;0;4;1;60;1;0;0;0
31;5;11;9;0;10;3;3;1;40;38;0;0;0
26;4;11;9;0;4;4;4;1;65;38;0;0;0
37;5;9;13;4;9;1;4;1;38;38;0;0;0
20;2;15;10;4;7;3;4;1;20;38;0;0;0
49;2;11;9;6;0;4;4;0;20;38;0;0;0
49;2;12;14;2;3;0;4;1;40;38;0;1;1
51;2;15;10;2;9;5;4;0;40;38;0;0;1
40;2;15;10;2;11;0;4;1;40;38;0;0;0
24;2;8;11;4;6;3;4;0;40;38;0;0;0
18;2;2;8;4;11;3;4;1;24;38;0;0;0
41;2;0;6;2;13;0;2;1;40;38;0;0;1
46;2;11;9;2;0;0;4;1;40;38;0;1;1
46;2;11;9;2;0;5;4;0;40;38;0;0;0
64;2;0;6;2;13;0;4;1;40;38;0;0;1
50;4;14;15;2;9;0;4;1;40;38;0;0;1
53;5;12;14;2;9;0;4;1;36;38;0;0;1
21;2;11;9;4;2;1;4;1;40;38;0;0;0
22;5;15;10;2;7;0;4;1;25;38;0;0;0
37;2;9;13;0;3;4;4;0;45;38;1;0;1
39;0;14;15;4;9;1;4;1;55;38;0;0;1
30;2;9;13;2;11;0;1;1;40;18;0;0;0
25;2;9;13;4;9;1;4;1;40;38;0;1;0
26;2;15;10;4;3;4;2;0;40;38;0;0;0
43;2;9;13;4;11;1;4;1;50;38;0;0;0
59;2;11;9;6;0;4;4;0;60;38;0;0;0
27;2;11;9;3;0;4;4;0;40;22;0;0;0
55;2;0;6;2;2;0;2;1;40;38;0;0;1
20;2;15;10;4;7;3;4;1;12;1;0;0;0
25;2;8;11;4;9;1;4;0;36;1;0;0;0
28;2;7;12;5;7;1;4;1;40;38;0;0;0
29;2;9;13;4;11;1;4;1;50;38;0;0;0
60;2;1;7;2;11;0;4;1;40;38;0;0;1
37;1;9;13;2;9;5;4;0;50;38;1;0;1
25;2;1;7;0;11;3;4;0;40;38;0;0;0
27;2;15;10;2;2;0;4;1;60;38;0;0;0
50;5;9;13;2;3;0;4;1;40;38;0;0;1
41;4;15;10;2;4;0;4;1;70;38;1;0;0
46;2;5;4;2;2;0;4;1;47;38;0;0;0
35;2;8;11;0;7;4;2;0;40;38;0;0;0
40;2;11;9;4;5;1;2;1;40;38;0;0;0
49;2;9;13;2;3;0;4;1;40;38;0;0;1
29;2;9;13;4;9;1;4;0;50;38;0;0;0
43;1;9;13;0;9;4;4;0;40;38;0;1;0
39;2;7;12;4;13;1;2;1;60;38;0;0;0
35;2;11;9;4;5;3;4;1;60;38;0;0;0
52;2;15;10;2;6;0;4;1;40;38;0;0;0
25;2;15;10;4;5;1;2;1;40;27;0;0;0
20;3;11;9;4;6;3;4;0;30;38;0;0;0
24;2;9;13;4;3;1;4;1;40;38;0;0;0
29;2;9;13;2;2;2;1;1;30;18;0;0;0
21;2;15;10;4;7;3;4;1;40;38;0;0;0
37;0;9;13;0;3;2;4;0;50;38;0;0;0
43;0;11;9;4;0;3;4;1;40;38;0;0;0
19;2;11;9;4;0;1;4;0;26;38;0;0;0
47;2;11;9;2;11;0;4;1;45;38;0;0;0
61;2;11;9;2;13;0;4;1;45;38;0;0;1
35;2;11;9;2;7;0;4;1;60;38;0;0;0
60;2;0;6;2;5;0;2;1;40;38;0;0;0
27;2;15;10;4;0;1;4;0;40;38;0;0;0
57;1;9;13;2;9;0;1;1;35;18;0;0;0
56;2;3;2;2;2;0;4;1;40;38;0;0;0
27;2;11;9;4;3;1;4;0;40;38;0;0;0
47;2;5;4;2;6;5;2;0;35;38;0;0;0
19;2;11;9;4;7;1;4;1;30;38;0;0;0
28;4;2;8;0;7;4;4;0;30;38;0;0;0
43;2;0;6;2;0;0;4;1;40;38;0;0;0
63;1;15;10;0;3;1;4;0;35;38;0;0;0
25;2;11;9;0;5;3;1;0;40;29;0;0;0
35;4;11;9;4;6;3;4;1;40;38;1;0;1
20;2;11;9;4;5;3;4;0;40;38;0;0;0
48;2;0;6;2;11;0;4;1;70;38;0;0;0
30;1;9;13;4;9;1;2;0;40;10;0;0;0
31;2;9;13;2;9;0;4;1;40;38;0;0;1
20;2;11;9;4;11;3;1;0;24;29;0;0;0
57;5;12;14;2;9;0;4;1;50;38;0;0;1
41;2;8;11;2;0;5;4;0;44;38;1;0;1
33;2;11;9;0;0;2;4;0;40;38;0;0;0
27;2;8;11;2;4;0;4;1;40;38;0;0;0
34;2;11;9;2;4;0;4;1;60;38;0;0;1
22;2;0;6;4;2;1;4;1;30;38;0;0;0
50;2;7;12;2;3;5;2;0;40;38;0;0;1
40;4;9;13;2;9;0;4;1;45;38;0;0;1
37;2;11;9;2;2;0;4;1;51;38;0;0;0
53;2;12;14;2;3;0;4;1;55;38;1;0;1
38;4;15;10;2;6;0;4;1;40;38;1;0;1
25;5;11;9;4;9;1;4;1;40;38;0;0;0
51;2;11;9;2;2;0;2;1;40;38;0;0;0
18;2;15;10;4;7;3;4;1;16;38;0;0;0
41;2;1;7;2;5;0;4;1;40;38;1;0;1
33;2;11;9;4;0;4;4;0;40;38;0;0;0
33;2;9;13;4;11;1;4;0;40;38;0;0;0
67;5;15;10;2;13;0;4;1;40;38;0;0;0
47;4;11;9;2;3;0;4;1;50;38;0;1;1
24;2;15;10;4;6;1;4;1;40;38;0;0;0
32;1;5;4;2;7;0;4;1;40;38;0;0;0
29;2;11;9;4;7;4;4;0;40;25;0;0;0
25;2;8;11;4;11;1;4;1;45;38;0;0;0
33;2;15;10;0;0;1;4;0;40;38;0;0;0
55;2;9;13;2;2;0;4;1;40;38;0;0;0
31;2;15;10;2;11;0;4;1;40;38;0;0;1
32;1;12;14;2;9;0;4;1;50;38;0;0;0
18;2;11;9;4;10;3;4;1;3;38;1;0;0
36;2;11;9;0;0;4;4;0;50;38;0;0;0
58;2;11;9;6;0;1;4;0;27;38;0;0;0
34;2;12;14;2;3;0;4;1;50;38;0;1;1
19;2;1;7;4;5;1;4;1;40;38;0;0;0
21;2;11;9;4;0;4;2;0;40;38;0;0;0
36;3;11;9;4;4;1;4;1;50;38;0;0;0
37;2;9;13;2;9;5;2;0;40;38;1;0;1
43;2;11;9;2;6;5;2;0;21;37;0;0;0
52;5;9;13;2;10;0;4;1;40;38;0;0;0
43;2;15;10;0;9;4;4;0;38;38;0;0;0
22;2;11;9;4;7;3;4;1;40;38;0;0;0
57;2;4;3;0;13;4;4;1;40;38;1;0;0
37;2;7;12;4;0;1;4;0;40;38;0;0;0
39;2;15;10;0;11;4;1;0;38;38;0;0;0
54;2;15;10;2;11;0;4;1;40;38;0;0;1
27;2;7;12;4;7;1;4;1;40;38;0;0;0
21;2;11;9;4;0;1;4;0;35;38;0;0;0
65;2;15;10;5;0;1;4;0;38;38;0;0;0
30;2;15;10;2;7;5;4;0;40;38;0;0;0
22;2;6;5;4;6;1;4;0;40;38;0;0;0
26;2;9;13;2;11;0;4;1;50;38;1;0;0
25;2;1;7;5;2;3;4;1;40;38;0;0;0
47;2;8;11;2;3;0;4;1;50;38;1;0;1
23;2;7;12;4;7;3;4;1;60;38;0;0;0
42;2;11;9;2;11;0;2;1;40;38;0;0;1
39;4;15;10;4;2;1;1;1;30;38;0;0;0
55;2;10;16;2;3;0;4;1;60;38;0;0;1
24;5;12;14;3;9;1;1;0;10;2;0;0;0
53;2;11;9;2;2;0;4;1;40;38;0;0;1
44;2;1;7;5;7;4;2;0;60;38;0;0;0
40;2;11;9;5;13;4;2;0;40;38;0;0;0
48;2;15;10;2;2;0;4;1;40;38;1;0;1
26;2;8;11;5;0;4;4;0;35;38;0;0;0
22;2;11;9;4;11;3;4;0;40;38;0;0;0
43;2;11;9;0;3;1;4;0;40;38;0;0;0
37;1;11;9;2;7;5;4;0;25;38;0;0;0
30;2;11;9;2;2;0;1;1;40;24;0;0;0
41;2;11;9;2;11;0;0;1;50;38;0;0;0
38;2;14;15;2;9;0;4;1;60;38;0;0;1
42;4;11;9;2;4;0;4;1;50;38;0;0;0
20;2;11;9;4;13;3;2;1;40;38;0;0;0
36;2;9;13;0;0;1;4;0;40;38;1;0;0
32;0;8;11;4;9;2;1;1;40;38;0;0;0
27;2;9;13;2;3;0;4;1;40;38;0;0;1
25;5;15;10;0;10;2;4;1;45;38;0;0;0
40;2;12;14;4;3;1;4;1;40;38;0;0;0
49;2;9;13;2;3;0;4;1;45;38;0;0;1
17;2;1;7;4;7;3;4;0;16;38;0;0;0
29;2;11;9;4;11;4;4;0;40;38;0;0;0
47;2;14;15;2;9;0;1;1;55;35;1;0;1
24;4;15;10;5;5;3;4;1;45;38;0;0;0
29;2;11;9;4;2;1;4;1;40;38;0;0;0
45;2;15;10;2;0;5;4;0;24;1;0;0;1
30;2;2;8;2;2;0;4;1;50;38;0;0;0
19;2;15;10;4;0;3;4;1;20;38;0;0;0
59;2;0;6;2;13;0;4;1;40;38;0;1;1
47;2;5;4;3;7;4;4;0;30;38;0;0;0
41;2;15;10;2;12;0;2;1;40;38;1;0;0
28;2;7;12;4;9;3;4;1;40;9;0;0;0
46;2;7;12;2;2;0;4;1;40;38;0;0;1
40;4;15;10;2;2;0;4;1;60;38;0;0;0
66;5;0;6;0;7;1;2;0;40;38;0;0;0
44;4;15;10;4;2;3;4;1;12;38;0;0;0
58;4;11;9;2;3;0;4;1;60;38;1;0;1
21;2;5;4;4;7;2;4;1;48;25;0;0;0
59;2;6;5;6;7;4;2;0;40;38;0;0;0
35;1;15;10;2;7;0;4;1;40;38;0;0;0
45;2;6;5;2;0;0;2;1;40;38;1;0;1
30;2;11;9;2;13;0;4;1;40;38;0;0;0
33;2;11;9;4;5;1;2;1;40;22;0;0;0
26;2;15;10;4;11;1;4;0;15;38;0;0;0
48;2;15;10;5;11;4;2;0;35;38;0;0;0
31;2;11;9;4;11;3;1;0;40;38;0;0;0
36;2;11;9;2;3;0;4;1;45;38;0;0;0
48;2;11;9;0;9;4;4;0;38;38;0;0;0
30;2;11;9;2;2;0;4;1;40;38;1;0;0
33;2;11;9;2;5;0;4;1;50;38;0;0;1
53;2;9;13;2;3;0;4;1;45;38;0;0;1
38;2;15;10;2;13;0;4;1;50;38;1;0;1
34;2;15;10;4;7;1;4;1;50;38;0;0;0
45;2;9;13;2;11;0;4;1;52;38;0;0;1
33;1;8;11;2;9;0;4;1;60;38;0;0;0
35;2;8;11;2;2;5;4;0;44;38;0;0;0
22;2;11;9;4;5;3;2;1;40;38;0;0;0
35;2;11;9;0;7;4;4;0;30;38;0;0;0
45;2;11;9;2;9;0;0;1;8;38;0;0;0
17;2;1;7;4;4;3;4;1;45;38;0;0;0
50;2;11;9;2;3;0;4;1;45;38;0;0;0
38;1;9;13;2;9;0;4;1;50;38;0;0;1
33;2;15;10;2;2;0;4;1;50;38;1;0;1
25;2;9;13;4;11;1;4;0;50;38;1;0;0
64;2;11;9;2;2;0;4;1;40;38;0;0;0
62;4;15;10;2;3;0;4;1;10;38;0;0;0
32;2;11;9;2;12;0;4;1;60;38;0;0;1
17;2;1;7;4;11;3;4;1;20;38;0;0;0
61;2;11;9;2;2;0;4;1;55;38;0;0;0
40;5;10;16;4;9;1;2;0;40;38;0;0;0
21;2;11;9;4;3;2;4;0;40;38;0;0;0
39;2;9;13;2;3;0;4;1;50;38;1;0;1
35;4;15;10;2;3;0;4;1;45;38;0;0;0
29;2;8;11;2;9;0;4;1;40;38;0;0;0
27;0;7;12;4;13;1;2;1;40;38;0;0;0
20;2;7;12;4;0;1;4;0;40;38;0;0;0
51;1;12;14;4;9;3;4;1;40;38;0;0;0
45;2;11;9;5;6;4;2;0;15;38;0;0;0
31;2;15;10;2;2;0;4;1;40;38;0;0;0
29;2;11;9;4;12;3;2;1;40;38;0;0;0
56;2;9;13;2;0;0;4;1;30;1;0;0;0
55;4;15;10;0;12;1;4;0;12;38;0;0;1
26;2;15;10;4;12;3;4;1;20;38;0;0;0
46;2;15;10;2;2;0;4;1;45;38;1;0;1
32;1;11;9;2;7;0;4;1;40;38;0;0;0
28;2;11;9;2;11;0;4;1;40;38;0;0;0
27;2;5;4;4;7;2;4;1;35;12;0;0;0
23;2;6;5;3;2;1;4;1;40;25;0;0;0
59;2;0;6;2;2;0;4;1;40;38;0;0;0
26;2;2;8;4;2;2;3;1;48;12;0;0;0
36;2;0;6;4;5;1;4;1;40;38;0;0;0
18;2;11;9;4;11;3;4;0;15;38;0;0;0
33;2;6;5;0;5;1;4;1;70;38;0;0;0
60;4;8;11;2;13;5;4;0;15;10;0;0;1
40;2;11;9;0;6;4;4;0;48;25;0;0;0
48;2;11;9;2;4;0;4;1;43;38;0;0;0
27;4;0;6;2;2;0;4;1;48;38;0;0;0
19;2;15;10;4;7;3;4;1;20;38;0;0;0
38;2;9;13;2;9;0;4;1;50;38;0;0;1
26;2;15;10;0;2;1;4;1;43;38;0;0;0
45;0;8;11;2;10;0;4;1;40;38;1;0;0
20;2;15;10;4;0;3;4;0;20;38;0;0;0
32;0;11;9;0;2;4;4;1;40;38;0;0;0
22;2;15;10;4;5;3;4;0;13;38;0;0;0
22;2;11;9;4;0;1;4;1;40;38;0;0;0
38;5;11;9;4;7;4;2;0;38;38;1;0;0
34;2;11;9;2;2;0;4;1;50;38;0;1;1
46;2;3;2;6;7;4;3;0;30;25;0;0;0
39;2;9;13;0;3;1;4;0;25;38;0;0;0
79;4;11;9;6;7;1;4;0;24;38;0;0;0
24;2;11;9;4;11;3;4;1;40;5;0;0;0
31;2;15;10;2;2;0;4;1;65;38;1;0;0
37;4;9;13;2;11;0;1;1;77;39;1;0;0
23;2;11;9;4;2;2;4;1;40;38;0;0;0
31;2;15;10;2;13;0;4;1;45;7;0;1;0
29;2;9;13;2;9;0;4;1;40;38;0;0;1
22;5;9;13;4;9;3;4;0;43;38;0;0;0
55;1;11;9;0;7;4;4;0;38;38;0;0;0
43;2;11;9;0;2;2;4;1;40;38;0;0;0
23;2;5;4;4;4;4;3;1;36;25;0;0;0
29;2;11;9;4;0;4;4;1;35;25;0;0;0
22;2;8;11;4;7;2;4;0;40;25;0;0;0
22;2;15;10;4;11;1;4;1;42;38;0;0;0
25;2;11;9;2;3;0;4;1;84;38;1;0;1
29;2;15;10;4;6;3;4;1;45;38;0;0;0
25;5;15;10;4;13;1;2;1;40;38;0;0;0
33;0;11;9;4;3;1;4;0;40;38;0;0;0
33;2;9;13;4;9;1;4;1;40;38;0;0;1
31;2;10;16;4;9;1;4;0;28;38;0;0;0
30;1;12;14;2;9;0;4;1;45;38;0;1;1
55;2;9;13;2;11;0;4;1;40;38;0;0;0
36;2;2;8;4;3;1;4;1;50;38;1;0;0
28;2;9;13;4;11;1;4;1;40;38;1;0;1
42;2;12;14;2;9;0;4;1;40;38;0;0;1
51;2;7;12;0;3;4;4;1;55;10;0;0;0
62;1;9;13;0;9;1;2;0;40;38;0;0;0
65;3;15;10;2;11;0;4;1;35;38;0;0;1
23;2;9;13;2;9;0;4;1;40;38;0;0;0
47;2;5;4;2;2;0;2;1;60;38;0;0;1
50;3;11;9;0;3;4;4;0;40;38;0;0;0
32;4;9;13;2;2;0;4;1;40;38;0;0;0
37;0;15;10;2;6;0;4;1;40;38;0;0;0
31;2;11;9;4;2;4;4;1;40;38;1;0;1
76;2;0;6;6;11;4;2;0;12;38;0;0;0
54;2;9;13;0;11;1;2;0;60;38;0;0;0
32;0;9;13;2;9;0;4;1;40;38;0;0;1
31;2;15;10;4;0;1;4;0;52;38;0;0;0
31;0;9;13;0;10;1;4;1;50;38;0;0;1
65;4;14;15;0;9;1;4;1;40;38;0;1;0
30;2;11;9;2;6;0;4;1;60;20;0;0;1
21;2;15;10;4;9;3;4;0;10;38;0;0;0
40;0;12;14;2;12;0;1;1;40;29;0;1;1
26;5;15;10;4;2;1;4;0;40;38;0;0;0
18;2;1;7;4;7;3;4;0;8;38;0;0;0
34;1;11;9;2;7;0;4;1;50;38;0;0;0
44;4;15;10;4;4;3;4;1;60;38;0;0;0
30;2;7;12;4;12;1;4;0;40;38;0;0;0
36;4;9;13;4;2;3;4;1;40;38;0;0;0
31;2;15;10;2;9;0;4;1;50;38;0;0;1
22;2;15;10;4;11;1;4;1;20;38;0;0;0
23;2;11;9;4;11;3;1;1;40;38;0;0;0
49;2;12;14;2;3;0;4;1;50;38;1;0;1
39;4;9;13;5;2;3;4;1;35;38;0;0;0
19;2;15;10;4;5;3;4;1;16;38;0;0;0
30;2;7;12;2;3;0;4;1;50;38;0;1;1
25;2;15;10;4;2;2;1;0;40;0;0;0;0
46;2;11;9;2;6;0;4;1;40;38;0;0;0
37;2;12;14;2;9;0;4;1;45;38;0;0;0
41;0;11;9;2;7;0;4;1;40;38;0;0;0
40;4;15;10;2;9;0;4;1;20;38;0;0;0
44;2;11;9;0;0;4;4;0;40;38;0;0;0
32;2;11;9;2;6;0;4;1;40;38;0;0;0
58;2;11;9;2;5;0;2;1;20;38;0;0;1
48;2;11;9;2;6;0;4;1;48;38;0;0;0
34;2;9;13;2;3;0;4;1;40;38;0;0;0
29;2;8;11;4;0;3;2;0;40;38;0;0;0
46;3;9;13;2;11;0;4;1;50;38;0;0;1
36;1;11;9;4;13;1;1;1;40;38;0;0;0
59;1;9;13;4;0;1;4;1;38;38;0;0;0
29;2;2;8;2;13;0;4;1;40;25;0;0;0
25;2;11;9;2;6;0;4;1;40;38;0;0;0
27;2;7;12;4;7;1;1;0;35;29;0;0;0
48;2;11;9;2;4;0;4;1;70;38;0;0;0
51;0;10;16;4;9;1;4;0;70;38;0;1;1
36;2;11;9;0;13;1;4;1;45;38;1;0;1
42;1;1;7;0;11;4;4;1;50;32;1;0;1
49;5;9;13;2;0;0;4;1;40;38;0;0;1
33;2;15;10;4;12;3;4;1;20;38;0;0;0
40;2;9;13;0;11;1;4;1;60;38;0;1;1
26;2;9;13;4;9;1;4;0;40;38;0;0;0
59;2;11;9;2;6;0;4;1;30;21;0;0;0
30;2;11;9;4;0;3;4;0;40;38;0;0;0
31;1;7;12;2;0;5;4;0;35;38;0;0;0
30;2;9;13;2;3;0;4;1;50;38;0;0;1
27;2;9;13;4;3;1;4;0;40;38;0;0;0
56;2;7;12;0;0;4;4;0;40;38;1;0;0
24;2;11;9;2;6;0;4;1;40;38;0;0;0
47;2;9;13;0;11;4;4;0;50;38;0;0;0
51;2;9;13;4;9;1;2;1;35;38;0;0;0
34;2;11;9;2;2;0;4;1;45;38;0;0;0
47;2;11;9;0;7;4;2;1;9;38;0;0;0
47;2;15;10;2;0;0;4;1;44;38;0;0;1
20;2;15;10;4;0;4;1;0;40;39;0;0;0
31;2;1;7;0;7;1;4;0;40;38;0;0;0
42;2;8;11;0;7;4;4;0;32;38;0;0;0
52;2;4;3;3;2;2;4;1;40;25;0;0;0
56;2;11;9;6;0;1;4;0;40;38;0;0;0
53;2;11;9;2;2;0;4;1;40;38;0;0;1
26;2;15;10;2;11;0;4;1;50;38;0;0;1
81;2;15;10;0;0;1;4;0;20;38;0;0;0
57;0;15;10;0;9;1;4;1;48;38;0;0;1
34;2;11;9;4;0;1;4;0;40;38;0;0;0
24;2;8;11;4;12;4;2;0;40;38;0;0;0
20;2;11;9;4;7;4;4;1;40;38;0;1;0
68;0;15;10;0;0;2;2;0;40;38;1;0;0
60;2;11;9;5;11;1;4;0;32;38;0;0;0
37;0;15;10;2;2;0;4;1;40;38;0;0;0
25;2;5;4;4;5;4;4;1;40;38;0;0;0
36;0;11;9;2;0;0;4;1;40;38;0;0;0
45;2;7;12;2;2;0;4;1;40;38;0;0;0
34;2;15;10;2;3;0;4;1;60;38;0;0;1
31;2;9;13;5;3;1;4;0;70;38;0;0;0
47;4;9;13;2;4;0;4;1;60;38;0;0;0
60;4;11;9;2;2;0;4;1;42;38;0;0;1
75;2;9;13;2;3;0;4;1;24;38;0;0;0
43;1;15;10;2;10;0;4;1;40;38;0;0;0
18;2;11;9;4;5;3;4;1;40;38;0;0;0
25;2;9;13;4;12;1;1;0;40;29;0;1;0
20;2;11;9;4;0;3;4;0;40;38;0;0;0
32;2;11;9;4;11;1;4;0;50;38;0;0;0
57;3;9;13;2;3;0;4;1;20;38;0;0;0
43;2;15;10;2;13;0;4;1;60;38;0;0;1
18;4;11;9;4;4;2;4;1;40;38;0;0;0
41;1;9;13;5;9;4;2;0;40;38;0;0;0
48;2;11;9;4;6;2;4;1;40;5;0;0;0
35;2;11;9;2;13;0;4;1;90;38;1;0;1
41;5;8;11;2;3;0;4;1;40;38;0;0;0
23;2;11;9;4;2;3;2;0;20;38;0;1;0
32;5;9;13;2;10;0;4;1;45;38;0;1;1
33;2;11;9;4;2;3;4;1;40;7;0;0;0
58;2;11;9;2;6;0;4;1;40;38;0;0;0
22;2;15;10;4;11;2;4;1;65;38;0;0;0
33;2;15;10;0;7;1;4;0;50;38;0;0;0
42;4;14;15;2;9;0;4;1;38;38;0;0;1
25;2;11;9;4;0;3;4;0;40;38;0;0;0
39;2;11;9;2;9;0;4;1;50;38;0;0;1
35;2;9;13;2;11;0;4;1;45;38;0;0;1
50;2;15;10;2;0;5;4;0;38;38;0;1;1
49;1;12;14;2;3;0;4;1;50;38;0;0;1
25;1;9;13;4;9;3;4;1;40;38;0;0;0
47;0;15;10;0;0;4;2;0;40;38;0;0;0
46;2;15;10;2;3;5;4;0;40;38;0;0;1
42;5;7;12;0;9;1;2;1;40;38;0;0;0
37;2;1;7;4;13;1;4;1;60;38;0;0;1
25;2;9;13;4;2;1;4;1;40;25;0;0;0
29;2;0;6;2;2;0;4;1;40;38;1;0;0
26;2;15;10;4;11;1;4;1;45;38;0;0;0
45;3;9;13;2;3;0;4;1;40;38;0;0;1
34;2;11;9;5;3;4;4;0;30;38;0;0;0
33;0;7;12;4;0;4;2;0;40;38;0;0;0
43;2;9;13;2;3;0;4;1;40;38;0;0;1
28;2;11;9;2;2;0;4;1;45;38;0;0;0
51;4;15;10;2;4;0;4;1;75;38;0;0;0
21;2;15;10;4;7;1;4;0;35;38;0;0;0
23;2;7;12;4;7;3;4;0;35;38;0;0;0
30;2;11;9;4;12;1;4;0;40;38;0;0;0
46;2;12;14;2;3;0;4;1;45;38;0;0;1
38;3;11;9;4;4;1;4;1;50;38;0;0;0
20;2;11;9;4;11;1;4;1;40;38;0;0;0
36;2;9;13;2;9;0;4;1;50;38;0;1;1
37;4;14;15;2;9;0;4;1;50;38;1;0;1
44;1;12;14;4;9;1;4;1;42;38;0;1;0
33;2;11;9;2;2;0;4;1;40;38;0;0;1
45;1;9;13;4;3;1;4;1;40;38;0;0;0
47;2;15;10;2;2;0;4;1;40;38;0;0;0
54;2;11;9;2;2;0;1;1;40;38;0;1;1
17;2;0;6;4;7;3;4;1;30;38;0;0;0
43;2;11;9;2;3;5;4;0;36;31;0;0;1
45;2;9;13;6;9;1;4;0;50;38;1;0;1
37;2;15;10;4;0;1;4;0;40;38;0;0;0
44;1;8;11;2;2;0;4;1;40;38;0;0;1
55;1;12;14;6;9;4;4;0;50;38;1;0;0
41;2;11;9;2;6;0;4;1;48;38;0;0;0
23;2;9;13;4;0;3;4;0;40;38;1;0;0
38;2;15;10;4;0;3;2;0;40;38;0;0;0
23;2;9;13;4;5;2;4;0;40;4;0;0;0
35;2;11;9;2;2;0;4;1;40;38;1;0;1
18;2;1;7;4;3;3;4;1;20;38;0;0;0
47;2;8;11;2;7;0;4;1;40;38;0;0;0
25;2;15;10;4;9;1;4;0;8;38;0;0;0
41;4;11;9;2;3;0;4;1;50;38;0;0;0
23;2;15;10;4;0;2;1;0;24;39;0;0;0
41;2;11;9;2;0;5;4;0;40;38;0;0;0
26;2;15;10;2;3;0;4;1;50;38;1;0;0
30;1;15;10;4;0;1;4;1;40;38;0;0;0
42;2;15;10;2;11;0;4;1;40;38;0;0;1
35;2;11;9;0;3;4;4;0;40;38;0;0;0
29;2;15;10;5;12;4;4;0;40;38;0;0;0
21;2;15;10;3;0;3;4;0;15;38;0;0;0
48;5;12;14;0;9;1;4;1;40;38;0;0;1
44;4;11;9;0;13;4;4;1;60;38;0;0;0
34;1;6;5;4;7;3;4;1;40;38;0;0;0
19;2;11;9;4;7;3;4;0;25;38;0;0;0
32;2;15;10;0;2;3;4;1;40;38;0;0;1
31;5;7;12;5;7;4;2;0;40;38;0;0;0
25;2;11;9;2;5;0;4;1;40;38;1;0;0
47;0;11;9;2;0;0;2;1;40;38;0;0;1
46;0;1;7;6;0;1;4;0;40;38;0;0;0
18;2;2;8;4;0;3;4;1;40;38;0;0;0
31;2;15;10;2;0;5;4;0;20;38;0;1;0
28;5;11;9;2;0;3;4;0;40;38;0;0;0
38;2;11;9;2;6;0;4;1;48;38;0;0;1
33;3;11;9;2;2;0;4;1;40;38;0;0;1
41;2;8;11;2;3;0;4;1;40;38;0;0;1
46;2;15;10;2;11;0;4;1;40;38;1;0;1
38;1;15;10;2;9;0;4;1;44;38;0;0;0
24;2;9;13;4;11;1;4;1;60;38;0;0;0
49;2;11;9;2;6;0;4;1;40;38;0;0;1
60;0;15;10;0;9;1;0;0;40;38;0;0;0
44;2;9;13;2;11;0;4;1;60;38;0;0;1
63;3;8;11;2;3;0;4;1;40;38;0;0;1
40;2;11;9;2;11;0;4;1;60;38;0;0;1
45;3;15;10;2;3;0;4;1;50;38;0;0;1
49;2;15;10;2;0;0;4;1;50;38;0;1;1
36;2;11;9;0;11;1;4;0;40;38;0;0;0
65;1;11;9;2;7;0;4;1;8;38;0;0;0
41;2;9;13;6;3;4;4;1;20;38;0;0;0
25;2;12;14;5;7;3;4;0;40;38;0;0;0
60;2;8;11;6;0;1;4;1;40;38;0;0;0
17;1;1;7;4;9;3;4;0;20;32;0;0;0
28;2;7;12;2;3;5;4;0;16;38;0;0;1
31;2;7;12;4;2;3;3;1;50;38;0;0;0
47;2;12;14;4;9;1;4;0;35;38;0;0;0
45;4;15;10;2;13;0;4;1;45;38;0;0;0
51;2;9;13;4;9;1;4;1;40;38;0;0;0
23;2;11;9;4;6;3;2;1;40;38;0;0;0
44;4;12;14;2;3;5;4;0;60;38;0;1;1
34;2;11;9;4;3;2;4;1;50;38;0;0;0
19;2;15;10;4;9;3;4;1;10;38;0;0;0
46;5;11;9;2;13;0;4;1;40;38;0;0;0
30;2;10;16;2;9;0;1;1;40;2;0;1;1
37;2;0;6;2;4;0;4;1;35;25;0;0;0
56;2;14;15;2;9;0;4;1;45;38;0;0;1
29;2;11;9;2;0;0;4;1;45;38;0;0;0
46;4;12;14;2;2;0;4;1;50;38;0;0;1
55;2;11;9;2;2;0;4;1;40;38;0;0;0
45;2;9;13;0;11;1;4;1;48;38;1;0;1
34;2;11;9;3;5;1;4;1;40;12;0;0;0
41;2;9;13;4;0;1;4;1;40;38;0;0;0
34;2;14;15;2;9;0;4;1;50;38;0;0;1
27;2;11;9;4;2;3;2;1;40;38;0;0;0
29;2;15;10;4;5;4;2;1;37;38;0;0;0
19;0;2;8;4;7;3;4;0;30;38;0;0;0
47;1;9;13;2;9;0;4;1;40;38;0;0;0
43;3;15;10;2;3;0;4;1;50;38;0;0;1
52;2;8;11;5;3;4;2;0;60;38;0;0;0
33;4;7;12;0;11;1;4;1;60;38;0;0;0
29;2;6;5;2;13;0;4;1;40;38;0;0;0
23;2;11;9;2;5;0;4;1;40;38;0;0;0
23;2;15;10;4;3;1;4;1;40;38;0;0;0
39;2;9;13;2;3;0;4;1;60;38;0;0;0
43;2;4;3;4;6;4;4;0;40;25;0;0;0
31;2;11;9;2;2;0;4;1;40;38;0;0;1
47;3;11;9;2;2;0;4;1;40;38;0;0;1
26;2;11;9;4;0;1;4;1;60;38;0;0;0
58;1;15;10;4;9;1;4;0;55;38;0;0;0
47;3;14;15;0;9;1;4;1;50;38;1;0;1
55;2;9;13;4;12;2;4;0;38;38;0;1;0
26;2;11;9;2;3;5;4;0;40;38;1;0;0
28;2;11;9;4;6;4;4;0;40;38;0;0;0
36;2;11;9;2;2;0;2;1;40;38;0;0;0
40;2;11;9;2;11;0;4;1;50;38;0;0;0
19;2;1;7;4;7;1;4;1;40;38;0;0;0
63;4;9;13;2;11;0;4;1;40;38;1;0;1
42;2;9;13;2;13;0;4;1;40;38;0;0;0
76;2;6;5;2;10;0;4;1;13;38;0;0;0
23;5;8;11;4;12;1;4;0;40;38;0;0;0
38;4;4;3;4;13;1;4;1;40;38;0;0;0
33;5;12;14;4;9;1;1;1;30;23;0;0;0
48;1;12;14;2;9;0;4;1;40;38;0;0;1
56;2;15;10;0;13;1;4;1;40;38;0;0;1
32;2;11;9;2;6;0;2;1;40;38;0;0;0
44;1;15;10;0;9;4;4;0;25;38;0;0;0
27;2;11;9;0;0;3;2;0;40;38;0;0;0
33;0;15;10;4;3;1;4;1;50;38;0;0;0
22;2;4;3;4;5;1;4;1;40;25;0;0;0
44;2;11;9;2;2;0;4;1;40;38;0;0;0
42;2;11;9;2;13;0;0;1;60;38;0;0;0
34;2;15;10;4;0;1;4;0;40;38;0;0;0
45;0;11;9;2;0;0;4;1;40;38;0;1;0
57;3;11;9;2;11;0;4;1;40;4;0;0;0
59;1;9;13;2;9;0;4;1;40;38;0;0;1
33;0;15;10;2;3;5;2;0;40;38;0;0;1
52;2;11;9;2;4;0;3;1;49;25;0;0;0
17;2;2;8;4;11;3;4;0;15;38;0;0;0
29;2;11;9;4;7;3;4;1;30;1;0;0;0
63;4;9;13;2;11;0;4;1;30;38;0;0;1
20;2;15;10;4;5;1;4;1;24;38;0;0;0
42;3;14;15;2;9;0;4;1;50;38;0;1;1
50;4;11;9;2;4;0;4;1;50;38;0;0;0
55;2;11;9;2;8;5;4;0;30;38;0;0;0
27;2;7;12;2;0;5;2;0;25;38;0;0;0
28;2;9;13;2;3;0;4;1;45;38;0;0;0
55;2;8;11;2;6;0;4;1;45;38;0;0;0
44;0;15;10;2;2;0;4;1;40;38;0;0;0
53;5;15;10;4;10;1;4;0;40;38;0;0;0
23;2;11;9;2;2;0;4;1;40;38;0;0;0
25;2;11;9;0;0;1;4;0;40;38;0;0;0
44;5;9;13;0;9;1;4;0;40;38;0;0;0
55;2;12;14;2;3;0;4;1;40;38;0;1;1
48;4;15;10;2;9;0;4;1;35;38;0;0;1
46;2;11;9;2;2;0;4;1;40;38;0;0;0
26;2;15;10;4;13;1;4;1;40;38;0;0;0
30;2;5;4;5;4;1;4;1;45;25;0;0;0
32;2;12;14;2;9;0;4;1;40;38;0;0;1
52;2;11;9;2;3;0;4;1;48;38;0;0;0
52;2;11;9;2;11;0;4;1;50;38;1;0;1
39;2;11;9;5;11;1;4;0;47;38;0;0;0
57;1;9;13;2;9;0;4;1;40;38;0;1;1
21;2;11;9;4;2;3;4;1;40;38;1;0;0
22;5;15;10;4;7;3;4;1;10;38;0;0;0
26;2;15;10;2;6;0;4;1;40;38;0;0;0
26;5;15;10;2;7;0;4;1;40;38;0;0;0
44;2;8;11;2;3;0;2;1;40;38;0;0;1
42;2;15;10;0;0;1;4;0;30;38;0;0;0
40;2;15;10;2;13;0;4;1;43;38;0;0;0
22;2;1;7;4;2;3;4;1;45;38;0;0;0
62;2;11;9;2;2;0;4;1;45;38;0;0;1
44;2;15;10;2;2;0;4;1;40;38;0;0;0
33;4;3;2;3;2;1;4;1;40;25;0;0;0
45;2;11;9;2;3;0;4;1;50;38;0;0;0
18;2;1;7;2;5;3;4;1;40;38;0;0;0
32;1;15;10;4;2;1;4;1;40;38;0;0;0
33;2;10;16;4;9;1;4;0;60;38;0;0;1
20;2;15;10;4;9;3;4;1;15;38;0;0;0
68;4;11;9;2;4;0;4;1;20;38;0;0;0
61;2;5;4;2;11;0;4;1;50;38;0;0;1
48;2;10;16;2;9;0;4;1;40;38;0;0;1
45;2;11;9;2;11;0;4;1;40;38;0;0;0
36;4;11;9;2;11;5;4;0;40;38;1;0;1
32;0;11;9;4;7;3;2;0;32;38;0;0;0
35;2;9;13;0;7;1;4;0;40;38;0;0;0
39;2;11;9;2;2;0;4;1;40;38;0;0;0
53;2;5;4;2;6;0;4;1;40;38;0;0;0
30;2;15;10;5;11;4;2;0;16;38;0;0;0
40;2;9;13;0;10;1;4;1;45;38;0;0;0
25;2;15;10;4;0;1;2;0;40;22;0;0;0
41;2;11;9;4;11;1;2;0;60;38;0;0;0
52;4;11;9;2;4;0;4;1;98;38;0;0;1
33;2;11;9;2;2;0;4;1;40;38;0;0;0
28;2;11;9;4;2;3;4;1;40;38;0;0;0
25;4;11;9;2;2;0;4;1;40;38;1;0;1
53;2;15;10;2;11;0;4;1;55;38;0;0;0
44;2;3;2;4;7;3;4;1;10;38;0;0;0
35;2;11;9;0;3;4;4;0;40;38;0;0;0
38;2;15;10;0;2;3;4;1;58;30;0;0;0
34;2;11;9;2;6;0;4;1;40;38;0;0;0
33;2;11;9;0;6;1;4;0;40;38;0;0;0
24;5;15;10;2;0;5;4;0;45;38;0;0;0
65;1;11;9;6;7;4;2;0;25;38;0;0;0
29;2;7;12;2;11;0;4;1;60;38;0;0;0
39;3;14;15;2;9;0;4;1;65;38;1;0;1
46;1;15;10;2;10;0;4;1;40;38;0;0;1
37;2;5;4;2;4;0;4;1;60;38;1;0;0
47;5;12;14;2;3;0;4;1;47;38;0;0;1
62;2;15;10;2;7;0;4;1;40;38;0;0;0
54;4;11;9;2;11;0;4;1;60;38;0;0;0
90;2;15;10;4;7;1;1;1;35;38;0;0;0
33;2;7;12;3;2;1;4;1;20;38;0;0;0
57;2;15;10;2;3;0;4;1;45;38;0;1;0
25;2;7;12;4;2;3;4;1;40;38;0;0;0
44;3;15;10;2;11;0;4;1;50;38;0;0;1
52;2;9;13;3;7;1;4;1;50;38;0;0;0
21;2;15;10;4;6;3;4;1;40;38;0;0;0
31;2;11;9;4;7;4;2;1;18;38;0;0;0
39;2;12;14;2;13;0;4;1;40;30;0;0;0
59;0;11;9;6;6;4;4;0;40;38;0;0;0
29;4;11;9;2;3;0;4;1;55;38;0;0;0
49;2;5;4;4;9;2;2;1;45;38;0;0;0
34;2;6;5;2;2;0;4;1;40;38;0;0;0
22;2;9;13;4;11;1;4;1;40;38;0;0;0
32;2;9;13;2;11;0;3;1;40;32;0;0;0
39;5;11;9;0;7;4;2;0;40;38;0;0;0
46;2;12;14;2;9;0;4;1;60;38;0;0;0
50;2;11;9;2;2;0;4;1;40;38;1;0;1
34;2;11;9;4;7;1;4;1;40;38;0;0;0
28;1;12;14;2;9;5;4;0;55;38;0;1;0
18;2;2;8;4;11;3;4;0;24;38;0;0;0
20;2;11;9;4;11;1;4;1;30;38;0;0;0
20;2;11;9;4;6;2;4;0;40;38;0;0;0
55;5;8;11;6;3;1;0;0;38;38;0;0;0
22;2;15;10;4;11;3;2;0;40;38;0;0;0
60;4;12;14;2;3;0;4;1;40;38;0;0;0
40;2;0;6;0;2;1;4;1;50;38;0;0;0
47;5;15;10;2;0;5;4;0;30;38;0;0;0
23;2;9;13;4;3;1;4;0;35;1;0;0;0
57;1;11;9;6;13;1;4;0;40;38;0;0;0
52;2;1;7;2;7;0;4;1;40;38;0;0;0
42;2;5;4;6;2;4;4;1;40;38;0;0;0
25;2;7;12;4;5;3;4;1;20;38;0;0;0
49;3;11;9;2;0;5;4;0;40;38;0;1;1
41;0;15;10;4;10;3;4;1;40;38;0;0;0
40;5;8;11;2;7;0;2;1;30;38;0;0;0
38;2;9;13;2;3;0;4;1;55;38;0;0;1
58;2;11;9;4;13;3;4;1;40;1;0;0;0
26;2;9;13;4;7;1;2;0;35;38;0;0;0
57;2;0;6;0;0;2;4;0;70;10;0;0;0
28;2;11;9;2;11;0;4;1;60;38;0;1;0
42;2;11;9;5;11;4;4;0;40;38;0;0;0
28;2;15;10;4;3;1;4;1;55;38;1;0;0
39;4;6;5;2;2;0;4;1;40;38;0;0;0
28;2;11;9;2;6;0;2;1;40;38;0;0;0
42;2;11;9;2;6;0;4;1;48;38;1;0;1
51;4;15;10;0;11;4;4;0;50;38;0;0;0
27;2;15;10;4;0;1;4;0;39;38;0;0;0
41;2;11;9;0;0;4;4;0;43;38;0;0;0
28;2;9;13;2;2;0;4;1;40;38;0;0;0
54;4;15;10;0;4;4;4;0;30;38;1;0;1
49;2;11;9;2;0;5;4;0;30;38;0;0;0
47;2;12;14;2;3;0;4;1;40;38;0;0;1
27;2;15;10;2;2;0;4;1;49;38;0;0;0
42;1;9;13;2;9;5;4;0;45;38;0;0;1
32;2;11;9;2;0;5;2;0;40;38;0;0;0
32;1;11;9;2;7;0;4;1;41;38;0;0;0
27;2;12;14;4;11;3;4;1;40;38;0;0;0
29;2;11;9;2;2;0;4;1;40;38;0;0;1
22;2;8;11;4;9;1;4;1;30;38;0;0;0
41;0;11;9;2;0;0;4;1;40;38;1;0;1
49;1;15;10;2;5;0;4;1;40;38;1;0;1
58;4;11;9;2;4;0;4;1;50;38;0;0;0
41;4;11;9;2;4;0;4;1;40;38;1;0;1
26;2;6;5;2;2;0;4;1;35;38;0;0;0
21;2;11;9;4;11;1;4;1;55;38;0;0;0
37;2;9;13;2;3;0;4;1;50;38;0;0;1
23;2;9;13;4;11;3;4;1;20;38;0;0;0
42;4;15;10;2;3;0;4;1;40;38;0;0;1
25;2;11;9;2;11;3;4;1;26;38;0;0;1
67;2;15;10;0;0;1;4;0;40;38;0;0;0
41;1;11;9;0;13;1;2;0;38;38;0;0;0
49;1;12;14;2;9;5;4;0;50;38;0;0;1
18;2;1;7;4;2;3;4;1;35;38;0;0;0
25;2;4;3;2;5;3;4;1;40;38;0;0;0
43;5;14;15;0;9;1;4;1;50;38;0;0;0
38;2;10;16;2;3;5;4;0;36;38;1;0;1
65;4;9;13;2;11;0;4;1;15;38;0;0;0
66;2;8;11;6;9;1;4;0;35;38;0;0;0
33;2;1;7;4;13;1;2;1;60;38;0;0;0
51;2;11;9;2;0;5;2;0;38;38;1;0;0
27;3;11;9;2;2;0;4;1;40;38;0;1;0
17;2;2;8;4;7;3;4;0;16;38;0;0;0
32;2;9;13;2;3;0;4;1;45;38;1;0;1
38;2;11;9;2;6;0;4;1;40;4;0;0;1
43;1;15;10;0;0;4;4;0;40;38;0;0;0
40;5;10;16;2;9;0;1;1;40;35;0;0;1
63;2;9;13;2;11;0;4;1;35;38;0;1;0
42;2;7;12;0;0;4;4;0;40;38;0;0;0
43;0;9;13;4;3;1;4;1;40;38;0;0;1
41;1;14;15;2;9;0;4;1;45;38;0;1;1
17;2;0;6;4;9;3;4;1;20;38;0;0;0
30;4;11;9;4;2;1;4;1;40;38;0;0;0
30;2;9;13;4;9;1;4;1;50;19;0;0;0
22;2;15;10;4;7;1;4;1;25;38;0;0;0
28;2;11;9;4;7;4;2;0;52;38;0;0;0
24;2;15;10;4;11;2;2;0;40;38;0;0;0
47;2;0;6;2;6;0;4;1;40;38;0;0;1
34;4;8;11;4;4;1;4;1;50;38;0;0;0
26;2;15;10;4;11;2;4;0;20;38;0;0;0
25;2;8;11;2;3;0;4;1;75;38;0;0;0
28;2;9;13;4;11;1;4;1;45;38;0;0;0
36;2;11;9;4;2;1;4;0;40;38;0;0;0
24;2;9;13;4;3;1;4;1;40;38;0;0;0
51;3;9;13;2;3;5;1;0;35;35;0;0;0
44;2;9;13;2;9;0;4;1;50;38;0;0;1
18;2;2;8;4;0;3;4;1;12;38;0;0;0
54;0;15;10;2;9;0;4;1;40;38;0;0;1
61;2;15;10;0;0;1;4;0;40;38;0;0;0
51;2;9;13;2;3;0;4;1;45;38;0;0;1
43;2;5;4;2;6;0;4;1;40;38;0;0;0
51;2;11;9;2;2;0;4;1;40;38;0;0;0
50;1;11;9;2;3;5;2;0;40;38;0;0;1
24;2;15;10;2;5;0;4;1;30;38;0;0;0
20;5;15;10;2;7;0;4;1;20;38;0;0;0
52;2;9;13;0;3;1;4;1;40;38;0;0;1
57;1;5;4;0;7;1;4;1;40;38;0;0;0
49;3;15;10;2;11;0;4;1;60;38;0;0;0
22;2;1;7;4;11;1;4;0;40;38;0;0;0
38;2;15;10;2;12;0;4;1;40;38;0;0;1
21;2;15;10;4;11;3;4;0;20;38;0;0;0
39;0;9;13;2;10;0;4;1;60;38;0;1;1
52;4;15;10;4;9;3;4;0;35;38;0;0;0
25;2;7;12;4;12;3;4;0;40;38;0;0;0
50;2;15;10;3;7;1;4;0;40;4;0;0;0
35;5;15;10;2;3;0;4;1;80;38;0;0;0
50;2;8;11;5;9;4;4;0;40;38;0;0;0
58;2;11;9;2;2;0;4;1;25;38;0;0;0
48;0;9;13;0;3;1;4;1;45;38;0;0;0
30;2;15;10;0;0;1;4;0;35;1;0;0;0
18;2;1;7;4;5;3;4;1;12;38;0;0;0
29;4;11;9;2;2;0;4;1;40;38;0;0;0
52;4;15;10;2;11;0;4;1;45;38;0;0;0
63;2;11;9;2;11;0;4;1;40;38;1;0;0
36;1;12;14;2;9;5;4;0;40;38;0;0;1
24;2;15;10;4;6;3;4;0;42;38;0;0;0
30;1;7;12;4;10;1;2;1;40;38;0;0;0
23;2;11;9;2;6;0;3;1;40;25;0;0;0
21;2;9;13;4;7;3;4;0;20;38;0;0;0
28;2;15;10;4;2;1;4;1;43;25;0;0;0
20;2;11;9;4;0;3;4;1;40;38;0;0;0
18;2;1;7;4;7;3;4;1;20;33;0;0;0
21;2;15;10;4;0;3;4;0;15;38;0;0;0
27;2;11;9;4;2;1;4;1;40;38;0;0;0
42;2;15;10;0;12;1;4;0;40;38;0;0;0
21;2;15;10;4;7;3;4;0;30;38;0;0;0
51;2;15;10;2;11;0;4;1;40;38;0;0;1
27;0;9;13;4;0;1;4;0;40;38;0;0;0
23;4;11;9;4;13;3;4;1;40;38;0;0;0
57;2;15;10;2;11;0;4;1;40;38;0;1;1
22;5;9;13;4;9;3;4;0;12;38;0;0;0
59;2;6;5;2;13;0;4;1;60;38;0;0;1
38;2;11;9;0;13;1;4;1;40;38;0;0;0
20;2;11;9;4;13;2;4;1;40;38;0;0;0
90;2;6;5;4;0;1;4;0;40;38;0;0;0
35;2;8;11;2;11;0;4;1;40;38;0;0;0
50;2;11;9;2;10;0;4;1;38;38;0;0;1
45;2;10;16;2;9;0;4;1;50;38;0;0;1
44;2;12;14;2;3;0;4;1;50;38;0;0;1
23;2;7;12;4;9;3;4;1;40;38;0;0;0
34;2;1;7;2;5;0;4;1;40;25;0;0;0
23;3;9;13;0;11;1;4;0;43;38;0;0;0
39;5;15;10;2;10;0;4;1;40;38;0;0;0
19;2;15;10;4;5;1;4;1;55;38;0;0;0
54;2;15;10;2;3;0;4;1;40;38;0;0;1
40;2;12;14;0;9;1;4;1;43;38;0;0;0
44;2;15;10;4;11;3;4;1;50;38;0;0;0
31;3;15;10;2;0;5;4;0;20;38;0;0;1
25;2;6;5;5;5;2;4;1;40;7;0;0;0
33;2;9;13;2;3;5;4;0;32;38;0;0;1
32;2;11;9;4;13;1;4;1;60;38;0;0;0
36;2;0;6;2;6;0;4;1;40;38;0;0;0
47;4;15;10;2;9;0;3;1;55;38;0;0;1
80;2;12;14;6;9;1;4;0;10;38;0;0;0
21;2;15;10;4;11;3;4;0;8;38;0;0;0
35;4;15;10;2;4;0;4;1;60;38;0;0;0
30;2;11;9;2;13;0;4;1;40;38;1;0;0
49;2;5;4;2;5;0;4;1;40;38;0;0;0
33;2;11;9;2;0;5;4;0;25;38;0;1;0
53;4;15;10;2;4;0;4;1;45;38;0;0;0
41;2;11;9;0;5;4;4;1;55;38;0;0;0
57;2;9;13;2;6;0;4;1;40;30;0;0;1
19;2;15;10;4;7;3;4;0;40;38;0;0;0
28;2;9;13;4;3;3;4;0;45;38;0;0;0
42;0;12;14;0;0;1;4;1;60;38;0;1;0
29;4;15;10;2;4;0;4;1;55;38;0;0;0
26;2;15;10;4;7;3;4;1;20;38;0;0;0
40;2;15;10;0;3;1;4;0;40;38;0;0;0
36;4;10;16;4;9;1;4;1;40;38;0;0;1
28;2;11;9;2;3;0;4;1;40;38;0;0;0
25;4;9;13;4;0;1;2;0;20;38;0;0;0
42;4;11;9;2;4;0;4;1;60;38;0;0;0
32;2;11;9;4;2;3;4;1;40;38;0;0;0
32;2;7;12;4;0;3;4;1;30;38;0;0;0
37;2;4;3;2;2;0;4;1;40;38;0;0;0
39;1;11;9;2;10;0;4;1;56;38;0;0;0
49;2;9;13;2;2;0;4;1;40;38;0;0;0
19;2;11;9;4;11;1;4;0;40;38;0;0;0
31;2;11;9;2;13;0;4;1;40;38;0;0;0
40;2;11;9;0;6;1;4;0;40;38;0;0;0
29;2;5;4;4;5;3;4;1;30;25;0;0;0
59;2;11;9;2;4;0;4;1;48;38;0;0;0
52;2;7;12;2;10;0;4;1;40;38;0;0;1
27;2;9;13;4;3;3;4;1;40;38;0;0;0
45;1;9;13;2;9;0;4;1;45;38;0;0;1
58;2;9;13;2;7;0;1;1;40;34;0;0;0
53;2;9;13;4;3;3;4;1;40;4;0;0;0
23;2;11;9;4;5;3;4;1;25;38;0;0;0
35;2;1;7;0;5;2;4;1;40;38;0;0;0
49;2;11;9;2;3;0;4;1;40;38;0;0;0
49;2;7;12;0;3;1;4;0;40;38;0;0;0
25;2;2;8;4;2;1;4;1;40;38;0;0;0
47;2;12;14;0;9;4;4;0;50;38;0;0;1
28;2;7;12;0;0;1;4;0;40;38;0;0;0
20;2;15;10;4;3;1;4;0;30;38;0;0;0
19;2;11;9;4;6;3;4;1;24;38;0;0;0
28;2;11;9;2;6;0;4;1;40;38;1;0;0
31;2;15;10;0;0;4;2;0;40;38;0;0;0
30;2;8;11;2;5;0;4;1;53;38;0;0;0
23;2;9;13;4;7;3;4;1;40;38;0;0;0
25;2;9;13;2;3;5;4;0;30;38;0;0;1
19;2;11;9;4;7;3;4;1;30;38;0;0;0
30;2;12;14;4;9;1;4;1;45;38;0;0;1
26;2;11;9;4;2;3;4;1;35;38;0;0;0
34;1;11;9;2;13;0;4;1;45;38;0;0;0
49;2;9;13;0;3;4;2;0;40;38;0;0;0
35;2;15;10;2;5;0;4;1;40;38;0;1;0
38;2;11;9;4;11;3;4;0;40;38;0;0;0
36;2;11;9;2;5;0;2;1;20;38;0;0;0
33;2;11;9;2;9;0;0;1;48;38;0;0;1
54;2;15;10;4;7;1;4;0;40;38;0;0;0
19;1;11;9;4;2;3;4;1;40;38;0;0;0
60;2;11;9;2;2;0;4;1;40;38;0;0;0
28;4;11;9;4;2;3;4;1;40;38;0;0;0
43;4;11;9;2;11;0;4;1;40;38;0;0;0
49;1;4;3;2;7;0;4;1;40;38;0;0;0
25;2;9;13;4;9;3;4;1;70;38;0;0;0
17;2;0;6;4;11;3;4;1;20;38;0;0;0
41;3;9;13;2;11;0;4;1;60;38;0;0;1
30;2;15;10;2;13;0;2;1;35;38;0;0;0
90;1;12;14;2;3;0;4;1;60;38;1;0;1
25;2;11;9;4;10;2;4;1;40;38;0;0;0
27;2;8;11;2;11;0;4;1;35;38;0;0;0
29;2;11;9;2;2;0;4;1;40;38;0;0;0
31;0;9;13;4;3;1;2;0;40;38;0;0;0
43;2;8;11;2;2;0;4;1;99;38;0;0;0
63;2;12;14;5;9;1;4;0;40;38;0;0;1
46;2;5;4;2;13;0;4;1;40;38;0;0;0
59;2;11;9;2;11;0;4;1;40;38;0;0;0
42;2;9;13;2;3;5;2;0;50;38;0;0;1
26;2;9;13;4;0;1;4;0;20;38;0;0;0
26;2;15;10;2;11;0;4;1;45;38;0;0;0
61;2;6;5;0;5;1;4;1;40;32;0;0;1
23;5;11;9;2;3;0;4;1;40;38;0;0;0
24;2;11;9;2;0;5;4;0;40;38;0;0;0
35;2;9;13;0;12;4;4;1;40;10;1;0;1
42;4;11;9;2;11;0;4;1;12;38;0;0;0
31;2;2;8;0;7;4;4;0;21;38;0;0;0
31;2;11;9;2;6;5;4;0;55;38;0;0;0
63;2;9;13;6;0;1;4;0;25;38;0;0;0
29;5;8;11;4;12;1;4;0;64;38;0;1;0
43;5;9;13;2;9;0;4;1;40;38;0;0;0
22;2;9;13;4;0;1;1;0;10;39;0;0;0
17;2;1;7;4;7;3;4;1;25;38;0;0;0
23;4;9;13;4;0;3;4;1;40;38;0;1;1
35;2;6;5;0;2;1;4;1;45;38;0;0;0
32;2;11;9;0;7;4;3;0;28;38;0;0;0
50;3;9;13;2;3;0;4;1;60;38;1;0;1
26;1;12;14;3;9;1;4;0;40;38;0;0;0
32;2;9;13;2;3;0;4;1;40;38;0;0;0
29;2;8;11;2;2;0;4;1;50;38;0;0;0
57;2;15;10;2;9;0;4;1;40;38;0;0;1
90;2;12;14;4;3;1;2;1;50;38;0;0;1
35;2;8;11;0;9;4;4;0;40;38;0;0;1
31;4;15;10;2;11;0;2;1;60;38;0;0;1
60;2;11;9;0;11;1;4;0;33;38;0;0;0
21;2;8;11;2;0;2;4;0;40;38;0;1;0
71;1;12;14;6;9;1;4;0;40;38;0;0;0
22;2;8;11;4;7;3;4;1;30;38;0;0;0
50;1;11;9;0;0;1;4;0;40;38;0;0;0
37;2;15;10;2;11;0;4;1;45;38;0;0;1
23;2;11;9;4;0;3;1;0;40;39;0;0;0
74;2;11;9;2;7;0;4;1;30;38;0;0;0
67;2;15;10;2;11;0;4;1;70;38;0;1;0
59;2;15;10;2;2;0;4;1;43;38;0;0;1
28;2;11;9;2;13;0;4;1;40;38;0;1;0
45;2;11;9;2;4;0;0;1;40;38;0;0;0
63;4;15;10;2;4;0;4;1;20;38;0;0;0
39;2;9;13;4;9;1;4;0;63;38;0;0;0
33;5;15;10;0;7;4;2;0;40;38;0;0;0
32;2;9;13;4;7;1;1;1;40;34;0;0;0
34;2;9;13;2;3;0;4;1;45;38;0;1;1
39;2;11;9;4;5;2;4;1;40;38;0;0;0
29;5;12;14;2;0;0;4;1;36;38;0;0;0
22;2;11;9;2;6;0;4;1;40;38;0;0;0
53;2;9;13;0;11;1;4;0;43;38;1;0;1
46;2;8;11;2;2;0;4;1;42;38;0;0;0
51;2;15;10;2;7;5;4;0;40;38;0;0;1
44;2;14;15;0;9;1;4;0;99;38;1;0;0
56;5;11;9;0;0;1;4;0;40;38;0;0;0
27;2;9;13;4;0;3;2;0;40;38;0;0;0
52;2;6;5;3;6;1;1;0;30;2;0;0;0
39;2;9;13;4;9;1;4;1;40;38;0;0;1
45;0;15;10;2;3;0;4;1;40;38;1;0;1
37;2;15;10;2;2;0;4;1;45;38;0;0;0
33;2;11;9;0;0;3;4;1;40;38;0;0;0
46;2;4;3;2;2;5;4;0;45;21;0;0;0
35;2;2;8;2;2;5;4;0;50;38;0;0;0
33;2;11;9;2;3;0;2;1;50;38;0;0;0
48;2;9;13;2;11;0;4;1;40;38;0;0;0
32;2;11;9;0;6;3;4;1;50;38;0;0;0
20;2;15;10;4;7;3;4;0;32;38;0;0;0
35;2;11;9;4;13;3;1;1;60;38;0;0;0
19;2;11;9;4;5;3;4;0;25;38;0;0;0
56;2;1;7;5;6;1;4;0;40;38;0;0;0
28;2;9;13;4;0;3;4;0;16;7;0;0;0
45;2;11;9;0;2;4;4;0;40;38;0;0;0
32;2;8;11;2;0;5;4;0;45;38;0;0;0
44;2;9;13;2;2;0;4;1;12;38;0;0;0
55;2;11;9;2;9;0;4;1;40;38;0;0;1
34;2;15;10;2;0;0;4;1;40;38;0;0;1
33;2;12;14;2;9;0;4;1;40;38;0;0;1
36;2;9;13;4;3;3;4;1;55;38;0;0;0
25;2;11;9;4;0;3;4;0;40;38;0;0;0
28;2;9;13;4;11;1;4;1;40;38;0;0;0
39;2;9;13;2;11;0;4;1;55;38;1;0;1
53;2;0;6;3;6;1;4;0;40;3;0;0;0
47;2;11;9;0;3;1;0;0;45;38;1;0;0
49;3;8;11;0;3;1;4;1;60;38;0;0;0
22;2;11;9;4;5;3;0;1;40;38;0;0;0
31;2;15;10;4;0;2;4;1;40;38;0;0;0
44;3;15;10;0;7;4;4;1;80;38;0;0;0
19;2;11;9;4;9;3;4;1;40;38;0;0;0
37;4;11;9;0;2;1;4;1;40;38;0;0;0
23;2;15;10;4;5;3;4;1;25;38;0;0;0
44;2;14;15;2;9;0;4;1;65;38;1;0;1
54;1;11;9;2;7;5;4;0;35;38;0;0;0
23;2;11;9;2;2;0;4;1;38;38;0;0;0
21;2;15;10;4;7;3;4;0;10;38;0;0;0
19;5;15;10;4;9;3;4;1;25;38;0;0;0
51;2;9;13;2;2;0;4;1;20;38;0;0;1
41;2;9;13;2;3;0;4;1;50;38;1;0;1
61;2;15;10;2;12;0;4;1;18;38;1;0;1
19;4;0;6;3;0;4;0;0;40;38;0;0;0
22;2;9;13;4;11;3;4;1;40;38;0;0;0
22;2;11;9;4;7;1;4;0;40;38;0;0;0
49;2;5;4;2;9;0;4;1;32;38;0;0;0
35;2;0;6;0;6;1;4;1;50;38;0;0;0
38;2;15;10;2;11;0;4;1;40;38;0;0;0
29;2;11;9;2;9;0;4;1;40;38;0;0;1
56;2;8;11;2;2;0;4;1;45;38;0;0;1
41;2;15;10;0;3;1;4;0;80;38;0;0;0
62;3;12;14;2;11;0;4;1;45;38;0;0;1
27;2;11;9;4;10;3;4;1;40;23;0;0;0
25;2;11;9;4;11;1;4;1;42;38;1;0;0
33;2;9;13;2;9;0;4;1;75;38;1;0;1
26;2;11;9;4;0;1;4;0;40;38;0;0;0
43;2;11;9;0;6;1;4;1;45;38;0;0;0
53;0;12;14;2;0;0;4;1;40;38;0;0;1
43;2;9;13;0;7;1;4;0;40;38;0;0;0
56;2;11;9;0;2;4;4;1;35;38;0;0;0
25;2;9;13;2;11;0;4;1;50;38;0;0;0
60;2;12;14;0;9;2;2;1;40;38;0;0;0
28;2;15;10;4;0;1;4;0;40;38;0;0;0
21;2;11;9;4;6;4;4;1;40;25;0;0;0
40;2;9;13;4;0;4;2;0;40;38;1;0;0
29;2;11;9;2;2;0;2;1;40;38;0;0;0
20;2;15;10;4;2;3;4;0;25;38;0;0;0
25;2;11;9;2;2;0;4;1;80;38;0;0;1
18;2;1;7;4;11;3;4;0;10;38;0;0;0
32;5;7;12;2;7;0;4;1;35;38;0;0;0
27;2;3;2;4;7;3;3;1;35;5;0;0;0
48;2;11;9;6;6;1;4;0;16;38;0;0;0
20;2;15;10;4;11;3;4;0;25;38;0;0;0
55;2;11;9;0;11;1;4;0;40;8;0;0;0
33;1;9;13;4;9;1;4;0;50;38;0;0;1
21;5;15;10;4;0;3;4;0;12;38;0;0;0
43;4;11;9;2;2;0;4;1;30;38;0;0;0
35;2;15;10;2;6;0;4;1;40;38;0;0;0
39;1;9;13;2;9;0;4;1;35;38;0;0;1
19;2;11;9;4;11;1;1;0;40;38;0;0;0
25;2;11;9;4;7;1;2;0;40;38;0;0;0
44;2;15;10;2;13;0;4;1;72;38;0;0;1
27;2;7;12;4;2;4;4;1;40;38;0;0;0
39;2;11;9;2;0;5;4;0;40;38;0;0;1
69;2;0;6;4;2;2;4;1;40;38;0;0;0
34;2;9;13;4;3;1;1;0;40;29;0;0;0
37;2;4;3;5;7;4;4;0;40;38;0;0;0
43;1;9;13;0;9;3;4;0;39;38;0;0;0
34;5;12;14;2;9;5;2;0;40;38;0;0;1
31;4;15;10;2;6;0;4;1;48;38;0;0;0
42;5;10;16;0;9;1;4;0;60;38;1;0;1
26;2;11;9;0;11;4;4;0;30;38;0;0;0
39;2;15;10;5;7;4;4;0;75;38;0;0;0
25;2;9;13;4;7;3;4;1;40;38;0;0;0
54;1;15;10;2;13;0;2;1;30;38;0;0;0
44;5;12;14;2;9;0;4;1;60;38;0;0;1
34;5;12;14;2;9;0;4;1;38;38;1;0;1
21;3;15;10;4;3;1;4;1;40;38;0;0;0
33;2;11;9;4;6;1;4;1;40;38;0;0;0
40;3;7;12;2;3;5;4;0;40;38;0;0;1
44;2;12;14;2;3;0;4;1;40;38;0;0;1
33;1;7;12;0;10;1;4;1;56;38;0;0;0
21;1;15;10;4;0;3;4;1;40;38;0;0;0
35;4;9;13;4;7;1;2;0;60;38;0;0;0
43;2;15;10;2;11;0;4;1;40;38;1;0;1
51;1;12;14;2;9;0;4;1;45;38;0;0;0
29;2;11;9;2;2;0;4;1;40;38;0;0;0
51;1;11;9;5;10;1;2;1;40;38;0;0;0
35;2;11;9;2;11;0;4;1;40;38;0;0;0
18;2;1;7;4;11;3;4;1;20;38;0;0;0
58;2;0;6;2;2;0;4;1;50;38;0;0;0
57;3;15;10;2;3;0;4;1;40;38;0;0;1
19;2;11;9;4;11;3;4;0;20;38;0;0;0
37;2;15;10;5;7;4;4;0;40;38;0;0;0
38;2;11;9;2;11;0;4;1;44;38;0;0;0
45;2;15;10;3;0;1;4;0;40;38;0;0;0
27;2;15;10;2;9;0;1;1;40;0;0;0;1
38;1;15;10;2;10;0;4;1;72;38;0;0;0
30;2;11;9;0;2;1;4;1;30;38;0;0;0
46;2;9;13;2;12;0;4;1;40;38;0;0;0
60;2;11;9;2;11;0;4;1;40;38;0;0;1
30;2;11;9;5;13;1;4;1;44;38;0;0;0
47;2;15;10;2;2;0;2;1;40;38;1;0;1
39;2;9;13;4;3;1;4;0;40;38;0;0;0
42;2;15;10;2;2;0;4;1;45;38;1;0;1
27;2;15;10;0;0;2;4;0;40;38;0;0;0
44;2;15;10;0;11;1;4;1;40;38;0;0;0
33;2;9;13;2;13;0;4;1;40;38;0;0;0
54;2;9;13;4;3;1;4;1;50;38;0;0;1
58;4;15;10;2;4;0;4;1;35;38;0;0;0
45;2;9;13;4;13;1;4;1;30;38;0;0;0
59;2;15;10;2;6;0;4;1;50;38;0;0;0
29;2;7;12;4;8;1;4;0;50;38;0;0;0
27;2;11;9;4;6;1;4;0;40;38;0;0;0
44;2;12;14;2;12;0;4;1;20;38;0;0;1
44;2;11;9;2;2;0;4;1;40;38;0;0;1
33;2;15;10;2;3;0;4;1;70;38;0;0;1
27;2;11;9;4;2;3;4;1;40;38;0;0;0
33;2;9;13;2;3;0;4;1;55;38;0;0;1
55;2;8;11;0;0;4;2;0;40;38;0;0;0
32;4;8;11;2;9;0;3;1;60;38;0;0;0
31;2;8;11;2;5;0;4;1;45;38;0;0;0
57;3;14;15;2;9;0;4;1;60;38;1;0;1
30;2;9;13;2;3;0;4;1;45;38;0;0;1
28;2;9;13;4;11;1;4;0;48;38;0;0;0
30;4;15;10;4;11;2;1;1;40;34;0;1;0
29;2;12;14;2;9;0;4;1;40;38;0;0;1
66;2;11;9;4;7;2;2;0;3;38;0;0;0
60;2;11;9;2;2;0;4;1;45;38;0;0;1
31;2;9;13;2;9;0;4;1;40;38;0;0;0
26;2;11;9;4;2;2;4;1;40;38;1;0;0
24;2;11;9;4;5;3;4;1;45;38;0;0;0
29;2;9;13;4;11;1;4;1;50;38;0;0;1
44;2;11;9;2;12;0;4;1;45;38;0;0;1
34;1;9;13;2;3;0;4;1;55;38;0;0;1
59;2;9;13;2;9;0;4;1;43;38;0;1;1
23;2;9;13;4;3;3;1;1;24;38;0;0;0
23;2;1;7;4;7;2;4;1;40;29;0;0;0
55;1;8;11;5;9;4;2;0;35;38;0;0;0
39;3;11;9;2;3;0;4;1;40;38;0;0;1
39;2;1;7;4;2;1;2;1;40;38;0;0;0
57;2;5;4;0;13;4;4;1;75;38;0;0;0
35;2;11;9;0;11;4;4;0;40;38;0;0;0
39;1;8;11;2;10;0;4;1;48;38;0;0;1
47;2;11;9;2;11;3;4;0;38;38;0;0;1
53;5;10;16;2;0;0;4;1;50;38;0;0;1
23;2;15;10;4;11;3;2;1;25;38;0;0;0
35;2;12;14;4;2;1;4;1;50;38;0;0;1
44;2;15;10;0;4;1;4;0;40;38;0;0;0
28;2;11;9;4;7;3;4;0;25;38;0;0;0
26;2;9;13;4;3;1;1;0;40;30;0;0;0
23;2;11;9;4;3;1;4;1;45;38;0;0;0
32;2;11;9;2;7;0;4;1;25;20;0;0;0
49;3;15;10;2;13;0;4;1;50;38;0;0;1
36;2;15;10;4;2;3;4;1;60;38;1;0;0
36;2;11;9;0;7;4;4;0;36;38;0;0;0
21;2;7;12;2;0;5;0;0;46;38;0;0;1
54;4;9;13;2;3;0;4;1;40;38;0;0;1
43;2;15;10;3;7;1;2;0;40;38;0;0;0
35;1;15;10;0;0;4;4;0;40;38;0;0;0
31;2;15;10;2;4;0;4;1;50;38;0;0;1
46;2;15;10;2;2;2;1;1;40;18;0;0;0
46;2;11;9;5;11;1;4;0;40;38;0;0;0
56;2;11;9;2;7;0;4;1;40;38;0;0;0
21;2;11;9;4;0;3;4;1;40;38;0;0;0
51;2;12;14;2;3;0;4;1;50;38;0;0;1
47;5;15;10;0;9;4;4;1;20;38;0;0;0
42;2;4;3;3;2;1;4;1;40;32;0;0;0
19;2;15;10;4;11;3;4;0;30;38;0;0;0
25;2;9;13;4;2;3;4;1;40;38;0;0;0
37;2;12;14;2;12;0;4;1;60;38;0;0;1
35;2;2;8;2;7;0;2;1;40;38;0;0;0
40;2;11;9;2;13;0;4;1;30;38;0;0;0
57;4;1;7;2;11;0;4;1;15;38;0;0;0
38;2;11;9;2;12;0;4;1;50;38;0;0;1
48;2;0;6;0;11;1;4;0;38;38;0;0;0
34;2;15;10;0;7;1;4;0;34;38;0;0;0
46;0;15;10;0;13;1;4;1;40;38;0;0;0
45;5;12;14;0;10;1;4;1;50;38;0;0;0
32;4;9;13;2;9;0;4;1;50;38;0;0;1
35;2;11;9;4;6;3;4;1;48;38;0;0;0
62;2;15;10;4;2;1;4;0;39;38;1;0;1
50;2;8;11;2;7;0;4;1;40;38;0;0;0
25;2;9;13;4;12;1;4;1;40;38;0;0;0
41;2;15;10;4;11;1;2;1;33;38;0;0;0
35;2;11;9;4;7;3;4;0;27;38;0;0;0
33;2;15;10;2;2;0;4;1;41;38;0;0;1
38;2;7;12;2;3;5;4;0;40;38;0;1;1
37;5;9;13;4;9;1;4;1;40;38;0;0;0
56;2;11;9;2;6;0;4;1;40;38;0;0;1
19;2;5;4;4;2;3;4;1;32;38;0;1;0
31;2;6;5;2;3;5;4;0;40;38;0;0;0
33;2;11;9;5;5;4;4;1;35;32;0;0;0
72;2;3;2;0;7;1;2;1;40;38;0;0;0
54;2;11;9;2;13;0;4;1;50;38;0;0;1
30;2;9;13;4;6;1;4;0;40;38;0;0;0
51;2;10;16;4;9;1;4;1;40;38;0;0;1
30;2;11;9;2;2;0;4;1;50;38;0;1;1
30;2;9;13;4;9;1;4;1;50;38;0;0;0
32;2;15;10;2;10;0;2;1;16;38;0;0;0
30;2;15;10;4;11;1;4;1;50;38;0;0;1
35;2;12;14;2;0;0;4;1;40;38;0;0;0
40;2;15;10;0;0;3;4;0;44;38;0;0;1
38;5;9;13;0;9;1;4;0;40;38;0;0;0
19;2;0;6;4;7;2;4;0;30;38;0;0;0
32;2;15;10;4;9;1;4;1;44;38;0;0;0
49;2;12;14;3;0;4;4;0;40;38;0;0;0
60;2;9;13;2;9;0;4;1;35;38;0;0;0
60;2;6;5;2;11;0;4;1;40;38;0;0;0
55;2;10;16;2;3;0;4;1;80;38;0;0;1
24;2;11;9;4;2;3;4;1;40;38;0;0;0
53;2;12;14;2;11;0;4;1;60;38;1;0;1
69;5;15;10;6;0;1;4;0;38;38;0;1;0
41;2;11;9;2;0;5;4;0;40;38;0;0;1
32;2;11;9;4;7;3;4;0;40;38;0;0;0
45;2;1;7;2;2;0;4;1;40;38;0;0;0
59;2;9;13;0;3;1;4;1;40;38;0;0;0
31;2;11;9;4;7;3;4;0;35;38;0;0;0
40;2;11;9;5;0;4;4;0;37;38;0;0;0
44;2;8;11;2;12;0;4;1;40;38;0;0;1
63;2;15;10;0;11;1;4;0;60;38;0;0;0
31;1;15;10;2;10;0;4;1;56;38;1;0;1
51;2;9;13;4;0;4;4;1;20;38;0;0;0
51;2;1;7;2;6;0;1;1;40;29;0;0;0
23;2;11;9;4;11;1;4;1;40;38;0;0;0
49;2;5;4;2;6;0;4;1;48;38;0;0;0
56;2;11;9;2;2;0;4;1;45;38;1;0;0
39;2;11;9;2;2;0;4;1;40;38;0;0;1
39;4;14;15;2;9;0;4;1;50;38;1;0;1
30;4;11;9;0;7;4;4;0;40;38;0;0;0
43;4;9;13;2;3;0;4;1;50;10;0;0;0
31;2;15;10;4;2;1;4;1;50;38;0;0;0
44;1;12;14;2;9;0;4;1;35;38;0;0;0
43;4;14;15;2;9;0;4;1;30;38;0;0;1
41;2;15;10;2;0;0;4;1;46;38;0;0;1
43;2;11;9;2;0;0;4;1;40;38;0;0;1
47;5;15;10;2;2;0;4;1;40;38;0;0;1
38;4;14;15;4;9;1;4;1;45;38;0;1;1
46;2;8;11;2;6;0;4;1;40;38;0;0;0
19;5;15;10;4;7;3;4;0;40;38;0;0;0
19;2;4;3;4;7;1;4;1;50;12;0;0;0
24;2;9;13;2;11;0;4;1;45;38;0;0;1
39;3;15;10;2;4;0;4;1;65;38;0;0;0
37;2;8;11;0;6;1;4;0;30;38;0;0;0
40;2;11;9;0;2;4;4;1;40;38;0;0;0
27;2;7;12;4;11;3;4;0;40;38;0;0;0
22;2;11;9;4;0;2;4;0;40;38;0;0;0
21;2;15;10;4;5;3;4;1;12;38;0;0;0
32;2;11;9;2;3;5;4;0;40;38;0;0;0
20;2;11;9;5;6;3;4;1;40;38;0;0;0
45;2;12;14;0;13;1;4;1;48;38;1;0;1
46;1;14;15;2;10;0;4;1;40;38;0;0;1
46;2;8;11;0;3;4;4;0;45;38;0;0;0
26;2;15;10;4;10;1;4;1;44;38;0;0;0
47;4;9;13;2;3;3;4;1;60;38;0;0;0
22;2;15;10;4;9;3;4;0;10;38;0;0;0
34;4;11;9;2;3;0;4;1;60;38;0;0;0
49;2;3;2;2;2;0;4;1;40;31;0;0;0
20;2;15;10;4;5;3;4;1;25;38;0;0;0
28;2;11;9;2;6;0;4;1;45;38;0;0;0
30;2;1;7;2;6;0;2;1;40;38;0;0;0
23;2;11;9;2;2;0;4;1;40;38;0;0;0
20;2;6;5;4;8;3;4;1;40;25;0;0;0
31;2;15;10;2;7;0;4;1;55;25;0;0;0
46;2;3;2;4;6;3;4;1;40;32;0;0;0
42;2;11;9;5;0;4;4;0;40;38;0;0;0
60;4;5;4;2;2;0;4;1;40;38;0;0;0
30;2;9;13;4;9;1;4;1;50;38;0;0;0
27;2;15;10;2;13;0;4;1;48;38;0;0;0
20;2;6;5;4;11;3;4;0;32;38;0;0;0
56;4;9;13;2;9;0;4;1;40;38;1;0;1
41;2;15;10;2;3;0;4;1;60;38;0;0;1
61;2;11;9;2;6;0;4;1;40;38;0;0;0
47;2;11;9;0;3;4;2;0;40;38;0;0;1
60;2;6;5;2;6;0;4;1;37;38;1;0;0
33;2;6;5;2;6;0;4;1;50;38;0;0;0
48;2;9;13;2;9;0;4;1;45;1;0;0;1
56;2;11;9;2;5;0;4;1;40;38;0;0;1
50;2;8;11;2;13;0;4;1;55;38;1;0;1
57;4;12;14;2;9;0;4;1;40;38;0;0;1
20;2;15;10;4;0;3;3;0;40;38;0;0;0
46;2;8;11;0;12;2;4;0;36;38;0;0;0
21;2;15;10;4;9;1;4;0;40;38;0;0;0
37;2;11;9;2;3;0;4;1;40;38;0;0;0
42;2;15;10;2;12;0;4;1;40;38;0;0;0
20;2;11;9;4;7;3;4;0;30;38;0;0;0
54;2;10;16;2;9;0;4;1;50;38;0;1;1
32;1;11;9;2;13;5;4;0;22;38;1;0;0
50;2;15;10;2;2;0;4;1;40;38;0;0;1
49;0;15;10;4;0;4;2;0;40;38;0;0;0
48;2;7;12;2;13;0;4;1;50;38;0;0;0
24;2;15;10;4;11;2;2;0;40;38;0;0;0
46;2;12;14;2;12;0;1;1;40;29;0;0;1
42;2;11;9;0;7;1;4;0;40;38;0;0;0
52;3;15;10;2;2;0;4;1;40;38;0;0;0
58;1;7;12;6;0;1;2;0;40;38;0;0;0
37;2;15;10;0;12;1;0;0;40;38;0;0;0
34;2;11;9;2;2;0;4;1;40;38;0;0;0
26;2;15;10;2;0;0;4;1;40;38;0;1;0
18;2;15;10;4;0;2;4;0;20;38;0;0;0
33;2;15;10;4;9;1;2;1;40;38;0;0;0
41;2;15;10;0;11;1;4;0;15;38;0;0;0
21;2;7;12;4;0;3;4;0;20;38;0;0;0
23;2;8;11;4;12;1;4;0;40;38;0;0;0
26;0;15;10;4;12;3;4;0;40;38;0;0;0
33;2;9;13;2;7;5;4;0;40;38;0;0;0
24;2;15;10;4;3;3;4;0;45;38;0;0;0
43;2;0;6;2;2;0;1;1;42;2;0;0;0
52;5;11;9;0;0;1;4;0;40;8;0;0;0
61;2;5;4;0;7;4;4;0;40;38;0;0;0
35;2;11;9;2;6;0;4;1;40;38;0;0;0
35;2;11;9;2;2;0;4;1;40;38;0;0;1
45;3;11;9;2;3;0;4;1;55;38;1;0;1
43;1;11;9;2;3;0;4;1;40;38;0;0;1
51;2;11;9;2;10;0;4;1;40;38;0;0;1
35;2;9;13;2;13;0;4;1;40;38;0;0;0
47;0;9;13;2;0;0;4;1;45;10;0;0;1
22;2;15;10;4;0;3;4;1;40;38;0;0;0
49;3;8;11;2;3;0;4;1;60;38;0;0;1
20;2;11;9;4;2;3;4;1;20;38;0;0;0
19;2;0;6;0;7;1;4;0;40;38;0;0;0
27;2;11;9;4;2;1;4;1;40;38;0;0;0
42;2;7;12;0;9;4;4;0;45;38;0;0;0
23;4;15;10;4;4;3;4;1;35;38;0;0;0
20;2;15;10;4;12;1;4;0;10;38;0;0;0
47;2;11;9;2;13;0;4;1;50;38;0;0;0
17;2;2;8;4;7;3;2;1;18;38;0;0;0
39;2;15;10;0;11;4;4;0;40;38;0;0;0
25;2;6;5;2;6;0;4;1;40;25;0;0;0
31;2;8;11;2;3;5;2;0;43;38;0;0;0
44;2;11;9;0;13;1;2;1;20;13;0;0;0
53;2;8;11;2;3;0;4;1;40;38;0;0;1
34;2;15;10;5;2;1;4;1;45;38;0;0;0
45;4;15;10;2;3;0;4;1;60;38;0;0;0
34;2;11;9;2;11;0;4;1;45;38;0;0;0
35;2;12;14;2;11;0;4;1;40;38;0;0;1
36;2;15;10;4;7;1;4;1;48;38;0;0;0
45;2;15;10;6;7;4;4;0;45;38;0;0;0
37;4;15;10;2;3;0;4;1;60;38;0;0;0
53;2;7;12;2;6;0;4;1;40;38;0;0;1
35;2;12;14;2;9;5;4;0;50;38;1;0;1
65;3;15;10;2;11;0;4;1;40;38;0;0;0
49;4;0;6;0;4;4;4;1;70;38;0;0;0
24;2;11;9;4;5;1;4;1;40;38;0;0;0
54;2;15;10;2;2;0;4;1;40;38;0;0;0
17;2;0;6;4;11;3;4;0;12;38;0;0;0
19;2;2;8;4;7;3;4;1;16;38;0;0;0
60;2;11;9;6;6;1;4;0;40;38;0;0;0
46;2;9;13;2;3;0;4;1;35;38;0;0;1
26;2;15;10;4;3;3;2;0;40;38;0;0;0
58;2;3;2;2;7;0;4;1;38;4;0;0;0
37;4;11;9;0;3;4;4;1;55;38;0;0;0
41;2;12;14;2;9;0;4;1;38;38;0;0;1
30;2;9;13;0;3;1;4;1;40;38;0;0;0
19;2;15;10;4;0;1;4;0;30;38;0;0;0
48;2;9;13;2;3;0;4;1;60;11;0;0;1
22;2;15;10;4;13;1;4;0;24;38;0;0;0
25;2;3;2;4;8;1;4;0;40;12;0;0;0
18;2;0;6;4;7;3;4;1;6;38;0;0;0
21;2;11;9;4;5;3;4;1;40;38;0;0;0
47;2;15;10;2;13;0;4;1;50;38;0;0;0
33;2;11;9;4;7;2;0;0;36;38;0;0;0
39;2;11;9;0;2;3;4;1;40;38;1;0;0
67;4;9;13;2;3;0;4;1;8;38;0;0;1
19;2;15;10;4;7;3;4;1;24;38;0;1;0
18;2;0;6;4;7;3;4;1;11;38;0;0;0
36;2;11;9;4;0;3;2;1;40;38;0;0;0
23;2;15;10;4;6;3;4;1;25;38;0;0;0
73;4;11;9;2;4;0;4;1;40;38;0;0;0
35;2;15;10;2;2;0;4;1;40;38;1;0;0
31;2;7;12;2;2;0;4;1;40;38;0;0;1
20;2;0;6;4;6;1;4;1;40;38;0;0;0
20;2;11;9;4;0;3;4;0;40;38;0;0;0
27;2;11;9;2;5;0;4;1;40;25;0;0;0
66;3;0;6;2;11;0;4;1;30;38;0;0;0
66;2;12;14;2;11;0;4;1;50;38;0;0;0
64;2;12;14;4;9;1;4;0;35;38;0;0;0
48;2;15;10;0;13;1;4;1;53;38;1;0;0
24;2;9;13;4;9;1;4;0;40;38;0;0;0
51;4;11;9;2;4;0;4;1;60;38;0;0;0
25;2;9;13;2;2;0;4;1;60;38;0;0;1
33;2;1;7;5;11;3;4;0;20;38;0;0;0
50;2;11;9;2;6;0;4;1;50;38;0;0;0
51;2;5;4;3;2;1;2;1;50;5;0;0;0
34;5;9;13;2;9;0;4;1;38;38;0;0;1
41;1;5;4;4;7;4;2;0;40;38;0;0;0
30;4;15;10;2;6;0;4;1;40;38;0;0;0
59;2;15;10;0;2;1;4;1;40;38;1;0;0
41;4;15;10;2;6;0;4;1;40;38;1;0;1
36;4;12;14;4;11;1;4;1;45;38;1;0;1
37;2;3;2;2;4;0;4;1;85;25;0;0;0
28;2;11;9;4;7;1;0;1;30;38;0;0;0
19;2;11;9;4;2;3;4;1;40;38;0;0;0
28;2;15;10;2;13;0;4;1;45;38;0;0;0
62;2;0;6;2;6;0;2;1;40;38;0;0;0
36;2;12;14;2;11;0;4;1;45;38;1;0;1
58;4;0;6;4;2;1;4;1;40;11;0;0;0
42;3;11;9;0;11;4;4;1;50;38;1;0;0
43;3;11;9;2;2;0;4;1;40;38;0;0;0
29;2;11;9;2;2;0;4;1;40;38;0;0;0
32;5;11;9;4;3;1;4;1;50;38;0;0;0
64;1;6;5;4;0;2;4;1;40;38;0;0;0
39;2;9;13;2;9;5;4;0;20;38;0;0;1
26;2;9;13;4;11;3;2;0;20;38;0;0;0
19;2;11;9;4;7;1;4;1;30;38;0;0;0
21;2;11;9;4;0;3;4;0;45;38;0;0;0
32;2;15;10;4;0;1;4;0;40;38;0;0;0
30;1;7;12;2;10;0;4;1;45;38;1;0;0
26;2;9;13;4;0;2;4;0;50;38;0;0;0
20;2;15;10;4;0;3;1;0;15;38;0;0;0
19;2;15;10;4;13;3;4;1;30;38;0;0;0
33;0;9;13;2;0;0;4;1;42;38;0;0;1
23;2;15;10;2;2;2;4;1;40;7;0;0;0
29;2;11;9;2;2;0;4;1;45;38;0;0;0
42;2;11;9;2;3;5;4;0;40;38;0;0;0
30;4;11;9;2;11;0;4;1;50;38;0;0;0
63;2;11;9;2;13;5;1;0;20;38;0;0;0
34;2;11;9;2;5;0;4;1;40;38;0;0;0
60;4;15;10;2;2;0;4;1;24;38;0;0;0
48;2;11;9;2;7;0;4;1;50;38;0;0;0
25;2;9;13;4;3;1;4;1;50;38;0;0;0
27;2;8;11;2;0;5;2;0;40;38;0;0;0
55;4;11;9;0;2;4;4;1;55;38;1;0;1
32;2;15;10;4;6;3;2;0;40;38;0;0;0
22;2;15;10;4;0;3;4;1;25;11;0;0;0
25;2;11;9;4;3;1;4;1;50;38;0;0;0
18;2;1;7;4;7;3;4;0;16;38;0;0;0
24;1;15;10;2;0;5;4;0;44;38;0;0;0
29;2;9;13;4;3;1;4;0;40;38;0;0;0
39;2;11;9;2;2;0;4;1;40;38;0;0;1
33;3;12;14;2;2;0;4;1;40;38;0;0;0
57;2;11;9;0;6;1;4;0;40;38;0;0;1
22;2;0;6;5;7;4;4;0;40;38;0;0;0
33;2;11;9;2;13;0;4;1;60;38;0;0;0
42;2;11;9;2;2;0;4;1;40;38;0;0;0
43;2;9;13;5;9;4;4;1;45;38;0;0;0
57;4;15;10;2;12;0;4;1;38;38;0;0;1
42;2;12;14;0;9;1;4;1;40;38;1;0;0
22;2;15;10;4;13;3;4;1;30;38;0;1;0
42;4;9;13;2;11;0;4;1;50;38;0;0;1
39;2;15;10;2;11;0;4;1;55;38;0;0;0
41;2;15;10;2;9;5;4;0;32;38;0;0;1
20;1;11;9;4;5;3;2;1;40;38;0;0;0
47;2;15;10;2;2;0;4;1;40;38;0;0;0
44;2;15;10;0;0;4;4;0;40;38;0;0;0
29;2;9;13;4;0;1;2;0;40;38;0;0;0
52;2;15;10;3;0;1;4;0;16;38;1;0;1
71;2;15;10;6;11;1;4;1;35;38;0;0;1
52;2;11;9;4;2;3;4;1;55;38;0;0;0
36;2;11;9;2;11;0;4;1;40;38;0;0;0
53;2;15;10;0;2;1;4;1;48;38;0;0;1
37;2;11;9;2;7;5;4;0;30;38;0;0;1
26;2;0;6;4;5;1;4;1;40;38;0;0;0
34;2;9;13;2;9;0;4;1;55;38;0;0;1
35;2;9;13;4;9;1;4;1;50;38;0;0;1
20;2;6;5;4;11;3;4;0;40;38;0;0;0
34;1;15;10;2;2;0;4;1;40;38;0;1;0
56;4;9;13;2;3;0;4;1;60;38;0;0;0
39;2;9;13;2;9;5;4;0;36;38;0;0;1
24;2;15;10;4;12;3;4;0;20;38;0;0;0
24;2;1;7;0;11;4;4;0;35;38;0;0;0
23;2;9;13;4;9;1;4;1;50;38;0;0;0
27;2;9;13;4;9;1;4;1;45;38;0;0;0
25;2;11;9;4;0;4;4;0;40;38;0;0;0
29;2;15;10;4;0;1;4;0;40;38;0;0;0
42;2;15;10;2;6;5;4;0;37;38;0;0;1
51;2;11;9;2;2;0;4;1;40;38;0;0;0
31;2;8;11;2;2;0;4;1;40;38;0;1;0
59;2;3;2;2;6;0;4;1;40;25;0;0;0
29;2;11;9;2;7;5;4;0;40;38;0;0;0
18;2;11;9;4;0;3;4;0;20;38;0;0;0
24;2;11;9;2;2;5;4;0;36;38;0;0;0
38;5;15;10;5;3;3;4;1;40;38;0;0;0
34;4;11;9;5;3;1;4;1;50;38;0;0;0
42;4;9;13;2;3;0;4;1;70;38;0;1;1
45;4;2;8;0;2;2;2;1;35;38;0;0;0
21;2;8;11;4;13;3;4;1;40;38;0;0;0
64;3;10;16;2;9;0;4;1;60;1;1;0;1
32;2;11;9;4;6;2;2;1;40;38;0;0;0
45;2;9;13;4;9;1;4;1;40;38;0;0;1
53;2;4;3;2;6;0;1;1;40;24;0;0;0
42;2;11;9;2;2;0;4;1;16;38;0;0;0
32;2;11;9;0;7;1;4;0;40;38;0;0;0
49;2;11;9;2;6;0;4;1;40;38;0;0;0
62;2;4;3;2;4;0;4;1;24;25;0;0;0
28;2;9;13;2;3;0;4;1;45;38;0;0;0
32;2;11;9;4;4;1;4;1;35;38;0;0;0
37;3;0;6;4;13;1;4;1;50;38;0;1;1
38;2;9;13;2;3;0;1;1;50;23;0;0;1
44;1;11;9;0;13;3;4;1;25;38;0;0;0
19;2;11;9;4;13;3;4;1;40;38;0;0;0
24;2;9;13;4;9;1;4;0;40;38;0;0;0
58;2;11;9;2;3;0;4;1;50;38;0;0;1
56;2;9;13;6;7;1;4;0;40;38;0;0;0
37;2;0;6;0;2;4;4;0;40;38;0;0;0
43;2;15;10;0;6;1;4;1;40;38;0;0;0
32;2;11;9;2;2;0;4;1;40;38;0;0;0
34;2;9;13;4;11;3;2;0;40;38;0;0;0
44;2;6;5;0;7;3;4;0;50;38;0;0;0
28;2;11;9;4;5;4;4;1;40;38;0;0;0
35;2;11;9;0;7;1;4;0;35;38;0;0;0
38;2;11;9;2;6;0;4;1;40;38;0;0;0
26;2;15;10;4;12;3;4;0;40;38;0;0;0
20;2;1;7;4;13;3;4;1;60;38;0;0;0
24;2;11;9;2;2;0;4;1;60;25;0;0;1
40;2;11;9;0;2;1;4;1;45;38;0;0;0
23;2;11;9;4;2;2;4;1;40;38;0;0;0
79;1;1;7;2;3;0;4;1;7;38;0;0;0
44;2;0;6;0;0;4;3;0;42;38;0;0;0
51;2;12;14;2;9;5;4;0;50;38;1;0;1
30;2;11;9;2;6;0;4;1;40;38;0;0;0
52;2;7;12;2;11;0;4;1;48;38;1;0;1
33;2;4;3;2;4;0;1;1;40;29;0;0;0
50;2;9;13;0;3;4;4;1;45;38;0;0;1
51;2;8;11;2;12;0;4;1;40;38;1;0;1
41;2;11;9;4;6;1;4;1;40;38;0;0;0
35;2;9;13;2;11;5;4;0;30;38;0;0;1
34;2;15;10;2;3;0;4;1;40;38;1;0;1
28;2;9;13;4;9;1;4;1;45;38;0;0;0
31;3;8;11;0;11;1;4;1;40;38;0;0;0
22;2;11;9;4;5;3;4;1;40;38;0;0;0
65;2;11;9;2;11;0;4;1;40;38;1;0;1
39;4;11;9;2;11;0;4;1;50;38;0;0;1
23;2;15;10;4;12;3;4;1;40;38;0;0;0
29;4;7;12;2;11;0;4;1;50;38;0;0;0
57;4;0;6;0;3;3;4;1;60;38;0;0;1
47;2;15;10;6;7;1;4;0;35;38;0;0;0
51;1;11;9;2;13;0;2;1;60;38;0;0;0
34;2;11;9;2;5;0;2;1;40;38;0;0;0
52;2;11;9;2;3;0;4;1;60;38;0;0;1
29;2;11;9;2;9;0;4;1;40;38;0;0;1
29;2;11;9;2;2;0;4;1;40;38;0;0;0
25;1;15;10;2;4;0;4;1;40;38;0;0;0
21;2;15;10;4;7;1;4;0;40;38;0;0;0
38;2;9;13;3;9;1;4;0;40;38;0;0;0
55;4;11;9;2;11;0;4;1;50;38;0;0;1
61;3;9;13;5;11;1;4;0;30;38;0;0;0
34;2;7;12;4;0;1;1;0;60;38;1;0;1
41;2;9;13;2;0;0;4;1;40;38;0;0;0
27;1;8;11;4;0;3;4;1;43;38;0;0;0
78;4;9;13;4;3;1;4;1;20;38;1;0;1
40;2;11;9;2;13;0;4;1;40;38;0;0;1
26;4;5;4;2;13;0;4;1;75;38;0;0;0
43;2;11;9;2;7;0;1;1;60;23;0;0;0
25;2;8;11;2;12;0;4;1;40;25;0;0;0
26;4;15;10;4;7;1;4;0;48;38;0;0;0
43;3;11;9;2;11;0;4;1;68;38;0;0;1
25;2;15;10;4;7;3;4;1;40;30;0;0;0
22;2;15;10;4;0;2;2;0;30;22;0;0;0
52;4;11;9;2;2;0;4;1;55;38;0;0;1
61;2;11;9;2;0;5;4;0;5;38;1;0;0
42;2;9;13;4;11;4;4;1;40;38;0;0;0
21;2;8;11;4;0;1;4;0;40;38;0;0;0
44;2;11;9;2;13;0;0;1;40;38;0;0;0
65;2;11;9;2;2;0;4;1;40;11;1;0;0
33;0;7;12;0;7;4;4;1;40;38;0;0;0
22;2;0;6;4;0;1;4;0;40;38;0;0;0
43;2;11;9;0;6;1;4;0;24;38;0;0;0
45;3;11;9;0;3;1;4;1;42;38;0;0;0
42;2;11;9;0;11;1;4;0;42;38;0;0;0
37;2;11;9;3;4;4;3;1;40;25;0;0;0
56;2;6;5;0;2;1;4;1;40;38;0;0;0
40;2;7;12;0;0;4;2;0;32;38;0;0;0
31;2;9;13;2;11;0;4;1;55;38;0;0;0
26;2;9;13;2;9;0;4;1;40;38;0;0;0
26;5;9;13;4;9;3;4;1;40;38;0;0;0
42;3;9;13;2;3;0;4;1;70;38;0;0;0
45;4;11;9;2;3;0;1;1;40;2;0;0;0
47;1;15;10;2;9;0;2;1;50;38;1;0;1
22;2;15;10;2;6;0;4;1;40;25;0;0;0
33;2;9;13;4;3;3;4;1;40;38;0;0;0
37;2;11;9;4;13;1;2;1;50;38;0;0;0
48;4;11;9;2;4;0;4;1;98;38;0;0;0
57;4;0;6;2;2;0;4;1;8;38;0;0;0
47;2;15;10;0;0;1;4;0;60;38;0;0;0
58;1;6;5;2;13;0;4;1;40;38;0;0;0
55;2;1;7;6;0;4;4;0;40;38;0;0;0
52;2;15;10;2;2;0;4;1;55;38;0;0;0
29;2;9;13;4;9;1;4;1;40;38;0;0;0
42;2;12;14;4;9;1;4;0;40;38;0;0;0
23;2;11;9;0;2;1;4;1;60;38;0;0;0
23;2;2;8;4;7;1;4;0;30;38;0;0;0
46;4;8;11;2;3;0;4;1;60;38;0;0;0
30;2;15;10;4;6;1;4;1;40;38;0;0;0
43;4;9;13;2;9;5;4;0;70;38;0;1;1
25;2;15;10;4;0;3;4;0;30;38;0;0;0
32;2;11;9;2;13;0;4;1;80;38;0;0;1
56;2;6;5;2;13;0;2;1;40;38;0;0;0
33;2;11;9;2;13;0;4;1;43;38;0;0;0
19;5;15;10;4;0;3;4;1;10;38;0;0;0
20;2;15;10;4;11;3;4;0;18;38;0;0;0
34;2;15;10;2;0;0;4;1;40;38;0;0;0
34;2;6;5;0;7;4;4;0;40;38;0;0;0
55;4;11;9;2;2;0;4;1;40;38;0;0;0
55;2;6;5;2;12;5;4;0;23;38;0;0;0
31;2;15;10;4;11;1;4;1;45;38;0;0;0
30;2;11;9;0;7;4;4;0;40;38;0;0;0
31;2;11;9;0;7;4;4;1;40;38;0;0;0
51;2;11;9;5;6;1;4;1;40;38;0;1;0
59;2;11;9;2;2;0;4;1;40;38;0;0;0
58;2;11;9;0;0;4;2;0;36;38;0;0;0
40;2;6;5;2;5;0;4;1;40;38;0;0;0
54;2;11;9;2;2;0;2;1;40;38;0;0;0
25;1;9;13;2;9;0;4;1;40;38;0;1;1
18;3;1;7;4;4;3;4;1;30;38;0;0;0
41;2;15;10;2;2;0;4;1;40;38;0;0;0
57;2;0;6;6;7;4;4;0;40;38;0;0;0
37;2;11;9;2;3;0;4;1;40;38;0;0;1
46;2;11;9;4;7;4;4;0;24;38;0;0;0
39;2;11;9;4;7;3;4;0;38;38;0;0;0
19;2;11;9;4;2;1;4;0;40;38;0;0;0
41;2;7;12;2;6;0;4;1;40;38;0;0;0
54;2;11;9;4;0;1;4;1;41;38;0;0;0
39;2;12;14;2;3;0;4;1;40;38;0;0;1
41;2;11;9;2;2;0;4;1;40;38;0;0;1
26;2;14;15;4;9;1;4;0;30;38;0;0;0
57;3;11;9;2;0;0;4;1;50;38;0;0;0
33;1;15;10;2;10;0;4;1;40;38;0;0;1
56;2;15;10;2;3;0;4;1;40;38;0;0;1
60;2;11;9;2;6;0;4;1;40;38;0;0;0
22;2;11;9;4;13;1;4;1;70;38;0;0;0
58;2;2;8;2;13;2;4;1;40;38;0;0;0
48;0;12;14;3;3;1;4;0;50;38;1;0;1
45;1;12;14;2;9;0;4;1;55;38;1;0;1
18;2;11;9;4;11;3;1;0;40;38;0;0;0
56;2;11;9;6;7;4;4;0;40;38;0;0;0
48;3;11;9;2;2;0;4;1;60;38;0;0;1
40;2;9;13;4;12;1;1;0;48;29;0;1;0
38;2;11;9;0;7;1;4;1;32;38;0;0;0
58;2;15;10;0;0;4;4;0;40;38;0;0;0
23;2;15;10;4;3;3;4;1;50;38;0;0;0
51;2;9;13;0;9;1;4;1;45;38;0;0;0
44;2;11;9;2;4;0;4;1;70;38;0;0;0
46;0;15;10;0;12;1;4;1;40;38;0;0;0
64;5;9;13;2;0;0;4;1;40;38;0;0;0
32;2;9;13;2;3;0;2;1;40;8;0;0;1
31;2;15;10;2;0;0;4;1;40;38;0;0;0
36;2;8;11;2;11;0;4;1;50;38;0;0;1
21;2;11;9;4;7;1;4;0;50;38;0;0;0
30;2;15;10;2;2;0;4;1;40;38;0;0;0
31;2;8;11;4;7;1;2;0;40;38;0;0;0
54;2;11;9;2;13;0;4;1;50;38;0;1;0
59;1;6;5;2;7;0;4;1;40;38;0;0;0
28;1;12;14;2;9;5;4;0;20;38;0;0;1
57;2;11;9;0;0;4;4;0;40;38;0;0;0
44;2;11;9;2;2;0;4;1;45;38;0;0;0
53;3;15;10;0;3;1;4;1;60;38;0;0;0
58;4;15;10;2;3;0;4;1;60;38;0;0;1
19;2;15;10;4;7;3;4;0;20;38;0;0;0
39;3;7;12;2;3;0;4;1;50;38;0;0;1
31;3;15;10;2;3;5;1;0;70;34;0;0;0
27;2;11;9;2;2;0;4;1;40;38;0;0;0
46;1;6;5;5;7;4;2;0;40;38;0;0;0
37;4;12;14;4;3;1;4;1;40;38;0;0;0
27;2;9;13;4;11;1;2;0;40;38;0;0;0
33;2;15;10;4;13;1;4;1;55;38;0;0;0
20;2;15;10;4;7;3;4;1;16;38;0;0;0
55;2;11;9;0;2;1;4;1;45;38;0;0;0
39;2;7;12;4;11;1;4;0;40;38;0;0;0
41;2;11;9;4;7;1;4;0;40;38;0;0;0
30;2;9;13;4;9;1;4;0;40;38;0;0;0
39;3;9;13;3;11;1;4;1;40;38;0;0;0
28;2;11;9;5;3;4;4;0;50;38;0;0;0
25;2;15;10;4;11;3;4;1;24;38;0;0;0
31;2;11;9;2;2;0;4;1;50;38;0;0;0
51;2;11;9;2;13;0;4;1;60;38;0;0;0
24;2;9;13;4;0;3;4;1;40;38;0;0;0
70;2;11;9;0;10;1;4;0;32;38;0;0;0
23;2;15;10;4;0;3;4;1;40;38;0;0;0
61;2;11;9;6;3;1;4;0;40;38;0;0;0
45;4;5;4;2;3;0;4;1;55;38;0;0;1
47;2;11;9;2;5;0;4;1;60;38;1;0;0
56;2;15;10;0;7;1;4;0;50;38;0;0;0
79;2;10;16;2;9;0;4;1;35;7;1;0;1
20;2;15;10;4;0;3;4;0;15;38;0;0;0
30;2;11;9;4;2;4;1;1;40;39;0;0;0
40;2;9;13;2;11;0;4;1;40;38;0;0;1
58;2;11;9;2;2;0;4;1;40;38;0;0;1
71;4;14;15;2;4;0;4;1;2;38;0;0;0
50;2;14;15;2;9;0;4;1;60;38;0;0;1
29;1;15;10;4;3;1;4;1;40;19;0;0;0
33;2;0;6;5;7;4;4;0;35;38;1;0;0
60;5;11;9;2;10;0;0;1;40;38;0;0;1
33;2;7;12;4;0;1;4;1;50;38;0;0;0
33;2;0;6;4;5;4;2;1;40;38;0;0;0
33;2;11;9;2;0;5;4;0;52;38;0;0;0
32;5;11;9;2;10;0;4;1;45;38;0;0;0
21;2;15;10;4;7;3;4;0;9;38;0;0;0
38;2;11;9;2;9;5;4;0;40;38;0;0;0
38;2;15;10;2;0;5;4;0;35;38;0;0;1
39;5;15;10;5;3;4;2;0;30;38;0;0;0
17;2;1;7;4;11;3;4;0;15;38;0;0;0
21;2;15;10;2;0;0;4;1;40;38;0;0;0
42;2;15;10;2;12;0;4;1;20;38;0;0;1
42;2;11;9;2;3;5;4;0;40;38;0;0;1
36;2;1;7;0;7;1;4;0;40;38;0;0;0
32;2;15;10;0;3;1;4;0;50;38;0;0;1
37;4;9;13;2;9;0;4;1;40;38;0;0;1
28;2;9;13;4;11;1;4;1;40;38;0;0;0
37;2;8;11;2;2;0;4;1;40;38;0;0;0
50;2;11;9;5;9;4;3;0;60;32;0;0;0
49;2;1;7;2;2;0;4;1;40;38;0;0;0
40;2;12;14;2;3;0;4;1;40;38;0;0;1
40;2;15;10;2;7;0;4;1;40;38;0;0;0
49;2;15;10;2;2;0;4;1;40;38;0;0;0
35;0;12;14;4;3;1;4;1;40;38;1;0;1
33;1;11;9;0;10;4;4;1;40;38;0;0;0
24;2;11;9;4;2;1;4;1;40;38;0;0;0
41;2;12;14;4;0;1;4;0;40;38;0;0;0
43;2;15;10;2;12;0;2;1;40;22;0;0;1
36;4;11;9;2;4;0;4;1;60;38;0;1;1
84;4;9;13;2;4;0;4;1;20;38;0;0;0
23;2;11;9;4;11;3;4;1;40;38;0;0;0
41;2;9;13;2;9;0;4;1;50;38;0;0;1
55;3;11;9;2;3;0;4;1;45;38;0;1;1
30;4;15;10;4;2;1;4;1;45;38;0;0;0
46;2;7;12;2;0;0;1;1;40;18;0;0;0
55;2;15;10;2;3;0;4;1;40;38;0;1;1
34;2;15;10;4;0;1;4;1;40;38;0;0;0
54;4;12;14;0;11;1;4;1;60;38;0;0;0
27;2;15;10;4;0;3;2;1;40;38;0;0;0
52;1;12;14;2;9;5;4;0;40;38;0;0;1
36;2;15;10;2;0;5;2;0;40;38;1;0;1
25;4;11;9;4;9;1;4;1;40;38;0;0;0
52;2;9;13;2;3;0;4;1;55;38;0;0;1
24;2;11;9;0;3;1;0;0;50;38;0;0;0
36;2;11;9;4;0;1;2;0;40;38;0;0;0
31;2;11;9;2;5;0;4;1;40;38;0;0;0
90;4;9;13;2;9;0;4;1;50;38;1;0;0
67;2;12;14;2;9;0;4;1;60;38;1;0;1
22;3;5;4;2;2;0;4;1;40;38;1;0;0
47;2;15;10;0;0;1;4;0;35;38;0;0;0
32;2;9;13;2;3;0;4;1;55;38;0;1;1
55;4;5;4;2;4;0;4;1;50;38;0;0;0
32;2;11;9;4;5;1;4;0;35;38;0;0;0
48;2;15;10;5;0;2;2;0;40;38;0;0;0
21;2;11;9;2;11;0;3;1;35;38;0;0;0
33;2;7;12;3;9;3;4;0;40;38;0;0;0
47;2;8;11;4;9;1;4;0;40;38;0;0;0
18;2;1;7;4;7;3;4;0;24;38;0;0;0
44;3;11;9;2;2;0;4;1;60;38;0;0;1
23;2;15;10;4;2;3;4;1;37;25;0;0;0
18;2;0;6;4;11;3;4;0;35;38;0;0;0
56;2;11;9;2;3;0;4;1;50;38;0;0;0
24;2;9;13;4;0;3;4;1;35;38;0;0;0
43;2;9;13;2;2;0;4;1;40;38;0;0;1
23;2;9;13;4;11;3;4;0;60;38;0;0;0
26;2;15;10;4;11;3;4;1;42;38;0;0;0
42;2;11;9;6;11;4;4;1;40;38;0;0;0
23;2;11;9;4;0;1;4;0;40;38;0;0;0
53;4;0;6;2;2;0;4;1;40;38;0;0;0
51;2;11;9;2;3;0;4;1;55;38;1;0;1
40;2;11;9;4;7;3;4;1;25;38;0;0;0
27;2;9;13;4;9;1;4;1;50;38;0;0;0
24;1;15;10;5;10;1;4;1;60;38;0;0;0
42;2;11;9;0;2;2;4;0;40;38;0;0;0
41;2;11;9;5;0;4;4;0;40;38;0;0;0
23;2;15;10;4;5;3;4;1;10;38;0;0;0
42;4;12;14;2;9;0;4;1;65;38;0;0;0
38;2;11;9;2;2;0;4;1;40;38;0;0;1
63;4;5;4;2;4;0;4;1;30;38;0;0;0
31;2;11;9;2;2;0;4;1;40;38;0;0;0
18;4;1;7;4;7;3;4;0;4;38;0;0;0
21;2;15;10;4;7;3;4;1;30;38;0;0;0
24;2;9;13;2;9;2;1;0;40;29;0;0;0
55;2;15;10;2;2;0;4;1;40;38;0;0;0
20;2;6;5;4;0;4;2;0;20;38;1;0;0
31;2;15;10;0;11;3;4;0;30;38;0;0;0
23;2;15;10;4;0;3;4;0;20;38;0;0;0
35;2;11;9;2;2;0;4;1;40;25;0;0;0
51;4;15;10;2;11;0;4;1;60;38;0;0;0
19;2;15;10;4;10;3;4;0;30;38;0;0;0
38;1;11;9;0;10;1;4;1;56;38;0;0;0
52;1;11;9;2;2;0;4;1;40;38;0;1;0
70;4;14;15;2;9;0;4;1;25;38;0;0;0
53;2;0;6;0;2;1;4;1;40;38;0;0;0
59;2;10;16;2;3;0;4;1;40;38;0;0;1
39;2;15;10;2;13;0;4;1;43;38;0;0;0
18;2;2;8;4;11;3;4;0;20;38;0;0;0
24;2;15;10;0;0;1;4;0;40;38;0;0;0
25;2;11;9;4;0;1;4;0;38;38;0;0;0
32;2;15;10;4;3;1;2;1;40;22;0;0;0
34;4;11;9;2;11;0;4;1;60;38;0;1;1
35;2;11;9;4;11;1;4;0;40;38;0;0;0
50;2;11;9;2;0;0;4;1;45;38;1;0;1
18;2;11;9;4;11;3;4;1;20;38;0;0;0
37;2;11;9;4;0;1;4;1;42;38;0;0;0
30;2;15;10;4;7;4;4;0;36;38;0;0;0
40;3;12;14;2;3;5;4;0;30;19;1;0;1
22;2;11;9;4;9;1;4;0;40;38;0;0;0
50;1;15;10;5;7;4;2;0;28;38;0;0;0
70;2;11;9;0;7;1;4;0;23;38;0;0;0
43;2;12;14;2;9;0;4;1;40;38;0;0;1
77;4;15;10;4;2;1;4;1;40;38;0;0;0
30;4;11;9;2;2;0;4;1;40;38;0;0;0
33;2;15;10;2;6;0;4;1;39;38;0;0;0
51;2;15;10;2;11;0;4;1;50;38;0;1;1
58;5;12;14;2;9;0;4;1;50;38;0;1;1
22;2;15;10;4;0;3;4;1;12;38;0;0;0
33;2;11;9;2;13;0;2;1;40;38;0;0;0
27;2;1;7;2;11;0;4;1;40;38;0;0;0
35;2;15;10;4;3;1;4;1;60;38;0;0;0
32;2;15;10;0;11;1;4;0;55;38;0;0;0
41;2;9;13;2;12;5;4;0;25;38;0;0;1
37;2;15;10;2;2;0;4;1;40;38;0;0;0
17;2;1;7;4;11;3;4;1;15;38;0;0;0
50;2;9;13;0;3;1;4;1;55;38;0;0;1
54;5;11;9;5;3;4;4;0;38;38;0;0;0
23;5;11;9;4;7;3;2;1;40;38;0;0;0
40;2;9;13;0;0;4;4;0;20;38;0;0;0
29;2;9;13;2;9;0;4;1;40;10;1;0;0
30;2;8;11;2;3;0;4;1;55;38;0;0;0
20;2;15;10;4;11;3;1;1;8;18;0;0;0
43;4;15;10;2;4;0;4;1;50;38;0;0;0
25;2;15;10;4;12;3;4;1;25;38;0;0;0
39;2;12;14;2;11;0;4;1;50;38;0;0;1
48;2;7;12;2;9;0;4;1;50;38;0;0;1
41;4;11;9;0;7;4;4;0;40;38;0;0;0
24;2;9;13;4;0;1;4;1;30;38;0;0;0
20;2;15;10;4;0;3;4;1;40;40;0;0;0
25;2;15;10;4;0;1;4;0;40;38;0;0;0
57;2;15;10;2;2;0;4;1;40;38;0;0;1
39;2;15;10;2;3;5;4;0;35;32;0;0;1
66;2;9;13;2;9;0;4;1;40;38;0;0;1
34;2;15;10;0;0;4;4;0;40;38;0;0;0
36;2;9;13;0;9;1;4;1;40;38;1;0;1
46;2;11;9;2;11;5;4;0;40;38;0;0;0
42;1;12;14;0;9;4;4;0;45;38;0;0;0
46;2;11;9;2;13;0;4;1;70;1;0;1;1
34;1;11;9;4;10;3;4;1;40;38;0;0;0
43;2;15;10;2;12;5;2;0;40;38;0;0;0
42;2;15;10;0;3;3;4;0;40;38;0;0;0
31;2;9;13;4;11;1;4;1;48;38;0;0;0
32;2;15;10;2;3;0;4;1;40;38;0;0;0
46;0;11;9;2;0;0;4;1;40;10;0;0;1
42;3;5;4;0;2;4;4;1;25;38;0;0;0
21;2;8;11;4;3;3;4;1;40;38;0;0;0
24;2;9;13;4;11;1;4;0;40;38;0;0;0
23;2;11;9;4;11;2;4;1;55;38;0;0;0
50;1;12;14;2;9;0;4;1;40;38;1;0;1
37;2;15;10;0;0;4;4;0;45;38;0;0;0
44;0;7;12;2;2;0;4;1;40;38;0;0;1
29;2;11;9;2;13;0;2;1;40;38;0;0;0
30;2;8;11;2;0;5;4;0;24;38;0;0;0
36;2;15;10;2;11;0;4;1;44;38;0;0;0
49;4;9;13;4;11;1;4;1;45;38;0;0;0
29;2;11;9;0;2;1;4;1;40;38;0;0;0
45;1;11;9;4;0;1;2;0;40;38;0;0;0
75;5;10;16;2;9;0;2;1;20;38;0;0;1
37;2;7;12;0;3;1;4;0;40;38;0;0;0
51;2;9;13;2;6;0;4;1;25;38;0;0;0
61;1;11;9;2;4;0;4;1;48;38;0;0;0
50;1;11;9;2;0;0;2;1;40;38;0;0;0
59;2;11;9;4;6;1;4;1;40;38;0;0;0
25;2;11;9;4;0;4;4;0;30;38;0;0;0
22;2;11;9;4;5;3;4;1;16;38;0;0;0
56;2;15;10;2;13;0;4;1;40;38;0;0;1
44;2;9;13;4;0;4;2;0;40;38;0;0;0
35;2;8;11;2;2;0;4;1;50;38;0;0;0
57;2;11;9;4;3;1;4;1;40;38;0;0;0
47;4;11;9;2;4;0;4;1;50;38;1;0;1
27;2;9;13;4;3;1;4;0;40;38;0;0;0
50;4;11;9;2;4;0;4;1;20;38;0;1;0
46;2;1;7;2;13;0;2;1;40;38;0;0;0
48;3;14;15;2;9;0;4;1;60;38;0;0;1
61;2;9;13;0;0;1;4;1;40;38;0;0;1
33;2;11;9;4;13;1;4;1;87;38;0;0;0
40;2;11;9;2;7;0;2;1;40;38;0;0;0
58;3;15;10;2;3;0;4;1;65;38;0;0;1
46;3;12;14;2;3;0;4;1;50;38;0;1;1
35;2;15;10;2;9;0;4;1;40;38;0;0;1
51;3;15;10;0;3;4;4;0;50;38;0;0;0
37;2;2;8;4;7;3;4;0;40;38;0;0;0
64;2;12;14;2;9;0;1;1;60;2;0;1;0
41;2;11;9;4;2;1;4;1;54;38;0;0;0
18;2;1;7;4;5;3;4;1;30;38;1;0;0
44;4;1;7;2;4;0;4;1;88;38;0;0;0
41;5;9;13;2;9;5;0;0;48;38;0;0;1
33;5;15;10;5;9;1;4;1;40;38;1;0;1
37;2;6;5;5;8;4;4;0;16;25;0;0;0
34;2;15;10;4;0;3;4;0;40;38;0;0;0
20;2;15;10;4;5;3;4;1;40;38;0;0;0
38;2;9;13;2;3;0;4;1;40;38;0;0;0
28;2;8;11;4;7;1;4;0;40;38;0;0;0
20;4;11;9;4;13;3;4;1;45;38;0;0;0
22;0;9;13;4;12;3;4;1;8;38;0;0;0
55;2;9;13;0;0;4;4;0;73;38;0;0;0
20;2;15;10;4;9;1;4;1;35;38;0;0;0
26;2;9;13;4;9;1;4;0;40;38;0;0;0
20;3;11;9;4;4;3;4;1;70;38;0;0;0
40;2;6;5;0;7;1;4;0;40;38;0;0;0
33;2;11;9;2;11;0;4;1;50;38;0;0;1
24;2;11;9;4;11;1;4;0;40;38;0;0;0
25;2;15;10;4;3;3;4;1;46;38;0;0;0
18;2;1;7;4;7;3;4;1;8;38;0;0;0
49;4;11;9;2;2;0;4;1;60;38;0;0;0
17;2;2;8;4;5;3;4;1;17;38;0;0;0
34;4;8;11;2;2;0;4;1;45;38;0;0;0
37;2;9;13;2;9;0;4;1;45;38;0;0;1
49;0;15;10;2;3;0;4;1;40;38;0;0;1
74;2;11;9;6;0;1;4;0;40;38;1;0;1
37;2;11;9;0;4;1;4;1;40;38;0;0;0
20;2;1;7;2;5;0;4;1;40;38;0;1;0
40;2;11;9;2;3;5;4;0;35;38;0;0;1
34;2;9;13;4;11;1;4;1;40;38;1;0;1
30;2;14;15;2;9;0;2;1;40;13;0;1;0
44;2;11;9;5;0;1;4;0;40;32;0;0;0
40;2;0;6;2;7;5;2;0;32;38;0;0;0
58;2;11;9;2;11;5;4;0;40;11;0;0;0
44;2;11;9;2;2;0;4;1;40;38;0;0;0
42;2;15;10;2;11;0;4;1;25;38;0;0;1
39;2;11;9;4;7;1;4;1;18;38;0;0;0
19;2;11;9;4;7;3;2;1;40;38;0;0;0
41;2;12;14;2;3;0;4;1;70;38;1;0;1
29;5;12;14;4;9;1;4;1;40;38;0;0;0
34;0;15;10;4;2;2;4;1;40;38;0;0;0
27;2;13;1;2;4;2;4;1;24;25;1;0;0
54;2;15;10;0;2;4;4;0;48;38;0;0;0
40;2;11;9;6;6;4;2;0;37;38;0;0;0
19;2;15;10;4;11;2;4;0;25;38;0;0;0
17;2;1;7;4;7;3;4;1;10;38;1;0;0
33;2;15;10;2;11;0;4;1;52;38;0;0;0
80;2;5;4;6;7;1;4;0;24;38;0;0;0
24;4;11;9;4;2;3;4;1;50;38;0;0;0
28;2;9;13;4;9;3;4;1;40;38;0;0;0
55;2;11;9;2;3;5;4;0;30;38;0;0;1
21;2;15;10;4;3;3;4;1;40;38;0;0;0
51;2;11;9;0;0;1;4;0;38;38;0;0;0
19;2;11;9;4;6;3;2;0;40;38;0;0;0
42;2;11;9;4;7;1;4;0;24;38;0;0;0
60;4;11;9;2;3;0;4;1;48;38;0;0;0
51;2;11;9;0;0;1;4;0;40;38;0;0;0
21;2;15;10;4;7;3;4;0;40;38;0;0;0
37;5;15;10;2;2;0;4;1;40;38;0;0;0
26;2;11;9;4;6;1;4;1;52;38;0;0;0
42;0;12;14;4;3;1;4;0;60;38;1;0;1
40;2;15;10;2;5;0;4;1;40;38;0;0;0
55;2;12;14;2;9;0;4;1;40;38;0;0;1
33;2;11;9;4;7;1;2;1;32;38;0;0;0
62;2;11;9;2;13;0;4;1;60;38;0;1;1
47;2;0;6;0;11;4;4;0;30;38;0;0;0
26;2;2;8;4;11;2;2;1;51;38;0;0;0
59;2;11;9;3;0;4;4;0;20;32;0;0;0
70;1;15;10;6;0;1;4;0;17;38;0;0;0
26;2;15;10;4;0;1;4;0;20;38;0;0;0
47;2;0;6;2;11;0;4;1;65;38;0;0;0
25;2;12;14;4;3;1;4;0;43;38;0;0;0
52;3;14;15;2;9;0;4;1;60;38;1;0;1
46;2;11;9;2;2;0;4;1;40;38;0;0;0
67;2;0;6;2;13;0;0;1;20;38;0;0;0
34;2;12;14;2;3;0;4;1;50;38;0;0;1
53;5;15;10;0;0;2;4;0;40;38;1;0;0
22;2;9;13;4;0;1;4;0;35;38;0;0;0
39;1;11;9;0;0;3;4;1;42;38;0;0;0
54;4;11;9;2;2;0;4;1;35;38;0;0;0
24;2;9;13;2;11;0;4;1;40;38;0;0;0
37;2;11;9;5;9;4;4;0;38;38;0;0;0
38;2;0;6;4;9;1;4;1;90;38;0;1;1
41;1;12;14;4;9;1;2;0;40;38;0;0;0
36;2;11;9;2;13;0;4;1;33;38;0;0;0
43;2;8;11;2;3;0;4;1;40;38;1;0;1
39;2;9;13;0;9;1;4;1;40;38;0;0;0
26;2;9;13;4;11;3;4;1;45;38;0;0;0
49;1;12;14;4;9;1;4;0;40;38;1;0;0
37;4;9;13;2;9;0;4;1;55;38;0;0;1
43;2;15;10;2;3;0;4;1;50;38;0;0;1
54;0;11;9;2;9;0;4;1;40;38;0;0;1
53;3;4;3;2;11;0;4;1;40;25;0;0;1
57;1;12;14;2;9;0;4;1;60;38;0;0;0
28;2;9;13;2;9;0;4;1;40;38;0;0;1
29;2;9;13;2;7;0;4;1;40;38;0;0;0
21;2;11;9;4;11;3;4;1;40;38;0;0;0
51;2;11;9;2;2;0;4;1;40;38;0;0;0
46;5;11;9;2;13;0;4;1;40;38;0;0;0
50;3;14;15;2;9;0;4;1;75;38;0;0;1
50;4;11;9;6;3;4;1;0;48;34;0;0;0
36;2;11;9;0;3;4;4;0;40;38;0;0;0
31;1;9;13;2;9;0;4;1;40;38;0;0;0
20;2;11;9;4;0;3;4;0;10;38;0;0;0
36;2;11;9;2;5;0;4;1;40;38;0;0;0
38;2;11;9;0;2;3;4;1;40;38;0;0;0
37;2;9;13;2;2;0;4;1;45;38;0;0;1
39;2;12;14;2;9;0;4;1;40;38;1;0;1
18;2;0;6;4;4;3;4;1;36;38;0;0;0
33;2;11;9;0;11;1;4;1;50;38;0;0;0
35;2;11;9;4;12;1;4;0;40;38;1;0;0
23;2;15;10;4;5;3;0;1;40;38;0;0;0
37;2;9;13;5;7;4;1;0;36;29;0;0;0
25;2;11;9;2;7;0;4;1;30;38;0;0;0
51;0;7;12;2;12;0;2;1;40;38;0;0;0
35;2;11;9;2;2;0;4;1;40;38;0;0;0
54;2;1;7;2;6;0;4;1;40;38;0;0;0
32;2;11;9;4;7;4;2;0;13;38;0;0;0
37;4;9;13;4;10;1;4;1;55;38;0;0;1
29;2;9;13;2;11;0;4;1;40;38;0;0;1
45;2;9;13;2;5;0;4;1;37;38;0;0;0
61;3;15;10;2;11;0;4;1;40;38;0;0;0
40;2;15;10;0;0;4;4;0;40;38;0;0;0
24;2;11;9;4;13;1;4;0;49;38;0;0;0
49;2;5;4;2;6;0;3;1;38;38;0;0;0
51;4;12;14;0;3;4;4;1;50;38;1;0;1
34;2;11;9;2;13;0;4;1;40;38;0;0;0
20;2;15;10;4;11;3;4;1;40;38;0;0;0
30;2;15;10;0;0;4;2;0;37;38;0;0;0
49;3;12;14;0;9;4;4;1;80;25;1;0;1
26;2;15;10;4;11;1;4;1;40;38;0;0;0
63;2;0;6;2;0;0;4;1;45;38;0;0;0
36;2;7;12;4;13;1;4;1;55;19;0;0;0
63;4;9;13;2;9;0;4;1;40;38;0;0;1
22;2;11;9;4;0;1;4;0;10;38;0;0;0
40;2;11;9;2;11;0;4;1;40;38;0;0;1
31;2;5;4;6;0;1;4;0;35;38;0;0;0
49;2;15;10;2;2;0;4;1;50;1;0;0;0
23;5;9;13;4;9;3;4;0;20;38;0;0;0
25;2;8;11;4;11;1;4;1;40;38;1;0;1
28;2;9;13;2;2;0;4;1;45;38;0;0;1
44;4;15;10;0;6;1;4;1;35;38;0;1;0
33;2;11;9;5;13;1;4;1;40;38;0;0;0
21;2;15;10;4;0;1;4;1;45;38;1;0;0
55;2;1;7;2;7;0;2;1;40;38;0;1;0
75;4;11;9;0;11;1;4;1;15;38;1;0;0
61;2;6;5;4;6;4;2;0;40;38;0;0;0
53;2;11;9;0;0;1;4;0;40;38;0;0;0
26;1;7;12;2;10;0;4;1;45;38;0;0;1
48;2;15;10;6;11;4;4;1;50;38;0;0;1
28;5;12;14;2;3;0;4;1;50;38;0;0;1
29;2;11;9;2;5;0;4;1;45;38;0;0;0
25;2;15;10;0;12;3;4;0;40;38;0;0;0
37;2;11;9;2;13;0;4;1;40;38;0;0;0
43;1;9;13;0;9;4;4;0;55;38;0;0;0
40;1;11;9;2;13;0;4;1;40;38;0;0;0
34;2;0;6;2;2;0;4;1;45;38;0;0;1
55;2;10;16;2;9;0;4;1;30;38;1;0;1
31;1;7;12;4;12;1;4;1;20;38;0;0;0
32;4;11;9;2;4;0;4;1;40;21;0;0;0
26;5;14;15;4;9;1;1;1;50;18;1;0;0
26;2;9;13;2;9;0;4;1;50;38;0;0;1
44;2;15;10;2;13;0;4;1;40;38;0;0;0
49;2;11;9;2;13;0;4;1;52;38;0;0;1
26;2;11;9;4;0;4;2;0;30;38;0;0;0
40;4;11;9;2;4;0;4;1;60;38;0;0;0
19;4;1;7;4;0;1;4;0;40;38;0;0;0
58;2;11;9;2;4;0;4;1;40;38;0;0;0
61;2;8;11;2;12;0;4;1;40;38;0;0;1
28;4;15;10;2;11;3;1;1;63;34;0;0;0
26;2;9;13;4;4;3;4;1;40;38;0;0;0
64;2;11;9;4;0;1;4;0;25;38;0;0;0
42;3;9;13;2;3;0;4;1;60;38;0;0;1
41;2;15;10;2;12;0;4;1;40;38;0;0;1
45;2;11;9;4;5;1;4;1;40;38;0;0;0
39;2;9;13;2;11;0;4;1;50;38;0;0;1
41;1;11;9;2;7;0;4;1;40;38;0;0;0
51;2;1;7;5;7;1;2;0;40;22;0;0;0
34;2;8;11;0;0;4;4;0;40;38;0;0;0
33;2;12;14;2;3;0;4;1;45;10;0;1;1
23;2;15;10;5;7;1;4;1;40;38;0;1;1
35;4;15;10;2;2;0;0;1;60;38;0;0;0
41;2;1;7;0;8;4;4;0;25;12;0;0;0
39;2;12;14;4;2;1;4;0;50;38;0;0;0
41;2;15;10;2;11;0;4;1;55;38;0;0;0
33;3;15;10;2;3;0;4;1;40;38;0;0;0
22;2;11;9;4;7;2;4;1;40;38;0;0;0
25;2;15;10;4;3;2;4;0;45;38;0;1;0
25;2;15;10;0;6;3;4;0;40;38;0;0;0
77;4;5;4;3;0;1;4;1;20;21;0;0;1
66;2;11;9;6;11;1;4;0;40;38;0;0;0
19;2;15;10;4;11;3;4;1;35;38;0;0;0
44;2;11;9;4;7;4;2;0;38;38;0;0;0
45;3;12;14;0;11;4;4;0;42;38;1;0;1
28;2;15;10;4;11;1;4;1;50;38;0;0;0
19;2;11;9;4;5;2;4;1;40;38;1;0;0
43;2;11;9;2;6;0;2;1;40;38;1;0;1
39;2;9;13;2;12;0;4;1;40;38;1;0;1
33;2;9;13;2;11;0;4;1;50;38;0;0;0
44;2;11;9;3;7;1;2;0;40;22;0;0;0
62;2;5;4;6;6;1;4;0;40;38;0;0;0
40;2;15;10;2;11;0;4;1;50;38;0;0;1
41;2;11;9;4;7;1;4;1;6;19;0;0;0
23;1;15;10;4;7;1;2;1;30;38;0;0;0
48;2;11;9;2;2;0;4;1;40;21;0;0;1
38;2;12;14;2;9;0;4;1;45;38;0;0;0
37;2;12;14;2;3;0;4;1;50;38;0;0;1
45;2;12;14;2;9;0;4;1;55;38;0;0;1
29;2;11;9;2;10;0;4;1;40;38;0;0;0
66;1;11;9;6;0;4;4;0;25;38;0;0;0
19;2;11;9;4;7;1;4;0;50;38;0;0;0
23;2;6;5;4;5;2;4;1;39;25;0;0;0
34;2;9;13;2;12;0;4;1;40;38;0;0;1
39;2;12;14;4;3;1;4;0;45;38;0;0;0
33;4;11;9;4;13;1;4;1;60;38;0;0;0
43;2;15;10;5;11;4;4;0;10;38;0;0;0
27;2;11;9;2;13;0;4;1;99;38;0;0;0
33;5;15;10;5;0;3;2;1;35;38;0;0;0
26;2;4;3;2;4;0;4;1;30;25;0;0;0
56;3;12;14;0;3;1;4;1;60;38;1;0;1
46;2;11;9;2;11;0;4;1;36;38;0;0;0
38;2;7;12;0;2;4;4;0;40;38;0;0;0
90;2;1;7;2;2;0;4;1;40;38;0;0;0
72;3;15;10;2;3;0;4;1;25;38;0;0;1
20;2;11;9;4;0;4;1;0;15;38;0;0;0
29;2;11;9;2;2;0;0;1;48;38;0;0;0
49;2;1;7;2;13;0;4;1;75;38;0;0;0
23;2;11;9;4;7;4;4;0;35;38;0;0;0
20;2;15;10;3;11;3;2;0;18;38;0;0;0
57;2;9;13;2;3;0;1;1;40;34;1;0;0
46;2;7;12;0;9;4;4;0;40;38;0;0;0
33;2;9;13;2;9;0;4;1;40;38;0;0;1
24;2;9;13;4;11;1;4;1;55;22;0;0;0
49;2;8;11;2;2;0;4;1;45;11;0;0;0
54;2;11;9;2;13;0;4;1;65;38;0;0;0
46;0;10;16;4;9;1;4;0;50;38;0;1;1
31;4;8;11;2;2;0;4;1;50;38;0;0;0
43;3;14;15;2;9;0;4;1;40;38;0;1;1
19;2;11;9;4;6;3;4;1;40;38;0;0;0
46;2;7;12;4;0;1;4;1;40;38;0;0;0
43;2;9;13;0;9;1;4;1;40;38;0;0;0
58;2;11;9;6;2;4;4;1;40;38;0;0;0
43;4;11;9;2;11;0;4;1;45;38;0;0;0
21;0;2;8;4;0;3;2;1;25;38;0;0;0
52;5;12;14;4;0;1;4;1;70;38;0;0;1
34;2;8;11;2;2;0;4;1;32;38;0;0;1
28;2;8;11;4;5;3;4;0;40;38;0;0;0
34;2;11;9;0;13;1;4;1;40;38;0;0;0
29;2;11;9;2;6;0;4;1;40;38;0;0;1
39;2;11;9;2;4;0;4;1;65;38;0;0;0
49;2;1;7;0;6;4;2;0;35;38;0;0;0
35;2;15;10;2;2;0;2;1;50;22;0;0;1
31;2;15;10;0;7;3;4;0;20;38;0;0;0
18;2;15;10;4;5;3;4;1;30;38;0;0;0
47;1;11;9;2;7;0;4;1;40;38;1;0;1
46;2;11;9;2;11;0;4;1;50;38;1;0;0
43;2;9;13;2;11;0;4;1;40;38;0;0;1
51;0;11;9;2;2;0;4;1;40;38;1;0;1
21;2;15;10;4;0;1;4;0;40;38;0;0;0
31;5;9;13;2;9;5;4;0;35;38;0;1;1
39;1;11;9;2;10;0;4;1;40;38;0;1;1
58;2;1;7;2;0;0;4;1;48;38;0;0;0
36;2;12;14;4;9;1;4;0;40;38;0;0;0
38;2;11;9;2;6;5;4;0;40;38;0;0;0
31;2;9;13;2;3;5;4;0;35;38;0;1;1
19;2;1;7;4;5;1;4;1;40;38;0;0;0
38;2;8;11;0;12;1;4;0;36;38;0;0;0
26;2;8;11;4;9;3;3;0;60;22;0;0;0
38;2;7;12;0;0;1;4;0;16;38;0;0;0
36;2;15;10;2;2;0;4;1;45;38;0;0;0
40;2;11;9;2;3;0;4;1;45;38;0;0;1
41;2;9;13;2;12;5;4;0;25;38;0;0;1
33;2;11;9;4;11;1;4;1;45;38;0;0;0
51;2;11;9;2;6;0;4;1;40;38;0;0;0
34;2;11;9;2;11;0;4;1;40;38;0;0;0
33;2;8;11;0;11;1;4;1;40;38;0;0;0
25;2;0;6;2;2;0;4;1;45;38;0;0;0
30;4;11;9;4;11;4;4;1;66;38;0;0;0
19;2;15;10;4;0;3;4;1;25;38;0;0;0
47;2;11;9;2;3;5;4;0;40;38;0;0;1
26;2;9;13;4;0;1;4;0;40;38;0;0;0
21;5;15;10;4;7;3;4;0;14;38;0;0;0
36;2;11;9;2;7;0;4;1;60;38;0;0;1
60;2;0;6;2;6;0;4;1;40;38;0;0;0
28;2;11;9;4;9;4;2;1;40;38;0;0;0
19;2;11;9;4;0;3;4;0;14;38;0;0;0
42;2;9;13;2;9;0;4;1;90;38;0;0;0
36;2;11;9;5;6;1;2;0;36;38;0;0;0
35;2;11;9;2;7;5;4;0;38;38;0;0;0
22;2;15;10;4;0;3;4;0;25;38;0;0;0
54;2;11;9;2;2;0;4;1;40;38;0;0;1
36;2;9;13;2;9;0;4;1;45;38;0;0;0
55;2;11;9;2;13;0;4;1;65;38;0;0;0
57;2;12;14;2;0;0;4;1;40;38;0;0;0
56;2;5;4;2;13;0;4;1;36;38;0;0;0
24;2;11;9;2;3;0;4;1;50;38;0;0;0
35;1;9;13;2;9;0;4;1;40;38;0;0;1
51;3;1;7;0;11;1;4;1;40;38;0;0;0
34;2;11;9;0;3;3;4;1;44;38;0;0;0
36;2;7;12;0;0;4;4;0;42;38;0;0;0
51;1;6;5;5;7;2;4;0;40;38;0;0;0
46;3;10;16;2;9;0;4;1;60;38;0;0;1
42;2;11;9;0;3;1;2;0;50;38;1;0;0
25;5;9;13;4;9;1;4;0;40;38;0;0;0
22;2;11;9;4;5;2;4;1;50;38;0;0;0
37;2;11;9;2;2;0;4;1;40;38;0;0;0
48;2;9;13;0;11;4;4;1;40;38;0;0;1
61;2;9;13;2;9;0;4;1;50;38;1;0;1
40;2;2;8;2;13;0;2;1;40;22;0;0;0
58;3;11;9;2;3;5;4;0;20;38;0;0;1
52;2;11;9;3;4;2;4;1;20;25;0;0;0
18;2;1;7;4;7;3;2;1;20;38;0;0;0
27;2;0;6;2;6;0;4;1;40;38;0;0;0
48;4;15;10;2;9;0;4;1;45;38;1;0;0
63;2;6;5;2;2;0;4;1;16;38;0;0;0
38;4;11;9;2;2;0;4;1;60;38;0;0;0
31;2;15;10;2;0;0;4;1;40;38;0;1;0
40;4;15;10;2;9;0;4;1;60;38;0;0;0
41;2;11;9;0;3;1;4;1;40;38;0;0;0
28;2;9;13;4;9;1;4;0;40;38;1;0;0
31;2;14;15;0;9;1;4;1;50;38;1;0;1
32;2;8;11;2;2;0;4;1;55;38;0;0;1
30;2;11;9;4;5;4;2;1;72;38;0;0;0
39;1;11;9;0;2;1;4;1;40;38;0;1;0
28;2;9;13;2;11;0;4;1;50;38;0;0;0
31;2;11;9;4;5;2;2;0;35;38;0;0;0
44;5;12;14;2;9;0;4;1;40;38;0;0;1
22;2;15;10;4;4;3;4;1;25;38;0;0;0
36;2;7;12;2;2;0;4;1;35;38;0;0;0
39;2;12;14;4;3;1;4;1;40;38;0;1;0
61;2;15;10;2;3;0;4;1;40;38;0;1;0
31;2;11;9;0;13;3;4;1;40;38;0;0;0
21;2;15;10;4;7;1;4;0;25;10;0;0;0
39;4;15;10;2;4;0;4;1;90;38;1;0;0
34;4;11;9;2;4;0;4;1;80;38;0;0;0
21;2;15;10;4;7;3;4;1;15;38;0;0;0
75;4;9;13;6;9;4;4;1;48;38;0;0;1
21;2;15;10;4;7;3;4;1;24;38;0;0;0
81;2;15;10;2;11;0;4;1;15;38;0;0;0
54;3;11;9;0;7;1;4;1;40;1;0;0;0
34;2;9;13;2;9;0;4;1;65;19;0;0;0
54;4;14;15;2;9;0;1;1;50;29;1;0;1
41;2;11;9;2;7;0;0;1;45;38;0;0;0
63;2;11;9;2;7;0;4;1;20;38;1;0;0
24;2;15;10;4;6;1;4;1;40;38;0;0;0
20;2;11;9;2;0;5;4;0;40;25;0;0;0
44;1;9;13;0;9;3;4;0;60;38;0;0;0
47;4;9;13;2;11;0;4;1;40;38;0;0;1
31;2;15;10;2;2;0;4;1;40;38;0;0;0
41;2;5;4;0;2;1;4;1;40;38;0;1;0
53;4;11;9;2;2;0;4;1;60;38;0;0;0
63;2;11;9;2;0;5;4;0;40;38;1;0;0
44;2;12;14;2;9;0;4;1;45;38;0;0;1
37;2;11;9;2;2;0;4;1;46;38;0;0;1
28;2;15;10;2;2;0;4;1;50;10;0;0;1
57;2;11;9;0;0;1;4;0;40;38;0;0;0
22;2;15;10;4;4;3;4;1;10;38;0;0;0
33;1;9;13;2;0;0;4;1;45;38;0;1;1
30;2;15;10;0;0;3;4;0;55;38;0;0;0
20;2;11;9;4;2;3;4;1;40;38;0;0;0
28;2;9;13;4;0;1;4;0;45;38;0;0;0
54;2;1;7;0;8;4;2;0;10;38;0;0;0
20;2;11;9;4;5;3;4;1;35;38;0;0;0
34;2;11;9;2;3;0;4;1;40;38;0;0;0
21;2;15;10;4;0;3;4;1;40;38;0;0;0
29;5;15;10;4;7;4;4;0;40;38;0;0;0
51;2;15;10;0;3;4;4;0;40;38;0;0;0
39;2;11;9;0;6;1;2;0;70;38;0;0;0
19;2;15;10;4;0;2;2;0;38;38;0;0;0
22;1;11;9;4;4;3;4;1;40;38;0;0;0
59;5;15;10;0;0;1;4;0;38;38;0;0;0
18;2;1;7;4;11;3;4;1;13;38;0;0;0
22;2;11;9;4;7;1;4;1;20;38;0;0;0
42;1;15;10;2;2;0;4;1;40;38;0;0;1
39;2;7;12;4;2;1;4;1;40;38;0;0;0
31;2;9;13;2;11;0;4;1;40;38;0;0;1
28;2;1;7;5;2;4;4;0;40;38;0;0;0
22;2;9;13;4;3;3;4;0;7;38;0;0;0
67;2;12;14;4;7;1;4;0;40;38;0;0;0
17;2;1;7;4;11;3;4;0;25;38;0;0;0
47;0;7;12;2;0;0;4;1;40;38;0;0;1
23;2;9;13;4;0;1;4;0;5;38;0;0;0
20;2;11;9;2;7;5;4;0;40;28;0;0;0
22;2;11;9;4;11;4;4;0;40;28;0;0;0
47;5;5;4;2;13;0;4;1;40;38;0;0;0
49;2;15;10;2;11;5;4;0;40;38;0;0;1
35;5;15;10;0;3;1;2;0;40;38;0;0;0
52;0;15;10;0;3;1;4;0;40;38;0;0;0
29;2;11;9;4;11;1;4;0;40;38;0;0;0
73;3;0;6;6;11;4;4;0;40;1;0;0;0
38;4;11;9;2;9;0;4;1;50;38;0;0;1
59;4;11;9;2;3;0;4;1;52;38;0;1;1
35;2;15;10;2;2;0;4;1;35;38;1;0;0
18;2;15;10;4;11;3;4;0;15;38;0;0;0
24;2;11;9;2;0;5;2;0;40;38;0;0;0
33;1;9;13;2;9;0;4;1;50;38;0;0;0
40;2;15;10;0;3;2;2;0;55;38;0;0;0
55;2;11;9;6;0;1;4;0;40;38;0;0;0
44;2;11;9;0;9;1;4;1;40;38;0;0;0
40;2;9;13;4;9;3;4;0;60;38;0;0;0
22;2;11;9;0;5;3;4;1;40;38;0;0;0
55;2;15;10;2;3;5;4;0;40;38;0;0;1
45;2;11;9;5;12;1;4;0;26;38;0;0;0
47;1;9;13;4;9;1;4;0;50;38;0;0;1
56;2;11;9;2;2;0;4;1;40;38;0;0;0
44;2;11;9;2;6;0;2;1;40;38;0;0;0
32;5;15;10;4;0;1;4;1;38;38;0;0;0
17;2;0;6;4;7;3;4;1;20;38;0;0;0
44;2;15;10;0;3;1;4;1;50;38;0;0;0
32;4;7;12;4;11;1;4;1;80;38;0;0;0
35;2;9;13;2;11;0;4;1;60;38;0;0;1
27;2;11;9;2;7;0;4;1;40;38;0;0;0
32;2;11;9;2;9;0;4;1;50;38;0;0;0
68;2;1;7;0;13;1;4;1;70;38;0;0;0
20;2;15;10;4;7;3;4;0;20;38;0;0;0
33;2;15;10;0;0;1;2;0;40;38;0;0;0
24;2;6;5;4;5;3;4;1;12;38;0;0;0
48;2;11;9;2;2;0;4;1;45;38;0;0;0
45;2;12;14;0;9;4;4;0;50;38;0;0;0
48;2;15;10;6;0;1;4;0;40;38;0;0;0
28;2;12;14;2;9;0;4;1;45;38;0;0;1
39;1;12;14;0;9;4;4;0;40;38;0;0;0
23;2;15;10;4;7;3;4;1;30;38;0;0;0
23;5;2;8;4;3;1;4;1;40;38;0;0;0
36;2;15;10;5;0;2;4;0;40;38;0;0;0
25;2;9;13;2;9;5;4;0;40;38;0;0;0
52;2;11;9;4;7;4;4;1;40;38;0;0;0
35;4;11;9;2;2;0;4;1;40;38;0;0;0
41;2;11;9;2;3;0;4;1;40;38;0;0;0
45;2;9;13;2;11;5;4;0;42;38;0;0;1
58;2;8;11;6;9;1;4;0;40;38;0;0;0
67;4;11;9;2;0;5;4;0;2;38;0;0;0
48;2;11;9;2;9;5;4;0;8;38;0;0;0
63;2;11;9;2;2;0;4;1;48;38;0;0;0
24;1;15;10;2;10;0;4;1;72;38;0;0;1
43;2;15;10;2;2;0;4;1;40;38;0;0;1
36;2;11;9;0;13;3;4;1;60;38;0;0;0
32;2;11;9;2;13;3;4;1;72;25;0;0;0
36;2;15;10;4;2;1;1;1;40;24;0;0;0
43;2;15;10;4;0;1;4;0;50;38;0;0;0
27;2;11;9;4;0;1;2;0;40;38;0;0;0
17;2;1;7;4;7;3;4;1;12;38;0;0;0
45;2;9;13;0;11;1;4;0;46;38;0;0;0
41;3;11;9;2;2;0;4;1;40;38;0;0;0
41;4;11;9;2;3;0;4;1;38;38;0;0;0
48;1;7;12;5;0;1;2;0;40;38;0;0;0
26;2;15;10;4;7;3;4;0;24;38;0;0;0
54;2;13;1;2;4;0;4;1;60;38;0;0;0
22;2;15;10;0;11;3;4;0;48;19;0;0;0
19;2;11;9;4;13;3;4;1;35;38;0;0;0
47;2;5;4;0;5;2;2;1;40;38;0;0;0
32;2;11;9;3;7;4;4;0;20;38;0;0;0
46;2;9;13;2;3;0;4;1;60;38;1;0;1
30;2;9;13;4;12;1;4;0;40;38;0;0;1
35;2;12;14;4;3;1;1;1;40;38;0;0;0
52;2;8;11;2;12;0;4;1;40;38;1;0;0
73;4;2;8;2;4;0;4;1;18;38;0;0;0
17;2;0;6;4;7;3;4;1;10;1;0;0;0
32;2;9;13;5;9;4;4;0;32;38;0;0;0
43;1;12;14;2;9;0;4;1;40;38;0;0;1
26;2;11;9;4;6;4;3;0;40;3;0;0;0
41;0;12;14;2;3;0;4;1;40;38;0;0;1
49;2;7;12;2;11;0;4;1;60;38;1;0;1
52;5;15;10;5;10;4;4;1;40;38;0;0;0
35;2;11;9;5;0;4;4;0;32;38;0;0;0
57;2;1;7;2;7;0;4;1;52;38;0;0;0
35;2;8;11;3;9;4;4;0;44;38;0;0;0
33;2;9;13;4;9;1;4;1;40;38;0;0;0
56;2;5;4;0;13;4;4;1;40;38;0;0;0
42;2;9;13;4;11;3;4;1;60;38;0;0;0
17;2;15;10;4;0;3;4;1;20;38;0;0;0
49;2;11;9;0;0;1;4;0;35;38;0;0;0
39;2;14;15;2;9;0;4;1;45;38;0;0;1
34;4;15;10;0;0;4;4;0;50;38;0;0;0
37;4;15;10;4;9;1;2;1;40;38;0;0;0
22;2;2;8;4;7;1;4;1;35;38;0;0;0
27;2;8;11;2;2;0;4;1;40;25;0;0;0
21;2;15;10;4;11;3;4;0;25;38;0;0;0
44;2;9;13;2;0;0;4;1;40;38;1;0;1
53;4;0;6;3;13;1;4;1;99;38;0;0;0
26;2;1;7;4;2;1;4;1;40;38;0;0;0
48;2;9;13;2;3;0;4;1;45;38;0;0;1
39;2;9;13;2;3;0;4;1;70;38;0;0;0
34;2;11;9;4;7;4;0;0;32;38;0;0;0
54;5;9;13;2;3;0;4;1;38;38;0;0;0
36;2;11;9;2;13;0;4;1;50;38;1;0;1
60;2;11;9;2;9;0;4;1;40;38;1;0;0
50;2;11;9;2;10;0;4;1;40;38;0;0;1
48;1;9;13;2;9;0;4;1;45;38;0;0;0
35;2;15;10;4;0;3;4;0;40;38;0;1;0
40;4;7;12;0;9;1;4;0;50;38;0;0;0
30;2;9;13;2;3;0;4;1;70;38;0;0;0
65;4;15;10;2;6;0;4;1;40;38;1;0;1
31;2;11;9;2;2;0;4;1;60;38;0;0;0
46;1;7;12;2;0;0;4;1;40;38;0;0;0
62;3;8;11;2;3;0;4;1;50;38;0;0;0
38;2;9;13;4;3;4;4;0;40;4;0;0;0
24;2;9;13;4;7;3;4;0;30;38;0;0;0
24;2;15;10;4;11;1;1;0;50;29;0;0;0
27;2;9;13;4;9;1;4;0;48;38;0;0;0
43;5;7;12;3;7;4;4;0;30;38;0;0;0
48;2;11;9;0;5;4;1;0;40;34;0;0;0
41;2;11;9;5;2;1;2;1;40;38;0;0;0
30;2;15;10;2;12;5;2;0;45;38;0;0;0
38;2;9;13;2;11;0;4;1;40;38;0;0;1
45;2;14;15;4;9;1;4;1;40;38;0;0;1
45;2;9;13;4;9;3;4;1;40;38;0;0;0
55;2;15;10;0;0;1;4;0;38;38;0;0;0
46;4;5;4;2;3;0;4;1;75;11;0;0;0
24;2;9;13;4;9;3;1;1;40;38;0;0;0
31;1;15;10;4;0;3;0;0;25;38;0;0;0
35;2;11;9;2;2;0;4;1;35;38;0;0;0
37;1;15;10;5;0;1;4;0;40;38;0;0;0
29;2;15;10;2;9;0;4;1;45;38;0;0;0
56;2;9;13;2;3;0;4;1;50;38;0;0;1
25;2;9;13;4;3;1;4;1;60;38;0;1;0
33;2;0;6;2;6;0;4;1;40;38;0;0;0
44;2;11;9;4;11;1;4;0;40;38;0;0;0
21;2;11;9;4;2;3;4;1;40;38;0;0;0
21;2;11;9;4;0;1;4;1;40;38;0;0;0
46;0;12;14;2;3;0;4;1;40;8;0;0;1
44;3;15;10;2;3;0;4;1;50;38;0;0;1
63;2;9;13;0;3;1;4;0;40;38;0;0;0
44;2;11;9;2;0;5;4;0;30;38;0;0;0
31;2;15;10;2;2;0;4;1;45;25;0;0;0
26;2;15;10;2;3;0;4;1;42;38;0;0;0
37;3;11;9;4;13;1;4;1;50;38;0;0;0
33;2;9;13;2;2;0;4;1;45;38;0;0;0
38;2;9;13;2;3;0;4;1;40;38;0;0;0
26;2;8;11;4;11;3;4;0;35;38;0;0;0
46;3;8;11;0;3;4;1;0;63;36;0;0;0
24;2;11;9;4;7;4;4;0;35;38;0;0;0
47;1;12;14;2;9;0;4;1;35;38;0;0;1
27;2;15;10;4;12;1;4;0;30;38;0;0;0
46;2;15;10;2;2;0;4;1;40;38;0;0;0
47;0;7;12;2;0;0;2;1;40;38;0;0;1
47;2;11;9;0;0;4;4;1;40;15;0;0;0
69;2;11;9;6;6;4;4;1;40;38;1;0;0
32;2;11;9;2;11;0;4;1;40;38;1;0;1
51;2;11;9;2;13;0;2;1;40;38;0;0;0
36;2;11;9;2;11;0;4;1;40;38;0;0;1
50;1;12;14;2;9;5;4;0;40;38;0;0;0
29;2;10;16;2;9;0;1;1;60;18;0;0;0
32;2;14;15;2;9;0;4;1;40;38;1;0;0
27;2;0;6;0;13;1;0;1;75;38;0;0;0
60;2;5;4;0;0;1;4;0;35;4;0;0;0
31;2;11;9;2;7;0;4;1;40;38;0;0;0
46;2;7;12;2;2;0;4;1;40;38;0;0;0
40;1;11;9;4;0;3;4;0;40;38;0;0;0
39;2;15;10;2;2;0;2;1;52;38;0;0;1
69;4;5;4;2;11;0;4;1;55;38;0;0;0
54;3;9;13;2;3;0;4;1;40;38;0;0;1
56;2;11;9;0;0;1;4;0;40;38;0;0;0
47;0;15;10;0;0;1;4;0;40;38;0;0;0
25;2;7;12;4;12;1;4;0;45;38;0;0;0
34;4;11;9;2;13;0;4;1;60;38;0;0;0
24;4;5;4;4;4;3;4;1;50;38;0;0;0
63;2;15;10;2;2;0;4;1;45;38;1;0;0
29;1;12;14;2;9;0;4;1;50;38;0;0;0
64;2;15;10;2;0;0;4;1;40;38;0;0;0
44;2;9;13;4;9;1;4;1;40;38;0;0;0
26;2;11;9;4;2;2;4;1;60;38;0;0;0
36;2;0;6;0;7;1;4;0;40;38;0;0;0
55;5;9;13;2;0;0;4;1;38;38;1;0;1
37;2;11;9;2;5;5;4;0;40;38;0;0;1
37;2;0;6;4;6;1;4;1;65;38;0;0;0
63;2;9;13;2;9;5;4;0;36;38;1;0;1
33;2;11;9;2;13;0;4;1;60;38;0;0;0
19;2;15;10;4;0;3;4;0;10;38;0;0;0
57;1;12;14;2;9;5;2;0;40;38;0;1;1
31;2;7;12;2;11;0;4;1;45;38;1;0;1
58;1;11;9;2;3;0;4;1;40;38;1;0;1
25;2;15;10;2;11;0;4;1;40;38;0;0;0
40;2;11;9;0;0;4;4;0;40;38;0;0;0
18;2;1;7;4;7;3;4;1;20;38;1;0;0
26;2;11;9;4;0;1;4;1;40;38;0;0;0
29;2;10;16;2;9;0;4;1;50;38;0;0;1
45;1;9;13;2;9;0;2;1;40;38;0;0;0
35;5;15;10;4;0;3;4;0;38;38;0;0;0
32;2;15;10;0;6;4;4;1;45;38;0;0;0
61;4;11;9;6;7;2;4;0;40;38;0;0;0
26;5;9;13;4;9;1;4;1;15;38;0;0;0
56;2;11;9;2;2;0;4;1;40;38;1;0;1
22;2;15;10;3;0;3;1;0;39;38;0;0;0
49;2;9;13;2;6;0;2;1;48;38;0;0;0
40;2;11;9;2;7;5;4;0;12;38;0;0;0
37;2;11;9;5;3;3;4;1;40;38;0;0;0
28;2;9;13;2;11;0;4;1;60;38;0;0;1
27;2;11;9;2;6;0;4;1;40;38;0;0;0
34;3;8;11;0;11;4;4;0;40;38;0;0;0
49;2;6;5;2;5;0;4;1;45;38;0;0;0
41;2;15;10;4;2;3;1;1;40;38;0;0;0
28;2;9;13;4;0;1;4;1;21;38;0;0;0
38;2;15;10;2;3;0;4;1;55;38;0;0;1
47;5;7;12;2;10;0;4;1;40;38;0;1;0
28;1;11;9;2;10;0;4;1;40;38;0;0;0
44;5;12;14;2;9;0;4;1;50;38;1;0;1
41;0;9;13;0;9;1;4;1;40;38;0;0;0
50;2;14;15;2;9;0;4;1;36;38;0;0;1
73;4;11;9;6;2;1;4;1;24;38;0;0;0
21;2;15;10;4;7;3;2;1;40;27;0;0;0
38;2;11;9;0;0;4;4;0;40;38;0;0;0
47;2;15;10;0;12;4;4;0;40;38;0;0;0
52;2;15;10;2;13;0;4;1;60;1;1;0;1
24;2;9;13;4;11;1;4;1;45;38;0;0;0
44;2;9;13;2;3;0;4;1;40;38;0;0;1
27;2;5;4;0;6;4;4;1;40;38;0;1;0
61;4;15;10;2;11;0;2;1;60;38;0;0;1
58;2;9;13;2;11;0;4;1;40;38;1;0;1
51;2;9;13;4;11;1;4;0;43;38;0;1;1
49;2;15;10;0;11;4;4;0;55;8;0;0;0
23;2;15;10;4;0;3;2;1;20;38;0;0;0
19;2;8;11;4;0;3;2;0;40;38;0;0;0
21;2;11;9;4;4;1;4;1;53;38;0;0;0
56;2;1;7;0;11;1;4;0;40;38;0;0;0
35;2;2;8;2;2;0;4;1;40;38;0;0;0
37;0;15;10;0;12;4;0;0;20;38;0;0;0
41;2;10;16;0;11;4;4;0;50;38;0;0;1
30;2;1;7;2;11;0;4;1;40;38;0;0;0
47;2;15;10;2;2;0;4;1;40;38;0;0;0
59;3;0;6;6;3;4;4;0;50;38;0;1;1
55;2;1;7;2;6;0;4;1;32;38;0;0;0
31;2;0;6;4;0;4;2;0;40;38;0;0;0
30;2;12;14;2;0;0;4;1;40;38;1;0;1
24;2;9;13;4;3;3;4;1;48;38;0;0;0
49;4;15;10;2;2;0;4;1;40;38;0;0;0
23;2;5;4;4;2;1;4;1;25;10;0;0;0
50;2;11;9;0;0;4;4;0;35;38;0;0;0
38;2;9;13;4;0;1;2;1;40;38;0;0;0
20;4;15;10;4;9;2;1;0;20;34;0;0;0
49;4;15;10;2;2;0;4;1;50;38;0;0;1
45;2;11;9;6;7;2;1;0;50;34;0;0;0
46;0;9;13;2;9;0;1;1;50;38;0;0;1
19;2;11;9;4;7;3;4;0;30;38;0;0;0
31;0;9;13;4;3;3;4;0;40;4;0;0;0
38;2;11;9;0;7;4;4;0;40;38;0;0;0
56;4;12;14;2;2;0;4;1;50;38;0;0;1
24;2;9;13;4;3;3;4;1;40;38;0;0;0
58;1;11;9;2;3;0;4;1;50;38;0;0;0
28;2;11;9;2;7;0;4;1;40;38;0;0;0
22;2;11;9;2;7;0;4;1;40;38;0;0;0
46;2;11;9;0;13;1;4;1;40;38;0;0;0
30;2;13;1;4;4;1;4;1;40;25;0;0;0
56;2;9;13;2;0;0;4;1;45;38;0;0;1
56;2;11;9;2;13;0;4;1;44;38;0;0;1
50;2;15;10;2;3;0;4;1;40;38;0;0;0
30;2;9;13;4;0;1;4;0;40;38;0;0;0
24;2;11;9;4;6;3;4;1;40;38;0;0;0
42;0;8;11;0;9;4;0;0;40;38;0;0;0
31;4;11;9;2;2;0;4;1;40;38;0;0;1
46;2;0;6;4;7;1;4;0;25;6;0;0;0
31;2;9;13;4;11;1;4;0;65;38;0;0;1
38;1;9;13;2;9;5;4;0;40;38;1;0;1
44;1;12;14;2;9;0;4;1;40;38;0;0;1
55;3;9;13;2;3;0;4;1;50;38;0;1;1
19;2;11;9;4;7;3;4;1;20;38;0;0;0
45;2;12;14;0;3;1;4;0;40;38;0;0;1
50;3;15;10;2;2;0;4;1;70;38;0;0;0
53;2;6;5;2;7;0;4;1;40;5;0;0;0
41;3;9;13;2;11;0;4;1;65;38;1;0;1
45;2;15;10;0;7;4;2;0;40;38;0;0;0
21;2;0;6;4;0;1;4;0;39;38;0;0;0
37;2;9;13;2;12;5;4;0;40;38;0;0;1
42;0;11;9;5;0;4;2;0;40;38;0;0;0
37;4;11;9;2;12;0;4;1;30;38;0;0;0
45;4;8;11;2;4;0;4;1;60;38;0;0;0
32;2;15;10;4;12;1;4;0;20;38;0;0;0
30;2;14;15;2;9;0;4;1;50;38;0;0;0
37;2;11;9;0;6;1;4;0;56;38;0;0;0
32;2;15;10;2;11;0;4;1;40;38;0;0;1
43;2;9;13;2;9;0;4;1;40;38;0;0;1
46;2;12;14;0;9;4;4;0;50;38;1;0;0
33;2;12;14;4;3;1;4;0;40;38;0;0;0
48;2;11;9;4;0;1;4;0;40;38;0;0;0
34;2;11;9;2;11;0;4;0;40;38;0;0;0
34;1;15;10;4;10;1;4;1;50;38;0;0;1
33;2;11;9;0;4;1;4;1;40;38;0;0;0
36;2;9;13;2;3;5;4;0;60;10;0;0;0
23;2;11;9;4;11;1;4;1;55;38;0;1;0
39;2;11;9;2;3;0;4;1;40;38;0;0;0
22;2;7;12;4;11;3;4;0;25;38;0;0;0
19;2;11;9;4;4;3;4;1;20;38;0;0;0
47;2;11;9;2;11;0;4;1;45;38;1;0;1
46;2;8;11;4;13;1;4;1;50;38;0;0;0
47;2;12;14;0;11;1;4;0;6;38;0;0;0
47;4;10;16;2;9;0;4;1;35;38;0;0;1
52;1;15;10;0;13;1;4;0;40;38;0;0;0
38;4;6;5;2;2;0;4;1;40;25;0;0;0
58;2;11;9;2;11;0;4;1;40;38;0;0;1
32;2;4;3;2;7;0;4;1;40;25;0;0;0
54;4;8;11;2;12;2;4;0;10;38;0;0;0
20;2;15;10;4;0;1;4;1;25;38;0;0;0
25;2;7;12;4;11;1;4;1;48;38;0;0;0
25;4;6;5;4;2;1;4;1;15;38;0;0;0
36;5;9;13;0;9;1;4;1;44;38;0;1;0
69;4;11;9;2;12;0;4;1;30;38;0;0;0
28;2;9;13;2;9;5;4;0;45;38;0;0;1
20;2;15;10;4;0;3;4;0;20;38;0;0;0
21;2;5;4;4;4;4;4;1;40;38;0;0;0
37;2;9;13;2;12;0;4;1;40;38;0;0;1
21;2;11;9;4;6;3;4;1;32;38;0;0;0
39;2;11;9;2;7;2;2;0;40;38;0;0;0
34;2;8;11;2;7;0;4;1;40;38;0;0;1
33;1;11;9;2;2;0;4;1;40;38;0;0;0
47;2;11;9;2;13;0;4;1;50;38;0;0;1
29;2;8;11;4;0;1;4;0;40;38;0;0;0
48;2;11;9;2;12;0;4;1;89;38;0;0;0
42;3;10;16;2;9;0;4;1;60;38;0;1;1
29;2;1;7;0;6;4;4;0;40;38;0;0;0
34;2;11;9;4;5;3;4;1;40;38;0;0;0
20;2;15;10;4;7;3;4;1;25;38;0;0;0
41;2;12;14;2;9;0;4;1;40;38;0;0;1
45;2;15;10;0;3;1;4;1;50;38;0;1;0
23;2;11;9;0;5;3;4;1;44;38;0;0;0
19;2;15;10;4;0;3;4;0;38;38;0;0;0
24;2;15;10;4;2;3;4;1;40;38;0;0;0
32;2;11;9;0;2;1;4;1;40;38;0;0;0
52;2;12;14;0;9;4;4;1;50;38;1;0;1
36;2;11;9;4;11;4;4;1;60;38;0;0;1
18;2;0;6;4;6;3;4;1;30;38;0;0;0
27;2;11;9;0;11;3;4;0;40;38;0;0;0
26;2;15;10;2;11;0;4;1;60;38;0;0;0
52;2;7;12;0;9;4;4;0;32;38;0;0;0
24;2;15;10;4;2;4;0;1;40;25;0;0;0
42;0;11;9;0;0;1;2;1;40;38;0;0;0
39;2;14;15;2;9;5;4;0;60;38;1;0;1
20;5;15;10;4;0;3;4;0;10;38;0;0;0
35;2;11;9;4;6;4;2;0;48;38;0;0;0
54;2;9;13;2;7;0;4;1;40;38;0;0;0
24;2;9;13;4;3;3;4;1;40;38;0;0;0
24;2;9;13;4;9;1;4;0;8;38;0;0;0
20;2;15;10;4;0;3;2;0;15;38;0;0;0
28;2;9;13;4;9;1;4;0;35;38;0;0;0
36;4;11;9;2;2;0;4;1;47;38;0;0;0
38;2;15;10;5;6;1;4;1;55;38;0;1;1
22;2;11;9;4;0;1;4;0;60;38;0;0;0
56;2;11;9;2;6;0;4;1;40;38;0;0;0
24;2;9;13;2;9;0;4;1;45;38;0;0;0
24;4;15;10;4;7;1;4;0;75;38;0;0;0
22;2;7;12;4;0;1;4;0;40;38;0;0;0
21;2;15;10;4;3;3;4;0;30;38;0;0;0
42;2;9;13;2;3;0;4;1;40;38;0;0;1
41;1;12;14;0;9;4;4;0;55;38;0;0;0
19;2;11;9;4;7;3;4;0;20;38;1;0;0
67;4;15;10;2;4;0;4;1;44;38;0;0;0
20;2;15;10;4;11;3;4;0;30;38;0;0;0
32;2;11;9;2;2;0;3;1;40;38;0;0;0
46;2;11;9;5;6;3;2;0;40;38;0;0;0
52;2;11;9;4;11;1;4;0;36;38;0;0;0
44;2;9;13;0;9;4;2;1;40;38;0;0;0
37;1;9;13;2;9;0;4;1;40;38;0;1;1
27;4;15;10;2;4;0;4;1;50;38;0;0;0
35;2;11;9;2;6;5;2;0;35;38;0;0;0
30;2;11;9;4;0;1;4;0;45;38;0;0;0
64;1;11;9;2;2;0;4;1;40;38;1;0;0
48;2;11;9;0;0;1;4;0;37;38;0;0;1
35;2;5;4;0;12;4;4;0;40;38;0;0;0
28;4;9;13;4;12;1;4;1;45;38;0;0;0
63;4;9;13;2;9;0;1;1;32;2;0;1;1
40;4;14;15;2;9;0;4;1;55;38;0;0;1
33;2;15;10;4;11;1;4;1;40;38;0;0;0
40;2;15;10;2;2;0;4;1;50;38;0;0;1
25;2;5;4;4;11;2;4;1;45;12;0;0;0
45;3;9;13;2;3;0;4;1;38;38;0;0;1
30;2;15;10;2;6;0;4;1;40;38;0;0;1
53;2;15;10;4;0;4;2;0;40;38;0;0;0
63;2;11;9;2;0;0;1;1;40;39;1;0;0
27;1;15;10;2;10;0;4;1;60;38;0;0;0
31;2;1;7;4;2;1;4;1;40;38;0;0;0
33;2;11;9;2;13;0;4;1;60;38;0;0;0
39;5;9;13;0;10;1;4;1;40;25;0;0;1
42;4;15;10;2;2;0;4;1;45;38;0;0;1
19;2;11;9;4;7;3;2;1;30;38;0;0;0
31;2;9;13;2;9;0;4;1;40;38;0;0;0
53;2;11;9;2;2;0;4;1;40;38;0;0;0
47;4;15;10;2;9;0;4;1;20;38;0;0;0
27;2;10;16;4;0;3;4;0;40;38;0;0;0
22;2;11;9;4;12;1;4;0;40;38;0;0;0
29;2;11;9;2;11;5;4;0;40;38;0;0;1
52;2;11;9;6;11;4;4;0;40;38;0;1;0
32;2;8;11;0;2;3;4;1;46;38;0;0;0
23;2;11;9;4;11;1;4;1;40;38;0;0;0
27;2;15;10;4;0;3;4;1;20;38;0;0;0
53;2;11;9;6;6;1;2;0;40;38;0;0;0
18;2;11;9;4;5;3;4;1;20;38;0;0;0
41;2;9;13;5;11;4;4;0;30;38;0;0;0
27;2;11;9;2;6;5;4;0;40;5;0;0;0
30;2;15;10;0;11;3;4;1;40;38;0;0;0
41;2;11;9;0;12;4;4;0;40;38;0;0;0
21;2;15;10;4;0;1;4;0;30;38;0;0;0
58;5;11;9;3;7;4;2;0;40;15;0;0;0
45;5;9;13;0;10;1;4;0;40;38;0;0;0
40;2;0;6;0;13;3;4;1;40;38;0;0;0
21;2;15;10;4;0;1;4;0;40;38;0;0;0
29;2;9;13;4;9;1;3;0;40;38;0;1;0
50;2;8;11;2;7;5;2;0;40;38;0;0;0
26;2;11;9;2;2;0;4;1;40;38;0;0;0
23;2;11;9;5;5;2;4;0;40;38;0;0;0
27;2;9;13;4;12;3;4;1;40;38;0;0;0
36;1;9;13;4;0;1;2;0;40;38;0;0;0
22;0;11;9;4;0;2;4;1;40;38;0;0;0
37;0;15;10;4;7;3;4;1;40;23;0;0;0
54;2;9;13;2;13;0;4;1;40;38;0;0;0
36;2;11;9;0;4;4;4;1;50;38;0;0;0
44;2;8;11;2;3;0;2;1;40;38;0;0;0
38;2;15;10;2;10;0;2;1;40;38;0;0;1
49;2;15;10;0;2;1;4;0;40;38;0;0;0
18;2;1;7;4;5;3;4;1;12;38;0;0;0
26;2;9;13;4;11;1;4;1;48;38;0;0;0
32;2;1;7;2;6;5;4;0;40;38;0;0;0
35;5;11;9;4;12;3;4;1;40;38;0;0;0
40;2;11;9;4;0;1;4;0;45;38;0;0;0
40;4;11;9;2;2;0;4;1;40;38;1;0;0
42;5;14;15;2;9;0;1;1;72;18;0;0;1
30;2;11;9;2;11;0;4;1;40;38;0;0;0
19;2;15;10;4;11;3;4;0;20;38;0;0;0
36;2;7;12;2;11;0;4;1;60;38;0;0;1
31;2;11;9;4;11;1;4;0;40;38;0;0;0
50;0;7;12;2;3;0;4;1;60;38;0;0;0
38;2;11;9;0;2;1;2;1;40;38;0;0;0
35;2;15;10;2;9;0;4;1;50;38;0;0;1
45;2;9;13;2;9;0;4;1;40;38;0;0;1
29;2;0;6;5;11;4;4;0;40;38;0;0;0
41;2;15;10;0;2;1;4;1;46;38;0;0;1
33;2;14;15;4;9;1;4;0;50;38;0;0;1
49;2;15;10;4;7;1;4;0;60;38;0;0;0
28;2;15;10;2;3;0;4;1;40;38;0;0;1
49;1;9;13;2;10;0;2;1;40;38;1;0;1
27;2;11;9;5;6;3;4;0;40;38;0;0;0
47;3;11;9;2;3;0;4;1;32;38;1;0;0
42;5;10;16;4;3;1;4;0;40;21;0;0;1
30;2;11;9;4;3;1;4;1;60;38;0;0;0
37;1;11;9;2;2;0;4;1;40;38;0;0;0
37;2;10;16;2;9;5;4;0;35;38;0;0;0
51;2;11;9;3;11;1;2;0;38;38;0;0;0
27;0;11;9;2;7;0;4;1;40;38;0;0;0
53;2;11;9;4;11;1;4;0;40;38;0;0;0
45;2;11;9;4;2;1;4;1;40;38;0;0;0
37;3;9;13;2;9;0;4;1;45;38;0;0;0
54;5;12;14;2;9;0;1;1;40;18;0;0;1
47;3;11;9;2;3;0;4;1;42;38;0;0;1
35;2;11;9;2;7;0;4;1;40;40;0;0;1
33;2;11;9;2;6;0;4;1;40;38;0;0;0
28;1;15;10;4;0;2;2;1;40;13;0;0;0
39;5;9;13;2;3;5;4;0;55;38;0;0;1
33;2;9;13;2;11;0;4;1;40;38;0;0;0
34;2;1;7;4;7;1;4;0;40;20;0;0;0
53;2;11;9;2;13;0;4;1;40;38;0;0;1
21;2;7;12;4;0;3;4;1;35;38;0;0;0
31;5;10;16;2;3;0;4;1;55;38;1;0;1
63;2;11;9;2;9;0;4;1;45;38;0;0;0
21;4;15;10;4;7;3;4;1;30;38;0;0;0
59;2;11;9;2;2;0;4;1;40;38;0;0;1
50;2;3;2;5;9;4;2;0;40;38;0;0;0
19;2;11;9;4;13;3;4;1;30;38;0;0;0
31;2;9;13;4;12;1;4;1;45;38;0;0;0
23;2;9;13;2;9;5;4;0;40;38;0;0;0
45;2;8;11;2;3;5;4;0;40;38;0;0;1
35;1;9;13;2;9;0;4;1;40;38;0;0;0
32;2;9;13;4;2;3;4;1;40;38;0;0;0
20;2;5;4;4;6;2;4;0;60;25;0;0;0
38;2;11;9;2;3;2;4;1;40;38;0;0;1
49;2;11;9;2;7;5;1;0;8;29;0;0;0
64;2;11;9;0;6;1;4;0;40;38;0;0;0
60;1;1;7;2;13;0;4;1;20;38;0;0;0
25;2;9;13;4;9;1;4;0;50;38;0;0;0
21;2;11;9;4;2;1;4;1;35;38;0;0;0
26;2;11;9;4;8;2;4;0;15;25;0;1;0
23;2;15;10;4;0;1;4;1;20;38;0;0;0
67;3;12;14;2;11;0;4;1;48;38;0;0;1
24;2;11;9;0;11;4;4;0;30;38;0;0;0
46;2;3;2;5;6;3;4;0;40;12;0;0;0
38;5;10;16;2;9;0;1;1;40;35;0;0;0
20;2;5;4;4;6;2;4;1;40;38;0;0;0
26;2;9;13;4;9;1;4;1;48;38;0;0;0
58;2;11;9;2;6;0;4;1;40;38;0;0;0
31;5;15;10;4;7;1;1;1;40;38;0;0;0
37;5;7;12;0;10;1;2;1;38;38;0;0;0
45;2;5;4;0;6;1;2;0;35;38;0;0;0
33;2;11;9;4;0;1;4;0;50;38;0;0;0
33;5;12;14;2;10;0;2;1;40;38;0;0;0
35;2;11;9;0;5;1;4;1;25;38;0;0;0
60;4;11;9;2;3;0;2;1;40;38;0;0;0
21;2;15;10;4;11;3;4;0;20;38;0;0;0
38;2;0;6;2;2;0;2;1;45;38;0;0;0
40;2;8;11;0;2;4;4;0;40;38;0;0;0
40;2;15;10;2;11;5;4;0;40;38;0;0;1
44;4;14;15;2;9;0;4;1;70;38;0;0;1
27;2;15;10;2;3;0;4;1;60;38;0;0;0
34;4;15;10;2;2;0;4;1;55;38;0;0;1
49;1;15;10;2;10;0;4;1;40;38;0;0;0
37;2;15;10;2;2;0;4;1;50;38;0;0;1
52;2;0;6;2;13;0;4;1;30;38;0;0;1
46;2;15;10;2;6;0;2;1;40;38;0;0;0
43;2;11;9;2;2;0;4;1;40;38;0;0;0
46;1;9;13;0;0;1;4;0;40;38;1;0;1
25;5;15;10;2;7;5;4;0;15;38;0;0;0
48;2;9;13;0;0;1;4;1;40;38;0;0;0
36;1;15;10;0;10;4;4;1;55;38;0;0;0
37;2;11;9;0;2;1;4;1;40;38;1;0;1
42;2;12;14;2;9;0;4;1;50;38;0;0;1
60;2;7;12;2;0;0;4;1;24;38;0;0;0
37;3;15;10;2;13;0;4;1;55;38;0;0;1
44;1;7;12;0;12;1;2;1;40;38;0;0;0
32;2;0;6;2;2;0;4;1;40;38;0;0;0
29;2;9;13;4;0;3;4;0;40;31;0;0;0
42;1;12;14;2;9;0;4;1;35;38;0;0;1
17;2;1;7;4;5;3;4;1;12;38;0;0;0
41;2;2;8;2;7;5;4;0;10;38;0;0;0
34;2;15;10;2;3;5;4;0;40;38;0;1;1
56;2;0;6;5;7;4;4;0;32;38;0;0;0
28;2;15;10;4;0;3;4;1;40;38;0;0;0
28;4;1;7;4;11;3;4;1;40;38;0;0;0
19;2;5;4;4;13;4;4;1;25;12;0;0;0
49;0;15;10;2;12;0;4;1;40;38;0;0;1
36;4;15;10;2;7;5;4;0;50;38;0;0;0
25;2;15;10;2;13;0;4;1;35;38;0;0;0
42;2;9;13;0;9;1;4;1;40;38;0;0;0
47;4;14;15;2;9;0;4;1;50;38;0;1;1
26;2;15;10;2;10;0;4;1;40;38;0;0;0
35;2;15;10;2;3;0;4;1;58;38;0;0;0
37;2;11;9;2;2;0;4;1;45;38;0;0;0
39;1;11;9;4;10;3;0;1;48;38;1;0;0
42;2;11;9;2;3;0;4;1;35;38;0;0;1
41;2;15;10;0;7;1;4;0;36;38;0;0;1
23;2;15;10;0;7;3;4;0;24;38;0;0;0
31;0;11;9;2;12;0;4;1;40;38;0;0;0
36;1;15;10;2;10;0;4;1;57;38;0;0;1
20;2;15;10;4;9;4;4;0;25;38;0;0;0
36;2;15;10;4;6;4;4;1;45;38;0;0;0
50;2;11;9;2;6;0;4;1;50;38;0;0;1
37;2;11;9;4;6;3;4;1;40;38;0;0;0
25;2;9;13;4;4;3;4;1;50;38;1;0;1
39;2;15;10;0;7;4;4;0;60;38;0;0;0
32;2;11;9;2;4;5;4;0;40;38;0;0;0
59;2;15;10;6;0;1;4;0;35;38;0;0;0
29;2;9;13;2;2;0;4;1;45;38;1;0;0
50;2;11;9;2;13;0;2;1;40;38;0;0;0
42;2;8;11;2;11;0;4;1;37;38;0;0;0
32;2;15;10;0;9;1;4;1;40;38;0;0;0
48;2;7;12;2;11;0;4;1;40;38;0;1;1
20;2;11;9;2;2;0;4;1;35;38;1;0;0
50;4;0;6;0;2;1;4;1;45;38;0;0;0
18;2;15;10;4;2;1;4;1;30;38;0;0;0
60;2;12;14;4;9;1;4;1;50;38;0;0;0
42;1;12;14;4;9;1;4;1;22;38;0;0;0
49;2;11;9;0;7;4;4;0;35;38;0;0;0
35;3;15;10;2;11;5;4;0;40;38;0;0;0
30;4;7;12;2;11;0;4;1;60;19;0;0;0
59;2;15;10;2;3;0;4;1;40;38;0;0;1
24;3;11;9;4;7;1;2;1;50;38;1;0;1
55;2;7;12;0;0;4;4;0;40;38;0;0;0
19;2;11;9;4;0;3;4;0;20;38;0;0;0
39;2;11;9;2;2;0;4;1;40;38;0;0;0
48;2;15;10;0;3;4;4;0;40;38;0;0;0
44;2;9;13;2;9;0;4;1;40;38;1;0;1
21;2;15;10;4;5;3;4;1;30;38;0;0;0
23;2;9;13;4;12;3;2;1;40;38;0;0;0
22;2;15;10;4;7;3;4;1;30;38;0;0;0
55;4;12;14;2;9;0;4;1;55;38;0;0;1
19;2;15;10;4;11;1;4;0;40;38;0;0;0
23;2;15;10;4;5;1;4;1;25;38;0;0;0
46;2;11;9;2;13;0;4;1;44;38;1;0;1
23;2;9;13;4;0;1;4;0;23;38;0;0;0
47;3;12;14;2;3;0;4;1;50;38;1;0;1
23;2;15;10;4;11;3;4;0;15;38;0;0;0
42;2;15;10;2;7;0;4;1;40;38;0;0;1
22;5;9;13;4;0;3;4;0;10;38;0;0;0
18;2;11;9;4;0;3;4;1;20;38;0;0;0
37;2;9;13;2;3;0;4;1;50;38;0;1;1
34;2;6;5;2;2;0;4;1;50;38;0;0;0
30;2;7;12;5;7;4;4;0;40;38;0;0;0
62;4;15;10;6;4;4;4;0;50;38;0;0;0
51;2;15;10;2;5;0;4;1;40;38;0;0;0
34;2;11;9;2;7;0;2;1;30;38;0;0;0
28;4;12;14;4;9;3;4;1;40;38;0;0;0
56;2;0;6;4;5;1;4;1;40;38;0;0;0
46;2;11;9;0;12;1;4;0;30;38;0;0;0
46;2;15;10;2;12;0;4;1;45;38;0;1;1
23;1;15;10;3;0;3;4;0;40;12;0;0;0
33;2;9;13;2;0;5;2;0;30;38;0;0;0
27;2;11;9;4;7;3;1;1;40;38;0;0;0
21;2;15;10;4;0;3;2;0;20;38;0;0;0
36;2;4;3;2;6;0;4;1;40;25;1;0;1
37;1;9;13;0;9;1;4;0;36;38;0;0;0
39;1;1;7;2;7;0;4;1;40;38;0;0;0
36;2;11;9;2;13;0;4;1;60;38;1;0;1
24;2;7;12;4;2;1;4;1;40;38;1;0;0
26;2;7;12;4;3;3;2;0;40;38;0;0;0
37;2;11;9;0;11;1;4;0;60;38;0;0;0
34;2;11;9;2;2;0;4;1;50;38;0;0;0
33;2;11;9;0;3;4;4;0;40;38;0;0;0
33;4;11;9;2;10;0;4;1;30;38;0;0;0
20;2;11;9;4;11;3;4;0;8;25;0;0;0
26;2;15;10;0;0;4;4;0;38;38;0;0;0
47;2;11;9;2;0;5;4;0;20;38;0;0;1
17;2;1;7;4;11;3;4;0;20;38;0;0;0
53;2;8;11;2;3;0;4;1;40;38;0;1;0
31;2;15;10;0;11;3;4;0;35;38;0;0;0
34;2;1;7;2;6;0;4;1;40;38;0;0;0
23;2;4;3;2;7;0;4;1;40;25;0;0;0
39;2;9;13;2;2;0;4;1;45;38;0;0;1
21;2;15;10;4;0;3;4;0;20;38;0;0;0
40;2;11;9;4;0;4;2;0;35;38;0;0;0
54;1;12;14;2;0;0;4;1;40;38;1;0;1
32;0;9;13;2;9;0;1;1;40;19;0;1;0
29;1;11;9;2;7;5;4;0;40;38;1;0;0
27;1;9;13;2;10;0;4;1;45;38;0;0;1
54;2;15;10;4;3;1;4;1;40;38;0;0;1
23;2;11;9;0;8;4;4;0;40;38;0;0;0
38;2;12;14;2;3;0;4;1;48;38;0;0;1
54;2;11;9;2;7;5;4;0;35;38;0;0;0
21;2;15;10;4;9;3;1;1;40;38;0;1;0
40;2;8;11;4;9;1;4;1;42;38;0;0;0
19;2;0;6;4;7;1;4;0;40;38;0;0;0
35;2;9;13;2;0;5;2;0;40;38;0;0;0
39;2;15;10;4;0;3;4;0;45;38;1;0;0
41;2;2;8;2;5;0;4;1;40;38;0;0;1
26;2;15;10;4;0;1;4;0;40;38;0;0;0
35;2;11;9;0;7;1;4;0;45;38;0;0;0
70;4;15;10;2;2;0;4;1;25;38;0;0;0
45;2;0;6;2;11;0;4;1;40;38;0;0;0
83;2;11;9;6;10;1;4;1;55;38;0;0;0
59;2;11;9;5;7;1;4;0;40;38;0;0;0
18;2;6;5;4;7;3;2;1;15;38;0;0;0
31;2;11;9;2;0;0;4;1;40;38;0;0;0
43;2;12;14;2;9;5;4;0;45;38;0;0;1
24;1;9;13;4;9;1;4;0;40;38;0;0;0
33;2;8;11;2;6;0;4;1;50;38;0;0;0
48;1;12;14;4;9;1;4;0;52;38;0;0;0
27;2;9;13;2;3;0;4;1;40;5;0;0;0
41;2;11;9;2;2;0;4;1;40;38;0;0;0
25;2;11;9;2;7;5;4;0;25;25;0;0;0
53;2;11;9;0;13;1;4;1;40;38;0;0;1
66;4;14;15;2;9;0;4;1;50;38;0;0;0
31;2;15;10;2;2;0;4;1;40;38;0;0;1
30;5;9;13;3;0;1;4;1;40;38;0;0;0
22;2;11;9;0;13;1;4;1;40;38;0;0;0
47;3;9;13;2;11;0;4;1;60;38;1;0;1
74;2;11;9;2;3;0;4;1;40;38;0;0;1
37;2;15;10;2;0;0;2;1;70;38;0;1;1
35;4;15;10;5;4;1;4;1;60;38;1;0;0
51;4;9;13;2;3;0;4;1;70;38;0;1;0
40;2;15;10;5;7;1;4;0;40;38;0;0;0
51;1;10;16;2;9;0;4;1;40;38;0;1;1
26;2;0;6;2;5;5;4;0;40;38;0;0;0
53;2;7;12;4;0;4;2;0;40;38;0;0;0
32;2;11;9;2;2;0;4;1;40;38;1;0;0
29;4;15;10;2;2;0;1;1;40;34;0;0;0
42;2;11;9;5;0;1;4;1;40;38;0;0;0
22;2;15;10;4;13;1;4;1;32;38;0;0;0
33;2;11;9;0;0;1;4;0;40;38;0;0;0
21;2;11;9;4;13;3;2;1;20;38;0;0;0
46;1;9;13;2;9;0;4;1;45;38;0;0;1
25;2;1;7;4;5;1;4;1;40;38;0;0;0
29;2;4;3;2;7;0;4;1;40;25;0;0;0
29;0;9;13;4;9;1;4;1;48;38;0;0;0
33;2;10;16;0;11;1;4;1;60;38;1;0;1
50;2;7;12;0;2;1;4;1;40;38;0;0;0
22;2;11;9;4;0;1;0;0;40;38;0;0;0
40;2;11;9;0;2;1;4;1;40;38;0;0;0
28;2;11;9;2;6;0;0;1;45;38;0;0;0
54;2;11;9;2;0;0;4;1;40;38;0;0;0
29;2;11;9;2;2;0;4;1;40;38;0;0;0
49;2;11;9;6;6;4;2;0;40;38;0;0;0
46;2;1;7;6;7;1;4;0;27;7;0;0;0
71;4;0;6;2;2;0;4;1;8;38;0;0;0
27;2;15;10;2;4;0;4;1;80;38;0;0;0
56;2;11;9;4;0;1;4;0;40;38;0;0;0
64;2;11;9;2;12;0;1;1;60;29;0;0;1
23;2;15;10;2;3;5;4;0;25;38;0;0;0
36;2;9;13;2;9;0;4;1;40;38;0;0;1
39;1;12;14;2;9;0;4;1;45;38;0;0;1
26;2;11;9;4;3;1;4;1;40;38;0;0;0
31;0;7;12;2;12;0;4;1;40;38;0;0;0
36;2;9;13;0;0;4;4;0;40;38;0;0;0
43;2;11;9;2;2;0;4;1;40;38;0;0;1
25;2;15;10;4;0;1;4;0;50;38;0;0;0
27;2;11;9;2;6;0;4;1;40;38;0;0;0
24;2;2;8;4;11;1;4;1;40;38;0;0;0
50;4;7;12;2;10;0;4;1;20;38;0;0;0
30;2;11;9;2;2;0;4;1;40;38;0;0;0
24;2;1;7;4;5;1;4;1;40;38;0;0;0
41;1;12;14;0;9;4;4;0;36;38;1;0;1
29;2;15;10;4;3;1;4;1;45;38;0;0;0
31;2;15;10;2;3;0;4;1;40;38;0;0;0
54;2;15;10;0;3;1;4;0;40;21;0;0;0
20;2;1;7;2;11;2;4;0;50;38;0;0;0
37;2;11;9;4;7;3;4;1;40;38;0;0;0
28;1;11;9;4;7;3;2;1;30;38;0;0;0
39;2;11;9;2;0;5;4;0;40;38;0;0;1
46;5;15;10;4;3;1;4;0;40;38;0;0;0
35;2;9;13;5;3;4;4;0;42;38;0;0;0
36;4;15;10;2;11;0;4;1;20;38;1;0;1
44;2;12;14;2;3;0;4;1;40;38;0;0;1
34;3;9;13;0;3;1;4;1;50;38;0;0;0
28;4;11;9;2;11;0;4;1;50;38;0;0;1
38;3;14;15;2;9;0;4;1;45;38;0;0;1
35;2;9;13;2;11;0;4;1;52;38;0;0;1
61;2;11;9;4;0;1;4;0;40;38;0;0;0
45;2;15;10;0;11;4;4;0;40;38;0;0;0
36;2;11;9;2;13;0;4;1;40;38;0;0;0
34;2;11;9;4;13;4;2;1;30;38;0;0;0
27;2;8;11;2;11;0;4;1;60;38;0;0;0
22;2;0;6;4;2;4;4;1;40;38;0;0;0
26;2;9;13;4;12;1;4;0;40;38;0;0;0
19;2;1;7;4;7;2;4;0;15;38;0;0;0
36;2;11;9;0;4;1;4;1;40;38;0;0;0
51;2;9;13;0;3;1;4;1;50;38;1;0;1
63;2;11;9;2;2;0;4;1;40;38;1;0;1
51;2;11;9;2;0;0;4;1;40;38;0;0;0
20;5;15;10;4;0;3;4;0;25;38;0;0;0
42;4;8;11;2;9;0;4;1;50;38;0;0;0
25;2;15;10;2;2;0;4;1;40;38;0;0;0
40;2;8;11;0;0;4;4;0;50;38;0;0;0
49;2;11;9;4;5;3;4;1;80;38;0;0;0
46;2;11;9;5;6;3;2;0;40;38;0;0;0
32;4;11;9;5;11;1;4;1;50;38;0;0;0
28;2;15;10;2;5;0;2;1;40;25;0;0;0
19;2;11;9;4;0;3;4;0;25;38;0;0;0
18;2;1;7;4;0;3;2;1;20;38;0;0;0
39;2;11;9;4;11;1;4;1;55;38;0;0;0
60;4;9;13;0;9;1;4;0;30;38;0;0;0
46;1;9;13;0;9;1;4;0;40;38;0;1;0
38;2;5;4;2;6;5;4;0;50;1;0;0;1
36;2;11;9;2;6;0;4;1;44;38;0;0;1
45;2;15;10;2;11;0;4;1;40;38;0;0;0
60;5;9;13;0;9;1;4;0;40;38;0;1;0
30;2;1;7;2;2;0;4;1;40;38;0;0;0
22;2;15;10;4;12;1;4;0;43;38;0;0;0
23;2;15;10;4;3;1;4;1;45;38;0;0;0
48;5;15;10;4;9;1;2;0;24;38;0;0;0
46;2;11;9;2;7;3;4;0;15;38;0;0;0
43;2;12;14;2;3;0;4;1;45;38;0;0;1
25;2;11;9;2;13;3;3;1;40;38;0;0;0
50;2;15;10;4;9;1;4;1;40;38;0;0;0
61;3;11;9;0;11;1;4;1;55;38;0;0;0
35;2;9;13;4;11;1;4;1;50;38;0;0;0
65;1;15;10;0;3;1;4;0;40;38;0;0;0
56;2;11;9;2;13;0;1;1;45;38;0;0;0
43;4;9;13;2;6;5;1;0;80;36;0;0;0
55;2;11;9;2;13;0;4;1;50;38;0;0;0
22;2;15;10;4;0;3;4;0;40;38;0;0;0
40;2;15;10;0;6;3;4;1;32;38;0;0;0
35;2;11;9;2;4;0;4;1;50;38;0;1;0
20;2;6;5;2;6;0;4;1;40;38;0;0;0
46;1;2;8;2;7;0;4;1;35;38;0;0;1
43;2;11;9;5;13;4;4;1;40;25;0;0;0
39;2;1;7;2;7;0;2;1;37;38;1;0;0
34;2;11;9;4;3;4;4;0;20;8;0;0;0
35;2;11;9;0;7;1;4;0;35;38;0;0;0
30;2;11;9;4;0;4;4;1;41;38;0;0;0
25;2;11;9;4;6;1;2;1;28;38;0;0;0
44;2;12;14;2;3;0;4;1;35;38;0;0;1
35;2;11;9;0;0;4;4;0;40;38;0;0;0
41;2;11;9;2;5;0;4;1;40;38;0;0;0
43;0;9;13;2;0;0;4;1;40;38;1;0;1
32;2;15;10;4;0;1;4;0;40;38;0;0;0
50;2;5;4;2;2;0;4;1;40;38;0;0;0
20;2;15;10;4;0;3;4;0;15;38;0;0;0
29;2;11;9;2;0;5;4;0;20;38;0;0;0
38;2;14;15;2;9;0;4;1;70;38;1;0;1
20;2;0;6;4;5;4;4;1;50;38;0;0;0
41;2;11;9;4;11;4;2;0;40;38;0;0;0
27;2;15;10;4;3;1;4;0;65;38;0;0;0
37;2;6;5;2;2;0;4;1;40;38;0;0;0
31;2;0;6;0;7;1;4;1;40;38;0;0;0
49;2;15;10;0;0;1;1;0;40;38;0;0;0
33;1;9;13;4;9;1;2;0;50;38;0;0;0
31;2;11;9;2;2;0;4;1;40;38;0;1;1
19;2;15;10;4;7;2;4;0;35;38;0;0;0
44;2;5;4;2;6;0;4;1;40;38;0;0;0
31;3;15;10;4;3;1;4;1;65;38;0;0;1
62;2;11;9;6;4;4;4;0;40;38;0;0;0
65;4;15;10;2;3;0;4;1;10;38;0;1;1
17;2;6;5;2;7;0;4;1;40;38;0;0;0
60;2;11;9;2;13;0;4;1;44;38;0;0;1
31;2;1;7;2;2;0;4;1;40;38;0;0;0
29;2;15;10;4;7;4;2;0;40;38;0;0;0
53;2;11;9;2;6;0;4;1;40;38;0;0;1
44;2;15;10;2;11;0;4;1;40;38;0;0;1
43;2;1;7;2;11;0;4;1;60;38;0;0;0
40;0;15;10;2;2;0;4;1;40;38;0;1;0
18;2;1;7;4;11;3;2;0;10;38;0;0;0
47;2;11;9;0;2;4;4;0;43;38;0;0;0
38;0;9;13;2;9;0;4;1;40;38;1;0;0
37;2;7;12;2;7;5;4;0;25;38;0;0;0
40;2;15;10;5;11;1;0;0;40;38;0;0;0
57;3;11;9;2;9;0;2;1;60;38;0;0;1
43;2;11;9;5;7;1;4;0;40;38;1;0;0
32;2;9;13;2;9;0;3;1;40;6;0;0;0
64;2;15;10;2;11;0;4;1;40;38;0;0;0
18;2;2;8;4;11;3;4;0;20;38;0;0;0
40;4;9;13;4;3;1;4;1;50;38;0;0;0
23;2;11;9;4;6;1;4;1;40;38;0;0;0
45;2;8;11;0;0;4;2;0;40;38;0;0;0
45;4;12;14;0;9;1;4;0;15;38;0;0;0
27;2;0;6;4;7;1;4;1;60;25;0;0;0
23;2;15;10;3;5;4;4;1;40;38;0;0;0
58;4;11;9;2;4;0;1;1;30;38;0;0;0
35;2;11;9;0;12;4;4;0;75;38;0;0;0
47;2;12;14;0;9;1;4;1;40;38;0;0;1
33;2;11;9;2;3;0;4;1;50;38;0;0;0
27;2;9;13;5;9;1;1;1;40;29;0;0;1
46;2;7;12;2;6;0;4;1;40;38;0;0;1
24;2;15;10;2;2;0;4;1;56;38;0;0;0
40;2;15;10;2;2;0;4;1;44;38;0;0;1
44;2;11;9;4;7;3;4;0;24;38;0;0;0
31;1;9;13;2;10;0;4;1;97;38;0;0;1
37;2;8;11;2;0;0;4;1;40;38;1;0;1
23;2;8;11;5;3;3;4;0;40;38;0;0;0
30;3;9;13;2;11;0;4;1;52;38;0;0;1
31;2;15;10;2;7;0;2;1;35;38;0;0;0
32;2;15;10;2;3;0;4;1;40;38;1;0;0
27;2;11;9;4;13;3;4;1;40;38;0;0;0
35;1;11;9;4;0;4;0;1;55;38;0;0;0
27;2;9;13;4;3;1;4;1;40;38;0;1;0
33;4;11;9;4;4;3;4;1;70;38;0;0;0
34;2;10;16;2;9;0;4;1;45;38;0;0;1
29;2;15;10;2;2;0;4;1;50;38;0;0;0
26;1;12;14;4;9;1;4;0;40;38;1;0;0
39;4;11;9;4;2;3;4;1;40;38;0;0;0
37;3;15;10;2;3;0;4;1;50;38;1;0;1
51;2;15;10;0;3;1;4;0;50;38;0;0;1
40;2;15;10;5;2;4;4;1;47;38;1;0;1
53;2;5;4;2;2;0;1;1;40;39;0;0;0
58;0;15;10;2;12;0;1;1;40;38;0;1;1
29;2;9;13;2;12;0;4;1;40;38;0;0;1
33;2;11;9;2;6;0;3;1;40;25;0;0;0
57;2;12;14;2;3;0;4;1;60;38;0;0;1
69;5;11;9;2;10;0;4;1;40;38;0;0;0
20;2;15;10;4;0;3;4;0;12;38;0;0;0
56;2;11;9;6;11;4;4;0;25;25;0;0;0
49;2;4;3;2;2;0;4;1;40;38;0;0;0
34;2;11;9;2;6;0;4;1;40;38;0;0;0
70;2;11;9;2;2;0;4;1;37;38;0;0;0
44;2;9;13;0;3;4;4;0;45;38;0;0;0
37;2;9;13;4;9;1;4;1;40;38;1;0;1
58;1;9;13;2;9;0;4;1;58;38;0;0;0
42;4;15;10;2;9;3;4;0;25;38;0;0;0
41;2;11;9;2;11;0;4;1;40;38;0;0;0
28;2;11;9;4;0;1;4;0;40;38;0;0;0
47;1;12;14;2;9;0;4;1;60;38;1;0;1
24;2;11;9;2;6;5;4;0;40;38;0;0;0
58;4;11;9;2;7;0;4;1;55;38;1;0;1
18;2;11;9;4;0;3;4;0;25;38;0;0;0
50;2;15;10;2;3;0;4;1;50;38;0;0;1
69;2;15;10;6;0;1;4;0;24;38;1;0;0
84;2;12;14;4;9;1;4;1;66;38;0;0;0
47;2;9;13;2;3;0;4;1;60;38;0;0;1
19;2;2;8;4;5;3;4;1;20;38;0;0;0
24;2;15;10;4;9;1;2;1;40;38;0;0;0
53;2;11;9;0;6;1;4;1;50;38;0;0;0
58;2;15;10;2;11;0;4;1;45;38;0;0;0
22;2;15;10;4;5;2;4;1;24;25;0;0;0
36;4;15;10;2;3;0;4;1;52;38;0;0;0
34;2;2;8;4;0;4;4;0;40;38;0;0;0
43;2;3;2;6;9;4;4;0;21;25;0;0;0
37;2;11;9;2;5;0;4;1;24;38;0;0;0
43;2;14;15;5;12;1;4;1;50;3;0;0;1
42;2;15;10;2;12;5;4;0;40;38;0;0;1
21;2;15;10;4;7;3;4;1;30;38;0;0;0
49;4;11;9;2;11;0;4;1;60;11;0;0;0
35;2;11;9;2;7;2;2;1;40;38;0;0;0
49;4;15;10;6;2;4;4;0;30;38;0;0;0
28;2;15;10;4;7;1;2;1;40;38;0;0;0
51;2;3;2;2;2;0;4;1;40;25;0;0;0
19;2;5;4;4;7;1;4;1;60;38;0;0;1
56;2;6;5;2;7;0;4;1;40;38;0;0;0
20;2;11;9;4;7;1;4;1;8;38;0;0;0
22;2;15;10;4;0;3;4;0;37;38;0;0;0
33;2;11;9;2;6;0;4;1;56;38;1;0;1
22;2;15;10;4;2;1;4;1;50;38;0;0;0
68;2;15;10;0;8;2;4;0;30;38;0;0;0
56;1;9;13;0;3;4;4;0;40;38;0;0;0
69;4;6;5;2;0;0;4;1;40;38;0;0;0
41;2;9;13;4;12;1;4;1;40;38;0;0;0
33;2;11;9;4;6;4;2;0;40;38;0;0;0
18;2;1;7;4;11;3;4;0;8;25;0;0;0
17;2;1;7;4;7;3;2;1;16;13;0;0;0
31;2;1;7;0;5;2;2;1;40;38;0;1;0
50;2;15;10;2;12;0;4;1;60;38;0;0;1
62;2;0;6;6;5;1;4;0;40;38;0;0;0
41;2;11;9;0;0;4;4;0;52;38;0;0;0
20;0;11;9;4;7;1;4;0;40;38;0;0;0
23;2;7;12;4;11;3;4;1;30;38;0;0;0
18;2;11;9;4;7;1;4;1;20;38;0;0;0
42;2;6;5;2;2;0;4;1;40;25;0;0;0
23;2;9;13;4;9;1;4;1;40;38;0;0;0
43;2;11;9;0;0;2;4;0;40;38;0;0;0
47;2;11;9;2;11;0;4;1;55;38;0;0;0
53;1;4;3;2;7;0;4;1;40;25;0;0;0
28;2;0;6;4;5;1;4;1;40;38;0;0;0
28;5;15;10;2;10;0;4;1;40;38;0;0;0
44;2;15;10;2;9;0;4;1;45;38;0;0;0
58;2;11;9;2;6;0;4;1;40;38;0;0;0
26;2;11;9;4;6;4;4;0;40;38;0;0;0
36;4;15;10;2;4;0;4;1;8;38;1;0;0
27;2;11;9;0;7;1;4;0;40;38;0;0;0
39;2;10;16;2;3;0;4;1;45;38;0;0;1
25;2;9;13;2;3;0;4;1;40;38;0;0;0
17;2;1;7;4;7;3;4;0;15;38;0;0;0
39;2;9;13;0;3;1;4;1;50;38;0;0;0
52;2;11;9;2;6;0;4;1;40;38;0;0;0
24;2;9;13;4;11;1;4;0;50;38;0;0;0
26;4;8;11;2;4;0;4;1;55;38;0;0;0
32;2;11;9;2;5;0;4;1;40;38;0;0;1
49;1;12;14;2;10;0;4;1;40;38;0;0;1
40;2;1;7;2;4;0;4;1;40;38;0;0;0
52;2;14;15;0;3;1;4;1;60;38;0;1;1
33;2;11;9;4;0;1;4;1;40;38;0;0;0
19;2;11;9;2;6;2;4;1;20;38;0;0;0
37;2;8;11;2;9;0;4;1;40;23;0;0;0
21;5;15;10;4;12;3;4;0;20;38;0;0;0
33;2;15;10;4;0;1;4;1;36;38;0;0;0
28;2;7;12;0;9;1;4;0;40;38;0;0;0
48;2;11;9;2;2;0;4;1;40;38;0;1;0
43;2;9;13;5;12;1;4;1;40;38;0;0;0
32;2;11;9;2;6;0;4;1;40;38;0;0;0
28;2;11;9;4;7;3;4;1;30;38;0;0;0
47;4;9;13;2;9;0;1;1;40;34;0;0;0
37;2;9;13;2;0;0;4;1;50;38;0;0;1
26;2;15;10;5;11;2;2;1;30;38;0;0;0
55;2;11;9;2;7;0;4;1;60;38;0;0;0
40;2;7;12;0;11;4;4;0;40;38;0;0;0
31;2;9;13;2;3;0;4;1;40;38;0;0;1
39;2;11;9;2;7;0;4;1;40;38;0;0;1
54;3;15;10;2;11;0;4;1;54;38;0;0;1
38;2;15;10;2;11;0;1;1;40;29;0;0;0
53;4;11;9;2;4;0;4;1;85;38;0;0;0
27;4;7;12;4;9;1;4;0;78;38;0;0;0
42;2;9;13;2;3;0;4;1;40;38;0;0;1
62;2;15;10;0;0;1;4;0;40;38;0;0;0
47;2;1;7;2;0;0;4;1;58;38;0;1;0
26;2;9;13;4;3;1;4;0;50;38;0;0;0
59;2;15;10;0;7;1;4;1;40;38;0;0;0
42;2;11;9;0;9;1;4;0;45;38;0;0;0
25;2;9;13;2;9;0;4;1;45;38;0;0;1
58;2;11;9;0;11;1;4;1;36;38;0;0;0
30;2;15;10;4;11;1;4;0;60;38;0;0;0
21;2;15;10;4;2;3;4;0;40;38;0;0;0
61;2;11;9;2;10;0;4;1;40;38;0;0;0
33;2;7;12;2;5;0;4;1;40;38;0;0;0
51;2;12;14;2;12;0;4;1;40;38;0;0;1
70;2;15;10;6;3;1;4;0;12;38;0;0;0
29;4;15;10;0;2;1;4;1;50;38;1;0;0
46;2;12;14;6;9;1;4;0;44;38;0;0;0
35;0;15;10;0;3;4;1;0;40;29;0;0;0
31;2;11;9;2;2;0;4;1;43;38;0;0;1
37;2;15;10;2;3;0;4;1;42;38;0;0;1
43;2;15;10;2;11;0;4;1;43;38;0;0;1
23;2;11;9;4;11;1;4;1;40;38;0;0;0
41;2;11;9;0;2;1;4;1;44;38;1;0;1
42;1;9;13;2;9;5;4;0;50;38;0;0;1
26;2;0;6;4;0;1;4;0;40;38;1;0;0
45;2;15;10;2;3;0;4;1;40;38;0;0;1
25;2;7;12;2;11;0;4;1;40;38;0;0;0
38;2;9;13;2;6;0;4;1;50;38;0;0;1
28;2;11;9;4;3;1;4;0;50;38;0;0;0
68;4;8;11;2;9;0;4;1;40;38;0;1;0
42;1;11;9;2;2;0;4;1;40;38;0;0;1
35;2;12;14;2;11;0;4;1;40;18;0;0;0
36;2;15;10;0;0;4;4;0;40;38;0;0;0
33;2;11;9;2;2;0;4;1;35;38;0;0;0
22;2;15;10;4;0;1;4;0;30;38;0;0;0
45;1;9;13;2;10;0;4;1;50;38;0;0;1
24;2;15;10;4;7;1;4;0;40;38;0;0;0
36;1;11;9;2;9;0;4;1;40;38;1;0;1
41;2;11;9;4;0;1;4;0;40;38;0;0;0
26;4;15;10;4;9;3;4;0;35;38;0;0;0
25;4;15;10;4;4;3;4;0;50;38;0;0;0
53;5;15;10;2;4;0;4;1;50;38;0;0;0
28;1;7;12;6;9;4;4;1;40;38;0;0;0
30;1;12;14;4;9;1;4;0;40;38;0;0;0
38;4;1;7;2;2;0;4;1;40;38;0;0;0
37;1;15;10;0;10;4;4;1;48;10;0;0;0
30;2;12;14;2;9;0;4;1;38;38;0;0;0
31;2;15;10;0;2;1;4;1;80;38;0;0;0
36;2;11;9;2;2;0;4;1;55;38;1;0;0
59;4;11;9;2;3;0;4;1;60;11;0;0;0
33;4;11;9;2;2;0;4;1;35;38;0;0;0
29;2;11;9;2;11;0;4;1;55;38;0;1;1
49;5;15;10;2;6;0;4;1;40;38;0;0;1
50;0;0;6;5;2;1;4;1;56;38;0;0;0
33;2;9;13;2;3;0;4;1;45;38;0;1;1
28;2;5;4;2;5;0;4;1;40;25;0;0;0
24;2;15;10;4;12;1;4;0;16;38;0;0;0
32;4;15;10;2;2;0;4;1;50;38;0;0;0
47;0;11;9;2;13;0;2;1;40;38;0;0;1
24;2;15;10;4;3;3;4;1;40;38;0;0;0
37;1;15;10;2;12;5;4;0;36;38;1;0;1
51;2;9;13;2;11;0;4;1;40;38;0;0;1
52;2;11;9;2;13;0;4;1;50;38;0;0;0
22;2;15;10;4;0;1;4;0;40;38;0;0;0
28;2;7;12;4;7;1;3;1;40;38;0;0;0
47;4;15;10;2;2;0;4;1;40;38;0;0;0
43;2;11;9;2;2;0;4;1;40;38;0;0;0
25;2;11;9;4;3;1;4;1;45;38;0;0;0
43;2;15;10;2;13;0;4;1;60;38;0;0;1
25;2;9;13;4;3;3;4;0;20;38;0;0;0
59;2;12;14;2;9;0;4;1;60;38;0;0;0
29;2;7;12;0;9;4;4;0;35;38;0;0;0
30;2;6;5;2;6;5;4;0;40;31;0;0;0
24;2;15;10;2;6;5;3;0;40;32;0;0;0
38;2;9;13;4;7;1;4;1;40;38;0;0;0
37;4;11;9;2;3;0;4;1;60;38;0;0;1
26;2;13;1;3;6;1;4;1;40;25;0;1;0
30;2;11;9;4;7;4;4;0;40;38;0;0;0
73;1;12;14;2;9;0;4;1;10;30;0;0;1
30;2;11;9;2;6;0;2;1;40;38;0;0;0
33;2;11;9;2;7;0;4;1;40;38;0;0;0
46;2;15;10;2;13;0;4;1;58;38;0;0;0
18;2;1;7;4;7;3;4;1;40;38;0;0;0
22;2;11;9;4;0;3;4;0;40;38;0;0;0
50;3;11;9;2;11;0;2;1;60;38;0;0;0
39;3;9;13;2;3;0;4;1;40;38;1;0;1
22;2;15;10;4;11;3;4;1;40;38;0;0;0
33;2;11;9;4;0;4;2;0;40;38;0;0;0
31;2;11;9;4;5;3;1;0;40;39;0;0;0
29;2;9;13;4;0;3;4;1;40;38;0;0;0
38;4;15;10;2;6;0;4;1;45;38;0;0;1
24;2;9;13;4;11;3;4;0;35;38;0;0;0
29;1;11;9;5;10;2;4;0;40;38;0;0;0
49;0;12;14;2;0;0;4;1;40;38;0;0;1
33;2;5;4;2;6;0;4;1;40;25;0;0;0
28;2;11;9;4;6;1;4;1;48;38;0;0;0
22;2;9;13;4;0;3;4;0;60;38;0;0;0
37;2;11;9;2;6;0;4;1;40;38;0;0;0
30;2;11;9;2;2;0;4;1;50;38;0;0;0
49;2;5;4;2;2;0;4;1;40;38;0;0;0
29;2;11;9;2;3;0;4;1;40;3;0;0;0
25;2;11;9;5;3;4;4;0;40;38;0;0;0
36;2;11;9;3;0;4;4;0;40;38;0;0;0
36;5;10;16;4;9;1;4;1;45;38;0;0;0
21;2;11;9;4;7;3;4;1;22;38;0;0;0
18;2;15;10;4;7;3;4;0;30;38;0;0;0
30;1;8;11;4;10;1;4;1;40;38;0;0;0
44;2;15;10;4;0;3;2;0;40;38;0;0;0
40;2;15;10;2;13;0;4;1;50;38;0;0;0
43;2;11;9;2;3;0;4;1;44;38;0;0;0
45;2;9;13;2;3;0;4;1;50;38;0;0;1
29;2;15;10;3;11;3;1;0;26;18;0;0;0
40;2;15;10;2;0;5;4;0;40;38;0;0;0
43;2;15;10;2;7;0;4;1;48;38;0;0;0
20;2;15;10;4;7;1;4;0;20;38;0;0;0
32;5;9;13;2;12;0;4;1;20;38;0;0;0
19;2;15;10;4;7;3;4;0;16;38;0;0;0
21;2;11;9;4;6;3;4;1;40;38;0;0;0
23;2;8;11;2;5;0;4;1;40;38;0;0;0
24;2;1;7;4;7;1;2;0;40;38;0;0;0
52;2;8;11;0;7;1;4;1;32;38;0;0;0
19;2;15;10;4;7;1;4;1;35;38;0;0;0
54;2;15;10;2;11;0;4;1;45;38;0;0;1
50;2;11;9;0;6;2;4;0;48;38;0;0;0
29;2;15;10;0;6;1;4;1;40;38;0;0;0
17;2;0;6;4;12;3;4;1;10;38;0;0;0
47;2;11;9;0;7;4;4;0;37;32;0;0;0
46;2;9;13;0;9;4;2;0;32;38;0;0;0
30;2;15;10;2;5;0;4;1;44;38;0;0;0
58;2;15;10;2;7;5;4;0;30;38;0;0;0
48;2;9;13;0;9;1;2;0;40;38;0;0;0
23;2;15;10;4;10;3;4;1;40;25;0;0;0
23;2;8;11;4;0;3;4;0;36;38;0;0;0
45;2;11;9;2;2;0;4;1;40;38;0;0;0
20;2;15;10;4;11;3;2;1;20;38;0;0;0
26;2;5;4;4;6;3;4;1;48;38;0;0;0
50;1;9;13;4;9;3;4;0;40;38;0;0;1
49;2;11;9;2;11;0;4;1;48;38;0;0;1
26;2;15;10;4;7;2;4;1;40;26;0;0;0
47;2;14;15;0;0;1;4;1;40;38;0;0;0
31;2;2;8;4;11;1;4;1;50;38;1;0;0
35;2;11;9;2;2;0;4;1;40;38;0;1;0
46;2;15;10;2;2;0;4;1;50;38;0;1;1
28;4;1;7;4;2;1;4;1;40;38;0;0;0
58;2;15;10;2;3;0;4;1;45;38;1;0;1
21;2;11;9;4;0;3;4;0;40;38;0;0;0
50;4;0;6;0;11;1;4;0;50;38;0;0;0
31;2;9;13;4;9;1;4;0;40;38;0;0;0
31;4;9;13;2;0;5;4;0;20;38;0;0;0
35;4;11;9;2;2;0;4;1;40;38;1;0;1
33;2;10;16;2;9;0;4;1;60;38;0;0;1
34;2;12;14;2;9;0;4;1;55;38;1;0;1
37;2;11;9;2;5;0;4;1;45;38;0;0;1
48;2;12;14;2;9;0;4;1;40;38;0;0;1
34;0;9;13;4;3;4;1;1;40;0;1;0;0
24;2;15;10;4;3;3;4;1;40;38;0;0;0
55;2;11;9;0;8;1;4;0;40;9;0;0;0
50;2;11;9;2;12;0;4;1;40;38;0;1;1
40;2;9;13;2;11;0;4;1;60;38;0;1;1
33;2;9;13;4;5;1;4;1;30;38;0;0;0
51;0;15;10;2;2;0;4;1;40;38;0;0;0
30;2;15;10;4;6;1;4;1;40;38;0;0;0
41;2;11;9;2;6;0;4;1;40;38;0;0;0
47;1;8;11;2;3;0;4;1;40;38;0;0;1
37;2;9;13;5;9;4;4;0;32;38;1;0;1
40;2;8;11;2;2;0;4;1;40;38;0;0;0
36;2;11;9;2;6;0;4;1;40;38;0;0;0
37;2;11;9;2;6;0;2;1;40;38;0;0;0
38;2;14;15;5;9;1;4;1;35;38;0;0;1
40;4;15;10;2;2;0;4;1;50;38;0;0;0
35;2;9;13;0;3;4;4;0;40;38;0;0;0
47;4;11;9;2;6;5;4;0;20;38;0;0;1
33;2;12;14;2;9;0;4;1;45;38;0;0;1
45;2;15;10;0;0;1;4;0;40;38;0;0;0
35;4;11;9;4;11;4;2;0;38;10;0;0;0
32;2;1;7;2;0;0;4;1;45;38;0;0;0
23;2;15;10;2;7;0;2;1;50;38;0;0;0
19;2;11;9;4;7;3;4;0;15;38;0;0;0
20;2;11;9;4;5;3;2;1;35;38;0;0;0
44;3;9;13;2;11;0;4;1;30;38;0;0;0
41;5;11;9;2;0;0;4;1;40;38;1;0;0
19;2;15;10;4;0;2;4;0;40;38;0;0;0
48;2;11;9;0;7;1;4;0;35;38;0;0;0
45;2;15;10;2;11;0;4;1;65;38;0;0;1
40;2;5;4;2;7;0;1;1;42;0;0;0;0
34;2;11;9;2;2;0;4;1;55;38;0;0;1
20;2;15;10;4;11;2;3;0;40;38;0;0;0
33;2;15;10;5;0;4;4;0;40;38;0;0;0
30;2;11;9;2;0;3;4;0;20;38;0;0;0
23;2;15;10;4;5;3;4;1;32;4;0;0;0
34;2;0;6;0;7;4;4;0;38;38;0;0;0
48;5;15;10;2;2;0;4;1;40;38;0;0;1
42;2;15;10;2;2;0;2;1;40;38;0;0;1
22;2;11;9;4;0;3;1;1;40;38;0;0;0
60;4;11;9;2;2;0;4;1;42;38;0;0;1
42;2;9;13;2;3;0;4;1;55;38;0;0;1
45;2;9;13;5;3;1;4;0;55;38;0;0;0
47;2;11;9;0;7;3;4;0;32;38;0;0;0
29;2;12;14;2;3;5;4;0;40;38;0;0;1
34;2;9;13;4;11;1;4;1;38;38;0;0;0
34;2;9;13;0;9;4;4;0;40;38;0;0;1
39;0;11;9;2;0;0;4;1;40;38;0;0;0
29;2;15;10;0;9;4;4;0;24;38;0;0;0
42;3;15;10;4;11;1;4;1;60;38;0;0;0
48;2;1;7;5;7;1;2;0;35;38;0;0;0
53;2;9;13;2;3;0;2;1;40;38;0;1;1
51;2;15;10;6;0;4;4;0;45;38;0;0;0
44;4;9;13;2;4;0;4;1;90;38;0;0;0
46;3;8;11;2;3;0;4;1;60;38;0;0;1
51;2;10;16;0;2;1;4;0;60;38;1;0;1
32;2;15;10;4;2;1;4;0;40;38;0;0;0
24;2;15;10;4;7;1;4;1;45;38;0;0;0
33;2;8;11;4;9;4;2;0;26;38;0;0;0
47;4;11;9;1;2;0;4;1;90;38;0;0;0
64;4;12;14;0;9;1;4;1;50;38;0;0;0
62;2;9;13;2;3;0;4;1;50;38;0;0;1
52;2;11;9;2;3;0;4;1;40;38;0;0;1
39;2;11;9;4;11;1;4;0;40;30;0;0;0
42;2;11;9;2;9;0;4;1;48;38;0;0;0
38;0;9;13;2;11;0;4;1;42;38;1;0;1
55;2;5;4;2;13;0;4;1;50;38;0;0;0
42;2;7;12;0;9;1;4;0;24;38;0;0;0
30;2;7;12;2;3;5;4;0;50;36;0;0;1
32;2;6;5;2;2;0;4;1;40;38;0;0;0
50;0;1;7;4;11;1;2;0;40;38;1;0;0
27;2;11;9;4;6;3;1;1;40;29;0;0;0
47;2;11;9;2;3;0;4;1;60;38;0;0;0
33;2;6;5;0;6;1;4;1;35;38;0;0;0
48;4;15;10;4;0;1;4;1;40;38;0;0;0
23;2;5;4;4;7;3;4;1;35;38;0;0;0
31;0;9;13;2;3;0;4;1;40;38;0;0;1
26;2;15;10;2;6;0;2;1;40;38;0;0;0
61;4;11;9;2;11;0;1;1;63;34;0;0;0
50;2;9;13;0;11;4;2;1;40;38;0;0;0
49;2;8;11;2;9;0;4;1;40;10;0;0;1
19;2;11;9;4;7;2;1;1;24;38;0;0;0
18;2;1;7;4;5;3;4;1;15;38;0;0;0
44;4;7;12;2;7;5;4;0;99;38;0;0;0
54;2;8;11;2;11;0;4;1;50;38;0;0;0
35;5;11;9;2;10;0;4;1;40;38;0;0;1
27;5;12;14;4;9;1;1;1;20;2;0;0;0
50;3;11;9;2;4;0;4;1;50;38;0;0;0
43;5;11;9;2;2;0;4;1;40;38;0;0;0
28;2;15;10;0;0;4;4;1;40;38;0;0;0
47;2;11;9;2;3;0;4;1;40;38;0;0;0
21;2;13;1;4;4;1;4;1;50;25;0;0;0
30;2;14;15;4;9;1;4;0;45;38;0;0;0
19;2;11;9;4;2;3;4;1;45;38;0;0;0
40;2;15;10;2;7;0;4;1;40;38;0;1;0
55;2;12;14;2;11;0;4;1;50;38;0;0;1
31;2;8;11;0;6;4;4;1;43;38;0;0;0
30;2;8;11;0;3;1;4;1;40;38;0;0;0
51;0;9;13;4;9;1;0;0;43;38;0;0;0
34;2;11;9;0;13;3;4;0;40;38;0;0;0
59;2;12;14;2;3;0;4;1;45;38;0;0;1
50;2;11;9;0;3;4;4;0;38;38;0;0;0
29;2;11;9;0;6;4;4;1;40;38;0;0;0
17;5;0;6;4;4;3;4;1;40;38;0;0;0
24;2;11;9;4;7;3;4;0;30;38;0;0;0
39;2;12;14;2;9;5;4;0;18;38;0;1;1
32;2;15;10;0;5;4;2;1;40;26;0;0;0
34;2;11;9;4;6;1;4;0;45;38;0;0;0
44;4;11;9;2;9;0;4;1;40;38;0;1;1
37;1;15;10;0;0;4;4;0;40;38;0;0;0
39;2;12;14;2;3;5;4;0;65;38;0;1;1
32;3;14;15;2;9;0;4;1;40;38;0;0;1
23;2;15;10;4;7;1;4;0;28;38;0;0;0
45;0;15;10;0;0;4;4;1;42;38;0;0;0
30;2;1;7;0;5;3;4;1;40;38;0;0;0
20;2;2;8;0;7;1;4;0;10;38;0;0;0
41;2;11;9;2;2;0;4;1;4;28;0;0;0
21;2;11;9;4;11;3;4;0;30;38;0;0;0
48;2;5;4;2;7;0;1;1;30;2;0;0;0
31;2;11;9;2;9;0;4;1;45;38;1;0;1
34;2;8;11;4;5;1;2;1;40;38;0;0;0
25;2;11;9;5;7;4;2;1;40;38;0;0;0
41;4;9;13;5;2;1;4;1;35;38;0;0;0
35;4;14;15;2;9;0;4;1;50;38;0;0;1
42;2;9;13;0;3;4;4;0;40;38;0;0;0
34;4;11;9;2;13;0;4;1;75;25;0;0;1
44;2;0;6;2;6;0;4;1;60;38;1;0;0
32;2;9;13;2;3;0;4;1;40;38;0;0;1
25;2;15;10;4;11;3;1;1;40;38;0;0;0
23;2;1;7;2;13;0;4;1;50;38;0;0;0
36;2;14;15;4;9;1;3;1;40;18;0;0;1
53;4;9;13;4;11;4;4;1;60;38;0;0;1
27;2;10;16;4;9;1;4;1;52;38;0;0;0
27;2;9;13;4;0;1;4;0;65;38;0;0;0
57;2;11;9;4;3;1;4;0;45;38;0;0;0
17;2;1;7;4;11;3;4;0;20;38;0;0;0
59;1;11;9;0;0;4;4;0;38;38;0;0;0
34;2;11;9;4;7;3;4;0;40;38;0;0;0
30;2;0;6;2;13;0;4;1;55;38;0;0;0
31;5;7;12;4;0;3;2;0;45;38;0;0;0
23;2;15;10;4;11;1;4;1;30;38;0;0;0
19;2;11;9;4;13;3;4;1;40;38;0;0;0
20;4;8;11;4;4;3;4;1;40;38;0;0;0
52;4;11;9;0;11;1;4;1;40;38;0;0;0
39;1;9;13;2;9;0;4;1;50;38;0;0;1
27;2;11;9;5;7;4;4;0;50;38;0;0;0
19;2;15;10;4;11;1;4;0;35;38;0;0;0
38;1;9;13;2;9;5;4;0;15;38;0;0;0
19;2;11;9;4;5;3;4;1;16;38;0;0;0
34;2;9;13;2;9;5;4;0;40;38;0;1;1
23;2;11;9;2;6;3;4;0;40;38;1;0;0
24;2;9;13;4;0;1;4;0;40;38;0;0;0
22;2;0;6;4;13;1;0;1;84;38;0;0;0
45;2;14;15;2;9;0;4;1;60;38;0;0;1
45;2;11;9;2;3;0;4;1;60;38;0;0;1
48;2;9;13;2;3;0;1;1;40;23;0;0;1
42;2;9;13;2;11;0;4;1;60;38;0;0;0
35;4;15;10;2;11;0;4;1;50;38;0;0;0
32;2;11;9;0;7;4;0;0;40;38;0;0;0
51;1;11;9;2;3;5;4;0;32;38;0;0;0
59;2;15;10;2;3;0;4;1;40;38;0;0;1
31;1;11;9;4;13;3;4;1;40;38;0;0;0
27;1;9;13;4;12;1;4;1;50;38;0;0;0
57;2;7;12;6;0;1;4;0;35;38;0;0;0
40;2;11;9;4;7;1;4;1;40;38;0;0;0
31;2;11;9;0;6;1;4;1;40;38;0;0;0
23;2;5;4;4;6;3;4;1;40;38;0;0;0
42;2;11;9;5;0;4;4;0;35;33;0;0;0
60;2;11;9;2;11;0;4;1;40;38;0;0;0
53;1;12;14;4;3;1;4;0;50;38;1;0;1
27;2;11;9;4;5;3;4;1;40;38;0;0;0
31;2;11;9;2;13;0;4;1;45;38;0;0;0
29;5;9;13;4;2;1;4;1;40;38;0;0;0
22;2;9;13;4;4;3;4;1;40;38;0;0;0
42;2;9;13;4;9;1;4;0;38;38;0;1;1
63;3;14;15;2;9;0;4;1;50;38;1;0;1
28;2;11;9;2;11;0;4;1;40;38;0;0;0
79;2;15;10;2;0;0;4;1;20;38;0;0;0
39;2;11;9;2;2;0;4;1;40;38;1;0;1
29;2;2;8;4;7;1;3;1;40;38;0;0;0
60;2;5;4;0;7;1;4;1;40;38;0;0;0
58;2;2;8;2;7;5;4;0;24;38;0;0;0
20;2;7;12;4;7;3;4;0;18;38;0;1;0
44;2;11;9;2;13;0;4;1;65;38;0;0;1
47;2;11;9;2;13;0;4;1;48;38;0;0;0
59;2;11;9;2;10;0;4;1;24;38;0;0;1
37;2;12;14;0;3;1;4;1;65;38;0;0;0
21;2;11;9;5;6;2;4;1;40;38;0;0;0
68;2;8;11;6;3;1;4;0;40;38;0;0;0
43;2;15;10;2;0;0;4;1;40;38;1;0;0
23;2;11;9;4;2;4;4;0;33;38;0;0;0
40;1;12;14;4;0;1;4;0;35;38;0;1;0
45;4;15;10;4;11;3;4;0;35;38;0;0;0
22;2;15;10;4;12;3;4;1;40;38;0;0;0
38;2;9;13;2;9;0;4;1;50;38;0;0;1
24;2;15;10;4;11;1;4;1;49;38;0;0;0
23;2;11;9;2;11;5;4;0;40;38;0;0;0
39;0;15;10;2;0;2;4;1;45;38;0;0;1
26;2;15;10;4;2;1;4;1;40;38;0;0;0
24;2;11;9;4;5;4;4;1;40;38;0;0;0
22;2;15;10;4;0;3;4;1;25;38;0;0;0
36;2;9;13;2;9;0;4;1;55;38;0;0;0
20;2;15;10;4;8;3;4;0;20;38;0;0;0
18;2;1;7;4;7;3;2;1;8;38;0;0;0
38;2;9;13;2;3;0;4;1;40;38;0;0;1
43;3;9;13;0;4;1;4;1;35;38;0;0;0
42;2;12;14;2;3;0;4;1;40;38;0;0;1
35;2;9;13;2;3;0;4;1;50;38;0;0;1
31;2;15;10;0;0;1;4;0;45;38;0;0;0
73;2;3;2;2;13;0;4;1;20;38;0;1;0
32;2;15;10;0;3;4;4;0;42;38;0;0;0
37;2;12;14;2;3;0;4;1;45;38;1;0;1
66;2;11;9;2;5;0;4;1;10;38;0;0;0
22;2;11;9;4;7;3;4;0;35;38;0;0;0
51;2;8;11;2;11;0;4;1;40;38;0;0;0
31;2;11;9;4;7;3;4;1;35;38;0;0;0
65;2;11;9;0;0;4;4;0;59;1;0;1;0
39;2;11;9;2;2;5;2;0;45;38;0;0;0
48;2;15;10;2;0;5;4;0;37;38;0;0;0
20;2;15;10;4;7;1;4;0;40;38;0;0;0
48;2;9;13;2;11;0;4;1;50;38;1;0;1
29;0;14;15;2;9;0;4;1;80;38;0;0;0
35;3;9;13;2;3;0;4;1;45;38;0;0;1
31;2;15;10;2;13;0;4;1;40;38;0;0;1
48;5;11;9;2;10;0;4;1;40;38;0;0;0
36;2;8;11;4;12;1;4;1;45;38;0;0;0
40;4;11;9;2;4;0;4;1;50;38;0;0;0
57;2;11;9;2;9;0;4;1;15;38;0;0;0
26;1;9;13;4;9;1;4;0;35;38;1;0;0
37;5;11;9;4;7;3;4;0;40;38;0;0;0
65;2;10;16;2;3;0;4;1;40;38;0;0;1
26;4;0;6;4;9;1;4;0;32;38;0;0;0
42;2;15;10;2;12;0;4;1;40;38;0;0;0
47;2;12;14;2;3;0;4;1;40;23;0;0;1
62;2;5;4;0;2;3;4;1;40;38;0;0;0
27;2;8;11;4;3;3;4;1;50;38;0;0;0
76;4;15;10;6;11;1;4;1;8;38;0;0;0
29;2;9;13;4;0;3;4;0;40;38;0;0;0
29;2;2;8;2;13;0;4;1;40;38;0;0;1
32;2;0;6;4;6;3;4;1;40;25;0;0;0
22;3;15;10;2;2;0;4;1;40;38;0;0;0
30;0;11;9;4;0;1;2;0;50;38;0;0;0
43;1;15;10;0;0;1;4;0;40;38;0;0;0
23;2;9;13;2;7;0;4;1;20;38;0;0;0
44;0;14;15;2;9;0;4;1;40;38;0;0;1
41;2;9;13;0;7;1;4;1;40;38;0;0;0
49;5;12;14;0;9;4;2;0;40;38;1;0;1
30;2;11;9;4;13;1;4;1;45;38;0;0;1
23;2;15;10;4;5;3;4;1;35;38;0;0;0
39;2;11;9;6;0;3;4;0;40;38;0;0;0
32;2;9;13;2;11;0;4;1;60;38;0;0;1
50;2;15;10;2;2;0;4;1;35;38;0;1;1
19;2;15;10;4;0;3;4;0;40;32;0;0;0
35;2;9;13;2;11;0;4;1;52;38;0;0;1
23;2;11;9;4;2;1;4;1;40;38;0;0;0
25;2;15;10;4;2;1;4;1;40;38;0;0;0
40;2;11;9;0;11;1;4;0;40;38;0;0;0
30;2;9;13;2;3;0;2;1;42;38;0;0;1
52;2;15;10;2;2;0;4;1;40;38;0;0;1
49;2;15;10;2;6;0;2;1;60;38;0;0;0
24;2;9;13;4;0;3;4;0;40;38;0;0;0
46;2;9;13;2;3;0;4;1;40;38;1;0;1
39;2;9;13;2;11;0;4;1;50;38;0;0;1
45;4;9;13;2;3;0;4;1;50;38;0;0;1
62;1;9;13;2;0;5;4;0;38;38;0;1;0
43;2;9;13;2;9;0;4;1;50;38;0;1;1
45;2;15;10;0;6;4;4;0;40;38;0;0;0
62;4;11;9;2;11;0;4;1;40;38;0;0;0
48;2;4;3;4;5;1;4;1;40;25;0;0;0
56;2;11;9;0;7;4;2;0;40;22;0;0;0
28;2;11;9;4;4;4;4;0;35;38;0;0;0
23;2;11;9;4;2;3;2;1;40;38;0;0;0
43;2;11;9;0;7;1;4;0;35;38;0;0;0
26;2;9;13;2;2;0;4;1;40;38;0;0;1
36;2;11;9;2;11;0;4;1;50;38;0;0;1
55;1;10;16;4;9;1;4;0;60;38;0;0;0
48;5;9;13;4;3;1;4;0;50;38;0;0;0
38;2;8;11;2;3;0;4;1;45;38;0;0;1
18;2;11;9;4;11;1;4;1;30;38;0;0;0
56;4;11;9;3;3;1;4;1;70;38;0;0;0
39;4;12;14;4;9;1;4;1;40;38;0;0;0
46;2;4;3;5;5;1;4;1;50;25;0;0;0
36;2;1;7;4;13;4;0;1;65;38;0;0;0
42;4;11;9;2;2;0;4;1;40;38;0;1;0
50;2;11;9;2;13;0;4;1;50;38;0;0;1
17;2;1;7;4;5;3;4;1;20;38;0;0;0
57;2;5;4;6;6;4;2;0;40;38;0;0;0
73;2;11;9;6;7;2;4;0;12;38;0;0;0
50;0;15;10;4;0;1;4;1;40;38;0;0;0
35;2;15;10;4;13;3;4;1;45;38;0;0;0
27;2;15;10;2;6;0;4;1;45;38;0;0;0
27;2;15;10;4;2;3;4;1;40;38;0;0;0
23;4;11;9;4;2;3;4;1;40;38;0;0;0
25;2;11;9;4;0;3;4;0;40;38;0;0;0
51;2;9;13;2;3;0;4;1;40;38;0;0;1
26;2;0;6;2;0;5;4;0;40;38;0;0;0
47;2;15;10;2;0;0;4;1;45;25;0;0;0
40;2;11;9;0;7;1;2;1;40;38;0;0;0
58;2;6;5;0;7;4;4;0;40;38;0;0;0
25;2;15;10;4;11;3;4;0;40;38;0;0;0
29;2;11;9;2;11;5;4;0;18;38;0;0;0
36;2;1;7;2;13;0;4;1;43;38;0;0;0
46;2;11;9;0;3;1;4;0;60;38;0;0;0
69;2;3;2;6;8;1;2;0;4;38;0;0;0
69;2;11;9;6;0;1;4;0;40;38;1;0;0
28;2;11;9;4;7;3;2;0;40;38;0;0;0
20;2;11;9;4;0;3;4;1;48;38;0;0;0
54;5;11;9;5;0;4;2;0;35;38;1;0;0
25;2;15;10;4;13;3;4;1;40;38;0;0;0
64;1;11;9;2;5;0;4;1;40;38;1;0;0
17;2;11;9;4;11;3;4;0;20;38;0;0;0
53;0;11;9;2;0;0;4;1;40;38;0;0;0
50;2;6;5;0;13;1;4;1;50;38;0;0;0
57;2;11;9;2;3;5;4;0;38;38;0;0;0
51;2;15;10;2;13;0;4;1;40;38;0;1;0
47;2;15;10;2;2;0;4;1;40;38;0;0;0
25;2;11;9;4;13;4;4;1;52;38;0;0;0
50;5;14;15;2;3;0;4;1;52;38;0;0;1
20;2;11;9;4;0;3;4;0;30;38;0;0;0
43;5;14;15;2;9;0;4;1;70;38;0;1;1
46;2;9;13;4;9;1;4;0;40;38;0;0;0
54;2;11;9;5;0;4;4;0;38;32;0;0;0
53;2;15;10;5;3;4;0;0;15;38;0;0;0
21;2;11;9;4;2;3;4;1;30;38;0;0;0
58;2;15;10;0;7;1;4;1;40;38;0;0;0
30;2;9;13;2;11;0;4;1;55;38;0;0;1
61;2;11;9;2;0;5;2;0;40;38;0;0;0
56;5;15;10;0;0;1;4;0;35;38;0;0;0
59;2;11;9;0;7;4;4;0;40;38;0;0;0
72;2;11;9;2;5;0;4;1;20;38;0;0;0
33;2;11;9;4;0;1;4;1;40;38;0;0;0
46;2;11;9;2;0;5;4;0;40;38;0;0;1
46;1;15;10;2;10;0;4;1;38;38;0;0;1
48;2;11;9;4;9;4;2;0;28;38;0;0;0
33;2;11;9;2;3;0;4;1;40;38;0;0;0
21;2;15;10;4;5;3;4;0;40;38;0;0;0
27;2;11;9;0;0;4;4;0;45;38;0;0;0
31;2;11;9;0;13;1;4;1;40;38;0;0;0
28;2;9;13;4;6;1;4;1;40;38;0;0;0
45;1;15;10;0;0;1;4;0;38;38;0;0;0
51;2;11;9;2;6;0;4;1;40;38;1;0;1
46;5;11;9;4;7;1;2;0;40;38;0;0;0
25;2;15;10;2;11;0;4;1;25;7;0;0;0
61;2;15;10;2;0;0;4;1;40;38;1;0;1
17;2;1;7;4;11;3;4;0;30;38;0;0;0
26;2;9;13;4;2;1;4;1;40;38;1;0;0
35;2;0;6;0;2;1;4;1;60;38;0;0;0
33;4;1;7;2;3;0;4;1;70;38;0;0;0
39;1;11;9;4;0;3;4;0;35;38;0;0;0
42;2;11;9;0;7;4;4;0;30;38;0;0;0
35;2;9;13;2;3;0;4;1;47;38;1;0;1
45;2;11;9;0;12;1;4;0;50;38;0;0;1
47;3;9;13;4;11;3;4;1;40;38;0;0;1
64;2;1;7;2;2;0;4;1;48;38;0;0;0
39;2;14;15;2;3;5;4;0;47;38;1;0;1
62;2;9;13;2;9;0;4;1;40;38;1;0;1
53;2;15;10;2;9;0;4;1;40;38;1;0;1
31;2;9;13;2;3;0;4;1;40;38;0;0;0
26;2;11;9;2;11;0;4;1;40;38;0;0;0
56;3;5;4;2;2;0;4;1;50;38;0;0;1
43;2;15;10;4;7;1;4;0;40;38;0;0;0
33;2;15;10;4;11;1;2;1;35;38;0;0;0
45;4;15;10;2;2;0;4;1;40;38;0;1;1
46;2;15;10;5;11;1;4;1;55;38;0;0;0
26;2;8;11;2;5;0;4;1;80;38;0;0;0
24;2;11;9;4;7;3;4;0;40;25;0;0;0
43;2;9;13;2;4;0;4;1;50;38;0;0;1
40;2;8;11;4;6;3;4;1;40;38;0;0;0
61;2;5;4;0;7;1;4;1;35;38;0;0;0
34;0;15;10;4;0;1;2;0;72;38;0;0;0
85;2;11;9;6;11;4;4;1;35;38;0;0;0
41;2;11;9;4;0;1;4;0;40;38;0;0;0
31;5;7;12;4;0;1;4;0;35;38;1;0;0
22;2;15;10;4;11;3;4;0;30;38;0;0;0
60;2;11;9;6;7;4;2;0;40;38;0;0;0
29;2;7;12;0;9;1;4;0;36;38;0;0;0
35;5;9;13;4;3;1;1;0;45;38;1;0;0
24;2;11;9;4;11;1;4;1;30;38;0;0;0
45;1;12;14;0;9;1;2;1;40;38;0;0;0
21;1;2;8;4;7;3;2;1;20;38;0;0;0
30;2;7;12;2;13;5;4;0;37;38;0;1;1
50;3;15;10;2;3;0;4;1;99;38;0;0;1
41;4;11;9;2;3;0;4;1;40;38;0;0;1
21;2;11;9;4;11;1;4;0;33;38;0;0;0
45;2;11;9;2;2;0;4;1;45;38;0;0;0
34;2;9;13;2;3;0;4;1;40;38;0;0;1
28;2;11;9;0;5;3;4;1;40;38;0;0;0
19;2;11;9;4;7;4;4;1;40;38;0;0;0
26;2;9;13;4;9;1;4;1;50;38;1;0;1
48;2;9;13;2;13;0;4;1;45;38;0;0;1
69;2;9;13;6;9;1;4;1;40;38;0;1;1
41;2;15;10;0;0;4;4;0;40;38;0;0;0
43;2;9;13;0;0;1;4;0;40;38;0;0;0
28;2;11;9;4;2;4;4;1;40;25;0;0;0
65;1;15;10;0;0;1;4;0;28;38;0;0;0
31;2;9;13;4;3;1;4;1;38;38;0;1;0
28;2;9;13;4;0;1;4;0;40;38;0;0;0
51;2;9;13;2;9;0;4;1;40;38;0;0;1
45;2;15;10;4;2;1;4;0;80;38;0;0;0
43;2;11;9;0;0;2;2;1;38;38;0;0;0
31;2;7;12;2;11;0;4;1;60;38;0;0;0
31;2;15;10;2;2;0;4;1;55;38;0;0;1
45;2;15;10;2;2;2;1;1;40;29;0;0;0
20;2;9;13;4;11;2;2;0;30;38;0;0;0
25;2;9;13;4;12;4;4;1;40;38;0;0;0
36;2;11;9;6;5;4;4;0;30;38;0;0;0
31;2;9;13;4;11;1;4;1;50;38;1;0;0
56;2;15;10;2;2;0;4;1;45;38;0;0;0
26;2;9;13;4;11;3;4;1;18;38;0;0;0
47;4;15;10;0;3;1;4;0;65;38;0;0;0
40;3;11;9;2;3;0;4;1;50;38;0;0;0
32;2;11;9;2;3;5;4;0;48;38;0;0;0
34;5;12;14;4;9;4;2;0;24;38;0;0;0
37;2;11;9;2;3;0;4;1;55;38;0;0;0
38;2;11;9;2;2;0;4;1;45;38;0;0;0
19;2;8;11;4;7;3;1;1;16;38;0;0;0
49;2;6;5;0;5;1;4;0;40;38;0;0;0
26;2;7;12;4;9;1;4;0;40;38;0;0;0
82;2;5;4;2;5;0;4;1;2;38;0;0;0
40;2;11;9;0;2;1;4;1;40;38;0;0;0
28;2;15;10;4;2;3;4;1;50;38;0;0;0
23;2;11;9;2;11;0;2;1;37;38;0;0;0
19;2;15;10;4;0;3;4;1;40;38;0;0;0
67;2;11;9;6;5;2;2;1;32;38;0;0;0
43;2;9;13;2;3;0;4;1;40;38;1;0;1
41;2;7;12;4;0;1;3;0;50;38;0;0;0
37;2;8;11;0;9;4;4;0;40;38;0;0;0
20;2;11;9;4;13;3;4;1;40;38;0;0;0
40;2;11;9;0;2;4;4;1;40;38;0;0;0
47;2;12;14;5;3;1;4;1;50;38;1;0;1
40;2;11;9;2;12;0;4;1;40;38;0;0;0
39;5;9;13;4;3;1;4;0;40;38;0;0;0
24;2;15;10;4;0;3;2;0;20;38;0;0;0
49;2;9;13;2;11;0;4;1;45;38;0;0;1
66;2;11;9;0;6;1;4;1;10;38;0;0;0
52;2;11;9;4;9;4;4;0;40;38;0;1;0
59;3;11;9;0;3;1;4;1;60;38;0;0;0
72;2;11;9;6;8;4;4;0;12;4;0;0;0
35;0;11;9;4;0;1;4;1;40;38;0;0;0
30;2;9;13;1;3;5;4;0;40;38;0;0;1
36;2;15;10;4;7;1;4;1;40;38;0;0;0
26;2;11;9;5;12;3;4;0;40;38;0;0;0
23;2;9;13;4;7;1;4;1;35;38;0;0;0
39;2;9;13;2;9;0;4;1;40;38;0;0;1
40;4;14;15;2;9;0;4;1;40;38;0;0;0
29;2;9;13;4;9;1;4;1;40;38;0;0;0
38;2;9;13;4;7;1;4;1;20;38;0;0;0
63;2;9;13;4;0;1;4;1;40;38;0;0;0
58;4;11;9;2;3;0;4;1;40;38;0;0;1
30;2;11;9;0;3;4;4;0;40;38;0;0;0
38;5;11;9;4;7;4;2;0;40;38;0;0;0
25;2;4;3;4;0;1;4;0;33;25;0;0;0
44;5;12;14;2;9;0;4;1;40;38;0;0;1
43;2;8;11;2;0;5;4;0;40;38;0;0;1
21;2;15;10;4;13;3;4;1;30;38;0;0;0
41;1;7;12;4;3;1;4;1;40;38;0;0;0
38;2;9;13;2;11;0;4;1;50;38;0;0;1
29;2;15;10;2;2;0;4;1;40;38;0;1;0
52;4;11;9;2;4;0;4;1;70;38;0;0;0
47;2;11;9;0;3;4;4;0;45;38;0;0;0
28;2;8;11;2;9;0;4;1;50;38;1;0;1
30;5;12;14;2;9;0;1;1;10;2;0;0;0
30;2;15;10;2;3;0;4;1;60;38;1;0;1
40;2;7;12;0;3;1;4;1;40;38;0;0;1
27;2;15;10;4;7;3;4;0;30;38;0;0;0
26;2;11;9;4;10;4;4;1;44;38;0;0;0
32;2;11;9;4;7;1;4;1;37;38;0;0;0
36;5;9;13;4;0;1;4;0;40;38;0;0;0
26;2;2;8;4;13;3;2;1;40;38;0;0;0
25;2;15;10;4;13;1;2;1;40;38;0;0;0
39;2;15;10;0;12;1;4;0;40;30;0;0;0
27;2;8;11;2;12;0;4;1;40;38;0;0;0
24;2;11;9;2;4;0;4;1;50;38;0;0;0
38;3;9;13;2;11;0;4;1;40;38;1;0;1
35;4;11;9;2;4;0;4;1;55;38;0;0;0
29;2;8;11;4;12;1;4;1;40;38;0;0;0
49;2;11;9;0;7;1;2;0;40;38;0;0;0
36;2;6;5;2;6;0;4;1;40;38;0;0;0
47;4;10;16;2;2;0;4;1;50;38;0;0;0
21;2;15;10;4;7;3;4;1;40;38;0;0;0
35;2;9;13;4;9;1;1;0;40;29;0;0;1
38;2;3;2;2;5;0;4;1;40;25;0;0;0
45;2;12;14;2;3;0;4;1;50;38;0;1;1
19;2;15;10;4;7;3;4;0;15;38;0;0;0
18;2;11;9;4;5;3;4;1;22;38;0;0;0
37;2;14;15;2;3;0;4;1;40;38;0;0;0
49;2;9;13;4;9;4;4;0;40;38;0;0;0
33;1;8;11;2;10;0;4;1;48;38;0;0;1
27;2;15;10;2;11;0;4;1;40;38;0;0;1
34;1;15;10;0;0;4;4;0;35;38;0;0;0
54;5;12;14;3;9;1;1;0;40;2;0;0;0
24;3;15;10;4;13;3;4;1;40;38;0;0;0
44;4;14;15;2;9;0;4;1;60;38;0;0;1
48;4;9;13;5;2;1;4;1;50;38;0;0;0
23;2;11;9;4;0;4;4;0;40;38;0;0;0
29;2;11;9;4;7;3;4;1;38;38;0;0;0
21;2;7;12;4;7;3;4;0;9;38;0;0;0
18;2;2;8;4;7;3;4;0;32;38;0;0;0
18;2;6;5;4;11;3;3;0;32;38;0;0;0
29;2;11;9;0;2;1;4;1;40;38;0;0;0
29;2;11;9;4;13;1;4;1;40;38;0;0;0
41;2;11;9;5;6;2;2;0;40;38;0;0;0
32;2;11;9;4;5;1;4;1;40;38;0;0;0
61;2;0;6;0;7;1;2;0;24;38;0;0;0
79;2;11;9;3;9;1;4;1;6;38;0;0;0
34;2;7;12;0;6;1;4;1;40;38;0;0;0
46;2;9;13;2;3;0;4;1;40;38;0;0;1
50;4;8;11;2;11;0;4;1;60;38;0;0;1
29;2;11;9;2;6;0;4;1;40;38;0;0;0
23;2;15;10;4;0;1;4;0;40;38;1;0;0
64;2;15;10;4;0;1;4;0;40;38;0;0;0
70;1;12;14;4;9;4;4;0;50;38;1;0;1
28;1;7;12;4;0;1;4;0;40;38;0;1;0
51;2;8;11;2;5;0;4;1;40;11;0;0;0
34;5;9;13;0;9;1;4;1;55;38;1;0;0
29;2;11;9;4;5;3;4;1;40;38;0;0;0
49;2;9;13;3;7;1;1;1;40;29;0;0;0
77;3;15;10;2;3;0;4;1;40;38;0;0;0
32;2;11;9;4;7;3;4;0;35;38;0;0;0
27;2;9;13;2;12;5;4;0;40;38;0;0;1
22;2;15;10;4;11;1;4;0;40;38;0;0;0
35;1;11;9;2;2;0;4;1;40;4;0;0;1
42;1;9;13;2;10;0;4;1;40;38;0;1;1
35;5;11;9;0;6;3;4;1;40;38;0;0;0
33;2;11;9;2;10;0;4;1;16;38;1;0;0
45;2;15;10;6;3;4;4;0;55;38;0;0;0
19;2;15;10;3;11;3;4;0;40;38;0;1;0
38;2;11;9;0;2;1;4;1;40;38;0;0;0
26;2;11;9;2;6;0;2;1;45;38;0;0;0
29;2;9;13;4;3;1;4;0;45;38;0;0;0
33;2;9;13;2;9;0;4;1;40;38;0;0;1
35;4;11;9;0;4;1;4;1;80;32;0;0;0
42;2;15;10;2;2;0;4;1;40;38;0;0;0
20;2;8;11;4;7;3;4;0;20;38;0;0;0
43;0;12;14;2;9;0;4;1;40;38;0;0;1
69;2;1;7;2;9;0;2;1;45;38;0;0;0
39;2;11;9;4;13;3;4;1;40;38;0;0;0
37;2;11;9;2;6;0;4;1;40;31;0;0;0
28;2;15;10;2;2;0;4;1;40;38;0;0;0
26;0;9;13;4;12;1;4;1;40;38;0;0;0
32;2;15;10;0;11;3;4;1;30;38;0;0;0
43;0;9;13;0;3;1;4;1;40;38;0;0;1
49;2;11;9;2;3;0;4;1;30;17;0;0;0
28;2;5;4;5;7;3;4;1;60;25;0;0;0
35;2;11;9;2;6;0;4;1;40;38;1;0;0
35;1;11;9;2;2;0;4;1;40;38;0;0;1
57;2;11;9;2;0;5;4;0;40;38;0;0;0
45;2;6;5;2;13;0;4;1;40;38;0;0;0
23;2;11;9;4;11;1;4;1;48;38;0;1;0
45;2;11;9;2;2;0;4;1;40;38;0;0;0
42;2;11;9;2;0;5;4;0;40;38;0;0;0
35;2;9;13;2;7;0;1;1;40;39;0;0;0
45;2;9;13;2;9;0;4;1;50;38;0;0;1
28;0;9;13;4;3;1;4;1;40;38;0;0;0
64;3;8;11;2;2;0;4;1;10;38;0;0;0
44;1;14;15;5;9;4;4;0;40;38;0;0;0
59;4;11;9;2;4;0;4;1;40;38;0;0;1
41;2;11;9;4;6;1;4;1;40;38;0;0;0
21;2;15;10;4;11;3;2;1;25;38;0;0;0
29;4;8;11;4;0;1;4;0;40;38;1;0;0
51;4;11;9;4;4;1;4;1;40;38;1;0;1
22;2;11;9;4;0;3;4;1;40;38;0;0;0
49;2;11;9;0;7;4;4;0;40;38;0;0;0
53;2;7;12;2;11;0;4;1;80;38;0;0;1
38;2;15;10;0;0;4;4;0;44;38;1;0;0
23;2;15;10;5;2;3;4;1;40;38;0;0;0
20;2;11;9;4;7;3;4;0;40;25;0;0;0
40;2;9;13;0;2;3;4;0;40;38;0;0;0
25;2;9;13;4;9;1;4;0;40;38;0;0;0
27;2;15;10;0;12;1;4;0;40;38;0;0;0
20;2;11;9;4;7;3;4;1;30;38;0;0;0
37;2;11;9;2;7;5;4;0;20;38;0;0;0
40;1;11;9;4;7;3;4;1;40;38;0;0;0
28;2;9;13;2;3;0;4;1;40;38;1;0;1
38;4;11;9;5;7;4;4;0;40;38;0;0;0
42;2;9;13;0;3;4;4;0;40;38;0;0;0
32;0;7;12;0;10;1;4;1;40;38;1;0;0
20;2;11;9;2;11;0;4;1;45;38;0;0;0
62;5;9;13;2;0;0;4;1;38;38;0;0;0
31;2;15;10;4;0;1;4;1;40;38;0;0;0
31;4;11;9;2;2;0;4;1;60;38;0;0;0
24;2;11;9;4;0;3;4;1;40;38;0;0;0
62;1;5;4;6;7;1;2;0;35;38;0;0;0
43;1;15;10;2;2;0;4;1;40;38;0;0;1
21;2;15;10;4;13;3;4;1;50;38;0;0;0
30;3;11;9;0;3;1;4;1;40;38;1;0;0
18;2;0;6;4;5;1;4;1;40;38;0;0;0
59;1;12;14;0;9;1;4;0;40;38;0;0;0
24;4;5;4;2;13;0;4;1;40;38;0;1;1
49;2;11;9;2;2;0;4;1;40;38;0;0;0
19;5;1;7;4;7;3;4;1;30;38;0;0;0
48;2;11;9;2;6;0;4;1;40;38;1;0;1
32;2;14;15;2;11;0;4;1;60;38;1;0;1
33;2;0;6;4;6;1;4;0;45;38;0;0;0
23;2;9;13;4;11;1;2;1;15;38;0;0;0
33;0;14;15;4;9;1;4;0;65;38;0;0;1
50;0;15;10;2;3;0;4;1;40;38;0;0;1
30;2;9;13;2;3;0;4;1;43;38;0;0;0
32;2;7;12;2;9;0;4;1;42;38;0;1;0
39;2;15;10;2;11;0;4;1;65;38;1;0;0
21;2;15;10;4;11;3;4;0;20;38;0;0;0
23;2;9;13;4;9;3;4;0;21;38;0;0;0
32;2;9;13;4;3;1;4;0;40;38;0;0;0
57;2;11;9;2;5;0;4;1;40;38;0;0;0
22;5;15;10;4;9;1;4;1;10;38;0;0;0
70;2;11;9;6;0;4;4;0;5;38;0;0;0
34;2;15;10;2;12;0;4;1;84;38;0;0;1
53;2;12;14;0;11;1;4;0;40;38;0;0;0
21;2;15;10;4;11;3;4;1;45;38;0;0;0
37;2;11;9;0;6;1;4;1;40;38;0;0;0
60;4;11;9;2;2;0;4;1;50;38;0;1;1
23;2;1;7;4;2;3;1;1;40;39;1;0;1
32;2;0;6;2;13;0;4;1;80;38;0;0;1
57;2;11;9;2;6;0;4;1;40;38;0;0;0
25;2;15;10;4;0;1;4;1;30;38;0;0;0
30;2;11;9;2;2;0;4;1;46;38;0;0;0
31;2;11;9;0;0;1;4;0;40;10;0;0;0
19;2;15;10;4;7;3;4;1;35;38;0;0;0
23;5;9;13;2;12;0;4;1;38;38;0;0;0
44;2;11;9;2;11;0;4;1;40;38;0;0;0
42;2;15;10;4;6;4;2;0;40;38;0;0;0
34;4;1;7;2;6;0;4;1;40;38;0;0;0
32;2;11;9;2;2;0;4;1;40;38;0;0;1
25;2;8;11;4;12;4;2;0;40;38;0;0;0
21;2;15;10;4;3;3;4;0;40;38;0;0;0
31;2;11;9;3;8;2;2;0;60;22;0;0;0
36;1;8;11;4;9;1;4;0;40;38;0;0;0
49;4;15;10;2;2;0;4;1;65;30;0;0;0
44;2;9;13;0;0;4;4;0;32;38;0;0;0
42;2;8;11;2;11;0;4;1;40;38;0;0;1
30;2;11;9;4;10;1;4;1;99;38;0;0;0
33;2;0;6;2;6;0;4;1;40;38;0;0;0
36;4;9;13;0;7;4;2;1;45;38;0;0;1
17;2;0;6;4;7;3;4;1;30;38;0;0;0
20;2;15;10;4;11;1;4;1;25;38;0;0;0
32;2;11;9;4;2;3;4;1;50;38;0;0;0
33;4;11;9;2;2;0;4;1;40;38;0;0;0
37;2;15;10;0;3;4;4;0;60;38;0;0;0
60;2;0;6;0;4;1;4;1;48;38;0;0;0
35;5;15;10;0;0;4;4;0;15;38;0;0;0
43;0;9;13;0;0;4;4;0;40;38;0;0;0
46;2;15;10;2;12;0;4;1;40;38;0;0;1
29;4;11;9;2;13;0;4;1;40;38;1;0;1
36;2;9;13;2;11;0;4;1;42;38;0;0;1
27;2;11;9;2;2;0;4;1;40;38;0;0;1
50;2;15;10;2;3;0;4;1;84;38;0;0;1
22;2;15;10;2;0;5;0;0;44;38;0;0;0
33;5;12;14;4;9;1;4;1;60;38;0;0;0
61;2;0;6;0;11;4;4;0;40;38;0;0;0
41;4;8;11;2;4;0;4;1;70;38;0;0;1
22;2;15;10;4;13;3;4;1;40;38;0;0;0
27;2;9;13;4;9;1;4;0;40;38;0;0;0
25;2;11;9;2;13;0;4;1;40;38;0;0;0
32;2;11;9;4;6;3;2;0;20;38;0;1;0
28;2;12;14;4;9;1;4;1;50;38;0;0;0
25;2;9;13;4;2;3;4;1;35;38;0;1;0
28;2;15;10;2;2;0;4;1;40;38;0;0;0
37;1;9;13;2;9;5;4;0;30;38;0;0;1
58;2;11;9;6;0;1;4;0;37;38;0;0;0
39;2;11;9;2;5;0;4;1;40;38;0;0;0
33;2;15;10;0;7;4;4;0;40;38;0;0;0
59;2;0;6;2;2;0;4;1;40;38;0;0;1
58;2;9;13;0;2;3;4;0;20;38;0;0;0
38;2;8;11;2;9;0;1;1;36;29;0;0;1
34;2;15;10;2;2;0;4;1;40;38;0;0;0
31;2;15;10;0;2;3;2;1;40;38;0;0;0
48;1;11;9;2;2;0;4;1;40;38;0;0;1
45;2;11;9;0;5;1;4;1;50;38;0;0;0
23;2;11;9;4;7;3;4;0;40;38;0;0;0
33;2;12;14;2;9;0;4;1;37;38;0;0;1
38;4;15;10;0;4;1;4;1;40;38;0;0;0
44;4;12;14;2;4;0;4;1;40;38;0;0;1
48;1;12;14;0;3;4;2;0;40;38;1;0;1
40;5;11;9;2;2;0;4;1;40;38;0;0;0
19;1;11;9;4;2;2;2;0;40;38;0;0;0
45;2;9;13;0;3;3;4;0;40;38;0;0;0
34;2;15;10;4;9;1;4;0;40;38;0;0;0
70;2;15;10;0;7;1;4;1;80;38;0;0;0
32;1;12;14;4;9;1;4;1;60;38;0;0;0
33;2;8;11;0;7;4;4;0;40;38;0;0;0
24;2;9;13;4;3;1;4;0;40;38;0;0;0
30;1;9;13;4;9;3;4;0;15;38;0;0;0
22;2;15;10;4;11;3;2;1;25;38;0;0;0
52;3;14;15;2;9;0;3;1;65;38;1;0;1
67;4;0;6;2;4;0;4;1;80;38;1;0;0
40;2;11;9;2;3;0;4;1;45;38;0;1;0
55;2;8;11;2;9;5;4;0;20;38;0;0;0
29;2;11;9;0;3;1;4;0;40;38;0;0;0
62;2;11;9;2;11;0;4;1;16;38;0;0;0
22;2;11;9;0;6;3;4;0;40;38;0;0;0
64;5;6;5;2;2;0;4;1;40;38;0;0;0
29;4;9;13;4;3;2;4;1;50;38;0;0;0
28;2;15;10;2;3;0;4;1;40;38;0;0;0
25;2;11;9;4;3;2;4;1;40;38;0;0;0
47;5;10;16;2;9;0;4;1;50;38;1;0;1
26;2;9;13;2;13;0;4;1;40;38;0;0;1
18;2;2;8;4;7;3;4;1;27;38;0;0;0
52;3;0;6;2;11;0;4;1;45;38;1;0;0
48;1;9;13;2;9;5;4;0;50;38;0;0;1
36;2;11;9;2;6;0;2;1;40;13;0;0;0
23;2;8;11;0;0;1;4;0;30;38;0;0;0
41;2;11;9;2;13;0;4;1;40;38;0;0;0
56;5;11;9;2;13;0;4;1;38;38;0;0;1
53;2;11;9;0;9;1;4;1;40;38;0;0;0
26;2;15;10;0;3;1;4;0;40;38;0;0;0
22;2;15;10;4;7;1;4;1;40;38;1;0;0
25;2;12;14;4;9;3;4;0;31;38;1;0;0
31;2;15;10;2;7;0;3;1;40;32;0;0;0
36;2;7;12;2;6;0;4;1;40;38;1;0;0
46;2;15;10;2;6;0;4;1;40;38;0;0;0
46;5;7;12;0;0;4;4;1;38;38;0;1;1
32;2;15;10;2;7;5;4;0;36;32;0;0;0
43;4;11;9;4;4;1;4;1;60;38;0;0;0
30;2;9;13;2;3;0;4;1;50;38;1;0;1
41;3;9;13;2;11;0;4;1;45;38;1;0;1
50;2;12;14;2;3;0;4;1;60;38;1;0;1
37;5;12;14;2;3;0;4;1;38;38;0;0;0
22;1;11;9;4;5;2;4;1;50;38;0;0;0
51;0;11;9;2;13;0;4;1;80;38;0;0;0
47;2;15;10;2;3;5;2;0;40;38;0;0;1
40;2;11;9;2;0;0;4;1;40;38;0;0;0
46;2;15;10;2;6;0;4;1;40;38;0;0;0
30;2;15;10;4;12;4;4;0;40;38;0;0;0
27;4;11;9;2;11;0;4;1;65;38;0;0;1
31;1;15;10;4;0;3;4;0;35;38;0;0;0
31;2;3;2;2;5;0;4;1;40;25;0;0;0
30;2;11;9;0;2;3;4;1;40;38;0;0;0
50;1;9;13;5;9;1;4;1;40;38;0;0;1
27;2;9;13;4;9;1;4;0;50;38;0;0;0
29;2;11;9;2;6;0;4;1;50;38;0;0;1
28;2;11;9;0;13;1;4;1;60;38;0;0;0
54;2;9;13;0;3;1;2;0;45;38;0;0;1
47;5;8;11;2;12;0;4;1;48;38;0;0;1
34;2;11;9;3;6;4;4;0;40;38;0;0;0
26;2;15;10;4;5;1;4;1;40;38;0;0;0
23;5;15;10;4;10;3;4;1;60;38;0;0;0
42;1;12;14;0;9;1;4;1;40;38;0;0;0
36;4;11;9;2;3;0;4;1;50;38;0;0;0
52;0;9;13;2;10;0;4;1;45;38;0;0;1
27;1;12;14;4;9;1;4;0;40;38;0;0;0
42;2;11;9;6;7;4;4;0;40;38;0;0;0
39;2;11;9;0;7;4;2;0;40;38;1;0;0
49;5;11;9;2;9;0;4;1;40;38;0;0;1
36;2;11;9;2;11;0;4;1;40;38;1;0;1
20;2;13;1;4;7;3;4;1;32;38;0;0;0
55;3;11;9;2;3;0;4;1;60;38;0;0;0
47;2;6;5;2;6;0;4;1;40;38;0;0;0
33;2;12;14;2;9;0;4;1;33;38;0;0;1
36;2;15;10;2;11;0;4;1;40;38;0;0;0
39;2;10;16;0;9;4;4;0;80;38;0;0;0
55;2;9;13;2;3;0;4;1;48;38;1;0;1
48;2;7;12;2;13;0;4;1;45;38;0;0;0
30;2;8;11;4;5;3;4;1;45;38;0;0;0
24;2;11;9;2;2;0;4;1;50;38;0;0;0
57;4;11;9;6;2;1;4;0;38;38;0;0;0
20;2;15;10;4;4;3;4;1;60;38;0;0;0
56;2;11;9;0;9;1;4;0;40;38;1;0;0
36;2;11;9;2;0;5;4;0;40;38;0;0;1
44;2;0;6;2;6;0;4;1;40;38;0;0;1
57;2;11;9;2;2;0;4;1;40;38;1;0;1
57;2;11;9;2;2;0;2;1;52;38;0;0;0
33;2;11;9;2;12;0;4;1;40;38;0;0;0
39;2;9;13;2;13;0;4;1;99;38;1;0;1
28;2;11;9;4;2;3;4;1;40;38;0;0;0
31;2;15;10;4;7;3;4;1;16;38;0;1;0
60;2;7;12;0;7;1;4;0;40;38;0;0;0
36;1;8;11;4;10;1;4;1;40;38;0;0;1
58;2;11;9;6;11;1;4;0;35;38;0;0;1
50;2;15;10;4;5;1;4;1;38;38;0;0;0
23;1;9;13;4;3;3;4;0;12;38;0;0;0
30;2;11;9;4;7;1;4;1;40;38;0;0;0
90;2;14;15;2;9;0;4;1;72;38;1;0;1
49;1;9;13;4;9;1;4;0;50;38;0;0;0
47;1;9;13;2;9;0;4;1;40;38;1;0;0
34;2;10;16;4;9;1;4;1;40;35;0;0;1
37;0;11;9;0;12;4;4;0;40;38;0;0;0
25;2;0;6;2;10;5;2;0;50;38;0;0;0
37;2;7;12;4;0;1;4;0;40;38;0;0;0
47;2;11;9;2;0;0;4;1;40;25;0;0;0
34;2;11;9;2;3;0;4;1;60;38;0;0;1
34;2;15;10;4;7;1;4;1;40;38;0;0;0
35;2;11;9;2;3;0;4;1;50;38;1;0;1
39;2;15;10;5;6;3;4;1;40;38;0;0;0
32;5;5;4;2;5;0;4;1;19;38;0;0;0
24;2;11;9;2;7;5;4;0;30;38;0;0;0
28;2;14;15;4;9;1;4;1;60;38;0;0;0
41;4;5;4;2;2;0;4;1;40;38;0;1;0
32;2;11;9;2;10;0;4;1;90;38;0;0;0
58;2;11;9;0;11;4;4;0;40;38;0;0;1
47;4;11;9;2;11;0;4;1;75;38;0;0;1
41;2;9;13;2;3;0;4;1;50;38;1;0;1
35;3;11;9;2;3;0;4;1;50;38;0;0;1
24;2;15;10;4;7;3;4;1;20;1;0;0;0
46;4;11;9;2;11;0;2;1;60;38;0;0;1
69;3;9;13;2;3;0;4;1;45;38;1;0;1
22;2;9;13;4;3;3;4;0;40;38;0;0;0
36;5;12;14;4;9;1;4;0;40;38;0;0;0
31;2;9;13;2;11;0;4;1;40;38;0;0;1
23;1;9;13;4;9;3;0;1;30;38;0;0;0
35;2;15;10;4;9;1;2;0;40;38;0;0;0
37;1;9;13;2;10;0;4;1;40;38;1;0;1
35;5;9;13;4;9;1;4;0;40;38;0;0;0
18;2;1;7;4;13;3;4;1;16;38;0;0;0
43;2;6;5;0;5;4;4;0;40;38;0;0;0
53;5;11;9;2;10;0;4;1;40;38;0;0;0
54;1;15;10;2;10;0;4;1;52;38;0;0;0
29;2;11;9;2;0;5;4;0;40;38;0;0;0
46;2;7;12;4;0;1;4;0;47;4;0;0;0
24;2;15;10;4;5;3;1;1;30;38;0;0;0
30;2;15;10;5;7;4;1;0;40;38;0;0;0
23;2;15;10;4;8;1;4;0;6;38;0;0;0
36;2;11;9;2;6;0;4;1;40;38;0;0;0
38;4;9;13;2;2;0;4;1;35;38;0;0;0
33;2;12;14;2;12;0;4;1;15;38;0;0;0
66;2;15;10;2;10;0;4;1;40;1;0;0;0
45;4;11;9;2;3;0;4;1;40;38;0;0;0
37;2;11;9;2;11;0;4;1;60;38;1;0;1
17;2;0;6;4;7;3;4;0;10;38;0;0;0
31;2;11;9;2;0;0;0;1;40;38;0;0;1
46;2;9;13;4;3;1;4;1;55;38;0;0;1
40;2;9;13;2;9;0;4;1;40;38;0;0;0
34;2;15;10;2;5;0;4;1;40;38;0;0;0
56;2;0;6;0;2;1;4;1;45;38;0;0;0
42;2;15;10;5;0;4;2;0;41;38;0;0;0
46;2;12;14;2;3;0;4;1;55;38;0;0;1
30;2;11;9;5;2;1;4;1;50;38;0;0;0
33;4;9;13;2;2;0;4;1;40;38;0;0;1
47;2;11;9;2;6;5;4;0;40;38;0;0;0
57;4;7;12;3;4;4;0;1;40;38;0;0;0
34;2;1;7;0;2;4;4;1;40;38;0;0;0
40;2;11;9;0;2;3;4;1;40;38;0;0;0
33;2;11;9;2;11;0;4;1;40;38;0;0;1
22;2;11;9;4;6;3;4;1;40;38;0;0;0
53;0;11;9;2;0;5;4;0;35;38;1;0;1
36;2;11;9;5;0;3;1;0;40;29;0;0;0
45;2;11;9;0;2;1;1;1;40;38;1;0;1
36;2;15;10;0;11;4;4;0;40;38;0;0;0
18;4;11;9;4;4;3;4;1;11;38;0;0;0
27;2;11;9;4;0;1;4;0;40;38;0;0;0
30;2;11;9;2;6;0;4;1;40;38;0;0;0
34;2;9;13;2;9;0;4;1;40;38;0;0;1
36;2;9;13;2;11;0;4;1;40;38;0;0;1
36;4;5;4;4;4;3;4;1;75;38;0;0;0
48;2;12;14;2;3;0;4;1;40;38;0;0;0
41;4;14;15;2;9;0;4;1;60;38;0;1;1
21;2;4;3;4;8;1;4;0;40;25;0;0;0
47;5;12;14;2;9;0;4;1;38;38;0;0;1
41;2;3;2;2;4;0;4;1;40;25;0;0;0
61;4;3;2;2;2;0;4;1;20;38;0;0;0
64;2;5;4;2;2;0;4;1;40;38;0;0;0
35;2;15;10;5;0;1;2;1;40;38;0;0;0
44;2;11;9;0;13;4;4;1;50;38;0;0;0
20;2;15;10;4;11;3;4;0;20;38;0;0;0
23;1;15;10;0;0;4;4;0;70;38;0;0;0
52;2;0;6;2;7;5;4;0;35;38;0;0;0
43;2;12;14;4;3;1;4;0;25;38;0;0;0
32;2;9;13;2;5;0;1;1;40;38;0;0;0
63;2;9;13;2;2;0;1;1;40;34;0;0;0
29;2;15;10;4;7;1;4;0;41;38;0;0;1
42;3;15;10;2;3;0;1;1;60;35;0;0;0
65;2;0;6;0;5;1;4;0;28;38;0;0;0
24;2;11;9;2;2;0;4;1;40;38;0;0;0
42;2;15;10;4;7;3;4;0;40;38;0;0;0
35;2;11;9;2;13;0;2;1;40;38;0;0;0
38;0;15;10;0;0;4;4;0;40;38;0;0;0
26;2;11;9;0;0;1;4;0;50;38;0;0;0
46;4;11;9;2;4;0;4;1;50;38;0;1;0
39;2;15;10;4;0;3;4;0;20;38;0;0;0
42;2;10;16;4;9;1;4;1;36;38;0;0;1
36;2;9;13;2;9;0;4;1;45;38;0;0;1
26;2;15;10;0;5;1;4;1;45;38;0;0;0
57;2;9;13;2;11;0;4;1;40;38;0;1;1
55;2;11;9;4;5;1;2;1;40;38;0;0;0
35;2;15;10;2;11;0;4;1;55;38;0;0;1
24;2;15;10;4;7;1;4;0;30;38;0;0;0
47;2;11;9;2;2;0;4;1;40;38;0;0;0
34;3;15;10;2;11;0;4;1;60;38;0;0;1
44;2;9;13;2;3;0;2;1;35;38;0;0;1
27;2;9;13;4;0;1;4;1;35;38;0;0;0
36;2;9;13;4;0;1;4;0;50;38;0;0;0
21;2;9;13;4;11;3;4;1;30;38;0;0;0
29;2;11;9;2;13;0;3;1;55;38;0;0;0
25;2;11;9;2;5;0;4;1;40;38;0;0;0
73;2;11;9;2;4;0;4;1;50;38;0;0;0
45;2;8;11;2;6;0;4;1;40;38;0;0;1
28;2;9;13;2;3;5;4;0;50;38;0;0;1
43;2;9;13;2;3;0;4;1;50;38;0;0;0
47;2;11;9;0;2;1;4;1;42;38;0;0;0
20;2;15;10;4;0;3;4;0;15;38;0;0;0
22;2;15;10;4;13;3;4;1;20;38;0;0;0
76;4;5;4;2;2;0;4;1;10;38;0;0;0
24;2;15;10;4;13;1;2;1;40;38;0;0;0
54;4;15;10;2;11;0;4;1;50;38;0;0;0
30;2;15;10;2;6;0;4;1;40;38;0;0;1
33;2;15;10;2;2;0;4;1;58;38;0;0;0
30;2;15;10;0;6;1;4;1;50;38;0;0;0
40;2;7;12;2;3;0;4;1;50;38;0;0;1
49;2;8;11;0;11;4;4;0;40;38;0;0;0
30;2;11;9;4;2;1;4;1;40;38;0;0;0
22;2;11;9;4;0;1;3;0;40;38;0;0;0
19;2;11;9;2;5;0;4;1;58;38;0;0;0
46;2;11;9;2;10;0;4;1;40;38;0;0;0
51;2;11;9;2;0;0;4;1;50;38;0;0;0
56;2;5;4;6;6;4;3;0;40;5;0;0;0
53;2;15;10;6;11;1;4;0;40;38;0;0;0
27;2;9;13;4;9;1;4;0;40;38;0;0;0
46;2;15;10;4;3;4;4;0;45;38;0;0;0
37;2;11;9;2;13;0;4;1;40;38;0;0;1
41;2;9;13;2;7;0;1;1;30;39;0;0;0
30;4;15;10;2;0;5;4;0;55;38;0;0;1
57;4;11;9;2;4;0;4;1;72;38;0;0;0
44;3;15;10;2;3;0;4;1;50;38;0;0;0
32;4;11;9;2;4;0;4;1;40;38;1;0;0
27;4;11;9;2;13;0;4;1;40;38;0;0;0
57;1;15;10;6;0;4;4;0;40;25;0;0;0
59;4;9;13;2;4;0;4;1;30;38;0;0;0
32;2;14;15;2;9;5;1;0;50;38;1;0;1
22;2;9;13;4;3;1;4;0;30;38;0;0;0
39;2;11;9;4;0;1;4;0;40;38;0;0;0
43;2;8;11;2;3;0;4;1;48;38;1;0;1
38;1;9;13;2;3;0;2;1;50;38;0;0;1
61;2;6;5;0;11;1;4;1;25;38;0;0;0
24;2;15;10;4;11;3;4;1;43;38;0;0;0
25;2;15;10;4;11;1;4;1;45;38;0;0;0
44;2;8;11;2;2;0;4;1;40;38;0;0;0
55;1;11;9;0;0;1;4;0;40;38;0;0;1
90;2;9;13;2;11;0;4;1;15;38;1;0;1
30;2;11;9;0;0;4;4;0;35;38;0;0;0
44;2;11;9;2;2;0;4;1;40;38;0;0;1
36;2;0;6;0;2;2;2;1;40;38;0;0;0
63;3;15;10;2;3;0;4;1;45;38;0;0;1
60;2;4;3;2;13;0;4;1;40;38;0;0;0
34;4;14;15;4;9;1;4;0;60;38;0;0;1
49;4;1;7;2;3;0;4;1;65;38;0;0;0
47;2;12;14;2;3;0;4;1;65;38;0;0;1
42;3;11;9;2;11;0;4;1;43;38;0;0;1
53;2;4;3;2;2;0;4;1;45;21;0;0;0
23;2;15;10;4;12;1;4;0;40;38;1;0;0
20;2;15;10;2;11;0;2;1;35;38;0;0;0
43;2;11;9;2;5;0;4;1;40;38;1;0;0
32;2;14;15;2;9;0;4;1;60;38;0;1;1
43;2;9;13;0;11;4;4;1;44;38;0;0;1
31;2;11;9;2;13;0;4;1;60;38;0;0;0
24;2;15;10;4;0;3;1;1;20;38;0;0;0
39;2;8;11;5;0;1;1;1;40;38;0;0;0
29;2;15;10;2;2;0;2;1;40;22;0;0;1
20;2;4;3;4;5;1;4;1;25;25;0;0;0
42;2;1;7;5;7;4;4;0;38;38;0;0;0
53;2;11;9;2;2;0;4;1;40;38;0;0;0
20;2;11;9;2;5;0;4;1;48;38;0;0;0
58;4;3;2;2;13;0;4;1;18;38;0;1;0
51;4;11;9;0;11;1;4;1;40;38;0;0;0
25;2;11;9;4;5;1;4;1;48;38;0;0;0
38;2;7;12;4;9;4;4;0;36;38;0;0;0
41;2;15;10;2;2;0;4;1;40;38;0;0;1
58;2;9;13;2;6;0;4;1;40;38;0;0;1
25;2;0;6;4;6;1;4;1;40;5;0;0;0
50;2;11;9;2;2;0;4;1;40;38;0;0;0
32;2;9;13;2;3;0;4;1;45;38;0;0;1
31;3;10;16;4;9;3;4;1;40;38;0;0;0
22;2;15;10;4;7;3;4;0;20;38;0;0;0
37;2;11;9;0;5;2;4;1;40;7;0;0;0
32;2;15;10;4;11;2;4;0;40;38;0;0;0
46;5;14;15;4;9;1;4;0;55;38;0;1;1
62;2;11;9;2;13;0;4;1;40;38;0;0;1
56;2;9;13;2;11;0;2;1;45;38;1;0;1
37;2;15;10;0;3;1;1;0;40;23;0;0;1
41;2;3;2;3;4;4;4;1;40;25;0;0;0
56;2;5;4;2;6;0;4;1;48;38;0;0;0
20;2;15;10;4;5;1;4;1;30;38;0;0;0
34;4;9;13;2;11;0;4;1;60;38;0;0;1
45;2;11;9;2;11;0;4;1;50;38;0;0;1
30;2;15;10;2;6;0;4;1;40;38;0;0;1
51;4;11;9;2;3;0;4;1;45;38;0;0;1
27;2;1;7;2;6;0;4;1;42;38;0;0;0
38;2;8;11;2;11;0;4;1;40;38;0;0;1
39;2;15;10;2;5;0;4;1;50;38;0;0;0
47;2;15;10;2;3;0;4;1;50;38;0;0;1
43;2;11;9;2;2;0;4;1;40;38;0;0;1
46;1;11;9;2;3;0;4;1;65;38;0;0;0
41;2;15;10;2;2;0;4;1;40;38;0;0;1
20;2;11;9;4;0;1;4;0;30;38;0;0;0
30;5;0;6;2;0;0;4;1;40;38;0;0;0
30;2;11;9;2;7;0;2;1;25;38;0;0;0
22;2;15;10;4;5;3;4;1;35;38;0;0;0
25;2;11;9;2;13;0;4;1;44;38;0;0;1
18;2;11;9;4;11;3;4;0;22;38;0;0;0
50;2;9;13;2;12;0;4;1;40;38;1;0;1
28;2;11;9;4;7;1;2;0;48;38;0;0;0
21;2;15;10;4;8;3;4;0;40;38;0;0;0
37;2;8;11;0;12;3;4;1;40;38;0;0;0
28;0;9;13;4;9;3;2;0;40;38;0;0;0
23;2;4;3;2;7;0;4;1;35;25;0;0;0
32;2;8;11;4;3;1;2;0;35;8;0;0;0
27;2;2;8;4;6;3;4;1;50;38;0;0;0
55;2;11;9;0;9;4;2;0;40;38;0;0;0
44;2;11;9;2;2;0;4;1;40;38;0;0;1
25;2;9;13;4;9;3;4;1;40;38;0;0;0
29;2;11;9;0;11;4;4;0;32;38;0;0;0
50;2;11;9;3;3;1;4;0;55;38;0;0;0
18;2;11;9;4;5;3;4;1;40;38;0;0;0
74;2;9;13;6;7;1;4;0;8;38;0;0;0
22;2;6;5;4;11;1;4;1;40;38;0;0;0
27;2;9;13;2;9;0;4;1;40;38;0;0;0
27;5;15;10;4;12;3;4;0;80;38;0;0;0
41;2;14;15;2;9;0;4;1;50;38;1;0;1
24;2;15;10;2;0;0;4;1;40;38;1;0;1
23;2;11;9;4;0;3;4;0;40;38;0;0;0
34;4;14;15;2;9;0;4;1;60;38;1;0;1
46;5;9;13;2;3;0;4;1;40;38;0;0;1
32;2;14;15;4;9;1;4;1;60;38;0;0;0
41;2;11;9;2;2;0;3;1;40;38;0;0;0
29;2;8;11;2;4;0;4;1;40;38;0;0;1
48;2;6;5;2;6;2;1;0;45;2;0;0;0
51;2;11;9;4;7;1;2;1;40;13;0;0;0
34;5;2;8;4;0;1;2;0;40;38;0;0;0
58;2;9;13;2;3;0;4;1;45;38;0;0;1
52;2;11;9;2;5;0;4;1;40;38;0;0;0
37;4;9;13;2;3;0;3;1;50;32;1;0;1
53;2;15;10;5;0;1;4;0;40;38;0;0;0
54;2;8;11;2;13;0;4;1;20;38;0;0;0
36;2;11;9;2;11;0;4;1;60;38;0;0;0
25;2;8;11;4;0;3;4;0;60;38;0;0;0
20;2;15;10;4;9;3;4;0;48;38;0;0;0
23;2;7;12;4;0;1;4;1;40;38;0;0;0
39;3;9;13;2;3;0;4;1;60;38;0;0;1
20;4;0;6;4;6;3;4;1;40;38;0;0;0
28;2;8;11;4;7;2;2;1;40;38;0;0;0
73;5;11;9;6;0;1;4;0;40;38;0;0;0
67;2;11;9;2;10;0;4;1;24;38;0;0;0
56;2;9;13;0;3;1;4;1;45;38;0;0;1
32;2;8;11;2;2;0;4;1;40;38;0;0;0
42;2;15;10;0;6;1;4;1;40;38;0;1;0
33;2;11;9;2;7;0;2;1;40;38;0;0;0
37;2;11;9;4;7;1;4;1;40;38;0;0;0
33;2;15;10;2;3;0;4;1;45;38;0;0;0
31;2;0;6;4;0;4;4;0;40;38;0;0;0
59;2;12;14;2;3;0;4;1;40;38;0;0;1
21;2;11;9;4;0;4;4;1;40;38;0;0;0
58;3;15;10;2;3;0;4;1;50;38;0;0;1
24;1;0;6;4;7;1;4;1;40;38;0;0;0
26;5;15;10;2;10;0;4;1;40;38;0;0;0
26;2;1;7;2;13;0;4;1;40;38;0;0;0
33;1;12;14;4;9;1;4;0;40;10;0;0;0
25;2;9;13;4;11;1;4;1;40;38;0;0;0
21;2;0;6;2;6;0;4;1;50;38;0;0;0
24;2;11;9;4;6;1;4;1;40;38;0;0;0
39;4;7;12;2;0;5;4;0;40;38;0;0;1
68;2;15;10;0;0;4;4;0;40;38;0;0;0
66;4;15;10;4;11;1;4;0;20;38;0;0;0
38;2;9;13;4;4;1;4;1;40;38;0;0;0
41;2;12;14;2;3;0;4;1;50;38;0;0;1
37;2;11;9;2;2;0;4;1;40;38;0;0;0
54;4;12;14;2;11;0;4;1;45;38;1;0;1
27;5;9;13;4;9;1;4;1;40;38;0;0;0
49;2;9;13;4;9;1;4;0;40;38;0;0;0
19;5;15;10;4;9;3;4;1;10;38;0;0;0
25;2;15;10;4;13;1;4;1;50;38;0;0;0
47;0;15;10;2;0;0;2;1;40;38;0;0;1
40;2;15;10;2;11;2;4;1;40;38;0;0;0
38;2;9;13;0;3;1;4;1;40;38;1;0;0
25;2;11;9;4;7;1;4;1;40;38;0;0;0
25;2;15;10;4;2;3;4;0;50;38;0;0;0
23;2;0;6;4;5;2;3;1;40;38;0;0;0
28;2;12;14;0;11;3;4;0;40;38;0;0;0
29;2;11;9;3;2;1;4;1;40;38;0;0;0
32;2;1;7;2;2;0;4;1;40;38;0;0;0
34;2;11;9;4;7;4;2;0;40;38;0;0;0
52;2;9;13;2;9;0;2;1;40;38;0;0;1
33;4;11;9;2;4;0;4;1;94;38;0;0;0
19;2;15;10;4;11;3;4;1;35;38;0;0;0
68;2;10;16;2;9;0;4;1;55;38;1;0;1
41;2;0;6;4;5;4;4;1;50;38;0;0;0
18;3;11;9;4;7;4;1;0;30;18;0;0;0
29;2;15;10;2;2;0;4;1;40;38;0;1;1
40;2;12;14;2;3;0;4;1;50;38;0;0;1
51;4;12;14;0;9;4;4;1;60;38;0;0;1
49;2;15;10;0;0;1;4;1;40;38;0;0;0
20;5;15;10;4;7;3;4;0;20;38;0;0;0
38;1;11;9;2;2;0;4;1;50;38;0;0;1
57;2;4;3;4;7;1;4;1;40;4;0;0;0
35;2;15;10;2;11;0;4;1;40;38;1;0;0
66;2;1;7;2;11;0;4;1;26;38;0;0;0
25;2;8;11;4;0;1;4;0;40;38;0;0;0
70;2;11;9;2;5;0;4;1;40;38;0;1;1
59;4;5;4;2;4;0;4;1;48;38;0;0;0
25;2;9;13;2;9;0;4;1;40;38;0;0;0
44;1;14;15;4;9;1;4;1;40;38;1;0;1
37;2;12;14;2;3;0;4;1;55;7;0;0;1
21;2;11;9;4;11;3;4;0;40;38;1;0;0
47;0;11;9;2;2;0;4;1;40;38;0;0;1
20;2;11;9;4;0;1;2;0;30;38;0;1;0
32;5;11;9;2;10;0;4;1;40;38;0;0;0
28;2;11;9;4;0;4;4;0;20;38;0;0;0
53;2;11;9;0;13;1;4;1;40;38;0;0;0
58;2;15;10;2;11;5;4;0;36;38;0;0;0
22;2;11;9;4;11;1;4;0;30;38;0;0;0
23;2;1;7;2;3;0;4;1;55;38;0;0;0
21;2;11;9;4;5;1;4;1;60;38;1;0;0
36;2;11;9;2;2;0;4;1;70;38;0;0;0
39;2;15;10;2;7;5;4;0;15;38;0;0;0
34;1;9;13;4;9;1;4;0;40;38;0;0;0
41;1;12;14;4;9;1;4;0;40;38;0;0;0
72;2;9;13;2;11;0;4;1;6;38;1;0;0
34;2;11;9;2;7;5;4;0;40;38;0;0;1
51;1;9;13;2;9;0;4;1;40;38;0;1;1
32;4;8;11;4;2;1;4;1;40;38;0;0;0
38;2;15;10;6;3;1;4;0;40;38;0;0;1
37;2;15;10;2;2;0;4;1;40;38;0;0;0
21;2;15;10;4;9;3;4;0;10;38;0;0;0
26;2;15;10;4;0;1;4;1;40;38;0;0;0
34;2;15;10;2;5;0;4;1;40;38;0;1;1
18;2;15;10;4;11;3;4;0;15;38;0;0;0
27;2;1;7;4;3;4;4;0;45;38;0;0;0
20;2;15;10;4;0;3;4;0;38;26;0;0;0
36;2;8;11;2;0;0;4;1;40;38;0;0;1
32;2;9;13;2;3;0;4;1;60;38;0;0;1
54;2;11;9;2;2;0;4;1;44;38;0;0;1
34;1;12;14;6;9;1;4;0;40;38;0;0;0
46;2;15;10;2;11;0;4;1;48;38;0;0;1
33;2;1;7;5;6;2;4;1;30;38;0;0;0
32;2;9;13;2;9;0;4;1;50;38;1;0;1
42;2;8;11;4;12;1;4;1;40;38;0;0;0
30;2;11;9;2;2;0;4;1;50;38;0;0;0
37;2;15;10;2;7;0;4;1;40;38;0;0;1
28;2;11;9;2;6;0;4;1;40;38;0;0;0
25;2;9;13;4;3;1;4;1;35;38;1;0;0
44;4;15;10;2;7;0;4;1;40;38;0;0;1
40;2;11;9;2;6;0;4;1;40;38;0;0;0
36;2;15;10;2;3;0;4;1;45;38;0;0;0
21;2;15;10;4;0;4;4;1;40;38;0;0;0
39;5;10;16;2;9;0;4;1;50;38;0;0;1
24;2;9;13;4;9;1;4;1;39;38;0;0;0
46;2;11;9;4;13;1;0;1;40;38;0;0;0
47;2;9;13;2;11;0;4;1;40;38;0;1;1
35;2;14;15;2;9;0;4;1;75;38;0;0;1
60;4;5;4;2;13;0;4;1;40;38;0;0;1
35;2;9;13;2;7;5;4;0;24;30;0;0;0
33;2;11;9;5;7;4;4;0;40;2;0;0;0
21;2;7;12;4;9;1;4;0;40;38;0;0;0
37;2;9;13;2;12;0;4;1;50;38;0;0;1
48;0;11;9;2;0;0;2;1;50;38;0;0;1
58;2;5;4;6;4;2;4;0;45;12;0;0;0
21;2;11;9;4;5;1;4;0;40;38;0;0;0
22;2;11;9;4;5;3;4;1;40;38;0;0;0
22;2;11;9;4;7;4;4;0;40;38;0;0;0
28;4;12;14;2;3;5;4;0;30;38;0;0;1
23;0;11;9;4;9;1;4;1;40;38;0;0;0
58;5;11;9;2;0;0;2;1;40;38;0;0;1
38;1;9;13;2;2;0;1;1;40;29;0;0;0
49;2;11;9;2;11;0;4;1;15;25;0;0;0
47;2;9;13;2;3;0;4;1;45;38;0;0;1
50;2;9;13;2;3;0;4;1;40;38;0;1;1
21;2;11;9;4;9;4;4;0;55;38;0;0;0
55;2;11;9;5;0;1;4;0;40;38;0;0;0
47;2;1;7;0;5;1;4;1;40;38;0;0;0
19;2;11;9;4;9;1;4;0;40;38;0;0;0
47;2;11;9;4;12;2;4;1;50;38;0;0;0
36;2;1;7;2;2;0;4;1;40;38;0;0;0
28;1;7;12;2;10;0;4;1;40;8;0;1;0
42;2;11;9;6;11;4;0;0;40;38;0;0;0
41;2;12;14;4;9;1;4;0;35;38;1;0;1
46;2;9;13;2;11;0;4;1;40;38;1;0;1
32;2;11;9;2;11;0;4;1;50;38;0;0;0
34;2;0;6;4;7;4;2;0;40;38;0;0;0
33;2;5;4;2;2;0;4;1;40;38;0;0;0
60;5;9;13;2;3;0;4;1;40;38;0;0;1
53;2;11;9;2;13;0;4;1;40;38;0;0;0
24;2;9;13;4;12;1;4;0;50;38;0;0;0
39;0;15;10;2;5;0;4;1;60;38;0;1;1
23;2;15;10;4;2;1;4;1;40;38;0;0;0
36;1;11;9;0;0;4;4;0;40;38;0;0;0
19;2;2;8;5;9;3;4;0;40;38;1;0;0
26;2;11;9;4;0;3;4;0;40;38;0;0;0
38;2;11;9;2;11;0;2;1;40;38;0;0;1
41;2;9;13;2;2;0;4;1;55;38;1;0;1
22;2;15;10;4;11;2;4;0;18;38;0;0;0
38;2;7;12;4;6;1;2;0;50;38;1;0;1
39;2;11;9;2;2;0;4;1;40;38;0;0;0
35;5;11;9;2;2;0;4;1;40;38;1;0;1
38;1;15;10;0;3;4;2;0;45;38;0;0;0
19;2;11;9;2;7;5;2;0;16;38;0;0;0
26;2;11;9;4;13;3;4;1;45;38;0;0;0
52;2;9;13;0;2;4;4;1;25;38;0;0;0
41;2;4;3;2;7;0;3;1;40;26;0;1;0
45;2;11;9;0;0;1;4;0;40;38;0;0;0
58;0;15;10;2;0;0;4;1;40;38;0;0;1
34;2;9;13;4;11;1;4;1;45;38;0;0;0
36;2;11;9;2;6;0;4;1;40;38;0;0;0
19;6;11;9;4;4;3;4;1;20;38;0;0;0
26;5;1;7;0;7;4;4;0;40;38;0;0;0
60;2;0;6;2;13;0;4;1;40;38;0;0;0
35;4;11;9;2;3;0;4;1;50;38;0;0;0
39;2;0;6;0;7;1;4;0;60;38;0;0;0
27;2;11;9;5;5;4;4;0;40;23;0;0;0
26;0;12;14;4;9;1;4;1;40;38;0;0;0
17;2;2;8;4;7;3;4;1;12;38;0;0;0
59;4;11;9;2;11;0;4;1;40;8;0;0;1
53;1;11;9;2;3;0;0;1;48;38;0;0;0
35;2;1;7;0;13;1;4;1;40;38;0;0;0
34;1;15;10;2;3;0;4;1;40;38;0;0;1
36;2;11;9;2;12;0;4;1;45;38;0;0;1
36;2;11;9;2;11;0;4;1;40;38;0;0;0
21;2;11;9;4;7;3;4;1;40;38;0;0;0
29;2;15;10;4;11;3;4;0;40;38;0;0;0
35;2;9;13;2;9;0;4;1;50;38;0;0;1
59;4;9;13;2;3;0;4;1;40;38;0;0;1
22;2;15;10;4;7;1;4;1;10;38;0;1;0
50;1;12;14;2;9;0;4;1;50;38;0;0;0
24;0;9;13;4;9;1;3;0;40;38;0;0;0
36;2;9;13;0;12;1;4;0;40;38;0;0;0
31;2;11;9;2;6;5;4;0;40;38;1;0;1
42;4;15;10;2;2;0;4;1;40;7;0;0;0
38;2;5;4;0;11;4;4;0;40;38;0;0;0
52;2;11;9;2;3;0;4;1;40;38;0;0;0
46;2;0;6;0;2;1;4;1;40;38;0;0;0
23;2;15;10;2;2;0;4;1;60;38;0;0;0
54;2;4;3;2;11;0;4;1;51;38;0;0;0
27;2;11;9;4;0;1;2;0;40;38;0;0;0
42;2;9;13;5;7;1;4;0;50;38;0;0;0
33;5;11;9;2;2;0;4;1;40;38;0;0;0
19;2;7;12;4;3;1;4;0;50;38;0;0;0
59;2;1;7;2;7;5;4;0;28;38;1;0;0
54;2;11;9;6;7;4;4;0;32;38;0;0;0
48;2;5;4;2;13;0;4;1;55;38;0;1;0
45;2;11;9;0;0;1;4;0;40;38;0;0;0
36;2;9;13;4;3;1;4;1;70;38;0;0;0
35;4;7;12;2;2;0;4;1;40;38;0;0;0
47;2;15;10;0;0;1;4;0;36;38;0;0;0
33;2;9;13;4;3;1;4;1;40;38;0;0;0
48;4;9;13;2;9;0;4;1;40;38;0;0;0
42;2;11;9;5;2;4;2;0;40;38;0;0;0
19;2;15;10;4;7;3;4;1;24;38;0;0;0
64;3;9;13;2;9;0;4;1;40;38;0;0;0
51;4;9;13;2;4;0;4;1;8;38;0;0;0
20;0;11;9;4;0;2;4;1;20;38;0;0;0
28;2;11;9;4;7;1;4;1;40;32;0;0;0
52;2;12;14;2;3;0;4;1;50;11;0;1;1
29;4;15;10;4;2;1;4;1;45;38;0;0;0
51;2;9;13;5;11;1;4;1;40;38;0;0;0
36;2;11;9;2;9;0;4;1;60;38;0;1;0
43;2;9;13;2;11;0;4;1;45;38;1;0;1
52;2;15;10;2;3;0;4;1;40;38;0;0;0
50;2;11;9;0;2;1;4;1;40;38;0;0;1
25;2;15;10;0;7;1;4;1;30;38;0;0;0
36;2;7;12;4;0;4;2;0;40;22;0;0;0
44;2;15;10;2;3;5;4;0;60;38;0;0;0
47;2;0;6;3;13;1;2;1;45;38;0;0;0
32;2;11;9;0;2;3;4;1;40;38;0;0;0
37;2;12;14;4;9;4;1;1;40;34;0;0;0
40;2;11;9;2;0;0;4;1;40;38;1;0;0
34;4;11;9;2;11;0;4;1;60;38;0;0;0
35;3;15;10;2;11;0;4;1;50;38;0;0;1
26;2;15;10;4;9;3;4;1;3;7;0;0;0
49;4;9;13;2;4;0;4;1;50;38;0;0;0
46;4;9;13;3;9;1;4;1;25;38;0;0;0
31;1;15;10;4;0;3;2;1;40;38;0;0;0
22;2;8;11;4;2;1;4;1;30;38;0;0;0
20;2;15;10;4;7;1;4;0;12;38;0;0;0
52;2;10;16;4;3;1;4;1;40;38;0;0;1
26;2;15;10;4;0;1;2;0;40;38;0;0;0
34;2;9;13;2;3;0;4;1;50;38;0;0;1
31;2;6;5;4;6;1;4;1;40;38;0;0;0
46;2;11;9;0;11;4;4;0;30;38;0;0;0
22;2;5;4;2;6;0;4;1;40;25;0;0;0
38;2;8;11;4;2;3;4;1;40;38;0;0;0
35;2;11;9;2;11;0;4;1;40;6;0;0;0
27;5;15;10;4;10;1;4;1;40;38;0;0;0
27;2;7;12;2;3;0;4;1;40;38;0;0;0
46;2;15;10;0;11;4;4;0;40;4;0;0;0
19;2;15;10;4;0;3;4;1;10;36;0;0;0
20;2;15;10;4;7;3;4;1;35;38;0;0;0
34;0;9;13;2;10;0;4;1;60;38;0;0;0
49;2;12;14;2;3;0;4;1;45;38;0;0;1
27;2;15;10;2;4;0;3;1;50;38;0;0;0
59;2;15;10;2;0;5;4;0;14;4;0;0;1
45;2;9;13;2;3;0;4;1;60;38;1;0;1
21;2;15;10;4;11;3;4;0;15;38;0;0;0
51;5;8;11;0;9;4;4;0;40;38;0;0;0
41;5;10;16;2;9;0;4;1;40;38;0;0;1
49;2;12;14;3;9;1;4;1;40;38;0;0;0
51;2;11;9;0;6;3;2;1;40;38;0;0;0
20;2;15;10;4;5;3;4;0;20;38;0;0;0
69;4;11;9;2;11;0;4;1;48;38;0;0;0
43;2;11;9;2;5;0;4;1;50;38;0;0;0
50;2;11;9;0;6;4;2;0;44;38;0;0;0
32;2;11;9;2;6;0;4;1;40;38;0;0;0
27;1;11;9;4;4;3;4;1;40;38;0;0;0
38;2;11;9;2;7;0;4;1;40;38;0;0;0
62;2;11;9;2;6;0;4;1;40;38;0;0;1
46;2;11;9;0;3;1;4;1;44;38;0;0;0
21;2;11;9;4;6;4;4;0;40;38;0;0;0
36;2;9;13;4;0;1;4;0;50;38;0;0;0
36;2;2;8;0;5;1;4;1;40;38;0;0;0
23;2;11;9;4;6;3;1;1;40;29;0;0;0
58;2;9;13;2;9;0;4;1;40;38;0;0;1
40;2;9;13;2;9;0;4;1;45;38;0;0;0
64;2;15;10;2;3;5;4;0;35;38;1;0;0
66;2;1;7;2;2;0;4;1;20;38;0;0;0
42;2;11;9;2;11;0;4;1;40;38;0;0;0
55;2;15;10;6;0;4;4;0;40;38;0;0;0
53;2;15;10;2;3;0;4;1;40;38;0;1;1
25;2;11;9;2;5;0;4;1;40;38;0;0;0
39;2;15;10;4;12;4;2;0;40;38;0;0;0
20;2;11;9;4;7;3;4;1;40;38;0;0;0
32;2;11;9;2;7;0;4;1;54;38;0;0;0
28;2;9;13;4;11;4;4;1;65;38;0;0;0
23;0;7;12;4;3;3;4;0;40;30;0;0;0
18;2;11;9;4;7;3;4;1;25;38;0;0;0
43;4;11;9;2;3;0;4;1;35;38;0;0;1
29;2;11;9;2;2;0;4;1;40;38;0;0;0
32;2;15;10;2;10;0;4;1;46;5;0;0;0
31;1;11;9;0;2;4;4;1;40;38;0;0;0
60;2;4;3;2;2;0;4;1;40;25;0;0;0
42;2;15;10;2;13;0;4;1;50;38;0;0;0
46;2;12;14;2;3;0;4;1;50;38;0;0;1
38;2;11;9;2;2;0;4;1;40;38;0;0;1
18;2;1;7;4;7;3;4;0;19;38;0;0;0
31;2;11;9;4;11;3;4;0;40;38;0;0;0
54;2;11;9;2;11;0;4;1;55;38;1;0;0
46;2;15;10;2;11;0;4;1;50;38;0;1;0
27;4;11;9;4;4;3;4;1;80;38;0;0;0
50;1;9;13;2;9;0;4;1;45;38;0;0;1
38;4;5;4;2;4;0;4;1;56;38;0;0;0
36;5;12;14;4;9;3;4;0;40;38;0;0;0
25;2;11;9;0;7;1;4;1;40;25;0;0;0
19;2;11;9;4;4;3;4;1;25;38;0;0;0
60;1;15;10;2;7;0;1;1;60;29;0;0;0
45;1;6;5;4;7;3;4;1;40;38;0;0;0
21;2;15;10;4;12;3;4;1;16;38;0;1;0
42;2;11;9;0;13;1;4;1;46;38;0;1;0
38;2;11;9;2;2;0;4;1;50;38;0;0;0
19;2;11;9;4;3;1;2;1;32;38;0;0;0
23;2;15;10;4;0;3;4;1;40;38;0;0;0
24;2;15;10;4;5;3;4;0;30;38;0;0;0
30;2;7;12;0;11;1;4;1;52;38;0;0;0
62;2;15;10;2;3;0;4;1;40;38;0;0;0
26;4;14;15;4;9;3;4;1;20;38;0;0;0
42;0;9;13;2;3;0;4;1;52;38;0;0;1
33;2;11;9;2;2;0;4;1;40;38;0;0;0
35;2;9;13;0;9;4;4;0;32;38;0;0;0
33;2;11;9;0;11;1;4;1;40;38;0;0;0
45;2;11;9;0;11;1;4;0;55;38;0;0;0
62;2;9;13;2;0;5;4;0;30;38;0;0;1
24;2;11;9;4;3;3;4;1;40;38;0;0;0
50;1;15;10;0;0;1;2;0;40;38;0;0;0
54;2;9;13;2;9;0;4;1;40;38;0;0;1
58;2;5;4;0;6;3;4;1;40;38;0;0;0
39;3;11;9;2;2;0;4;1;50;38;0;0;0
32;2;11;9;0;2;4;4;1;40;38;0;0;0
27;2;9;13;2;9;0;4;1;40;38;0;0;0
27;2;11;9;2;13;0;4;1;35;38;1;0;0
20;2;15;10;4;7;3;4;1;60;38;0;0;0
64;2;5;4;2;2;0;4;1;40;38;0;0;0
55;3;12;14;6;11;1;4;0;40;38;0;0;0
46;2;11;9;0;12;1;4;0;43;38;0;0;0
45;2;15;10;2;13;0;4;1;55;38;0;0;0
26;2;11;9;4;13;1;4;1;40;38;0;0;0
36;2;11;9;2;2;0;4;1;40;38;0;0;0
25;2;9;13;4;11;1;4;0;40;38;0;1;0
58;2;0;6;2;13;0;4;1;40;38;0;1;1
39;3;9;13;2;3;0;4;1;45;38;0;0;0
47;2;11;9;6;8;1;1;0;45;36;0;0;0
35;2;12;14;2;6;0;4;1;48;38;0;0;0
38;2;11;9;2;3;0;4;1;40;38;0;0;0
50;2;1;7;2;2;0;4;1;40;38;0;0;0
36;2;11;9;0;0;4;4;0;38;38;0;0;0
28;2;4;3;4;2;2;4;1;40;25;0;0;0
44;4;11;9;2;6;5;4;0;45;38;0;0;0
40;2;11;9;0;10;4;4;0;40;38;0;0;0
55;2;15;10;2;2;0;4;1;40;38;0;0;1
29;4;11;9;4;4;1;4;1;45;38;0;0;0
33;2;11;9;2;2;0;4;1;45;38;0;0;0
32;2;9;13;2;3;0;4;1;40;38;1;0;1
45;1;12;14;2;9;0;2;1;10;38;0;0;1
23;2;11;9;4;5;3;4;1;25;38;0;0;0
31;2;8;11;4;10;3;2;1;40;38;0;0;0
22;2;15;10;4;7;1;1;0;40;29;0;0;0
59;2;11;9;0;5;1;2;1;40;38;0;0;0
32;2;15;10;4;2;1;4;1;38;38;0;0;0
49;5;15;10;4;0;1;4;0;40;38;0;0;0
22;2;15;10;4;0;3;4;1;30;38;0;0;0
26;2;15;10;4;0;1;4;1;30;38;0;0;0
23;5;15;10;2;0;0;1;1;40;39;0;0;0
55;4;15;10;2;11;5;4;0;50;38;0;0;0
47;2;11;9;2;3;0;4;1;49;38;0;0;1
44;2;11;9;2;13;0;4;1;40;38;0;0;0
27;2;15;10;4;7;1;4;1;24;38;0;0;0
40;5;12;14;2;9;5;4;0;37;38;1;0;1
32;4;9;13;2;9;5;4;0;8;38;0;0;1
20;2;15;10;4;6;2;1;1;40;39;0;0;0
84;1;11;9;6;3;1;4;0;33;38;0;0;0
40;2;15;10;0;2;2;4;1;50;38;0;0;0
37;2;9;13;4;11;1;4;0;40;38;0;0;0
44;2;15;10;0;13;3;4;1;40;38;0;1;0
47;2;15;10;0;3;4;4;0;40;10;0;0;0
62;4;15;10;2;11;0;4;1;25;38;0;0;0
47;2;11;9;4;13;1;4;1;45;38;0;0;0
44;1;11;9;0;2;4;2;1;40;38;0;0;0
26;1;9;13;2;0;0;4;1;41;38;0;0;0
36;2;15;10;2;2;0;4;1;40;38;0;0;0
52;2;1;7;2;7;0;4;1;40;38;0;0;0
33;2;15;10;0;0;4;4;0;40;38;0;0;0
33;2;11;9;2;13;0;2;1;40;38;0;0;0
25;2;9;13;2;3;0;4;1;20;38;0;0;0
62;2;9;13;2;6;0;4;1;40;38;0;0;0
38;2;15;10;2;2;0;4;1;40;38;0;0;0
46;2;11;9;3;4;1;4;1;65;38;0;0;0
46;2;9;13;2;3;0;4;1;44;38;0;0;1
38;2;11;9;0;7;4;4;0;70;38;0;0;0
52;2;15;10;2;0;0;4;1;40;38;0;0;1
63;4;5;4;2;3;0;4;1;15;38;0;0;0
49;2;15;10;2;6;0;4;1;43;38;0;0;0
17;1;1;7;4;0;3;4;0;12;38;0;0;0
33;2;11;9;4;7;1;4;0;35;38;0;0;0
70;4;11;9;6;7;2;4;0;20;38;1;0;0
19;2;15;10;4;7;3;4;0;15;38;0;0;0
61;2;15;10;2;11;0;4;1;40;38;0;0;0
33;2;9;13;2;9;0;4;1;25;38;0;0;1
29;2;0;6;5;4;4;4;0;40;12;0;0;0
40;1;15;10;0;13;4;4;1;40;38;1;0;0
43;5;11;9;2;13;0;4;1;38;38;0;0;1
24;2;11;9;4;11;1;4;1;40;38;0;0;0
29;2;15;10;2;2;0;4;1;60;38;0;0;0
61;4;11;9;2;7;5;2;0;17;38;0;0;0
48;2;1;7;0;7;1;4;0;34;38;0;0;0
19;2;15;10;4;5;3;4;1;20;38;0;0;0
30;2;15;10;4;6;1;4;0;40;38;0;0;0
24;2;15;10;4;7;1;4;1;30;38;0;0;0
39;1;12;14;4;9;4;4;0;43;38;0;0;0
46;3;15;10;0;3;4;4;0;60;38;1;0;0
40;2;11;9;2;11;0;4;1;72;38;0;0;1
27;1;9;13;4;9;3;4;0;40;38;0;0;0
25;2;12;14;4;9;3;4;0;40;38;0;0;0
31;2;1;7;4;2;1;4;1;40;38;0;1;0
58;2;9;13;0;13;1;4;1;45;38;0;0;0
33;2;11;9;2;3;5;4;0;42;1;0;0;1
40;2;11;9;6;7;4;4;0;25;38;0;0;0
40;3;12;14;2;11;0;4;1;70;38;0;0;1
31;2;11;9;2;2;0;4;1;40;38;0;0;0
33;2;11;9;5;7;4;1;0;48;2;0;0;0
49;2;7;12;2;11;0;4;1;45;38;0;0;0
24;2;8;11;4;12;3;4;1;40;38;0;0;0
46;2;11;9;4;2;4;4;1;40;38;0;0;0
58;1;12;14;2;9;0;4;1;40;38;0;0;1
20;2;15;10;4;11;3;4;0;20;38;0;0;0
43;2;15;10;2;0;5;4;0;40;38;0;0;0
48;4;12;14;2;11;0;1;1;50;18;0;0;0
41;2;15;10;2;13;0;4;1;54;38;0;0;0
27;5;15;10;5;7;1;4;0;30;38;0;0;0
52;1;11;9;2;2;0;4;1;40;38;0;0;0
52;1;15;10;0;3;1;4;0;38;38;0;0;0
19;2;11;9;4;7;3;2;1;30;38;0;0;0
39;1;15;10;0;9;3;4;0;45;38;0;0;0
47;2;15;10;0;7;4;4;0;40;38;0;0;0
27;2;11;9;0;2;2;3;1;40;38;0;0;0
48;2;15;10;0;2;1;4;1;40;38;0;0;0
50;2;11;9;5;7;4;4;0;35;38;0;0;0
60;2;15;10;2;13;0;4;1;60;38;0;0;0
28;2;7;12;2;12;0;4;1;45;38;0;0;1
47;0;11;9;0;7;4;2;0;40;38;0;0;0
40;4;11;9;2;2;0;1;1;66;34;0;0;0
37;2;11;9;4;5;4;4;0;40;26;1;0;0
41;5;12;14;4;9;1;4;1;40;38;0;0;0
38;2;11;9;2;0;0;1;1;48;37;0;0;0
46;0;8;11;5;12;1;3;0;30;38;0;0;0
21;4;15;10;4;0;3;4;1;30;38;0;0;0
44;2;12;14;5;11;4;4;0;48;38;0;0;0
47;4;15;10;2;0;5;4;0;35;38;0;0;1
42;1;15;10;0;2;1;4;1;40;38;0;0;0
56;2;9;13;4;3;1;4;0;45;38;0;0;1
32;2;9;13;4;9;3;4;1;40;38;0;0;0
24;2;9;13;2;7;0;4;1;33;38;0;0;0
26;2;15;10;2;11;0;4;1;40;38;0;0;0
36;4;9;13;4;11;1;2;0;50;38;1;0;0
49;2;1;7;4;7;1;4;1;60;38;0;0;0
65;2;11;9;2;3;0;4;1;40;38;0;0;1
73;5;5;4;0;7;1;1;0;40;38;0;0;0
34;2;1;7;2;5;0;4;1;40;38;0;0;0
22;2;9;13;4;0;3;4;0;40;38;0;0;0
49;1;15;10;4;7;4;4;0;30;38;0;0;0
25;2;1;7;4;7;4;2;0;32;38;0;0;0
39;2;6;5;2;13;0;4;1;25;38;0;0;0
19;2;1;7;4;2;1;4;1;56;38;0;0;0
24;2;0;6;2;6;5;4;0;40;38;0;0;0
34;2;11;9;0;0;4;4;0;35;38;0;0;0
21;2;11;9;4;6;2;4;1;40;38;0;0;0
43;2;12;14;0;7;4;4;0;40;38;0;0;0
39;2;15;10;0;0;4;2;0;40;38;0;0;0
33;4;7;12;4;7;1;2;1;32;38;0;0;0
19;2;15;10;4;7;3;4;0;26;38;0;0;0
17;2;0;6;4;11;4;4;0;12;38;0;0;0
43;4;15;10;2;4;0;4;1;50;38;0;0;0
62;2;11;9;6;0;1;4;0;42;38;0;0;0
53;1;12;14;0;9;1;2;0;40;38;0;0;1
45;5;12;14;2;9;0;4;1;60;38;0;0;1
47;2;11;9;0;0;1;2;0;40;38;0;0;0
30;2;15;10;4;7;3;2;0;40;38;0;0;0
53;2;11;9;5;11;1;4;0;33;38;0;0;0
24;2;11;9;5;6;3;2;0;40;38;0;0;0
41;1;15;10;2;5;0;4;1;40;38;0;0;0
58;1;4;3;0;7;2;2;0;40;13;0;0;0
27;0;11;9;0;0;1;4;1;50;38;1;0;0
63;5;11;9;0;0;1;4;0;38;38;0;0;0
50;2;15;10;0;7;3;4;1;28;38;0;0;0
43;1;12;14;4;12;1;2;0;47;38;1;0;1
29;3;15;10;4;3;1;4;1;60;38;0;0;0
41;2;15;10;2;11;0;4;1;40;38;1;0;0
55;2;11;9;2;7;0;4;1;40;38;0;0;0
36;2;11;9;4;13;1;4;1;45;38;0;0;0
23;1;11;9;4;0;3;4;1;40;38;0;0;0
22;2;9;13;4;2;1;4;1;55;38;1;0;1
58;4;15;10;0;2;1;4;1;45;38;0;0;0
25;2;1;7;4;0;3;2;0;40;38;0;0;0
40;2;11;9;2;11;5;4;0;30;38;0;0;0
38;2;8;11;4;9;1;4;0;39;38;0;0;0
37;2;9;13;2;9;0;4;1;40;38;0;0;1
19;2;15;10;4;7;3;4;0;35;38;0;0;0
55;2;0;6;4;7;1;4;1;29;38;0;0;0
55;2;9;13;2;11;0;4;1;50;38;1;0;1
28;2;9;13;4;0;1;4;1;45;38;0;0;0
53;2;11;9;2;2;0;4;1;40;7;0;0;0
60;2;15;10;0;9;4;4;1;42;38;1;0;0
32;2;15;10;0;0;4;4;0;38;38;0;0;0
34;2;11;9;2;11;0;4;1;50;38;0;0;0
49;2;15;10;0;9;1;4;1;45;38;0;0;1
21;2;15;10;4;7;2;4;0;30;38;0;0;0
24;5;9;13;4;0;1;2;0;20;38;0;0;0
53;2;8;11;0;0;1;2;0;40;38;1;0;0
34;1;9;13;3;9;1;4;0;40;38;0;0;0
41;2;4;3;2;4;5;4;0;40;25;0;0;0
21;2;11;9;4;7;1;4;0;40;38;0;0;0
43;2;12;14;2;3;0;4;1;35;38;0;0;1
31;1;11;9;4;10;3;4;1;40;38;0;0;0
38;2;11;9;2;5;0;4;1;40;38;0;1;0
42;2;9;13;2;3;0;4;1;60;38;0;1;1
62;2;9;13;4;4;1;4;1;30;38;0;0;0
51;2;5;4;6;6;1;0;0;40;38;0;0;0
30;2;11;9;4;11;4;2;0;25;38;0;0;0
24;2;9;13;2;6;0;4;1;40;38;0;0;0
36;2;11;9;0;2;1;4;1;40;38;0;0;0
57;2;0;6;2;2;0;4;1;40;38;0;0;0
46;2;9;13;2;3;0;4;1;55;38;0;0;1
33;2;10;16;2;9;0;4;1;40;38;0;0;0
42;2;15;10;4;11;1;4;1;45;38;0;0;0
62;2;11;9;2;2;0;4;1;40;38;0;0;0
64;4;15;10;2;11;0;4;1;20;38;0;0;0
18;2;15;10;4;11;3;4;0;25;38;0;0;0
43;2;4;3;3;4;4;4;1;35;25;0;0;0
62;4;5;4;6;7;1;4;0;66;38;0;0;0
29;2;7;12;2;9;0;4;1;50;38;0;0;0
43;2;9;13;2;5;0;2;1;40;13;0;0;1
39;2;11;9;2;3;0;4;1;40;38;1;0;1
34;2;9;13;2;3;5;4;0;40;38;0;0;0
44;2;7;12;2;3;0;4;1;45;38;1;0;1
25;2;9;13;4;0;1;4;1;30;38;0;0;0
47;1;15;10;0;13;4;4;1;40;38;0;0;0
17;2;0;6;4;7;3;4;1;8;38;0;0;0
41;1;9;13;0;9;4;4;1;65;38;0;0;0
19;2;15;10;4;11;3;4;1;20;38;0;0;0
57;2;3;2;2;7;0;3;1;40;5;0;0;0
25;2;11;9;4;0;4;2;1;35;38;0;0;0
37;1;15;10;2;0;0;4;1;40;1;0;0;1
29;2;8;11;2;6;0;4;1;40;38;0;0;0
32;2;15;10;4;11;3;4;1;35;38;0;0;0
35;2;14;15;2;9;0;4;1;45;38;0;0;1
52;2;2;8;4;6;1;4;1;40;38;0;0;0
41;2;11;9;4;6;3;4;0;40;28;1;0;0
29;2;11;9;3;6;1;4;0;38;7;0;0;0
23;2;12;14;4;9;3;4;0;36;38;0;0;0
31;2;1;7;2;2;0;4;1;40;38;0;0;0
40;2;11;9;2;13;0;4;1;50;38;0;0;0
19;2;11;9;4;0;3;4;0;20;38;0;0;0
21;2;15;10;4;13;3;4;1;10;38;0;0;0
37;5;9;13;4;0;1;4;0;40;38;1;0;1
49;4;14;15;2;9;0;4;1;35;38;1;0;1
64;1;11;9;2;0;5;4;0;35;38;0;0;0
37;1;8;11;4;0;1;4;0;43;38;0;0;0
70;4;9;13;2;2;0;4;1;12;38;0;1;1
22;2;0;6;4;13;3;1;1;30;38;0;0;0
29;3;11;9;2;11;0;1;1;40;10;0;0;0
37;2;11;9;2;2;0;4;1;40;38;0;0;0
29;2;9;13;4;12;1;4;1;40;38;0;0;0
38;2;1;7;0;6;1;4;1;65;38;0;0;0
27;2;11;9;4;2;1;4;1;50;38;0;0;0
58;5;9;13;2;0;0;4;1;35;38;0;0;1
60;1;15;10;2;0;5;4;0;35;38;0;0;0
20;2;15;10;4;11;1;4;1;25;38;0;0;0
51;2;15;10;2;11;0;4;1;40;38;0;0;1
37;2;6;5;2;13;0;4;1;65;38;0;0;0
22;5;2;8;4;3;1;4;1;50;38;0;0;1
56;4;0;6;2;13;0;4;1;60;38;0;0;0
26;2;9;13;2;11;5;4;0;42;38;1;0;1
19;2;15;10;5;11;4;4;0;25;38;0;0;0
37;2;8;11;2;9;5;4;0;30;38;0;0;0
27;2;15;10;4;12;1;4;0;40;38;0;0;0
27;2;11;9;4;11;3;0;1;20;38;0;0;0
52;4;15;10;2;11;0;4;1;50;38;0;0;0
45;2;11;9;5;6;4;2;0;40;38;0;0;0
28;2;15;10;4;2;3;0;1;40;38;0;0;0
20;2;11;9;0;0;1;4;0;40;38;0;0;0
28;2;12;14;4;9;1;4;0;50;38;0;0;0
44;2;8;11;2;5;0;2;1;40;38;0;0;0
30;2;9;13;2;2;0;4;1;40;38;0;0;0
26;5;7;12;4;0;3;2;0;8;38;0;0;0
46;2;11;9;4;11;1;4;0;40;38;0;0;0
51;2;9;13;2;2;0;4;1;50;38;0;0;0
25;1;9;13;4;9;1;4;0;40;38;0;0;0
43;1;11;9;5;7;1;4;1;40;38;0;0;0
36;2;11;9;0;2;1;4;1;40;38;0;0;0
36;2;15;10;4;3;1;4;1;40;38;0;0;0
48;2;9;13;4;7;4;1;0;40;39;0;0;0
24;2;9;13;2;9;0;4;1;44;38;0;0;1
30;2;11;9;0;7;4;4;0;36;38;0;0;0
24;2;9;13;2;3;5;4;0;45;38;1;0;1
62;2;9;13;2;6;0;4;1;40;38;0;0;0
41;4;11;9;0;13;1;4;1;40;38;0;1;0
49;4;14;15;2;9;0;4;1;85;38;0;0;1
36;4;11;9;2;13;0;4;1;50;38;0;0;0
47;1;12;14;0;9;4;4;0;45;38;1;0;0
49;5;12;14;0;9;1;4;0;40;38;0;0;0
52;2;15;10;4;3;1;4;1;40;38;0;0;0
52;2;7;12;2;12;0;4;1;40;38;0;0;1
26;2;11;9;4;0;1;4;1;53;38;0;0;0
51;5;11;9;4;13;1;4;1;40;38;0;0;0
18;2;0;6;4;7;3;4;1;20;38;0;0;0
30;2;11;9;4;5;2;4;1;40;38;0;0;0
46;2;11;9;0;6;1;4;1;20;38;0;0;0
28;2;11;9;4;5;3;2;0;40;38;0;0;0
48;3;9;13;2;3;0;4;1;50;38;1;0;1
62;2;15;10;2;0;5;4;0;38;38;0;0;1
49;2;9;13;2;11;0;4;1;44;38;1;0;0
69;2;11;9;6;0;1;4;0;24;38;0;0;0
35;2;9;13;4;3;1;4;1;45;38;1;0;1
78;2;12;14;6;2;4;1;1;40;34;0;0;0
61;2;15;10;2;3;0;4;1;45;38;0;0;1
24;2;9;13;4;9;1;4;0;40;38;0;0;0
29;2;15;10;4;0;3;4;0;40;38;0;0;0
17;2;0;6;4;4;3;4;1;40;38;0;0;0
27;2;11;9;2;5;0;2;1;80;38;0;0;1
64;2;11;9;2;13;0;4;1;40;38;0;0;0
33;4;11;9;4;3;1;4;1;55;9;0;0;0
32;2;2;8;2;2;2;4;1;40;25;0;0;0
19;2;15;10;4;7;3;4;0;20;38;0;0;0
42;5;1;7;2;4;0;4;1;40;38;0;0;0
24;2;9;13;4;11;3;4;0;15;38;0;0;0
23;2;11;9;4;3;1;2;1;45;38;0;0;0
51;1;14;15;4;9;1;4;1;40;38;1;0;0
31;2;9;13;4;12;1;4;1;60;38;1;0;0
44;2;14;15;2;9;0;4;1;29;38;0;0;1
38;2;12;14;4;3;1;4;0;50;38;1;0;1
44;1;7;12;0;10;1;4;0;56;38;0;0;1
44;4;4;3;2;4;0;4;1;40;25;0;0;0
38;2;11;9;2;2;0;4;1;44;38;0;0;0
36;2;6;5;0;0;4;4;0;40;38;0;0;0
29;2;3;2;4;7;1;4;1;20;7;0;0;0
46;2;7;12;0;11;1;4;0;25;10;0;0;0
47;2;11;9;2;0;0;4;1;40;38;0;0;0
30;2;11;9;2;13;0;4;1;40;38;1;0;1
37;1;11;9;2;10;0;4;1;35;38;1;0;1
27;2;9;13;4;3;1;4;1;45;38;0;0;0
43;2;11;9;0;6;4;4;0;50;38;0;0;0
44;4;14;15;2;9;0;4;1;40;38;0;0;1
31;2;15;10;4;3;4;4;1;60;38;0;0;0
34;2;9;13;2;3;0;4;1;45;38;0;1;1
39;2;9;13;4;11;3;4;1;40;10;0;1;0
36;2;15;10;0;2;4;4;0;40;38;0;0;0
57;2;9;13;2;9;0;4;1;40;38;1;0;1
78;2;5;4;4;6;1;4;0;35;5;0;0;0
24;2;15;10;2;2;0;4;1;40;38;0;0;0
39;2;15;10;4;0;1;4;0;40;38;0;0;0
21;2;7;12;4;11;3;4;1;40;38;0;0;0
34;2;11;9;5;0;1;4;1;40;38;0;0;1
22;2;15;10;4;11;4;4;0;32;38;0;0;0
36;2;15;10;0;0;4;4;0;40;38;0;0;0
61;2;15;10;2;11;0;4;1;40;38;0;0;1
42;2;15;10;5;7;4;2;0;21;13;0;0;0
49;0;8;11;2;2;0;1;1;40;38;0;0;1
58;2;8;11;2;2;0;4;1;40;38;0;0;0
37;1;15;10;2;10;0;4;1;60;38;0;0;0
39;2;11;9;4;12;1;4;1;44;38;1;0;0
25;2;15;10;5;0;2;2;0;40;22;0;0;0
30;2;9;13;2;0;0;4;1;40;38;0;0;0
36;4;11;9;2;2;0;4;1;40;38;1;0;0
23;2;11;9;4;2;1;4;1;65;38;0;0;0
51;2;15;10;2;0;5;2;0;35;22;0;0;0
55;2;11;9;2;13;0;4;1;60;38;0;0;0
35;2;9;13;4;11;1;4;1;50;38;0;0;0
45;5;12;14;2;0;0;4;1;40;18;0;0;0
36;2;9;13;2;9;0;4;1;48;38;0;0;1
32;1;11;9;2;2;0;4;1;40;38;0;0;0
39;2;11;9;2;3;0;4;1;55;38;0;0;0
47;3;15;10;2;2;0;4;1;40;38;0;0;0
49;2;15;10;2;3;0;4;1;45;38;0;0;1
44;2;15;10;5;6;1;2;1;40;38;0;0;0
36;2;15;10;2;3;0;4;1;50;38;0;0;1
40;2;15;10;0;2;4;2;0;30;38;0;0;0
17;2;0;6;4;7;3;4;0;6;38;0;0;0
18;2;11;9;4;11;3;4;0;38;38;0;0;0
30;3;15;10;2;3;5;4;0;25;38;0;0;0
66;2;11;9;6;8;1;4;0;50;8;0;0;0
59;2;9;13;4;2;1;4;1;50;38;0;0;0
30;1;11;9;2;0;0;2;1;40;38;0;0;0
50;2;11;9;2;4;0;4;1;50;38;0;0;0
24;2;11;9;4;7;3;4;0;25;38;0;0;0
28;2;14;15;2;9;0;1;1;99;29;0;0;0
44;1;12;14;2;9;5;4;0;40;38;0;0;1
25;2;8;11;4;9;1;4;1;40;38;0;0;0
45;2;12;14;2;3;0;4;1;50;38;0;0;1
20;2;11;9;4;13;1;4;1;40;38;0;0;0
67;2;8;11;0;9;4;4;0;40;38;0;0;0
40;4;14;15;2;9;0;4;1;45;38;0;0;1
52;0;11;9;2;0;0;4;1;40;38;0;0;0
34;2;10;16;4;9;1;4;1;50;38;0;0;1
37;1;7;12;2;9;0;4;1;45;1;0;0;1
17;3;0;6;4;7;3;4;1;4;38;0;0;0
25;2;8;11;2;11;5;4;0;42;38;0;0;1
35;1;9;13;0;9;1;4;1;40;32;0;0;0
63;2;12;14;0;3;1;4;0;40;38;0;0;1
38;1;15;10;4;0;3;0;0;40;38;0;0;0
33;2;9;13;2;0;0;4;1;60;19;0;0;1
51;1;12;14;2;9;5;4;0;40;38;0;0;1
64;5;10;16;2;9;0;4;1;50;3;0;0;1
50;3;15;10;0;10;1;4;1;40;38;0;0;0
18;2;0;6;4;13;1;4;1;56;38;0;0;0
67;2;12;14;4;9;1;4;1;99;38;0;0;0
46;2;11;9;2;2;0;4;1;40;38;0;0;0
60;4;9;13;2;4;0;4;1;50;38;0;0;0
29;2;11;9;4;6;1;4;0;40;38;0;0;0
30;2;15;10;4;7;3;2;0;40;38;0;0;0
56;5;10;16;2;9;1;1;1;40;2;1;0;0
29;2;11;9;2;5;5;4;0;40;25;0;0;1
37;2;9;13;4;0;4;2;0;27;38;0;0;0
55;2;3;2;0;8;4;4;0;30;4;0;0;0
24;2;11;9;4;0;1;4;0;30;38;0;0;0
21;2;11;9;4;2;1;4;1;35;25;0;0;0
46;3;9;13;2;11;0;4;1;70;38;0;0;1
25;2;2;8;2;6;2;3;1;40;25;0;0;0
40;2;11;9;4;2;3;4;1;28;38;0;0;0
23;2;15;10;5;11;3;4;0;40;38;0;0;0
43;4;15;10;4;13;1;2;1;30;38;0;0;0
29;4;15;10;2;2;0;0;1;60;38;0;1;1
59;2;0;6;6;7;2;1;0;40;29;0;0;0
28;2;11;9;4;3;3;4;1;32;38;0;0;0
17;2;1;7;4;0;3;4;0;15;38;0;0;0
53;2;11;9;2;6;0;4;1;40;38;0;0;1
22;2;4;3;4;8;2;4;0;40;7;0;0;0
63;2;11;9;3;2;1;4;1;40;38;0;0;0
32;2;12;14;2;11;5;4;0;45;38;0;0;1
40;1;11;9;4;0;4;2;0;35;38;0;0;0
61;4;14;15;2;9;0;4;1;50;8;0;0;1
35;2;11;9;4;2;1;4;1;40;38;0;1;0
43;4;9;13;2;3;0;1;1;50;29;0;0;0
48;4;15;10;0;2;1;4;1;40;38;0;0;0
56;5;9;13;6;9;1;4;0;40;38;0;0;0
51;0;11;9;2;0;0;4;1;40;38;0;0;0
34;2;15;10;4;2;1;4;1;40;38;0;0;0
44;2;15;10;2;11;0;1;1;40;38;0;1;1
37;2;15;10;2;11;0;4;1;44;38;0;0;1
36;2;9;13;2;3;0;4;1;40;38;0;1;1
34;2;15;10;5;6;1;3;1;40;38;0;0;0
23;2;15;10;4;11;3;4;0;25;38;0;0;0
63;0;12;14;0;9;1;4;1;40;38;0;0;1
47;1;12;14;2;3;0;4;1;41;38;0;1;1
55;3;11;9;0;11;4;4;0;50;38;0;0;1
31;1;9;13;4;10;3;2;1;48;38;0;0;0
27;2;15;10;0;7;1;4;1;40;38;0;0;0
58;2;9;13;0;0;1;4;0;40;38;1;0;1
28;1;15;10;2;10;0;4;1;48;38;0;0;0
52;2;5;4;0;6;1;4;0;64;38;0;0;0
31;0;11;9;2;0;0;2;1;50;38;0;0;0
53;2;15;10;0;0;4;4;0;38;38;0;0;0
43;2;15;10;0;12;1;4;0;50;38;0;0;0
43;1;11;9;3;4;4;2;1;40;38;0;0;0
50;3;12;14;0;3;1;4;1;80;38;0;0;1
37;2;1;7;2;7;0;4;1;40;38;0;0;0
26;2;11;9;0;6;1;4;1;40;38;0;0;0
22;2;1;7;4;11;1;4;0;40;38;0;0;0
22;2;15;10;2;11;0;4;1;55;38;0;0;0
59;2;15;10;2;2;0;4;1;50;38;1;0;1
30;2;15;10;2;6;0;4;1;40;38;0;0;0
24;2;11;9;5;7;1;4;0;55;38;0;0;0
30;2;11;9;2;2;0;4;1;40;38;0;0;0
50;1;9;13;0;10;1;4;1;40;38;0;0;1
38;2;2;8;2;7;0;4;1;40;38;1;0;0
29;2;11;9;2;0;0;4;1;40;38;0;0;0
76;2;11;9;2;11;0;4;1;24;38;1;0;0
21;2;8;11;4;2;4;4;1;40;38;0;0;0
65;2;15;10;6;7;4;4;0;24;38;0;0;0
43;2;11;9;2;3;0;4;1;45;38;0;0;1
29;2;9;13;2;9;5;4;0;24;38;0;0;0
32;2;9;13;4;11;1;4;1;45;38;0;0;0
37;2;7;12;2;3;0;4;1;65;38;0;0;1
64;2;11;9;2;3;0;4;1;16;38;0;0;0
49;2;15;10;2;2;0;4;1;40;38;0;0;1
44;2;9;13;2;3;0;4;1;40;38;0;0;1
34;2;9;13;2;3;0;4;1;40;38;1;0;1
35;2;15;10;2;3;0;4;1;36;38;0;0;0
53;2;15;10;0;0;1;4;0;43;38;0;0;0
24;2;8;11;4;11;4;1;1;50;34;0;0;0
31;2;15;10;0;0;4;4;0;40;38;0;0;0
25;2;15;10;2;13;0;4;1;38;38;0;0;0
36;2;11;9;2;6;0;4;1;45;38;0;0;0
29;2;15;10;4;11;1;4;1;60;38;0;0;0
37;2;11;9;2;13;0;4;1;50;38;0;0;1
42;4;10;16;4;9;1;4;0;45;38;0;0;0
30;2;11;9;0;2;1;4;0;40;38;0;0;0
32;3;15;10;4;3;1;4;1;70;4;0;0;0
47;4;9;13;4;3;1;2;1;45;38;1;0;1
44;2;11;9;0;2;1;4;1;40;38;0;0;1
19;2;11;9;4;11;3;4;1;40;38;0;0;0
22;2;11;9;2;3;0;4;1;48;38;0;0;0
51;2;6;5;2;2;0;4;1;50;38;0;0;1
69;2;11;9;2;2;0;4;1;16;38;0;0;0
33;4;11;9;4;9;1;4;1;40;38;0;0;0
22;1;15;10;4;0;1;4;0;55;38;0;0;0
33;2;9;13;4;12;1;4;0;45;38;0;0;1
20;0;15;10;4;0;2;4;0;40;38;0;0;0
28;4;15;10;2;2;0;4;1;40;38;0;0;0
25;2;11;9;4;5;1;4;0;40;38;0;0;0
27;2;11;9;4;7;1;4;1;48;38;0;0;0
22;2;11;9;4;13;3;4;1;40;38;0;0;0
67;4;11;9;2;4;0;4;1;35;38;0;0;0
31;3;11;9;2;3;0;4;1;40;38;0;0;0
43;0;14;15;2;9;0;1;1;50;18;0;0;1
33;2;9;13;4;9;1;4;0;40;38;0;0;0
37;4;11;9;2;9;5;4;0;35;38;0;0;1
27;2;11;9;2;13;0;2;1;60;38;0;0;0
36;2;15;10;4;13;1;4;1;40;38;0;0;0
33;2;7;12;0;11;1;4;0;45;38;0;0;0
63;2;9;13;2;11;0;4;1;40;19;1;0;1
48;2;9;13;0;7;4;4;0;56;38;0;0;1
25;2;11;9;4;5;2;4;1;45;38;0;0;0
41;4;11;9;2;7;0;4;1;10;38;0;0;0
26;2;11;9;4;7;1;4;1;40;38;0;0;0
23;2;15;10;4;0;3;2;0;40;38;0;0;0
33;5;11;9;4;7;4;2;0;40;38;1;0;0
30;5;12;14;2;9;0;1;1;17;35;0;0;0
67;4;11;9;6;7;1;4;0;20;38;0;0;0
32;2;11;9;2;11;0;4;1;55;38;0;0;1
48;4;11;9;0;2;1;4;1;60;38;0;0;1
51;2;11;9;6;7;1;4;0;24;38;0;0;0
39;2;12;14;4;11;1;1;1;40;2;0;0;0
40;3;9;13;2;9;0;4;1;60;38;0;0;0
40;2;11;9;2;13;0;2;1;40;38;0;0;1
19;2;11;9;4;6;2;4;1;40;25;0;0;0
28;2;11;9;0;5;4;4;0;36;38;0;0;0
47;2;9;13;2;9;0;4;1;60;38;0;0;1
20;2;15;10;4;9;1;4;0;20;38;0;0;0
41;2;11;9;6;3;2;4;1;40;38;1;0;0
29;2;15;10;2;7;5;0;0;40;38;0;0;0
40;2;9;13;2;3;0;4;1;50;38;0;0;1
61;2;11;9;6;3;1;4;0;40;38;0;0;0
25;2;1;7;4;2;1;4;1;40;25;0;0;0
26;2;11;9;2;6;0;4;1;40;38;0;0;0
43;2;9;13;4;0;1;4;0;40;38;0;0;0
17;2;5;4;4;2;1;4;1;45;38;0;0;0
43;1;12;14;0;9;4;2;0;40;38;1;0;1
73;2;11;9;2;6;0;4;1;40;8;1;0;0
46;1;15;10;0;6;3;4;0;40;38;0;0;0
19;2;15;10;4;7;3;4;1;20;38;0;0;0
37;2;11;9;0;6;1;4;1;40;38;0;0;0
26;2;15;10;2;0;0;4;1;40;38;0;0;0
47;2;11;9;0;11;3;4;1;40;38;0;1;0
47;1;12;14;4;9;1;4;1;40;38;0;0;0
29;2;9;13;4;9;1;4;1;40;38;0;0;0
29;2;11;9;4;0;1;4;0;40;38;0;0;0
33;2;9;13;2;3;3;4;1;55;38;0;0;0
20;2;11;9;4;13;2;4;1;40;38;0;0;0
28;2;0;6;2;2;5;3;0;48;12;0;0;0
41;5;12;14;2;9;0;4;1;40;38;0;0;0
43;2;9;13;2;11;0;4;1;50;38;0;0;0
35;2;6;5;2;5;0;4;1;46;38;0;0;0
18;2;2;8;4;7;3;4;0;25;38;0;0;0
55;5;15;10;0;0;1;4;1;40;38;0;0;0
44;2;11;9;0;6;3;2;0;40;38;0;0;0
64;2;11;9;6;8;1;4;0;15;38;0;0;0
34;4;8;11;2;2;0;4;1;75;38;0;0;0
38;2;15;10;2;11;0;4;1;60;38;0;0;1
25;2;11;9;4;7;3;4;0;8;38;0;0;0
21;2;15;10;4;13;3;2;1;40;38;0;0;0
37;2;3;2;2;7;0;4;1;53;25;0;0;0
39;2;15;10;0;11;4;4;0;40;38;0;0;0
34;2;15;10;0;0;1;4;0;50;38;0;0;0
23;2;9;13;4;3;1;4;0;45;38;0;0;0
54;2;15;10;2;2;0;4;1;40;38;0;0;1
49;3;12;14;5;3;1;4;1;70;38;0;0;1
25;2;11;9;2;0;5;4;0;40;38;0;0;0
51;2;7;12;2;11;0;4;1;50;38;0;0;0
29;2;11;9;4;4;4;4;1;35;38;0;0;0
27;5;9;13;2;10;5;2;0;48;38;0;0;0
53;2;11;9;2;8;2;4;0;40;38;0;0;0
68;2;9;13;2;9;0;4;1;55;38;0;0;1
56;2;11;9;2;11;0;4;1;40;38;0;0;1
24;2;11;9;0;11;4;0;0;48;38;0;0;0
24;2;15;10;4;11;3;4;0;40;38;0;0;0
41;1;12;14;2;3;0;4;1;55;38;0;0;0
45;2;11;9;4;11;3;4;0;19;38;0;0;0
35;2;11;9;2;6;0;4;1;40;38;0;0;0
21;2;11;9;4;5;1;4;1;40;38;0;0;0
45;2;1;7;5;0;4;2;0;25;38;0;0;0
18;2;1;7;4;11;1;4;0;30;38;0;0;0
49;2;9;13;4;8;1;4;1;25;38;0;0;0
49;2;8;11;5;9;3;4;0;36;38;0;0;0
45;1;9;13;2;9;0;4;1;37;38;0;0;0
27;2;11;9;4;5;2;1;1;40;38;0;0;0
28;2;15;10;2;3;0;1;1;40;29;0;0;0
35;2;9;13;2;9;0;4;1;45;38;0;0;1
33;2;15;10;4;6;1;4;1;40;38;0;0;0
35;2;1;7;2;11;0;4;1;35;38;0;0;0
19;2;11;9;4;2;2;4;1;40;38;0;0;0
33;2;15;10;4;7;1;4;0;28;38;0;0;0
28;2;11;9;0;11;1;0;1;40;38;1;0;1
49;2;15;10;3;0;1;4;0;40;38;0;0;0
39;3;15;10;2;9;0;4;1;25;38;0;0;0
22;2;11;9;5;0;4;4;0;40;38;0;0;0
42;2;0;6;2;2;0;4;1;40;38;0;0;0
22;2;15;10;4;0;3;4;1;40;38;0;0;0
18;2;11;9;4;2;3;4;1;40;38;0;0;0
49;1;6;5;6;5;4;4;1;40;38;0;1;1
33;3;10;16;2;9;0;4;1;40;4;0;0;1
28;2;11;9;2;2;0;4;1;45;38;0;0;0
42;2;5;4;3;9;2;4;1;35;32;0;0;0
20;2;15;10;4;7;3;4;1;25;38;1;0;0
50;1;15;10;2;10;0;4;1;48;38;0;0;0
32;2;15;10;2;3;0;4;1;40;38;0;0;1
31;0;11;9;5;5;4;4;0;40;38;0;0;0
29;2;8;11;4;7;1;2;1;40;38;0;0;0
46;0;15;10;2;7;0;4;1;40;38;0;0;0
32;3;10;16;4;9;1;4;1;77;38;0;0;0
61;2;11;9;6;0;4;4;0;24;38;0;0;0
43;4;1;7;2;2;0;4;1;55;38;0;0;0
35;2;11;9;4;5;1;4;0;40;38;0;0;0
39;5;9;13;2;9;0;4;1;40;38;0;0;0
42;4;15;10;2;4;0;4;1;60;38;0;0;0
23;2;9;13;4;9;1;4;0;40;38;0;0;0
32;2;9;13;2;11;0;4;1;45;38;0;0;0
52;2;11;9;2;13;0;4;1;85;38;0;0;1
36;2;7;12;2;12;0;4;1;40;38;0;0;1
50;2;11;9;6;11;1;4;0;72;38;0;1;1
71;2;14;15;2;9;0;4;1;12;38;0;0;1
27;2;11;9;4;7;2;2;0;30;38;0;0;0
56;2;11;9;2;2;0;4;1;60;38;0;0;0
28;4;15;10;4;9;4;4;1;40;38;0;0;0
45;2;11;9;2;2;0;4;1;40;38;0;0;0
28;2;11;9;2;6;5;4;0;40;38;0;0;0
28;1;15;10;2;10;0;4;1;40;38;0;0;0
18;2;15;10;4;6;1;4;0;15;38;0;0;0
62;2;5;4;0;5;1;4;1;40;38;0;0;0
35;2;2;8;5;6;4;4;0;40;38;0;0;0
39;2;0;6;2;6;0;4;1;60;38;0;0;0
24;2;15;10;4;0;1;2;1;20;38;0;0;0
58;2;6;5;0;4;1;2;1;40;38;0;0;0
48;2;11;9;0;11;1;4;1;40;38;0;0;0
57;2;9;13;2;3;0;4;1;50;38;0;0;1
31;2;9;13;2;11;0;4;1;60;38;0;0;0
25;2;11;9;2;11;0;4;1;40;38;0;0;0
34;2;9;13;2;9;5;4;0;36;38;1;0;1
29;4;5;4;2;4;0;4;1;72;38;0;0;0
38;2;7;12;0;3;4;2;0;40;38;0;0;0
21;2;15;10;4;7;3;4;0;40;38;0;0;0
34;4;11;9;2;4;0;4;1;70;38;0;0;0
50;2;9;13;4;11;4;4;0;32;38;0;0;0
50;2;11;9;0;9;4;2;0;40;38;0;0;0
49;0;8;11;0;3;4;2;0;45;38;0;0;0
30;2;9;13;4;9;1;4;1;70;38;0;0;0
29;5;12;14;2;9;0;1;1;20;35;0;0;0
22;5;15;10;4;0;1;3;1;20;38;0;0;0
42;2;11;9;2;13;0;4;1;50;38;0;0;0
31;2;15;10;0;7;4;4;0;48;38;0;0;0
42;4;9;13;2;9;0;4;1;21;38;0;0;0
20;2;15;10;4;7;3;4;1;20;38;0;0;0
50;2;0;6;2;2;0;4;1;40;38;0;0;1
27;3;6;5;4;2;3;4;1;40;38;0;0;0
26;2;1;7;4;7;1;4;1;40;38;0;0;0
20;2;15;10;4;10;3;4;1;40;10;0;0;0
51;2;15;10;2;2;0;4;1;40;38;0;0;1
52;2;11;9;2;6;0;4;1;40;38;0;0;0
33;2;11;9;0;0;1;4;1;38;38;0;0;0
31;2;9;13;2;0;0;1;1;60;18;0;0;0
24;2;15;10;2;7;5;4;0;40;38;0;0;0
56;2;9;13;2;6;0;4;1;40;38;0;0;0
29;2;1;7;2;2;0;4;1;50;38;1;0;0
18;2;11;9;4;11;2;4;0;30;38;1;0;0
43;2;15;10;2;6;0;2;1;50;38;0;0;0
43;5;10;16;3;9;4;4;1;64;38;1;0;1
21;2;11;9;2;0;0;4;1;40;38;0;0;0
51;2;11;9;2;0;5;4;0;40;38;0;0;0
41;2;15;10;2;13;0;4;1;65;38;0;0;1
45;5;15;10;2;9;0;4;1;40;38;0;0;1
20;2;11;9;4;7;1;4;0;30;38;0;0;0
28;2;9;13;2;3;5;4;0;60;38;0;0;1
50;1;12;14;2;9;5;4;0;40;38;1;0;1
47;2;9;13;0;2;1;4;1;40;38;0;0;0
80;4;5;4;6;4;1;4;1;35;38;0;0;0
47;4;11;9;2;0;5;4;0;35;19;0;0;0
45;2;11;9;2;11;0;4;1;50;38;0;0;0
17;2;1;7;4;5;3;4;1;12;38;0;0;0
37;2;11;9;2;2;0;4;1;50;38;0;0;0
27;2;15;10;4;6;1;4;0;40;38;0;0;0
17;2;2;8;4;7;3;4;1;16;38;0;0;0
18;4;11;9;4;4;3;4;1;40;38;0;0;0
57;2;11;9;2;5;0;4;1;40;38;0;0;0
26;2;11;9;5;0;4;4;0;40;38;0;0;0
26;2;12;14;4;3;3;4;0;40;38;0;0;0
36;4;9;13;2;9;0;4;1;45;38;0;0;1
51;2;11;9;2;4;0;4;1;80;38;0;0;1
38;2;15;10;4;7;1;4;1;40;38;0;0;0
51;2;11;9;4;2;1;4;1;40;38;0;0;1
24;2;1;7;4;5;1;4;1;40;38;0;0;0
35;2;11;9;0;4;1;4;1;65;38;0;0;0
51;3;9;13;2;3;0;4;1;40;38;1;0;1
28;2;9;13;2;3;0;4;1;40;38;0;0;1
37;2;11;9;2;13;0;4;1;40;38;0;0;0
43;2;11;9;2;3;0;4;1;40;38;0;0;0
23;2;11;9;4;5;1;4;1;30;38;0;0;0
42;2;9;13;2;11;5;4;0;40;32;0;0;0
58;2;15;10;2;0;5;4;0;40;38;0;0;1
52;1;11;9;2;7;5;2;0;20;38;0;0;0
29;2;11;9;0;11;1;0;0;50;38;0;0;0
27;2;15;10;2;2;0;4;1;60;38;0;0;0
28;2;15;10;4;0;3;2;0;40;22;0;0;0
59;2;7;12;2;2;0;4;1;20;38;1;0;1
28;2;11;9;4;5;3;4;1;40;38;0;0;0
24;2;15;10;4;2;1;4;1;40;38;0;0;0
20;2;0;6;3;5;1;4;1;40;38;0;0;0
54;2;9;13;2;3;0;4;1;40;38;0;0;1
65;2;11;9;0;7;1;4;1;25;38;0;0;0
38;2;15;10;2;2;0;4;1;40;38;0;0;1
29;2;11;9;2;6;0;4;1;40;38;0;0;0
27;2;11;9;4;0;3;2;0;40;38;0;0;0
36;2;12;14;2;7;0;4;1;40;38;0;0;0
55;5;11;9;2;10;0;4;1;40;38;0;0;0
22;2;4;3;4;6;1;4;1;30;25;0;0;0
28;2;9;13;4;9;1;4;0;40;38;0;0;0
20;2;15;10;4;11;3;4;0;30;38;0;0;0
24;2;9;13;2;9;0;4;1;40;38;1;0;0
36;2;12;14;2;3;0;4;1;50;38;1;0;1
68;3;11;9;2;11;0;4;1;40;38;0;0;0
49;4;11;9;0;11;1;4;1;50;38;0;0;1
18;2;5;4;4;6;3;4;1;40;38;0;0;0
50;4;10;16;0;9;1;4;0;60;38;0;0;1
37;2;2;8;5;8;4;2;0;40;38;0;0;0
60;2;12;14;2;3;0;4;1;50;38;0;0;1
43;2;15;10;2;2;0;4;1;40;38;0;0;0
43;3;10;16;2;9;5;4;0;70;38;0;0;1
17;2;1;7;4;8;3;4;0;9;38;0;0;0
43;2;15;10;4;3;1;4;0;50;38;0;0;0
21;4;15;10;4;0;3;4;0;15;38;0;0;0
48;4;15;10;2;4;0;4;1;60;38;1;0;1
56;2;9;13;4;3;1;4;1;45;38;1;0;1
21;2;7;12;4;7;3;4;0;30;38;0;0;0
28;1;7;12;2;10;0;1;1;40;16;0;0;1
39;4;11;9;2;2;0;4;1;40;38;0;0;1
40;2;5;4;2;11;0;4;1;40;38;1;0;0
38;1;7;12;4;9;1;4;1;40;38;0;0;0
59;2;15;10;2;9;0;4;1;36;38;0;0;1
51;0;11;9;2;12;0;4;1;40;38;0;0;0
19;2;11;9;4;5;3;4;1;16;38;0;0;0
23;2;11;9;4;6;1;4;0;40;38;0;0;0
31;2;9;13;0;9;1;4;0;40;38;0;0;0
42;2;7;12;2;9;0;2;1;40;38;0;0;0
43;2;11;9;2;2;0;4;1;40;38;0;0;1
45;2;15;10;2;2;0;4;1;55;38;0;0;1
34;2;15;10;2;6;0;4;1;35;38;0;0;0
21;2;11;9;4;6;3;4;1;30;38;0;0;0
34;2;15;10;2;3;0;4;1;40;38;0;0;1
55;3;15;10;2;11;0;4;1;40;38;0;0;1
30;2;8;11;4;9;1;4;0;40;38;0;0;0
29;2;11;9;2;6;0;4;1;48;20;1;0;0
19;2;15;10;4;0;3;4;0;20;38;0;0;0
45;4;9;13;0;9;1;4;1;35;38;0;0;0
42;2;9;13;2;7;0;1;1;72;29;0;0;1
32;2;9;13;4;11;1;4;0;40;38;0;1;0
90;4;15;10;2;4;0;4;1;40;38;0;0;0
44;5;9;13;2;10;0;4;1;44;38;0;0;1
34;4;11;9;2;9;0;4;1;40;38;0;0;1
35;2;2;8;5;7;1;4;0;30;38;0;0;0
39;4;15;10;4;2;1;4;1;25;38;0;0;0
29;2;9;13;4;9;1;2;1;40;38;0;0;0
24;2;11;9;4;7;4;4;0;32;38;0;0;0
49;2;15;10;2;7;0;4;1;17;38;0;0;0
54;2;9;13;2;3;0;1;1;60;34;1;0;1
31;2;6;5;0;13;1;4;1;40;38;0;0;0
44;2;15;10;0;3;1;4;0;50;38;0;0;0
27;4;11;9;2;11;0;4;1;40;38;0;0;0
24;2;11;9;4;5;3;4;1;40;38;0;0;0
30;2;11;9;2;5;0;4;1;60;38;0;0;0
27;2;15;10;0;3;3;4;0;40;38;0;0;0
34;5;9;13;2;0;0;4;1;20;21;0;0;0
25;5;15;10;2;3;5;4;0;19;38;0;0;0
39;2;11;9;0;3;4;4;0;40;38;0;0;0
28;2;15;10;2;12;0;4;1;40;38;0;0;1
51;4;11;9;2;2;0;4;1;70;38;0;0;0
33;2;15;10;4;11;1;1;1;26;34;0;0;0
27;2;8;11;4;5;3;4;0;38;38;0;0;0
29;2;11;9;4;3;1;4;1;40;38;0;0;0
33;5;0;6;2;5;0;4;1;40;38;0;0;0
37;2;11;9;2;11;0;4;1;50;38;0;0;1
20;2;11;9;4;5;3;4;1;40;38;0;0;0
24;2;9;13;4;3;1;4;0;40;38;0;0;0
29;2;11;9;4;7;3;4;0;35;38;0;0;0
31;2;9;13;2;3;0;4;1;45;38;0;1;1
41;2;15;10;2;2;0;4;1;40;38;0;0;0
42;4;15;10;2;2;0;4;1;40;38;0;0;0
20;2;15;10;4;11;1;4;0;30;38;0;0;0
54;2;6;5;5;2;4;4;1;40;38;0;0;0
55;2;9;13;3;2;4;4;0;55;20;0;0;0
21;2;11;9;2;5;0;4;1;32;38;0;0;0
52;2;8;11;2;3;0;4;1;45;38;0;1;1
19;2;11;9;4;0;3;4;1;40;38;0;0;0
33;2;8;11;2;2;0;2;1;40;38;0;0;0
22;2;11;9;5;7;4;2;0;35;38;0;0;0
59;2;11;9;4;3;4;4;0;38;38;0;1;0
31;2;2;8;4;11;3;4;1;32;38;0;0;0
74;4;11;9;2;11;0;4;1;40;38;0;0;1
45;2;0;6;0;7;4;2;0;40;38;0;0;0
36;2;11;9;4;0;1;4;0;40;38;0;0;0
35;3;15;10;0;3;1;4;1;60;38;0;0;0
45;2;15;10;0;2;1;4;1;40;38;0;0;0
42;4;11;9;4;4;3;4;1;85;38;0;0;0
50;5;12;14;0;9;4;4;0;40;38;0;0;0
39;2;11;9;0;3;2;4;0;40;38;0;0;0
44;2;15;10;5;3;1;4;1;45;8;0;1;0
52;2;3;2;2;4;0;4;1;56;25;0;0;1
24;2;9;13;4;9;1;4;1;43;38;0;0;0
56;3;6;5;2;13;0;4;1;99;38;0;0;0
27;2;11;9;2;6;0;4;1;50;38;0;0;1
47;3;9;13;2;3;0;4;1;45;38;0;1;1
40;4;14;15;2;9;0;0;1;60;38;0;1;1
38;2;11;9;4;9;1;4;1;40;38;0;0;0
27;2;8;11;0;11;1;4;0;40;38;0;0;0
52;2;11;9;0;0;4;4;0;38;38;0;0;0
22;2;11;9;0;11;3;4;1;40;38;0;0;0
41;2;15;10;2;2;0;4;1;40;21;0;0;0
30;2;11;9;0;0;4;4;0;20;38;0;0;0
55;2;9;13;2;7;2;1;1;35;29;0;0;0
25;2;15;10;4;0;3;4;1;40;38;0;1;0
32;2;9;13;2;9;2;4;1;40;38;0;0;0
28;2;15;10;5;7;1;4;0;60;38;0;0;0
33;3;11;9;2;3;0;4;1;50;38;0;0;0
17;2;11;9;4;4;3;2;1;40;38;0;0;0
27;2;11;9;2;13;0;4;1;40;38;0;0;0
55;2;8;11;2;6;0;4;1;20;38;0;0;0
63;0;15;10;2;12;0;4;1;18;38;0;0;1
39;2;11;9;2;7;5;4;0;40;38;1;0;0
51;0;10;16;2;9;0;4;1;52;38;1;0;1
67;4;5;4;2;2;0;4;1;40;38;0;0;0
27;2;11;9;6;2;4;4;0;26;38;0;1;0
54;2;12;14;2;3;0;4;1;45;38;0;0;1
59;2;0;6;2;13;0;2;1;40;38;0;0;1
18;2;11;9;4;0;1;4;0;25;38;0;0;0
19;2;11;9;4;2;3;4;1;20;38;0;0;0
31;2;11;9;2;6;0;4;1;50;38;0;0;0
17;2;1;7;4;7;3;4;0;7;38;0;0;0
42;2;11;9;2;12;0;1;1;40;38;1;0;1
37;2;15;10;3;9;1;4;0;30;38;0;0;0
51;1;11;9;2;2;0;4;1;40;38;0;0;0
48;2;11;9;4;0;1;4;0;40;38;1;0;0
23;2;11;9;4;13;3;4;1;40;38;0;0;0
27;2;8;11;2;11;0;4;1;45;38;0;0;0
25;2;11;9;4;5;3;4;1;40;38;0;0;0
69;2;7;12;0;0;1;4;0;6;10;1;0;0
30;2;9;13;4;3;1;4;1;44;38;0;0;0
33;2;11;9;2;5;0;4;1;35;18;0;0;0
28;2;11;9;4;5;3;4;1;48;38;0;0;0
45;2;4;3;2;6;0;4;1;40;25;0;0;0
25;2;15;10;4;0;3;4;1;15;38;0;0;0
37;2;8;11;2;2;0;4;1;45;38;0;0;1
59;2;13;1;4;6;1;4;1;40;5;0;0;0
26;2;11;9;4;7;3;4;0;30;38;0;0;0
48;2;15;10;5;7;1;4;0;25;28;0;0;0
64;0;11;9;2;0;0;4;1;40;38;0;0;0
39;2;9;13;2;12;0;4;1;50;38;0;0;0
24;2;9;13;4;0;1;4;1;40;38;0;0;0
40;5;12;14;4;3;1;4;0;35;38;0;0;0
46;2;12;14;3;3;1;4;1;70;38;0;0;1
35;0;15;10;2;10;0;2;1;40;38;0;0;1
43;2;11;9;2;0;5;4;0;40;38;0;0;1
31;2;11;9;5;13;1;4;1;40;38;0;0;0
22;2;15;10;4;0;1;4;0;25;38;0;0;0
35;2;15;10;4;7;1;4;1;30;38;0;0;0
35;2;11;9;5;13;1;4;1;50;38;0;0;0
35;5;15;10;0;12;4;4;0;40;38;0;0;0
40;2;14;15;2;9;0;4;1;40;38;0;0;1
50;2;12;14;4;9;4;4;0;40;38;0;0;0
48;4;14;15;0;9;4;4;1;63;38;1;0;1
46;2;11;9;0;0;1;4;0;40;38;0;0;0
36;2;11;9;0;6;4;4;0;38;38;0;0;0
37;5;9;13;2;9;0;4;1;36;38;0;0;1
24;2;6;5;2;11;0;4;1;45;25;0;0;0
47;1;9;13;5;9;1;4;0;70;38;0;0;0
35;4;11;9;0;2;1;4;1;50;38;0;0;0
43;2;9;13;2;0;0;1;1;40;39;0;0;0
18;5;1;7;4;7;3;4;1;20;38;0;0;0
54;2;11;9;2;7;0;4;1;50;38;0;0;0
62;2;11;9;4;7;2;2;0;38;38;0;0;0
36;2;9;13;2;2;0;4;1;48;38;0;0;1
27;2;6;5;2;4;0;0;1;40;38;0;0;0
23;2;15;10;4;0;2;1;1;14;32;0;0;0
33;4;4;3;2;2;0;4;1;50;38;0;0;1
28;2;3;2;4;6;1;4;0;40;25;0;0;0
22;2;11;9;4;0;3;4;1;20;38;0;0;0
31;4;8;11;2;4;0;4;1;60;38;0;0;1
26;2;9;13;4;7;1;4;1;30;38;0;0;0
44;2;9;13;0;3;1;4;1;50;38;0;0;1
73;2;9;13;2;9;0;4;1;30;38;0;0;0
44;2;9;13;0;11;4;4;0;35;38;0;0;0
35;2;8;11;0;3;1;4;1;45;38;0;0;0
27;2;9;13;4;0;1;4;0;40;38;0;0;0
47;0;9;13;2;10;0;2;1;50;38;0;0;1
29;2;11;9;2;2;0;4;1;45;38;0;0;1
33;2;15;10;2;7;5;4;0;26;38;0;0;0
50;2;15;10;0;7;1;4;0;15;38;0;0;0
32;2;11;9;2;5;0;4;1;40;38;1;0;0
41;4;12;14;0;5;4;4;1;40;28;0;0;0
45;2;11;9;2;11;0;4;1;60;38;0;0;1
65;2;11;9;6;0;1;4;0;36;38;0;1;0
42;5;15;10;5;12;4;4;0;40;38;0;0;0
33;4;9;13;2;9;0;2;1;25;38;0;0;1
32;2;9;13;2;11;0;4;1;60;38;1;0;1
42;2;15;10;2;9;0;4;1;40;38;0;0;1
49;2;15;10;5;3;1;4;0;45;38;0;0;1
38;2;11;9;2;10;3;4;1;45;38;0;0;0
38;2;15;10;2;3;0;4;1;50;38;0;0;0
37;2;15;10;2;2;0;4;1;52;38;0;0;0
24;2;15;10;4;6;1;4;1;30;38;0;0;0
27;4;15;10;4;11;1;4;1;50;38;0;0;0
25;2;6;5;3;0;4;1;0;40;39;0;0;0
29;2;11;9;2;11;0;4;1;50;38;0;0;0
46;2;11;9;2;13;0;4;1;70;38;0;0;0
44;3;11;9;2;13;0;4;1;96;38;0;0;0
26;2;9;13;4;11;1;1;0;40;34;0;0;0
46;1;7;12;2;10;0;4;1;49;38;0;0;1
38;2;15;10;5;3;4;4;1;40;38;0;0;0
38;2;15;10;2;2;0;4;1;40;38;0;0;0
22;5;9;13;2;3;0;4;1;20;38;0;0;0
33;2;15;10;0;11;1;4;1;40;38;0;0;0
50;2;7;12;0;0;1;1;1;40;38;0;0;0
31;1;11;9;2;10;0;4;1;41;38;0;0;1
26;4;15;10;4;9;1;4;0;4;25;0;0;0
42;2;15;10;2;5;0;4;1;38;38;0;0;0
27;2;11;9;2;2;0;4;1;40;38;0;0;0
34;2;12;14;2;9;0;4;1;45;38;0;0;1
64;2;11;9;2;10;0;4;1;40;38;0;0;0
43;2;15;10;2;2;0;4;1;40;38;0;0;0
39;2;11;9;2;2;0;4;1;40;38;0;0;0
47;4;14;15;4;9;1;4;1;40;38;0;0;1
56;2;12;14;4;9;1;4;1;66;38;0;0;0
25;1;12;14;4;9;3;4;1;20;38;0;0;0
60;5;9;13;0;3;1;4;0;35;38;0;0;0
52;2;11;9;2;11;0;4;1;44;38;0;0;0
43;2;11;9;0;5;1;4;1;16;38;1;0;0
46;2;9;13;4;0;4;1;0;40;29;0;0;0
19;2;15;10;4;0;3;4;0;30;38;0;0;0
56;2;5;4;4;4;4;2;0;20;38;0;0;0
22;2;9;13;4;9;1;4;1;40;38;0;0;0
39;2;4;3;5;11;4;2;0;30;32;0;0;0
28;2;15;10;0;9;1;4;1;40;38;0;0;0
31;2;9;13;2;11;0;4;1;50;38;0;0;1
22;2;11;9;4;7;3;4;0;35;38;0;0;0
39;2;9;13;2;3;0;4;1;40;38;0;0;1
28;4;1;7;4;2;1;4;1;40;25;0;0;0
31;2;11;9;4;0;4;4;0;35;32;0;0;0
50;2;9;13;2;11;0;4;1;40;38;0;0;0
34;2;11;9;2;2;0;4;1;46;38;1;0;0
48;2;11;9;2;0;5;4;0;40;10;0;0;1
51;2;9;13;0;0;1;4;0;40;38;0;0;0
54;2;11;9;2;11;0;4;1;40;38;0;0;0
44;2;8;11;0;13;1;4;1;40;38;0;0;0
20;2;15;10;4;11;3;2;0;20;38;0;0;0
37;2;11;9;2;7;0;2;1;40;38;0;0;0
38;2;15;10;2;9;0;4;1;40;38;0;0;0
59;0;7;12;2;4;0;2;1;40;38;0;0;0
59;4;9;13;2;9;0;4;1;50;38;0;0;0
51;2;15;10;0;2;1;4;1;48;38;0;0;1
29;2;15;10;2;9;0;4;1;40;38;0;0;0
37;2;15;10;4;6;1;4;0;40;38;0;0;0
42;2;0;6;2;2;0;4;1;35;38;0;0;0
28;3;9;13;2;9;0;4;1;50;38;0;0;1
34;2;11;9;4;11;3;4;0;40;38;0;0;0
50;4;9;13;2;3;0;4;1;40;21;0;0;1
22;3;11;9;4;6;3;4;1;24;38;0;0;0
27;2;11;9;4;7;1;4;0;52;38;0;0;0
45;5;14;15;0;9;4;4;0;43;38;0;0;0
39;2;11;9;0;0;4;2;0;38;38;0;0;0
25;1;9;13;4;9;1;4;0;35;38;0;0;0
24;3;9;13;2;3;0;4;1;40;38;0;0;1
18;2;11;9;4;6;1;4;0;30;38;0;0;0
23;2;2;8;4;7;4;2;1;38;38;0;0;0
20;2;4;3;4;7;2;4;1;40;25;0;0;0
17;4;0;6;4;7;3;4;0;24;38;0;0;0
63;3;9;13;2;4;0;4;1;40;38;0;0;1
28;1;9;13;2;5;0;4;1;65;38;0;0;1
51;0;9;13;2;9;0;4;1;50;38;0;0;1
29;2;9;13;4;11;1;4;0;45;38;1;0;0
64;2;15;10;6;0;4;4;0;12;38;0;0;0
17;2;0;6;4;7;3;4;1;25;38;0;0;0
45;1;15;10;0;0;4;2;0;35;38;1;0;0
18;2;2;8;4;7;3;2;1;20;38;0;0;0
31;1;11;9;4;0;3;4;0;40;38;0;0;0
48;4;9;13;3;11;3;4;1;50;38;0;0;1
41;2;15;10;4;9;1;4;0;45;38;0;0;0
65;2;14;15;2;9;0;4;1;60;38;1;0;1
27;2;8;11;0;6;1;4;1;40;38;0;0;0
39;2;8;11;2;3;0;4;1;40;38;0;0;0
51;4;15;10;0;2;1;4;1;8;32;0;0;1
49;2;12;14;2;3;0;4;1;45;38;0;0;1
36;2;9;13;2;11;0;4;1;45;38;0;1;1
25;2;11;9;4;6;1;2;0;40;38;0;0;0
41;2;15;10;0;0;4;2;0;37;38;0;0;0
31;2;6;5;0;0;1;4;0;40;38;0;0;0
63;2;1;7;2;10;0;4;1;37;38;1;0;1
50;5;9;13;0;3;1;4;0;40;38;0;0;0
63;2;15;10;0;7;1;4;1;40;38;0;0;0
44;4;12;14;4;4;3;4;1;99;38;0;0;0
48;2;11;9;0;13;1;4;1;65;38;0;0;0
51;4;15;10;2;11;0;4;1;50;38;0;0;0
18;2;11;9;4;0;3;4;0;15;38;0;0;0
23;2;15;10;4;7;3;4;1;25;38;0;0;0
31;2;11;9;2;6;0;4;1;40;38;1;0;0
38;2;11;9;2;2;0;4;1;40;38;0;0;0
56;2;15;10;2;4;0;4;1;60;38;0;0;1
31;2;5;4;0;13;4;4;1;20;38;0;0;0
46;2;15;10;2;0;0;4;1;40;38;0;0;0
39;2;12;14;2;3;0;4;1;50;38;0;0;1
56;1;11;9;2;7;0;1;1;40;2;0;0;0
31;2;11;9;4;3;4;4;0;40;38;0;0;0
42;3;9;13;2;9;0;4;1;40;38;0;1;1
53;2;11;9;2;3;0;4;1;35;38;0;0;1
18;2;1;7;4;7;3;4;0;15;38;0;0;0
27;2;11;9;2;9;0;4;1;45;38;0;1;1
31;2;9;13;4;4;1;4;1;40;38;0;0;0
52;0;12;14;2;3;0;4;1;40;38;1;0;0
46;2;11;9;2;7;0;4;1;40;38;0;0;0
30;2;15;10;4;7;1;4;1;24;38;0;0;0
26;2;9;13;4;7;1;4;0;40;38;0;0;0
48;1;12;14;2;9;0;4;1;50;38;0;0;1
37;2;15;10;2;2;0;4;1;40;38;0;0;1
29;2;6;5;2;2;0;4;1;40;38;0;0;0
49;2;11;9;2;3;0;4;1;55;38;1;0;1
24;2;11;9;0;6;1;4;1;40;38;0;0;0
74;4;11;9;2;11;0;4;1;20;38;0;1;0
56;4;4;3;2;3;0;4;1;67;38;0;1;1
39;0;9;13;4;0;1;4;1;40;38;0;1;0
21;2;11;9;4;13;3;4;1;40;38;0;0;0
29;2;9;13;4;3;1;4;0;45;38;0;1;1
43;4;11;9;0;7;4;4;1;45;38;0;0;0
23;2;9;13;4;10;1;4;0;40;38;1;0;0
26;2;11;9;4;3;1;4;0;50;38;0;0;0
47;2;11;9;2;13;0;4;1;60;38;0;0;0
27;2;11;9;2;6;0;4;1;55;38;0;0;0
45;2;11;9;2;6;0;4;1;45;38;0;0;1
30;2;11;9;4;10;3;4;1;70;38;0;0;0
35;2;15;10;2;0;5;4;0;20;38;1;0;1
33;2;11;9;2;2;0;4;1;40;38;0;0;0
37;2;11;9;2;2;0;4;1;40;38;0;0;1
21;2;11;9;4;4;3;4;1;20;38;0;0;0
42;2;11;9;2;11;0;4;1;40;38;0;0;0
48;0;11;9;2;0;0;4;1;36;38;0;0;0
46;2;11;9;4;2;1;4;0;48;38;0;0;0
36;2;4;3;5;6;1;4;0;40;38;0;0;0
54;2;11;9;4;9;1;4;1;40;38;0;0;0
25;2;11;9;2;0;5;4;0;40;38;0;0;0
26;1;11;9;0;0;4;4;0;25;38;0;0;0
36;3;11;9;2;13;0;4;1;57;38;0;0;0
56;4;9;13;4;9;1;4;1;20;38;0;0;0
37;2;11;9;2;2;0;4;1;40;38;0;0;0
26;2;9;13;4;9;1;4;0;40;38;0;0;1
23;2;9;13;4;7;3;4;0;25;38;0;0;0
23;5;9;13;4;9;1;4;0;40;38;0;0;0
41;5;9;13;4;0;1;4;1;40;38;0;0;0
55;2;9;13;2;3;0;4;1;50;38;0;0;1
39;2;9;13;2;3;0;4;1;40;38;0;0;1
67;1;7;12;2;3;0;4;1;35;38;0;0;0
60;2;11;9;6;11;1;4;0;50;38;0;0;0
54;2;11;9;6;11;4;4;0;40;38;0;0;0
38;2;12;14;2;9;0;4;1;40;8;0;0;1
47;2;15;10;2;6;0;1;1;40;29;1;0;1
49;5;9;13;2;9;0;4;1;42;38;0;0;1
19;2;11;9;4;11;3;4;0;24;38;0;0;0
20;2;15;10;4;2;4;4;1;40;38;0;0;0
66;2;11;9;6;11;2;4;0;35;38;0;0;0
51;4;12;14;2;3;0;4;1;42;38;0;0;1
19;2;15;10;4;3;1;4;1;40;38;0;0;0
36;2;15;10;0;0;4;4;0;40;38;0;0;0
33;2;11;9;2;13;0;4;1;60;38;0;0;1
41;2;9;13;0;11;1;4;1;56;38;0;1;0
90;2;11;9;2;2;0;4;1;50;6;1;0;1
36;2;11;9;0;3;1;4;0;40;38;0;0;0
30;2;14;15;0;11;3;4;1;55;38;0;0;0
35;2;15;10;0;3;1;4;1;40;25;0;0;0
46;2;12;14;2;3;0;4;1;45;38;0;0;1
38;2;11;9;4;6;2;4;1;40;38;0;0;0
24;2;9;13;2;9;0;4;1;40;38;0;0;0
40;2;9;13;2;7;5;4;0;40;32;0;0;0
49;2;5;4;2;6;0;4;1;40;38;0;0;0
19;2;11;9;4;7;3;2;1;30;38;0;0;0
77;2;15;10;6;8;1;4;0;20;38;0;0;0
46;2;11;9;2;5;0;4;1;56;38;0;0;1
41;2;15;10;5;2;1;2;1;40;38;0;0;0
28;2;3;2;4;4;4;4;1;77;25;0;0;0
21;2;11;9;2;2;0;4;1;40;38;0;0;0
24;2;2;8;4;4;3;2;1;40;38;0;0;0
36;2;11;9;2;13;0;2;1;45;38;0;0;0
23;5;15;10;4;0;3;4;1;25;38;0;0;0
38;0;11;9;2;13;0;4;1;40;38;0;1;0
29;4;11;9;2;2;0;4;1;40;38;0;0;0
38;2;15;10;2;3;2;4;1;50;38;0;0;1
47;0;9;13;4;0;4;2;1;40;38;0;0;1
39;1;12;14;0;9;1;4;0;40;38;0;0;0
40;1;9;13;2;9;0;4;1;48;38;0;0;0
32;2;11;9;0;0;3;1;0;40;38;0;0;0
23;2;11;9;4;3;3;4;1;40;38;0;0;0
44;5;11;9;2;10;0;4;1;40;38;0;0;0
70;2;9;13;6;9;4;4;0;20;32;0;0;0
51;2;12;14;2;10;0;4;1;40;38;0;1;1
66;2;6;5;5;7;1;2;0;30;38;0;0;0
57;3;15;10;2;3;0;4;1;40;38;0;0;0
36;2;15;10;2;6;0;4;1;40;38;0;0;1
48;3;9;13;0;11;1;4;1;60;38;0;0;1
51;2;12;14;2;9;5;4;0;40;38;0;0;1
43;2;9;13;2;3;0;4;1;50;38;0;0;1
27;2;11;9;2;2;0;4;1;60;38;0;0;0
32;2;9;13;4;0;3;4;0;40;38;0;0;0
20;2;15;10;4;0;3;4;0;35;38;0;0;0
33;2;15;10;0;0;1;4;0;40;38;0;0;0
19;2;15;10;4;0;1;4;1;40;38;0;0;0
32;1;15;10;2;2;0;4;1;60;38;0;0;1
35;2;14;15;4;9;1;1;1;40;18;0;0;1
26;2;11;9;2;2;0;4;1;60;38;1;0;0
39;2;11;9;4;11;4;4;0;60;38;0;0;0
24;2;9;13;4;7;3;2;0;75;38;0;0;0
45;2;15;10;2;3;0;4;1;40;38;0;0;1
20;2;15;10;4;0;3;4;1;40;38;0;0;0
49;5;9;13;2;9;2;4;0;45;38;0;0;0
35;5;12;14;4;9;1;4;0;40;38;0;0;0
30;2;11;9;4;0;1;4;0;40;38;0;0;0
23;2;15;10;4;0;3;4;0;25;38;0;1;0
33;2;9;13;2;3;0;4;1;45;38;0;0;0
35;2;11;9;2;13;0;4;1;50;38;0;0;0
31;2;12;14;2;9;0;4;1;50;38;0;0;0
20;2;1;7;4;2;1;2;1;25;38;0;0;0
44;2;11;9;2;2;0;4;1;40;38;0;0;0
33;4;11;9;2;7;0;2;1;40;38;0;0;0
50;2;15;10;2;6;0;4;1;40;38;0;0;0
25;2;11;9;4;0;4;4;0;40;25;0;0;0
28;5;11;9;2;10;0;4;1;40;38;0;0;0
60;0;9;13;2;0;0;2;1;40;38;0;0;1
38;0;8;11;2;2;0;4;1;40;38;0;0;0
38;2;15;10;2;2;0;2;1;40;38;0;0;0
57;0;9;13;4;0;1;4;1;40;38;0;1;0
50;2;11;9;2;2;0;4;1;40;38;0;0;1
39;1;1;7;0;0;4;4;0;40;38;0;0;0
69;1;11;9;2;2;0;4;1;6;38;1;0;0
51;5;8;11;0;12;1;4;1;39;38;0;1;1
42;2;11;9;2;5;0;2;1;40;38;0;0;0
53;2;9;13;2;3;0;4;1;50;38;0;0;1
37;2;9;13;2;5;0;4;1;40;38;0;0;0
37;2;0;6;2;2;0;4;1;40;38;0;0;0
38;2;11;9;2;2;0;4;1;50;38;1;0;1
20;2;15;10;4;7;3;4;0;24;38;0;0;0
38;5;15;10;5;0;4;2;0;38;38;0;0;0
52;2;8;11;2;2;0;4;1;48;30;0;0;1
48;3;8;11;2;3;0;4;1;50;38;0;0;1
30;2;8;11;2;6;0;4;1;40;38;0;0;1
37;4;11;9;2;3;0;4;1;65;38;0;1;1
47;2;11;9;2;11;0;4;1;45;38;0;0;0
33;1;9;13;0;10;4;4;0;60;10;0;0;0
33;2;11;9;3;7;1;1;0;35;36;0;0;0
20;2;15;10;4;7;3;4;1;15;38;0;0;0
41;5;9;13;0;3;1;4;1;40;38;0;0;0
32;2;15;10;2;13;0;4;1;45;38;0;1;1
36;0;9;13;2;3;5;4;0;40;38;0;0;0
46;2;9;13;4;9;1;4;0;40;38;0;0;0
45;2;9;13;2;3;0;4;1;40;38;0;0;1
18;2;15;10;4;7;3;4;0;16;38;0;0;0
62;2;15;10;2;13;0;4;1;60;38;0;0;0
33;2;11;9;2;6;0;4;1;40;38;0;0;0
42;2;11;9;0;2;4;4;1;40;38;0;0;0
18;2;15;10;4;9;3;4;0;40;38;0;0;0
32;2;8;11;0;0;4;4;0;40;38;0;0;0
43;2;5;4;2;13;0;2;1;40;38;0;0;0
20;2;11;9;4;7;4;2;0;25;38;0;0;0
50;2;9;13;0;11;1;4;1;45;38;0;0;0
36;2;11;9;2;2;0;4;1;40;38;0;0;0
22;2;11;9;4;2;3;4;1;40;38;0;0;0
30;2;11;9;2;2;0;2;1;40;38;0;0;0
33;4;11;9;4;2;1;4;1;40;38;0;0;0
43;1;7;12;2;12;0;4;1;43;38;0;0;0
38;2;15;10;2;6;0;4;1;40;38;0;0;0
34;1;9;13;4;7;1;4;1;14;38;0;0;0
40;2;15;10;5;0;4;4;0;45;38;0;0;0
40;2;11;9;2;6;0;4;1;40;38;0;0;0
41;1;14;15;2;9;0;4;1;50;38;0;0;1
57;2;15;10;2;11;0;4;1;50;38;0;0;1
65;1;12;14;2;9;0;4;1;4;11;0;1;0
52;0;15;10;2;7;0;4;1;50;38;0;0;0
59;2;14;15;2;9;0;1;1;40;18;1;0;1
18;2;11;9;4;5;3;4;1;25;38;1;0;0
48;2;7;12;2;9;0;4;1;45;38;0;0;0
45;2;4;3;0;13;4;4;1;40;38;0;0;0
24;2;11;9;2;10;0;4;1;40;38;0;0;0
27;5;7;12;4;10;1;4;1;40;38;0;0;0
40;2;12;14;2;3;0;4;1;50;38;1;0;1
44;5;9;13;2;0;0;4;1;40;38;1;0;0
24;2;11;9;4;4;3;2;1;50;38;0;0;0
71;2;14;15;2;9;0;4;1;16;38;0;0;0
17;2;2;8;4;11;3;4;1;40;38;0;0;0
57;4;15;10;2;2;0;4;1;40;38;1;0;0
33;2;11;9;2;5;0;4;1;40;38;0;0;0
41;2;11;9;2;7;0;4;1;40;38;0;0;0
25;2;9;13;4;0;3;4;0;40;38;0;0;0
42;4;11;9;2;4;0;4;1;15;38;0;0;0
34;2;11;9;4;5;1;4;1;40;38;0;0;0
27;1;9;13;4;9;1;4;0;45;38;0;0;0
24;2;9;13;4;9;3;4;1;20;38;0;0;0
23;2;9;13;4;5;3;4;1;30;38;0;0;0
33;2;15;10;2;9;0;4;1;40;38;0;0;0
58;3;8;11;0;11;1;4;1;56;38;1;0;0
25;2;6;5;2;5;0;4;1;40;38;0;0;0
44;2;12;14;4;9;1;4;0;55;38;0;0;0
53;0;11;9;2;9;0;4;1;40;38;0;0;1
38;1;11;9;2;0;5;4;0;35;38;0;0;1
36;2;9;13;4;9;1;4;0;45;38;0;0;1
25;5;11;9;4;3;1;4;1;40;38;0;0;0
54;0;9;13;0;3;4;4;0;40;38;0;0;0
31;2;2;8;5;13;4;2;1;40;38;0;0;0
18;5;11;9;4;0;3;4;1;40;38;0;0;0
40;2;11;9;0;7;1;2;1;40;38;0;0;0
26;2;15;10;2;11;5;2;0;40;38;0;0;0
33;2;9;13;4;9;1;4;1;50;38;1;0;0
22;2;7;12;4;3;1;4;1;55;38;0;0;0
50;5;15;10;2;2;0;4;1;40;38;0;0;0
44;2;11;9;0;0;1;4;0;40;38;0;0;0
37;2;11;9;4;7;4;2;1;40;38;0;0;0
34;4;9;13;2;2;0;4;1;40;38;0;0;0
45;0;15;10;6;12;1;4;0;45;38;0;0;1
25;2;0;6;2;7;3;4;0;35;38;0;0;0
20;2;15;10;5;11;4;2;0;40;38;0;0;0
46;0;11;9;4;0;1;0;1;40;38;0;0;0
26;2;7;12;4;12;3;4;1;40;38;0;0;0
45;2;3;2;2;7;5;4;0;25;7;0;0;0
57;2;11;9;2;13;0;4;1;40;38;0;0;1
28;2;8;11;4;11;1;4;1;40;38;0;0;0
36;2;15;10;2;11;0;4;1;45;38;1;0;1
32;2;11;9;4;5;1;4;0;40;38;0;0;0
29;2;9;13;4;11;1;4;1;50;38;0;0;1
36;2;9;13;0;9;4;4;1;45;38;0;0;0
19;2;11;9;4;5;3;4;1;30;38;0;0;0
27;2;9;13;4;12;4;1;0;20;29;0;0;0
48;2;12;14;2;13;0;4;1;55;38;0;0;1
49;4;9;13;2;2;0;4;1;50;38;0;0;0
55;2;12;14;2;12;0;4;1;20;38;0;1;1
61;2;11;9;0;4;1;4;0;82;38;0;0;0
42;1;15;10;2;3;0;4;1;40;38;1;0;1
42;0;7;12;0;0;1;4;0;40;38;0;0;0
30;1;8;11;2;10;0;4;1;40;38;0;0;0
32;4;11;9;2;6;0;4;1;40;38;0;0;0
37;2;15;10;2;13;0;4;1;40;38;0;0;1
35;2;15;10;2;2;0;4;1;45;38;0;0;0
30;2;8;11;3;0;1;4;0;40;38;0;0;0
30;2;14;15;2;9;0;1;1;20;18;0;0;1
55;2;15;10;2;3;0;4;1;70;38;0;0;1
36;2;15;10;2;13;0;4;1;40;38;0;0;0
33;2;11;9;4;7;3;4;1;48;38;0;0;0
56;1;9;13;2;9;0;4;1;40;38;0;0;1
26;2;8;11;2;2;0;4;1;40;38;0;1;0
37;2;11;9;2;6;0;4;1;40;38;0;0;0
28;2;11;9;4;11;3;4;1;60;38;0;0;0
38;2;11;9;2;13;0;4;1;50;38;0;0;0
48;2;15;10;6;0;4;4;0;43;38;0;0;0
35;2;7;12;2;2;0;4;1;40;38;0;0;0
39;1;9;13;2;2;0;4;1;40;38;0;0;0
64;2;11;9;2;7;0;4;1;40;38;0;0;0
22;2;11;9;4;0;4;2;0;40;38;0;0;0
45;1;9;13;2;11;0;4;1;40;38;0;0;1
27;2;4;3;2;13;0;4;1;40;25;0;0;0
43;5;11;9;0;0;4;4;0;50;38;0;0;1
23;2;15;10;4;7;3;4;0;37;38;0;0;0
25;2;0;6;4;5;3;2;1;40;38;0;1;0
39;2;12;14;2;9;0;4;1;50;38;0;0;1
63;2;11;9;2;11;5;4;0;35;38;0;0;0
37;2;14;15;2;9;0;4;1;40;38;0;0;1
26;0;11;9;2;0;0;3;1;40;38;0;0;0
33;2;9;13;4;9;1;4;1;40;1;0;0;0
28;2;15;10;4;0;1;4;0;40;38;0;0;0
20;2;15;10;4;7;3;4;0;20;38;0;0;0
34;2;11;9;2;0;5;4;0;20;38;0;0;0
34;2;15;10;2;13;0;4;1;40;38;0;0;0
41;2;11;9;2;3;0;4;1;40;38;0;0;1
38;2;15;10;2;11;0;4;1;50;38;0;0;1
36;2;9;13;2;3;0;4;1;40;38;1;0;1
38;2;15;10;2;7;0;1;1;40;29;0;0;0
46;3;9;13;2;11;0;4;1;72;38;1;0;1
43;4;9;13;2;11;5;1;0;60;34;0;0;0
49;2;15;10;6;11;4;4;0;30;38;0;0;0
26;1;9;13;4;9;3;4;0;35;38;0;0;0
28;2;11;9;0;0;1;4;0;35;38;0;0;0
54;3;11;9;2;2;0;4;1;40;38;0;0;1
24;2;15;10;4;5;3;4;1;50;38;0;0;0
23;2;15;10;4;3;3;4;1;30;38;0;0;0
55;1;11;9;0;0;1;4;0;40;38;0;0;0
58;4;6;5;5;2;1;4;1;40;38;0;0;0
19;2;0;6;4;7;2;2;0;20;38;0;0;0
45;2;15;10;4;11;1;4;1;52;38;0;0;0
30;2;15;10;2;2;0;4;1;45;38;0;0;1
76;2;11;9;6;7;4;4;0;33;38;0;0;0
47;2;11;9;5;0;4;4;0;40;38;0;0;0
34;2;15;10;0;13;1;4;1;40;38;1;0;0
40;2;15;10;2;0;5;4;0;35;38;0;0;1
24;2;11;9;5;7;4;4;0;25;38;0;0;0
30;2;9;13;2;9;5;4;0;50;38;1;0;1
67;2;15;10;2;13;0;4;1;10;38;1;0;1
24;2;11;9;2;6;5;4;0;40;38;0;0;0
43;1;15;10;0;0;4;4;0;40;38;0;0;0
29;2;2;8;4;2;4;4;1;40;38;0;0;0
40;2;11;9;2;6;0;4;1;40;38;0;0;0
61;0;15;10;2;9;0;4;1;40;38;0;0;0
45;1;10;16;2;3;0;4;1;45;38;1;0;1
21;5;15;10;4;12;1;4;0;50;38;0;0;0
58;2;11;9;2;3;0;4;1;40;38;1;0;1
52;2;15;10;2;12;0;4;1;40;38;0;0;0
34;2;11;9;4;0;3;4;1;40;38;0;0;0
20;2;15;10;4;9;2;2;0;20;38;1;0;0
46;2;11;9;2;6;0;4;1;40;38;0;0;0
54;2;15;10;0;3;1;4;0;40;38;0;0;0
43;5;12;14;2;9;0;4;1;40;38;0;0;1
25;2;6;5;2;6;0;4;1;40;25;0;0;0
21;2;7;12;4;0;1;4;0;25;38;0;0;0
65;2;15;10;0;9;1;4;1;50;38;1;0;1
37;2;11;9;0;7;1;4;1;40;38;0;0;0
29;2;11;9;0;7;1;4;1;40;38;1;0;1
44;2;9;13;2;3;0;4;1;40;38;0;0;1
37;0;15;10;2;0;0;4;1;40;38;1;0;1
38;2;15;10;2;7;5;2;0;40;38;0;0;0
35;2;15;10;2;11;0;4;1;70;38;1;0;0
32;2;11;9;2;0;0;4;1;40;38;0;0;0
44;4;15;10;5;11;4;4;1;60;38;0;0;0
23;2;15;10;4;7;2;4;0;25;38;0;0;0
25;3;9;13;4;11;1;4;1;45;38;0;0;1
23;2;15;10;4;11;3;4;0;28;38;0;0;0
47;2;15;10;2;2;0;4;1;40;38;0;0;0
47;2;1;7;0;2;1;4;0;45;38;0;0;0
25;2;11;9;4;5;1;4;1;40;38;0;0;0
35;2;15;10;2;2;0;4;1;45;38;0;0;0
50;2;8;11;2;12;0;4;1;40;38;1;0;1
47;2;11;9;0;6;4;4;0;40;38;0;0;0
35;2;10;16;2;3;0;4;1;45;38;0;0;1
24;2;11;9;4;0;1;4;1;40;38;0;0;0
21;2;11;9;4;6;3;4;1;40;38;1;0;0
35;2;9;13;0;9;1;4;0;40;38;0;0;1
30;2;9;13;2;7;5;1;0;40;29;0;0;0
17;2;1;7;4;7;3;2;1;20;38;0;0;0
27;2;4;3;4;7;1;4;1;60;7;0;0;0
22;2;11;9;4;11;3;2;0;15;38;0;0;0
22;5;15;10;4;0;3;4;0;40;38;0;0;0
50;2;11;9;2;2;0;4;1;2;38;0;0;0
51;4;8;11;2;12;0;4;1;38;38;0;0;1
27;2;9;13;2;12;0;4;1;30;38;0;0;0
27;2;9;13;4;9;1;4;0;20;38;0;0;0
20;5;11;9;4;7;1;4;0;40;38;0;0;0
42;2;11;9;2;3;0;4;1;48;38;0;0;0
32;2;11;9;2;2;0;4;1;40;38;1;0;1
45;2;9;13;2;3;0;4;1;38;38;0;0;1
35;2;5;4;6;7;4;4;0;80;38;0;0;0
22;2;11;9;2;2;3;4;1;40;38;0;0;0
34;2;15;10;4;0;4;4;0;38;38;0;0;0
28;2;9;13;4;0;1;4;0;40;38;0;0;0
38;2;9;13;0;8;4;4;0;24;38;0;0;0
48;1;15;10;2;10;0;4;1;42;38;0;0;1
34;2;12;14;2;2;0;4;1;40;25;0;0;0
25;2;11;9;2;0;5;4;0;50;38;0;0;1
23;1;11;9;4;9;1;4;0;40;38;0;0;0
38;2;15;10;2;11;0;4;1;60;38;0;0;1
43;2;11;9;4;7;4;2;0;40;38;0;0;0
49;1;11;9;2;6;0;2;1;40;38;0;0;1
23;2;15;10;0;0;1;4;1;40;38;0;0;0
57;2;11;9;0;0;1;4;0;40;38;0;0;0
24;2;9;13;4;12;3;4;1;40;38;0;0;0
44;3;15;10;2;2;0;4;1;58;38;0;0;1
34;2;7;12;0;2;1;4;1;50;38;0;0;0
29;1;15;10;2;9;0;4;1;40;38;0;0;0
29;2;1;7;4;7;4;2;0;40;38;0;0;0
35;2;11;9;2;13;0;4;1;50;38;0;0;1
48;2;11;9;2;2;0;4;1;40;38;0;0;0
38;2;11;9;4;2;1;4;1;36;38;0;0;0
42;1;11;9;0;10;4;4;0;50;38;0;0;0
53;2;15;10;6;3;4;4;0;40;38;0;0;0
29;2;14;15;4;9;1;4;0;55;38;0;0;0
59;2;9;13;2;11;0;4;1;72;38;0;0;0
31;2;11;9;4;2;4;4;1;40;38;0;0;0
34;2;11;9;2;2;0;4;1;40;38;0;0;0
51;2;9;13;0;3;1;4;1;50;38;0;1;1
25;2;11;9;4;6;3;4;1;40;38;1;0;0
30;2;11;9;2;2;0;4;1;40;38;0;1;1
46;2;11;9;0;5;1;4;0;48;38;0;0;0
45;2;11;9;4;7;4;2;0;40;38;0;0;0
23;2;15;10;4;3;2;2;0;40;38;0;0;0
33;2;7;12;0;6;1;4;0;42;38;0;0;0
44;2;9;13;2;12;5;4;0;20;38;0;0;1
25;2;11;9;4;7;3;4;1;40;7;0;0;0
48;5;15;10;0;7;3;4;1;40;38;0;0;0
23;2;11;9;4;11;1;4;0;40;38;0;0;0
33;4;8;11;2;9;5;4;0;50;38;1;0;1
20;2;15;10;2;11;2;4;0;30;38;0;0;0
23;2;9;13;4;9;1;4;0;40;38;0;0;0
71;2;11;9;6;0;1;4;0;40;38;0;0;0
22;5;9;13;4;9;1;4;0;40;38;0;0;0
36;2;9;13;2;9;0;4;1;50;38;1;0;1
27;2;1;7;4;2;2;4;1;60;38;0;0;0
40;2;11;9;4;7;1;4;0;35;38;0;0;0
30;2;15;10;0;6;4;4;1;50;38;0;0;0
30;5;8;11;2;10;0;4;1;40;38;0;0;0
30;2;15;10;2;6;0;4;1;40;38;0;0;0
35;2;9;13;2;9;0;4;1;40;38;1;0;0
39;2;11;9;4;0;4;2;0;40;38;0;0;0
39;0;11;9;2;0;0;4;1;50;38;0;0;0
74;2;4;3;2;13;0;2;1;40;38;0;0;0
32;3;15;10;2;3;0;4;1;50;38;1;0;1
25;2;11;9;2;13;0;2;1;40;38;0;0;0
64;2;15;10;0;3;4;4;0;40;38;0;0;0
47;4;11;9;2;6;0;4;1;40;38;1;0;1
37;2;9;13;2;3;5;4;0;37;38;0;0;1
47;2;11;9;2;2;0;4;1;40;38;0;0;1
33;2;11;9;2;6;0;4;1;40;38;0;0;1
40;2;8;11;0;9;4;4;0;40;38;0;0;1
22;2;11;9;4;7;1;2;1;80;38;0;0;0
56;2;11;9;2;6;0;4;1;40;38;0;0;0
37;2;11;9;4;0;3;4;0;55;38;0;0;0
30;3;15;10;2;3;0;4;1;70;38;0;0;0
20;2;2;8;4;9;1;4;0;35;21;0;0;0
53;5;12;14;2;3;0;4;1;38;38;1;0;1
43;2;9;13;2;2;0;4;1;48;38;0;0;1
23;2;11;9;2;13;0;4;1;40;38;0;0;0
43;4;11;9;2;2;0;4;1;30;38;0;0;0
30;2;11;9;4;5;3;4;1;40;38;0;0;0
20;2;15;10;4;0;3;4;0;46;38;0;0;0
22;2;8;11;4;2;3;4;1;40;38;0;0;0
38;2;9;13;4;3;1;4;1;50;38;0;0;0
54;4;15;10;2;11;0;4;1;40;38;0;0;0
23;2;11;9;4;2;1;4;1;40;38;0;0;0
46;2;11;9;2;13;0;2;1;40;38;0;0;0
59;2;0;6;2;6;0;4;1;40;38;0;0;0
41;1;8;11;4;7;1;4;1;40;38;0;0;0
42;2;8;11;2;13;0;4;1;48;38;0;0;0
58;2;15;10;2;3;0;4;1;40;38;0;0;1
24;2;11;9;2;11;0;4;1;50;38;0;0;0
39;2;9;13;2;0;0;4;1;45;38;0;0;1
28;2;9;13;4;12;1;4;0;35;38;0;1;0
25;2;12;14;4;11;1;4;1;55;38;0;0;0
29;2;15;10;0;11;4;4;0;54;38;0;0;0
53;2;4;3;2;2;0;4;1;40;38;0;0;0
63;1;11;9;2;10;0;4;1;40;38;0;0;0
26;5;8;11;0;3;1;4;0;38;38;0;0;0
21;2;11;9;4;5;1;4;1;50;38;1;0;0
45;2;15;10;2;2;0;4;1;40;38;0;0;1
29;2;8;11;4;0;3;4;0;40;38;0;0;0
72;1;10;16;2;3;0;4;1;40;38;0;1;0
51;2;0;6;3;2;2;4;1;40;38;0;0;0
21;2;6;5;3;5;3;4;1;40;38;0;0;0
38;2;15;10;0;11;4;2;0;40;38;0;0;0
38;2;9;13;2;9;5;4;0;40;38;0;0;1
46;2;12;14;2;9;0;4;1;41;38;0;0;0
31;4;9;13;0;3;4;4;1;60;38;0;0;1
68;1;0;6;5;7;1;2;0;90;38;0;0;0
21;2;11;9;4;11;3;4;1;40;38;0;0;0
44;2;9;13;2;9;0;4;1;3;38;0;0;0
56;0;10;16;2;9;0;4;1;40;38;0;0;1
36;2;11;9;2;2;0;4;1;40;38;1;0;1
21;2;11;9;4;0;1;4;0;25;38;0;0;0
21;2;15;10;4;10;1;2;0;40;38;1;0;1
52;1;15;10;2;2;0;4;1;40;38;0;0;0
56;3;10;16;2;9;0;4;1;70;38;1;0;1
52;2;9;13;6;7;1;4;0;20;38;0;1;1
51;4;9;13;2;3;0;4;1;25;38;0;0;0
29;2;11;9;0;6;4;4;1;40;38;0;0;0
36;2;15;10;4;2;1;2;1;55;38;0;0;0
29;2;11;9;2;4;0;4;1;55;38;0;0;0
21;2;11;9;4;11;3;4;0;30;38;0;0;0
58;2;3;2;2;4;0;4;1;40;38;0;0;0
37;2;11;9;4;6;1;4;1;40;38;0;0;0
50;2;15;10;0;2;1;2;0;45;38;0;0;0
30;2;11;9;4;5;1;4;1;50;10;0;0;0
29;2;11;9;4;4;3;2;1;30;38;0;0;0
48;4;11;9;2;2;0;4;1;40;38;0;0;0
50;4;5;4;2;4;0;4;1;40;38;0;0;0
39;2;7;12;2;0;5;4;0;25;38;0;0;1
35;0;14;15;2;9;0;4;1;55;38;0;0;0
54;2;11;9;2;12;0;4;1;25;38;1;0;1
24;2;11;9;2;7;5;4;0;25;38;0;0;0
20;2;11;9;4;5;2;4;1;45;38;0;0;0
30;4;15;10;2;11;0;0;1;55;38;0;0;1
19;4;11;9;4;0;3;1;0;30;38;0;0;0
26;2;11;9;4;11;1;2;1;40;38;0;0;0
38;2;11;9;2;11;0;4;1;99;38;0;1;1
25;2;15;10;4;7;1;4;0;40;38;0;0;0
33;2;15;10;0;2;4;4;1;50;38;0;0;0
60;1;9;13;2;9;0;4;1;40;38;1;0;1
30;2;15;10;4;5;1;4;1;40;38;0;0;0
30;2;9;13;4;9;1;4;1;40;38;0;0;0
19;2;5;4;4;7;1;4;0;40;38;0;0;0
23;2;11;9;4;2;3;4;1;40;38;0;0;0
27;2;15;10;2;9;0;4;1;40;38;0;0;1
39;5;7;12;2;10;0;4;1;52;38;0;0;0
33;2;5;4;2;4;0;4;1;45;25;0;0;0
65;2;11;9;2;4;0;4;1;24;38;0;0;0
34;2;9;13;2;3;0;4;1;50;38;0;0;1
20;2;11;9;4;11;3;4;0;25;25;0;0;0
25;2;0;6;4;2;3;4;1;40;38;0;0;0
28;2;9;13;4;3;1;4;0;50;38;0;1;1
31;2;1;7;4;5;3;4;1;25;38;0;0;0
28;5;9;13;4;9;3;4;1;40;38;1;0;0
37;2;11;9;0;7;1;4;0;40;38;0;0;0
52;2;15;10;2;3;0;4;1;50;38;0;1;1
66;0;8;11;6;7;4;2;0;40;38;1;0;0
31;2;11;9;4;7;1;4;1;40;38;0;0;0
37;2;9;13;2;3;0;4;1;50;38;0;0;1
45;0;9;13;2;0;0;4;1;45;38;1;0;0
45;2;7;12;0;3;4;4;1;40;38;0;0;0
44;2;11;9;2;11;0;4;1;60;38;0;0;0
32;1;9;13;0;9;1;4;1;40;38;0;0;0
35;2;11;9;2;6;0;4;1;60;38;0;0;1
53;2;1;7;0;13;1;4;1;40;1;0;0;0
54;2;15;10;2;2;0;4;1;40;10;1;0;1
43;2;8;11;2;2;0;4;1;40;38;0;0;0
30;2;15;10;4;2;4;4;1;40;38;0;0;0
49;2;15;10;0;3;1;4;1;50;38;1;0;0
52;2;10;16;2;3;0;4;1;57;38;0;0;1
20;2;15;10;4;0;3;4;0;4;38;0;0;0
60;0;11;9;2;12;0;4;1;40;38;0;1;1
45;2;7;12;0;6;3;4;1;40;38;0;0;0
48;2;9;13;2;3;0;4;1;60;38;1;0;1
28;2;9;13;2;11;0;4;1;60;38;0;0;1
48;1;15;10;2;3;0;4;1;40;38;0;0;0
32;2;15;10;2;12;0;4;1;45;38;0;0;0
27;4;11;9;4;2;1;4;1;30;38;0;0;0
38;2;9;13;2;7;0;4;1;35;25;0;0;0
33;2;4;3;3;13;4;3;1;20;7;0;0;0
43;2;12;14;0;3;1;4;0;50;38;0;0;1
36;2;11;9;5;13;2;4;1;60;25;0;0;0
38;2;1;7;2;13;0;4;1;40;38;0;0;0
24;1;11;9;4;12;1;4;0;40;38;0;0;0
22;2;0;6;4;2;3;4;1;40;38;0;0;0
30;2;9;13;4;7;1;4;1;40;38;0;0;0
46;4;14;15;2;3;0;4;1;55;38;1;0;1
39;5;11;9;2;10;0;4;1;50;38;0;0;0
50;2;11;9;2;6;0;4;1;40;38;0;1;0
34;2;8;11;3;0;4;4;0;40;38;0;1;0
47;5;9;13;2;9;0;4;1;60;38;0;0;1
46;2;11;9;2;11;0;4;1;40;38;0;0;0
43;2;15;10;0;12;3;4;0;72;38;0;1;0
45;2;11;9;0;6;4;4;1;40;38;0;0;0
55;2;9;13;2;2;2;4;1;40;38;0;0;0
68;2;11;9;2;2;0;4;1;8;38;0;0;0
39;2;8;11;2;6;0;4;1;40;38;0;0;0
39;2;11;9;0;4;1;4;0;40;38;0;0;0
37;2;9;13;4;2;1;4;1;40;38;0;0;0
19;2;15;10;4;13;3;4;1;40;38;0;0;0
20;2;1;7;4;2;3;4;1;20;38;0;0;0
33;2;15;10;2;2;0;4;1;40;38;0;0;0
21;2;11;9;4;7;1;4;1;35;38;0;0;0
58;1;12;14;6;9;4;4;1;35;38;0;0;1
43;3;11;9;4;3;1;2;1;55;38;0;0;0
62;2;1;7;5;7;1;2;0;21;38;0;0;0
21;2;15;10;4;4;3;4;1;20;38;0;0;0
26;2;15;10;2;3;0;4;1;60;38;0;0;0
27;2;6;5;2;2;0;4;1;40;38;0;0;0
34;2;15;10;2;9;0;4;1;38;38;0;1;1
49;1;11;9;0;7;4;4;0;40;38;0;0;0
28;2;11;9;4;9;2;4;0;40;38;0;0;0
34;4;9;13;2;9;0;2;1;48;38;0;1;1
29;2;15;10;2;0;5;4;0;40;38;0;0;1
58;2;0;6;2;13;0;4;1;50;38;0;0;1
45;3;11;9;0;3;1;4;0;40;38;0;0;0
47;4;9;13;4;2;1;4;0;40;38;0;0;0
53;2;11;9;2;2;0;4;1;40;38;0;0;1
52;1;0;6;2;2;0;4;1;40;38;1;0;0
47;2;1;7;0;7;4;4;0;15;38;0;0;0
36;1;9;13;2;9;0;4;1;40;38;0;1;1
48;2;9;13;2;3;0;4;1;65;38;1;0;1
35;2;15;10;2;3;0;4;1;40;38;0;0;1
49;2;9;13;2;3;0;4;1;50;38;0;1;1
43;2;15;10;2;13;0;4;1;45;38;0;0;0
33;2;9;13;2;3;0;4;1;50;10;0;0;1
49;1;7;12;2;0;0;4;1;40;38;0;0;0
17;2;0;6;4;7;1;4;1;20;7;0;0;0
25;2;9;13;4;12;1;4;1;40;38;0;0;0
41;4;8;11;0;11;1;4;1;60;38;0;0;0
31;2;9;13;2;0;0;4;1;40;38;0;0;1
57;2;12;14;0;3;4;4;1;40;38;0;0;1
49;2;15;10;2;9;0;4;1;44;38;0;1;1
40;2;9;13;2;9;0;4;1;40;38;0;0;1
55;2;8;11;2;9;0;4;1;50;10;0;1;1
47;2;15;10;0;3;1;4;1;60;38;0;0;0
50;2;2;8;0;13;1;4;1;40;38;0;0;0
36;2;9;13;4;9;3;4;1;50;38;0;0;0
17;2;1;7;4;5;3;4;1;25;38;0;0;0
30;1;11;9;2;10;0;4;1;40;38;0;0;1
42;2;11;9;2;6;0;4;1;40;38;0;0;1
67;4;11;9;2;4;0;4;1;50;38;0;0;0
36;2;11;9;2;6;0;4;1;45;38;0;0;1
35;2;12;14;2;3;0;4;1;50;38;0;0;1
27;2;9;13;4;9;1;4;0;40;38;0;0;0
21;2;5;4;4;6;3;4;1;40;38;0;0;0
46;2;11;9;2;9;0;4;1;40;38;0;0;0
45;2;9;13;2;11;0;4;1;45;38;0;1;1
20;2;1;7;4;12;2;4;1;40;38;0;0;0
17;2;1;7;4;7;3;4;1;20;38;0;0;0
40;2;15;10;0;7;1;2;1;50;38;1;0;1
28;2;9;13;2;3;0;4;1;40;38;0;0;1
33;2;1;7;4;2;3;4;1;40;38;0;0;0
55;2;11;9;0;11;1;4;0;40;38;0;0;0
55;4;15;10;2;2;0;4;1;50;38;0;0;0
47;2;11;9;5;2;4;2;0;40;38;0;0;0
52;3;12;14;2;9;0;4;1;60;38;1;0;1
29;2;15;10;4;11;4;4;0;40;38;0;0;0
36;2;4;3;4;7;1;4;1;35;38;0;0;0
37;2;9;13;5;7;1;4;1;70;8;0;0;0
41;0;11;9;4;0;1;4;0;40;38;0;1;0
43;2;15;10;2;6;0;4;1;48;38;0;0;1
24;2;5;4;2;4;0;4;1;50;38;1;0;0
39;0;9;13;4;9;1;4;0;60;38;0;0;0
47;4;9;13;2;3;0;4;1;50;38;0;0;0
42;2;11;9;0;3;4;4;0;45;38;0;0;0
39;2;11;9;4;2;3;4;1;42;38;0;1;1
48;1;9;13;0;9;4;4;0;60;38;0;0;0
47;1;12;14;2;3;0;2;1;50;38;0;1;1
27;2;0;6;2;5;0;4;1;40;38;0;0;0
29;2;11;9;2;2;0;4;1;40;6;0;0;0
22;2;8;11;4;7;1;4;0;30;38;0;0;0
37;5;11;9;5;2;1;4;1;44;38;0;0;0
38;2;9;13;2;3;0;4;1;60;38;0;0;0
32;2;13;1;2;6;5;1;0;40;0;1;0;0
48;1;12;14;0;9;4;4;0;80;38;0;0;0
46;4;11;9;2;3;5;4;0;50;38;0;0;0
51;2;11;9;4;7;1;2;0;38;38;0;0;0
28;3;9;13;2;3;0;4;1;55;38;1;0;0
35;2;11;9;2;0;0;4;1;40;38;0;0;0
18;2;1;7;4;2;3;4;1;30;38;0;0;0
45;2;11;9;5;2;4;2;0;40;38;0;0;0
36;4;11;9;4;13;3;4;1;40;38;0;0;0
73;2;15;10;6;8;4;4;0;10;38;0;0;0
52;2;9;13;2;3;0;4;1;40;38;0;0;0
17;2;0;6;4;7;3;4;0;40;38;0;0;0
29;0;8;11;2;2;0;4;1;40;38;0;0;1
20;2;15;10;4;4;3;4;1;10;38;0;0;0
42;2;11;9;2;2;0;4;1;40;38;1;0;1
37;2;15;10;5;7;2;4;0;40;38;0;0;0
40;2;11;9;2;13;0;4;1;40;38;0;0;0
32;2;7;12;2;0;0;4;1;45;38;0;0;1
29;2;12;14;2;9;0;4;1;55;38;0;0;1
20;2;15;10;4;6;3;4;0;40;38;0;0;0
26;2;1;7;2;0;0;4;1;40;38;0;0;1
25;2;9;13;4;9;1;4;1;30;38;1;0;0
37;2;11;9;2;12;0;4;1;80;38;0;0;1
26;2;15;10;2;2;0;4;1;40;32;0;0;0
24;2;11;9;4;11;3;4;0;30;38;0;0;0
33;2;11;9;2;7;3;4;0;25;38;0;0;0
23;2;11;9;4;2;3;0;1;40;38;0;0;0
36;2;15;10;4;11;1;4;1;50;38;0;0;0
37;2;9;13;6;9;1;4;0;50;38;0;0;0
24;2;8;11;4;6;3;4;1;35;38;0;0;0
38;2;7;12;2;2;0;4;1;50;38;0;0;1
50;2;9;13;0;9;4;4;0;45;38;0;0;0
44;2;1;7;2;0;0;4;1;40;38;0;0;1
46;2;11;9;2;6;0;4;1;40;38;0;1;1
57;2;15;10;4;2;1;2;0;40;38;0;0;0
37;2;11;9;2;2;0;4;1;70;38;0;0;0
44;2;11;9;0;6;1;4;1;55;38;0;0;0
21;2;15;10;4;7;3;4;0;30;38;0;0;0
31;2;11;9;2;2;0;4;1;40;38;0;0;1
32;2;8;11;2;9;0;4;1;42;38;1;0;1
45;2;11;9;3;7;4;2;0;60;38;0;0;1
20;1;11;9;4;5;3;4;1;40;38;0;0;0
52;2;11;9;5;8;1;4;0;50;38;0;0;0
47;4;11;9;2;3;0;4;1;25;38;0;0;0
41;2;15;10;2;0;5;4;0;40;38;0;0;0
40;2;15;10;2;11;0;4;1;60;38;0;0;1
41;5;9;13;2;9;5;4;0;40;38;0;0;1
46;2;9;13;2;3;0;4;1;50;38;0;1;1
49;2;11;9;2;6;5;4;0;40;38;0;0;0
50;2;11;9;2;6;2;1;0;40;2;0;0;0
59;2;11;9;2;13;0;4;1;40;38;0;0;1
18;2;15;10;4;0;3;4;0;25;38;0;0;0
47;1;12;14;2;9;0;4;1;45;38;1;0;1
45;2;11;9;2;6;0;4;1;45;38;0;0;1
17;2;1;7;4;11;3;4;0;40;38;0;0;0
45;3;11;9;2;11;0;4;1;32;38;0;0;1
73;2;1;7;2;6;0;4;1;40;38;0;0;0
48;2;0;6;2;6;0;2;1;40;38;0;0;0
38;5;7;12;4;3;1;4;1;60;38;0;0;0
37;0;11;9;2;0;0;4;1;50;38;0;0;1
62;3;11;9;2;3;0;2;1;72;38;1;0;1
26;2;11;9;4;0;1;2;1;40;38;0;0;0
46;3;12;14;2;3;5;4;0;50;38;0;0;1
46;2;12;14;2;12;0;4;1;40;38;0;1;1
51;2;11;9;0;0;4;4;0;24;38;1;0;1
54;0;15;10;0;0;1;4;0;40;38;0;0;0
65;2;15;10;2;3;0;4;1;40;38;0;0;0
29;2;7;12;2;2;0;4;1;45;38;0;0;0
37;2;11;9;2;7;0;4;1;40;38;0;0;0
36;4;10;16;5;9;4;4;0;10;1;0;0;0
60;4;11;9;0;2;1;4;1;50;38;0;0;1
33;2;9;13;4;5;1;4;1;40;38;0;1;0
62;2;11;9;6;0;1;4;0;20;10;0;0;0
20;2;11;9;4;0;1;4;0;40;38;0;0;0
37;2;11;9;4;12;1;4;0;35;38;1;0;1
66;2;12;14;2;9;0;4;1;20;38;1;0;0
29;5;15;10;2;0;0;4;1;40;38;0;0;0
70;3;15;10;2;11;0;4;1;40;38;1;0;0
74;2;11;9;2;7;0;4;1;15;38;0;0;0
51;4;11;9;2;2;0;4;1;40;38;0;0;0
50;2;15;10;2;13;0;4;1;50;38;0;0;0
42;2;11;9;4;11;1;4;1;60;38;0;0;1
26;2;9;13;4;9;1;4;1;70;38;0;0;0
27;1;15;10;4;10;1;4;1;40;38;0;1;1
58;4;11;9;0;3;1;4;1;70;38;0;0;0
32;2;9;13;4;9;1;4;1;50;38;0;1;0
66;3;11;9;2;11;0;4;1;10;38;0;1;1
23;2;15;10;4;11;3;4;1;45;38;0;0;0
35;2;11;9;2;6;0;4;1;44;38;0;0;0
50;2;9;13;2;2;0;4;1;50;38;0;0;0
35;2;11;9;0;2;4;4;0;48;38;0;0;0
31;2;11;9;4;0;1;4;0;50;38;0;0;0
30;2;1;7;4;5;3;4;1;49;38;0;0;0
84;3;15;10;2;11;0;4;1;35;38;0;0;1
35;4;11;9;4;2;1;2;1;40;38;0;0;0
45;4;8;11;2;4;0;4;1;50;38;0;0;1
46;2;11;9;4;2;3;4;1;40;38;0;0;0
50;1;15;10;2;4;0;4;1;40;25;0;0;0
37;2;1;7;4;6;1;4;1;40;38;0;0;0
32;2;11;9;0;7;3;4;0;40;38;0;0;0
53;3;9;13;2;3;0;4;1;48;38;0;1;1
27;0;15;10;2;12;0;4;1;40;38;0;0;1
22;2;11;9;2;13;0;4;1;40;38;0;0;0
29;2;9;13;2;12;0;4;1;40;38;0;0;0
35;2;11;9;2;11;0;4;1;44;38;0;0;0
38;2;15;10;2;5;5;4;0;35;38;0;0;0
29;2;5;4;2;4;0;4;1;40;38;0;0;0
26;2;15;10;4;5;2;1;1;44;29;0;0;0
34;2;14;15;4;9;1;1;0;40;38;0;0;0
31;2;8;11;2;2;0;4;1;40;38;0;0;1
30;2;15;10;2;2;0;4;1;40;38;0;1;0
20;2;15;10;4;7;3;4;1;40;38;0;0;0
37;2;12;14;0;9;4;4;1;48;38;0;0;0
32;2;11;9;2;0;5;4;0;20;38;0;0;0
36;2;7;12;0;11;4;4;0;40;38;0;0;0
54;2;12;14;2;9;0;1;1;40;18;1;0;1
46;4;15;10;0;3;4;4;0;50;38;0;0;0
18;2;11;9;4;11;3;0;0;20;38;0;0;0
57;2;15;10;2;10;0;4;1;50;38;0;0;0
37;2;11;9;2;5;0;4;1;40;38;0;0;0
43;2;11;9;2;2;0;4;1;40;38;0;0;1
45;2;11;9;4;3;1;2;0;40;38;0;0;0
32;2;15;10;0;0;4;4;0;40;38;0;0;0
38;0;11;9;2;0;0;4;1;40;38;0;0;0
25;2;7;12;4;12;1;4;0;30;38;0;1;0
70;2;15;10;0;4;1;1;1;40;39;0;0;0
40;2;15;10;2;6;0;4;1;50;38;0;0;1
40;4;11;9;0;2;1;4;1;40;38;0;0;0
20;2;11;9;4;2;4;4;1;40;38;0;0;0
29;2;11;9;2;3;0;4;1;40;38;0;0;1
24;2;8;11;4;2;1;4;1;55;38;0;0;0
28;2;8;11;4;3;3;2;0;40;38;0;0;0
58;2;0;6;0;13;1;2;1;50;38;0;0;0
38;2;9;13;0;0;4;1;0;40;29;0;1;0
59;4;15;10;6;4;1;4;0;40;38;1;0;0
18;2;1;7;4;0;3;4;0;15;38;0;0;0
40;2;11;9;2;6;0;4;1;40;38;0;0;0
39;3;12;14;2;3;0;4;1;50;38;0;0;0
45;2;11;9;3;2;1;4;1;72;25;0;0;0
24;5;11;9;4;0;4;2;0;20;38;0;0;0
22;2;15;10;4;0;3;2;1;30;5;0;0;0
23;2;9;13;2;3;0;4;1;40;38;0;0;0
39;4;15;10;5;2;1;4;1;60;38;0;0;1
28;2;8;11;4;12;3;4;0;38;38;0;0;0
51;2;1;7;2;11;0;4;1;30;38;1;0;1
44;2;9;13;4;0;3;4;0;37;38;0;0;0
24;2;11;9;2;4;0;2;1;35;38;0;0;0
24;2;1;7;2;11;0;4;1;40;38;0;0;0
52;2;3;2;2;2;0;3;1;50;32;0;0;0
43;2;11;9;4;5;1;4;1;40;38;0;0;0
67;3;2;8;2;3;0;4;1;20;38;0;0;0
36;2;11;9;2;2;0;4;1;50;38;1;0;1
43;2;7;12;2;13;0;4;1;40;38;0;0;0
31;2;5;4;0;5;2;4;1;70;38;0;0;0
23;2;15;10;4;0;3;2;1;20;13;0;0;0
26;2;9;13;4;5;3;4;1;40;38;0;0;0
48;2;15;10;2;9;0;4;1;40;38;0;0;0
40;2;15;10;2;2;0;4;1;44;38;0;0;0
55;1;14;15;0;9;1;4;0;39;38;0;0;0
49;2;11;9;2;2;0;4;1;45;38;0;0;1
34;2;9;13;4;7;1;4;0;15;38;0;0;0
29;2;11;9;4;0;3;2;0;60;38;0;0;0
50;2;9;13;0;0;1;4;0;8;38;0;0;0
19;2;15;10;4;11;3;4;0;9;38;0;0;0
63;5;10;16;2;3;0;4;1;50;38;0;1;1
66;2;9;13;2;2;0;1;1;30;29;0;0;0
60;2;8;11;0;7;1;4;1;20;38;0;0;0
60;2;11;9;0;7;4;4;0;38;38;0;0;0
19;2;11;9;4;12;3;4;1;40;38;0;0;0
26;3;11;9;2;3;0;4;1;60;38;0;0;0
75;4;15;10;2;2;0;2;1;40;38;0;1;0
58;5;15;10;6;9;1;4;0;20;38;0;0;0
18;4;15;10;4;3;1;4;0;50;38;0;0;0
65;2;7;12;2;3;0;4;1;40;38;1;0;0
50;4;11;9;2;3;0;4;1;40;38;0;1;1
26;2;15;10;4;7;3;4;1;40;38;0;0;0
45;0;12;14;2;11;0;4;1;50;38;0;0;1
29;0;11;9;2;12;0;4;1;40;38;0;0;1
52;2;15;10;2;11;5;4;0;52;1;0;0;1
23;2;9;13;4;3;3;4;0;40;38;0;0;0
21;2;11;9;4;7;3;4;1;40;38;0;0;0
48;1;11;9;4;3;3;4;0;40;38;0;0;0
50;2;9;13;2;3;0;4;1;40;38;0;0;1
41;5;9;13;4;10;1;2;1;40;32;0;1;0
32;2;11;9;0;11;4;2;0;30;38;0;0;0
40;2;11;9;2;4;0;2;1;40;38;0;0;0
19;2;11;9;4;5;1;4;1;30;38;0;0;0
42;5;11;9;5;0;4;4;1;39;38;0;0;0
23;2;9;13;4;0;3;4;0;50;38;0;0;0
37;4;11;9;0;4;1;4;1;40;38;1;0;1
21;2;1;7;4;9;1;4;0;24;38;0;0;0
28;2;9;13;2;12;0;4;1;40;38;0;0;1
20;2;15;10;4;11;3;4;1;25;38;0;0;0
21;2;1;7;4;2;1;4;1;35;38;0;0;0
21;2;15;10;4;7;2;4;1;16;38;0;0;0
45;4;9;13;4;9;1;4;1;40;38;0;0;0
49;3;11;9;2;2;0;4;1;40;38;0;0;0
53;3;15;10;0;11;1;4;1;50;4;1;0;1
41;2;11;9;0;6;3;4;1;40;38;0;0;0
48;1;9;13;3;0;4;1;0;40;29;0;0;0
34;2;15;10;5;3;4;4;0;40;38;0;0;0
24;2;11;9;4;0;3;4;0;40;38;0;0;0
58;5;11;9;4;0;1;4;0;16;38;0;0;0
41;2;9;13;2;11;0;4;1;50;38;0;0;1
53;2;13;1;2;7;0;4;1;40;25;0;0;0
40;2;11;9;2;2;0;2;1;40;38;0;0;0
28;4;15;10;2;2;0;4;1;40;38;1;0;1
32;2;15;10;2;11;0;4;1;47;38;0;1;0
44;3;15;10;4;3;1;2;1;45;38;1;0;0
18;2;1;7;4;7;2;4;0;40;38;0;0;0
37;5;11;9;5;7;4;4;0;40;38;0;0;0
43;2;7;12;4;0;1;2;0;45;38;0;0;0
22;2;11;9;4;7;3;4;0;40;38;0;0;0
28;2;0;6;4;5;2;2;1;40;38;0;0;0
51;2;15;10;0;3;4;4;0;40;38;0;0;0
63;2;11;9;0;9;1;4;0;72;38;0;0;0
29;2;15;10;2;10;0;4;1;45;38;0;0;0
44;2;9;13;2;3;0;4;1;48;38;1;0;1
44;2;5;4;5;7;4;4;0;38;28;0;0;0
37;5;15;10;2;7;0;4;1;40;38;0;0;0
62;0;11;9;2;0;0;2;1;40;38;0;0;0
31;2;11;9;2;2;0;4;1;52;38;0;0;0
20;2;11;9;4;5;3;4;1;30;38;0;0;0
48;2;0;6;0;6;4;4;0;32;38;0;1;0
24;4;15;10;4;7;1;4;0;50;38;0;0;0
56;5;9;13;2;3;0;4;1;40;38;0;0;0
36;0;15;10;2;0;0;4;1;35;38;0;0;0
29;2;11;9;4;2;3;4;1;40;38;0;0;0
34;2;14;15;4;12;1;1;1;40;18;0;1;1
39;2;15;10;4;2;3;2;1;40;38;0;0;0
29;2;15;10;4;5;1;2;1;45;38;0;0;0
38;3;11;9;2;3;0;4;1;65;38;0;0;0
23;2;6;5;4;7;3;1;1;20;29;0;0;0
37;2;11;9;2;7;0;4;1;40;12;0;0;0
30;4;15;10;0;7;4;4;0;30;38;0;0;0
42;2;7;12;2;12;0;4;1;40;38;0;0;0
59;1;11;9;6;7;1;4;0;19;38;0;1;0
45;2;11;9;2;5;0;2;1;40;38;1;0;1
46;2;15;10;2;11;0;4;1;40;38;0;0;0
25;2;12;14;4;9;1;4;0;37;38;1;0;0
41;3;11;9;0;2;1;4;1;55;38;0;0;0
49;2;11;9;2;13;0;4;1;50;38;0;0;1
37;2;15;10;2;7;0;4;1;40;38;0;0;0
31;2;11;9;4;2;1;4;1;45;38;0;0;0
22;2;7;12;2;3;0;1;1;6;38;0;0;0
22;2;11;9;0;11;3;4;0;33;38;0;0;0
17;2;1;7;4;8;3;4;0;20;38;0;0;0
47;2;10;16;2;9;0;4;1;50;38;0;0;1
17;2;0;6;4;7;2;4;1;15;38;0;0;0
39;2;4;3;2;5;0;4;1;40;25;0;0;0
23;2;15;10;4;0;3;4;1;20;38;0;0;0
41;2;9;13;2;9;0;4;1;40;38;0;0;1
36;0;12;14;2;9;0;4;1;45;38;0;0;1
52;2;9;13;2;9;0;4;1;40;38;0;1;1
21;2;11;9;4;2;1;4;0;30;38;0;0;0
33;2;0;6;0;5;1;4;0;36;38;0;0;0
41;2;11;9;4;2;1;4;1;44;38;0;0;0
19;2;11;9;4;11;3;4;0;35;38;0;0;0
38;0;11;9;4;0;1;4;1;45;38;0;0;1
24;2;15;10;4;2;1;4;1;40;38;0;0;0
38;2;9;13;0;11;4;4;0;40;38;1;0;0
39;5;9;13;2;9;0;4;1;45;38;0;0;1
19;2;15;10;4;11;3;4;0;15;38;0;0;0
42;2;15;10;2;0;5;4;0;40;38;0;0;0
29;2;15;10;2;5;0;4;1;40;38;0;0;0
17;2;2;8;4;5;3;4;1;20;38;0;0;0
47;1;9;13;2;2;0;4;1;50;38;0;0;1
24;2;15;10;0;0;1;4;0;60;38;0;0;0
61;0;15;10;2;3;0;4;1;40;38;0;0;1
40;4;15;10;2;2;0;4;1;60;38;0;0;0
59;2;11;9;2;9;5;2;0;38;22;0;0;0
29;2;15;10;0;12;1;4;1;55;38;0;0;0
26;2;11;9;5;7;1;4;1;40;38;0;0;0
46;2;11;9;2;13;0;4;1;40;38;0;0;1
56;0;11;9;2;0;0;4;1;40;38;0;0;1
25;2;9;13;4;0;1;4;0;40;38;0;0;0
17;2;2;8;4;11;3;4;0;18;38;0;0;0
29;2;8;11;4;3;1;2;0;40;38;0;0;0
23;2;4;3;4;5;4;4;1;30;38;0;0;0
67;2;11;9;4;3;1;4;0;35;38;0;0;0
29;2;12;14;4;9;1;4;0;50;38;0;0;0
33;2;7;12;0;0;1;4;0;40;38;0;1;0
32;2;11;9;4;13;3;4;1;40;38;0;0;0
34;2;15;10;2;7;0;4;1;62;25;0;0;0
49;2;11;9;2;6;0;4;1;40;38;0;0;0
39;2;11;9;0;7;1;4;1;40;38;0;0;0
41;2;9;13;4;2;1;4;1;40;38;0;0;0
31;2;15;10;0;0;4;4;0;38;38;0;0;0
47;0;10;16;2;9;0;4;1;40;38;0;0;1
27;2;11;9;4;6;2;4;1;1;38;0;0;0
23;2;1;7;2;13;0;4;1;25;38;1;0;0
44;2;5;4;2;13;0;4;1;80;38;0;0;1
25;2;7;12;2;3;0;4;1;45;38;0;0;0
23;2;15;10;4;0;3;4;0;16;38;0;0;0
52;2;11;9;2;2;0;4;1;50;38;0;0;1
62;0;11;9;6;3;1;4;0;36;38;0;0;0
31;2;9;13;4;9;1;4;0;40;38;0;0;0
19;2;1;7;2;2;0;4;1;60;38;0;0;0
53;2;15;10;2;2;0;4;1;40;12;0;0;0
25;2;11;9;4;2;1;4;0;40;38;0;0;0
45;2;11;9;4;13;1;4;1;40;38;0;0;0
69;2;6;5;4;2;2;4;1;40;38;1;0;0
49;2;11;9;2;2;0;4;1;40;38;0;0;1
42;2;9;13;2;9;5;1;0;27;35;0;0;1
44;4;11;9;2;4;0;4;1;40;38;0;0;1
56;1;15;10;2;2;0;4;1;41;38;0;0;1
37;5;11;9;2;6;0;4;1;40;38;0;0;1
37;2;9;13;2;3;0;4;1;45;38;0;0;1
22;2;15;10;4;7;1;4;0;40;38;0;0;0
34;1;9;13;2;9;0;4;1;40;38;0;0;1
36;2;11;9;4;6;1;4;1;40;38;0;0;0
28;1;15;10;2;3;0;4;1;65;38;0;0;0
28;2;9;13;2;9;0;4;1;50;38;0;0;0
73;1;4;3;2;10;0;4;1;20;38;0;0;0
37;4;11;9;2;4;0;4;1;60;38;0;0;0
24;2;9;13;4;3;3;2;0;65;38;0;0;0
30;5;11;9;1;0;3;4;0;38;38;0;0;0
38;2;8;11;2;7;0;4;1;40;38;0;0;0
50;2;15;10;2;0;0;1;1;40;29;0;0;1
43;2;14;15;3;9;1;4;1;40;38;1;0;1
42;2;11;9;2;5;0;2;1;40;38;0;0;0
54;5;15;10;0;0;1;4;0;38;38;0;0;0
27;5;7;12;4;3;1;4;0;58;38;0;0;0
39;2;15;10;0;11;1;4;1;45;38;0;0;0
27;2;15;10;4;0;1;2;0;40;22;0;0;0
30;2;11;9;2;5;0;4;1;66;38;0;0;0
30;2;11;9;2;13;0;4;1;40;38;0;1;0
37;2;15;10;2;2;0;4;1;40;38;0;0;0
50;0;9;13;0;9;1;4;1;60;38;0;0;1
36;2;15;10;0;2;4;4;0;40;4;0;0;0
22;2;15;10;4;5;3;2;1;10;38;0;0;0
21;2;15;10;4;2;1;4;1;40;38;0;0;0
33;2;9;13;2;0;0;4;1;42;38;0;1;0
76;2;5;4;6;7;1;4;0;25;38;0;0;0
37;2;9;13;2;0;0;4;1;40;38;0;0;0
34;2;15;10;2;11;0;4;1;60;38;0;0;0
29;2;11;9;2;4;0;4;1;97;38;0;0;0
29;2;11;9;2;13;0;4;1;40;38;0;0;0
28;2;9;13;2;11;0;4;1;40;38;0;0;0
73;4;15;10;2;3;0;4;1;35;38;0;0;0
43;2;15;10;0;3;1;2;0;40;38;0;0;0
39;2;15;10;2;2;0;4;1;40;38;0;0;0
74;2;0;6;6;7;1;2;0;6;38;0;0;0
27;5;9;13;4;9;1;4;1;30;38;0;0;0
47;2;11;9;2;13;0;4;1;60;38;0;0;0
90;2;11;9;4;7;3;4;0;24;38;0;0;0
47;2;9;13;2;9;0;4;1;60;38;0;0;1
42;2;9;13;2;3;0;4;1;40;38;0;0;1
69;2;9;13;0;5;1;4;1;40;38;0;0;0
23;2;9;13;4;12;1;4;0;20;38;0;0;0
44;1;11;9;2;9;0;4;1;30;38;0;0;0
41;2;11;9;2;11;0;4;1;40;38;1;0;0
47;1;15;10;4;0;1;2;1;40;38;0;0;0
43;2;9;13;2;3;0;2;1;40;38;1;0;1
33;2;15;10;4;7;1;2;1;40;38;0;0;0
48;2;1;7;4;7;1;4;0;30;38;0;0;0
39;2;9;13;0;11;4;4;1;60;38;0;0;0
43;2;12;14;0;3;4;4;0;40;38;0;1;1
52;2;11;9;6;8;2;4;0;40;38;0;0;0
18;2;11;9;4;11;3;4;0;20;38;0;0;0
27;3;11;9;4;11;3;4;1;45;38;0;0;0
27;3;9;13;2;3;0;4;1;45;38;0;1;1
45;1;11;9;4;0;1;4;0;40;38;0;0;0
24;2;8;11;2;7;0;4;1;20;38;0;0;0
25;2;15;10;3;11;4;4;0;40;38;0;0;0
42;4;0;6;6;13;4;4;1;35;38;0;0;0
63;4;5;4;2;2;0;4;1;40;38;0;0;0
40;2;11;9;2;0;5;4;0;46;38;0;0;1
47;2;14;15;2;3;0;4;1;60;38;1;0;1
42;2;11;9;2;2;0;4;1;50;38;0;0;1
42;2;15;10;0;3;4;4;0;45;38;0;0;0
63;1;9;13;2;9;0;4;1;40;38;0;0;1
37;1;9;13;0;9;4;4;0;55;38;0;0;0
65;2;11;9;2;0;0;4;1;20;38;0;0;0
62;2;9;13;2;2;0;4;1;50;38;1;0;1
46;2;11;9;0;2;1;0;1;40;38;0;0;0
23;2;11;9;4;11;2;2;0;25;22;0;0;0
47;1;9;13;2;9;5;4;0;45;38;0;0;0
20;2;15;10;4;7;3;4;1;20;38;0;0;0
28;2;11;9;4;5;3;4;1;40;38;0;0;0
61;1;11;9;2;7;0;4;1;40;38;0;0;0
30;5;11;9;2;7;5;4;0;72;38;0;0;0
30;5;9;13;2;10;0;4;1;72;38;0;0;1
29;2;9;13;4;11;1;4;1;50;38;0;0;1
39;2;11;9;6;6;4;2;0;40;38;0;0;0
23;2;1;7;0;7;4;4;0;35;38;0;0;0
32;2;1;7;4;8;4;2;0;40;38;0;0;0
63;2;11;9;6;7;1;4;0;34;38;0;0;0
19;4;15;10;4;2;1;4;0;15;38;0;0;0
57;5;10;16;0;9;1;4;1;60;38;0;0;1
41;2;9;13;2;2;0;4;1;40;38;0;0;1
23;2;8;11;4;11;3;4;1;40;38;0;0;0
30;2;10;16;4;9;3;4;1;20;38;0;0;0
43;3;7;12;2;3;0;4;1;50;38;0;0;0
64;4;5;4;2;7;0;4;1;25;38;0;0;0
56;2;4;3;5;6;1;4;1;40;38;0;0;0
32;2;11;9;2;0;0;4;1;40;38;0;0;0
55;2;11;9;2;2;0;4;1;45;38;0;0;0
17;2;1;7;4;7;3;4;0;12;38;0;0;0
17;2;0;6;4;7;3;2;1;20;38;0;0;0
29;2;15;10;2;0;5;4;0;65;38;0;0;0
37;2;11;9;0;2;1;4;1;50;38;0;0;0
39;2;11;9;0;8;4;4;0;22;38;0;0;0
36;2;9;13;2;3;5;4;0;40;38;0;0;1
50;2;9;13;0;3;1;4;1;55;38;0;0;1
31;2;15;10;4;6;1;4;0;50;38;0;0;0
56;2;15;10;6;3;1;2;0;32;38;0;0;0
51;2;15;10;2;2;0;4;1;40;38;1;0;1
20;2;15;10;5;7;3;4;0;30;38;0;0;0
53;2;9;13;0;9;1;4;1;55;38;1;0;1
33;5;12;14;4;9;1;2;0;35;38;0;0;0
27;2;15;10;2;0;5;2;0;20;38;0;1;0
40;2;15;10;2;2;0;4;1;40;38;1;0;1
45;2;15;10;0;0;4;2;0;32;38;0;0;0
54;2;8;11;2;2;0;1;1;40;39;1;0;0
33;4;11;9;5;2;2;4;1;50;38;0;0;0
36;2;0;6;4;4;3;2;1;60;38;0;0;0
42;1;12;14;2;9;0;4;1;55;38;0;0;1
33;2;15;10;4;0;3;4;0;40;38;0;0;0
52;0;9;13;2;3;0;4;1;45;38;0;0;1
41;1;12;14;2;9;5;1;0;40;35;0;0;1
30;2;15;10;2;2;0;4;1;40;38;0;0;0
22;2;15;10;4;0;3;4;1;40;38;0;0;0
47;2;9;13;2;3;0;4;1;60;38;1;0;1
26;2;4;3;4;13;1;4;1;40;3;0;0;0
36;2;1;7;5;6;1;2;1;40;38;0;0;0
35;2;11;9;5;6;4;4;1;40;38;0;0;0
46;2;15;10;2;10;0;2;1;40;38;0;0;1
24;2;9;13;4;9;3;4;0;8;38;0;0;0
30;2;8;11;2;9;0;4;1;52;38;1;0;1
38;2;11;9;0;6;3;4;1;40;38;0;0;0
50;2;11;9;0;11;4;4;0;45;38;0;0;0
41;1;15;10;0;0;4;2;0;40;38;0;0;0
38;2;11;9;2;3;0;4;1;60;38;0;0;1
36;2;9;13;4;11;1;2;1;48;38;0;0;0
47;2;11;9;2;11;0;4;1;50;38;0;0;1
59;2;15;10;2;0;2;4;0;16;38;0;0;1
59;2;10;16;2;9;0;4;1;60;38;0;0;1
52;2;15;10;2;3;0;4;1;45;38;0;0;1
37;3;8;11;2;11;0;4;1;60;38;0;0;1
52;2;9;13;3;7;2;2;0;40;13;0;0;0
51;2;7;12;2;2;0;4;1;45;38;0;0;1
67;4;9;13;2;3;0;4;1;55;38;0;0;0
68;2;0;6;6;7;4;2;0;20;38;0;0;0
71;2;6;5;0;8;1;2;0;6;38;0;0;0
49;1;12;14;2;0;0;4;1;40;38;0;0;0
35;1;11;9;2;7;0;4;1;40;38;0;0;0
18;2;11;9;4;0;3;4;1;40;38;0;0;0
29;2;0;6;2;4;5;4;0;40;38;0;0;0
47;4;9;13;2;9;0;4;1;60;38;0;0;0
31;2;6;5;4;4;1;4;1;40;32;0;0;0
22;0;15;10;4;3;1;2;1;40;38;0;0;0
20;2;15;10;4;12;1;4;0;10;38;0;0;0
57;2;11;9;0;11;1;4;0;26;38;0;0;0
18;2;15;10;4;7;3;4;0;15;38;0;0;0
32;2;11;9;2;9;0;4;1;40;38;0;0;0
39;2;11;9;0;7;3;4;1;40;38;0;0;0
37;2;9;13;0;9;1;4;0;40;38;0;0;0
51;2;11;9;2;11;0;1;1;50;0;0;0;0
48;2;15;10;2;0;0;4;1;40;38;0;0;1
39;2;11;9;2;13;0;4;1;55;38;0;0;1
35;2;9;13;2;11;0;4;1;45;38;0;0;0
40;2;4;3;2;7;0;3;1;40;25;1;0;0
19;2;11;9;4;11;3;4;1;25;38;0;0;0
28;2;11;9;0;0;1;4;1;40;38;0;0;0
23;2;15;10;4;11;1;4;0;40;38;0;1;0
18;2;15;10;4;11;3;4;1;35;38;0;0;0
23;1;9;13;4;9;1;4;1;40;38;0;0;0
47;1;1;7;2;13;0;4;1;40;7;1;0;0
42;0;9;13;0;0;3;4;1;40;38;0;0;0
25;2;15;10;4;11;3;4;1;40;38;0;0;0
17;2;0;6;4;11;3;4;0;12;38;0;0;0
34;2;9;13;4;3;1;4;0;45;38;0;0;0
29;2;7;12;4;3;3;4;1;40;38;0;0;0
22;2;15;10;2;0;5;4;0;40;38;0;0;0
46;0;11;9;4;5;1;4;1;40;38;0;0;0
69;2;11;9;2;11;0;4;1;24;38;0;0;0
50;2;11;9;2;2;0;4;1;60;38;0;0;1
45;0;15;10;2;9;0;4;1;40;38;0;0;1
41;5;12;14;4;0;1;2;0;40;38;0;0;0
47;0;9;13;0;9;4;4;1;40;38;0;0;0
64;2;1;7;6;4;4;4;0;40;38;0;0;0
29;2;15;10;2;7;0;4;1;35;38;0;0;0
29;2;14;15;0;9;3;4;0;72;38;1;0;0
17;2;1;7;4;9;3;4;0;20;38;0;0;0
24;2;11;9;4;0;4;4;1;60;38;0;0;0
28;2;11;9;2;2;0;4;1;40;38;0;0;0
35;2;11;9;4;7;1;4;1;50;38;1;0;0
48;2;9;13;2;11;0;4;1;60;38;0;0;0
36;2;8;11;4;9;4;2;0;38;38;0;0;0
38;2;8;11;4;2;1;4;0;40;31;0;0;0
49;2;11;9;0;2;1;4;1;40;38;0;1;0
42;2;12;14;2;9;0;4;1;40;38;0;0;1
36;3;8;11;2;11;0;4;1;60;38;0;0;0
25;2;0;6;4;6;1;4;0;40;3;0;0;0
41;2;12;14;2;6;0;4;1;40;38;0;0;0
35;4;11;9;2;4;0;4;1;30;38;0;0;0
32;2;8;11;0;3;1;4;0;50;38;0;0;0
41;4;12;14;2;9;0;4;1;40;38;0;0;1
48;2;15;10;2;13;0;4;1;60;38;0;0;0
56;2;11;9;2;11;5;4;0;50;38;0;0;0
47;4;15;10;2;7;0;2;1;40;38;0;0;0
30;5;11;9;4;11;4;2;0;40;38;0;0;0
51;2;1;7;2;2;0;4;1;40;38;0;0;1
22;3;9;13;4;0;3;4;1;40;34;0;0;0
49;4;9;13;2;3;0;4;1;60;38;0;0;1
26;2;11;9;2;6;0;4;1;48;38;1;0;0
35;2;9;13;3;2;4;4;1;40;38;0;0;0
34;2;15;10;4;0;1;4;1;40;38;0;0;0
51;5;11;9;2;3;0;4;1;40;38;0;0;0
26;2;9;13;2;3;0;4;1;40;38;0;0;0
28;0;15;10;4;0;4;2;0;40;38;1;0;0
32;2;5;4;2;2;0;4;1;35;38;0;0;0
55;2;1;7;5;0;4;2;0;40;38;0;0;0
17;2;1;7;4;11;3;4;0;20;38;0;0;0
40;2;15;10;5;3;4;4;0;40;38;0;0;0
38;2;9;13;0;11;3;4;1;50;38;0;0;0
67;3;11;9;6;3;1;4;0;40;38;1;0;1
44;2;11;9;0;6;3;4;1;40;38;0;0;0
26;2;15;10;2;3;0;4;1;40;38;1;0;1
25;2;11;9;0;5;3;4;0;40;38;0;0;0
45;2;11;9;0;0;4;4;0;40;38;0;0;0
38;2;11;9;2;0;0;4;1;45;38;0;0;1
62;2;15;10;2;2;0;4;1;45;38;0;0;0
20;2;11;9;4;7;1;4;1;40;38;0;1;0
45;5;15;10;3;7;2;2;1;40;13;0;0;0
47;4;12;14;2;9;5;4;0;20;38;0;0;1
49;2;9;13;0;0;1;4;1;40;38;0;0;0
36;2;11;9;2;2;0;4;1;40;38;0;0;1
29;2;11;9;5;7;4;2;0;30;38;0;0;0
23;2;1;7;4;4;2;4;0;40;32;0;0;0
50;2;11;9;2;2;0;4;1;40;38;0;0;0
44;2;9;13;2;3;0;2;1;40;38;0;1;1
44;2;9;13;2;9;0;4;1;40;38;0;0;1
32;2;11;9;2;12;5;4;0;36;38;0;0;0
73;2;11;9;2;7;0;4;1;30;38;0;0;0
24;2;12;14;4;9;1;4;0;40;38;0;0;0
46;5;11;9;2;7;5;2;0;40;38;0;0;0
61;3;15;10;2;11;0;4;1;36;38;1;0;1
37;0;12;14;4;3;3;4;0;40;38;0;0;0
29;2;8;11;2;2;0;4;1;40;38;0;0;1
40;2;7;12;2;3;0;4;1;40;38;0;0;1
17;2;1;7;4;6;3;3;1;12;38;0;0;0
30;2;11;9;0;0;4;4;0;40;38;0;0;0
19;2;11;9;4;7;1;4;0;40;38;0;1;0
30;2;10;16;4;9;1;4;1;60;38;0;0;0
47;2;11;9;0;0;4;4;0;35;38;0;1;0
25;2;15;10;4;0;3;4;1;40;38;0;0;0
41;2;9;13;0;9;3;4;0;40;38;0;0;0
47;2;11;9;2;13;0;4;1;40;38;0;0;0
27;1;7;12;4;0;4;2;0;40;38;0;0;0
42;1;11;9;2;2;0;4;1;44;38;0;0;0
49;2;11;9;0;7;1;4;0;20;38;0;0;0
37;2;9;13;2;11;0;4;1;40;38;0;1;1
19;5;15;10;4;0;3;4;1;15;38;0;0;0
24;2;11;9;2;2;0;4;1;38;38;0;0;0
34;1;14;15;2;9;0;4;1;40;38;0;0;1
33;2;9;13;4;0;1;4;1;40;38;0;0;0
44;4;15;10;0;3;1;4;0;40;38;0;0;0
37;0;9;13;2;0;0;1;1;40;29;1;0;1
45;2;11;9;4;2;3;4;1;40;38;0;0;0
35;2;9;13;4;5;1;2;1;40;38;0;0;0
58;3;11;9;2;11;0;4;1;50;38;0;0;0
45;2;15;10;0;7;1;4;0;50;38;0;0;0
54;2;15;10;2;2;0;4;1;40;38;0;0;1
45;2;12;14;2;3;0;4;1;40;38;0;0;1
69;2;15;10;2;3;0;4;1;50;38;1;0;1
24;2;11;9;4;2;3;2;1;40;38;0;0;0
36;2;11;9;2;2;0;1;1;40;18;0;0;0
61;5;0;6;4;7;1;2;0;38;38;0;0;0
57;3;9;13;2;3;0;4;1;60;38;1;0;1
56;2;11;9;0;2;2;4;1;40;38;0;0;0
35;2;12;14;2;9;0;4;1;45;38;0;1;1
51;1;9;13;2;3;0;4;1;50;38;0;0;1
50;2;1;7;4;6;2;4;0;40;38;0;0;0
25;2;15;10;4;12;3;4;0;43;38;0;0;0
46;2;12;14;2;3;0;1;1;50;23;0;0;1
23;2;9;13;4;0;3;4;0;25;38;0;0;0
44;2;11;9;2;13;0;4;1;40;38;0;0;0
38;5;11;9;0;0;4;4;0;40;38;0;0;0
25;2;15;10;4;12;1;3;0;40;38;0;0;0
18;2;0;6;4;7;3;4;0;15;38;0;0;0
40;2;11;9;3;5;1;4;1;60;30;1;0;0
31;5;2;8;2;7;5;4;0;40;38;0;0;0
33;2;11;9;2;4;0;4;1;45;38;0;0;0
35;2;8;11;0;9;4;4;0;40;38;0;0;0
55;5;12;14;2;3;0;4;1;45;38;0;0;1
19;2;11;9;4;0;3;4;1;30;38;0;0;0
31;2;15;10;2;2;0;4;1;40;38;0;1;0
43;5;12;14;2;3;0;4;1;40;38;0;0;1
49;1;12;14;2;3;0;2;1;47;38;0;0;1
48;1;14;15;2;9;0;4;1;45;38;0;0;1
27;2;11;9;4;6;3;4;0;34;38;0;0;0
38;5;12;14;2;3;0;4;1;60;38;1;0;1
35;2;11;9;2;0;5;4;0;35;38;1;0;1
29;2;11;9;4;6;2;3;1;40;6;0;0;0
27;2;9;13;4;11;3;4;1;2;38;0;0;0
31;2;6;5;2;2;0;4;1;43;38;0;0;0
26;2;9;13;2;9;0;4;1;40;38;0;0;0
53;4;11;9;2;11;0;4;1;35;38;0;0;0
23;2;11;9;4;0;1;4;0;30;38;0;0;0
32;0;11;9;5;6;1;2;1;46;38;0;0;0
36;2;9;13;0;11;3;4;0;40;38;0;0;0
22;2;11;9;4;4;1;4;1;50;38;0;0;0
62;2;15;10;2;0;5;4;0;40;38;0;0;0
41;2;11;9;2;2;0;4;1;44;38;0;1;1
59;3;9;13;2;3;0;4;1;50;38;0;1;1
43;2;11;9;2;0;5;4;0;40;38;0;0;1
34;3;11;9;2;3;0;4;1;40;38;0;0;1
27;2;15;10;4;0;1;4;0;40;38;0;0;0
35;2;15;10;2;9;0;0;1;60;38;0;0;0
41;1;11;9;2;13;0;4;1;60;38;0;0;0
42;2;9;13;4;9;1;4;1;32;38;0;0;0
24;2;15;10;0;2;1;4;1;48;38;0;0;0
35;2;11;9;4;13;4;2;1;72;38;0;0;0
40;1;15;10;2;0;5;4;0;40;38;0;0;1
46;2;5;4;2;9;5;4;0;45;38;0;0;0
45;2;15;10;2;2;0;4;1;40;38;0;0;1
33;2;11;9;4;2;1;4;1;40;38;0;1;0
68;2;11;9;6;7;4;4;0;7;8;0;0;0
33;2;9;13;5;3;1;2;0;45;38;0;0;0
23;2;15;10;2;7;0;4;1;20;38;0;0;0
42;4;9;13;2;4;0;4;1;60;38;0;0;1
30;2;15;10;4;11;1;4;1;45;38;0;0;1
35;5;15;10;0;0;4;2;0;40;38;0;0;0
40;2;11;9;0;0;4;4;0;50;38;0;0;0
36;5;12;14;0;9;4;4;1;30;38;1;0;0
46;3;6;5;2;0;5;4;0;50;38;0;0;0
49;1;11;9;2;13;0;4;1;40;38;0;0;0
41;2;11;9;2;3;0;4;1;60;38;0;0;0
26;2;12;14;4;3;3;4;1;38;38;0;0;0
37;2;11;9;0;7;1;2;0;20;38;0;0;0
50;1;15;10;2;10;0;4;1;40;38;0;0;1
20;2;15;10;4;7;3;4;1;20;38;0;0;0
59;5;10;16;0;9;4;4;1;45;38;1;0;1
30;2;15;10;2;11;0;4;1;40;38;0;0;0
23;2;11;9;2;2;0;4;1;45;38;0;0;0
44;1;9;13;2;10;0;4;1;40;38;0;0;1
28;2;9;13;4;0;1;4;1;40;38;0;0;0
48;2;15;10;4;3;1;4;0;40;20;0;0;1
34;2;11;9;5;5;4;4;0;40;38;0;0;0
58;2;9;13;4;9;1;4;1;99;38;0;0;0
33;1;15;10;2;10;0;4;1;40;38;0;0;0
38;2;9;13;3;13;1;3;1;84;18;0;0;0
49;0;9;13;2;3;0;4;1;40;38;1;0;1
67;4;3;2;6;7;1;2;0;20;38;0;0;0
23;2;0;6;4;6;1;4;0;40;38;0;0;0
42;2;15;10;2;9;0;4;1;40;38;0;0;1
54;2;11;9;2;0;5;4;0;40;38;0;0;0
49;2;12;14;2;3;0;4;1;40;38;0;0;1
35;2;12;14;2;3;0;4;1;60;38;0;0;1
26;2;11;9;4;2;3;4;1;40;38;0;0;0
31;2;11;9;4;3;1;4;1;40;38;1;0;0
36;2;11;9;2;5;0;4;1;40;38;0;0;0
25;2;0;6;2;6;0;4;1;40;38;0;0;0
35;1;12;14;4;9;1;4;1;60;38;0;0;1
40;1;12;14;2;9;0;4;1;40;38;0;0;0
52;2;7;12;5;9;1;4;0;50;38;0;0;0
42;5;9;13;2;9;0;4;1;40;38;0;0;1
50;4;12;14;2;9;5;4;0;40;1;0;0;1
52;2;15;10;2;12;0;2;1;40;38;0;0;1
51;1;12;14;2;9;0;0;1;40;38;0;0;0
19;2;15;10;4;5;3;4;1;40;38;0;0;0
43;2;8;11;2;4;0;4;1;40;38;0;0;1
57;2;2;8;2;13;0;4;1;40;38;0;0;1
35;2;11;9;0;3;1;4;1;60;38;0;0;0
30;2;9;13;4;11;1;4;0;30;38;0;0;0
38;2;11;9;2;2;0;4;1;40;38;0;0;0
45;5;15;10;0;0;1;4;0;40;38;0;0;0
23;2;11;9;4;5;3;4;1;40;38;0;0;0
22;2;15;10;5;7;3;4;0;40;38;0;0;0
60;2;15;10;2;10;0;4;1;38;38;0;0;0
45;2;9;13;0;9;4;4;0;48;38;0;0;1
26;2;11;9;4;6;4;4;1;40;38;1;0;0
49;5;0;6;2;7;0;4;1;40;38;0;0;0
29;2;15;10;0;7;1;4;0;35;38;0;0;0
47;2;15;10;2;12;0;4;1;40;38;1;0;1
40;2;11;9;2;13;0;4;1;35;38;0;0;0
34;2;11;9;5;0;4;4;0;35;38;1;0;0
42;2;12;14;2;9;0;4;1;40;38;0;0;0
33;2;3;2;2;2;0;4;1;35;25;0;0;0
63;4;11;9;2;2;0;4;1;40;38;0;0;0
53;2;11;9;2;2;0;4;1;40;38;0;0;0
38;2;8;11;2;2;0;4;1;40;38;0;0;1
44;2;15;10;2;11;0;4;1;45;38;0;0;1
43;2;0;6;2;13;0;4;1;40;38;0;0;0
26;2;12;14;4;3;1;4;1;32;38;0;0;0
56;2;11;9;2;13;0;4;1;40;38;0;0;0
39;2;8;11;0;0;4;2;0;40;38;0;0;0
44;2;5;4;0;5;1;4;1;48;38;0;0;0
34;2;11;9;5;0;1;4;1;48;38;0;0;1
40;2;7;12;4;0;1;4;0;40;38;0;0;0
38;0;15;10;2;7;0;2;1;40;38;0;0;0
44;2;15;10;0;0;4;4;0;40;38;0;0;0
34;0;15;10;0;10;3;4;1;72;38;0;0;0
22;2;9;13;4;9;1;4;1;20;8;0;0;0
58;3;15;10;6;11;1;4;0;20;38;0;0;1
43;2;15;10;0;12;4;4;0;30;38;0;0;0
23;2;11;9;4;2;3;4;1;40;3;0;0;0
41;2;15;10;5;3;1;2;0;40;38;0;0;0
44;2;15;10;4;7;1;4;1;35;38;0;0;0
32;2;11;9;2;0;0;4;1;40;38;0;0;0
38;1;7;12;2;10;0;4;1;56;38;0;0;1
47;2;15;10;2;11;0;4;1;50;38;0;0;1
24;2;11;9;4;7;3;4;0;30;38;0;0;0
39;2;12;14;2;3;0;4;1;40;38;0;0;0
32;2;2;8;0;10;3;4;1;54;25;0;0;0
40;2;11;9;2;6;0;4;1;50;38;0;0;0
34;2;11;9;0;7;4;4;0;45;38;0;1;0
34;2;11;9;4;2;4;4;1;30;38;1;0;0
57;2;12;14;2;9;0;4;1;45;38;0;1;1
71;2;4;3;2;13;0;4;1;40;38;0;0;0
45;1;12;14;4;9;1;4;1;50;38;0;0;1
54;2;11;9;0;13;1;4;1;45;38;0;0;0
26;2;8;11;4;11;4;4;0;54;38;0;0;0
37;2;15;10;2;3;5;4;0;45;38;0;0;1
28;4;15;10;2;4;0;4;1;55;38;0;0;0
42;2;9;13;0;9;4;4;0;15;38;0;0;0
45;2;11;9;2;2;0;4;1;40;38;0;0;0
37;2;11;9;2;11;0;4;1;50;38;0;0;0
57;2;11;9;2;11;0;4;1;50;38;0;0;0
39;2;9;13;2;9;1;4;1;60;38;0;0;0
45;5;15;10;2;0;5;1;0;40;38;0;0;1
30;2;8;11;0;0;1;4;0;46;38;0;0;0
27;2;11;9;1;2;0;4;1;40;38;0;0;1
44;2;10;16;2;9;0;4;1;40;38;0;0;1
44;5;10;16;2;9;0;4;1;40;38;0;1;1
38;2;11;9;2;3;5;4;0;60;38;0;0;1
19;2;11;9;4;4;3;4;1;40;38;0;0;0
39;2;15;10;0;11;1;4;0;38;38;0;0;0
55;3;0;6;6;13;1;4;1;40;38;0;0;0
17;2;0;6;4;7;3;4;0;20;38;0;0;0
43;2;15;10;0;0;4;4;0;40;38;0;0;0
36;1;11;9;2;7;5;4;0;35;38;0;0;0
45;2;9;13;2;4;0;4;1;60;38;0;0;0
44;2;12;14;2;3;0;4;1;38;38;0;0;1
26;2;15;10;2;13;0;4;1;52;38;0;0;1
32;2;7;12;2;2;0;4;1;40;20;0;1;1
21;2;11;9;4;7;3;4;0;40;38;0;0;0
43;0;9;13;2;11;0;4;1;60;38;0;0;0
34;2;11;9;2;2;0;4;1;40;38;0;0;0
33;5;9;13;4;9;1;4;1;20;38;0;0;0
40;3;11;9;4;11;1;4;1;51;38;0;0;0
46;2;4;3;4;6;3;4;0;40;5;0;0;0
54;5;11;9;6;3;1;4;0;40;38;0;0;0
23;2;15;10;4;3;3;4;1;40;38;0;0;0
58;3;11;9;2;3;0;4;1;45;38;0;0;0
25;2;15;10;2;10;0;4;1;40;38;1;0;0
50;1;12;14;2;9;0;4;1;50;38;1;0;1
42;4;11;9;2;2;0;4;1;45;38;0;0;0
25;2;11;9;4;7;1;4;0;38;38;0;0;0
60;2;1;7;2;6;5;1;0;30;16;0;0;0
43;5;11;9;4;0;1;4;0;40;38;0;0;0
25;2;9;13;4;11;3;4;0;40;38;0;0;0
31;2;11;9;2;2;5;4;0;45;38;0;0;0
35;2;11;9;0;2;1;4;1;40;38;0;0;0
48;2;15;10;0;6;4;4;1;40;38;0;0;0
43;4;11;9;2;0;5;4;0;20;38;0;0;1
27;2;11;9;0;3;4;4;0;40;38;0;0;0
24;2;11;9;4;2;1;4;1;40;38;0;1;0
44;3;11;9;2;3;0;4;1;70;38;0;1;1
52;4;11;9;2;13;0;4;1;22;38;0;0;0
49;2;15;10;2;0;5;4;0;40;38;0;0;1
31;2;11;9;4;0;3;4;0;40;38;0;0;0
59;2;1;7;0;4;1;4;1;40;38;0;0;0
27;2;9;13;2;7;0;4;1;40;38;0;0;0
38;4;12;14;4;9;1;4;1;40;38;0;0;1
51;0;9;13;2;9;0;4;1;40;38;0;0;1
24;2;11;9;4;2;1;4;1;40;38;0;0;0
58;3;9;13;2;3;0;4;1;45;38;0;0;1
46;2;15;10;0;0;4;4;0;40;38;0;0;0
55;2;4;3;6;6;4;4;0;40;38;0;0;0
76;2;11;9;0;0;1;4;0;8;38;0;0;0
25;2;15;10;0;0;4;4;0;40;38;0;0;0
51;2;15;10;2;6;0;4;1;40;38;1;0;1
33;2;11;9;2;2;0;4;1;40;38;0;0;0
46;2;11;9;2;13;0;4;1;40;38;0;0;0
51;2;15;10;2;0;5;4;0;40;38;0;0;0
42;1;8;11;6;9;4;2;0;40;38;0;0;0
53;2;9;13;4;7;1;4;1;50;21;1;0;1
33;1;12;14;2;9;5;4;0;35;38;1;0;1
30;2;9;13;2;9;0;4;1;35;38;1;0;1
41;1;15;10;0;2;1;4;1;40;38;0;0;0
42;5;7;12;0;7;1;4;0;40;38;0;0;0
34;2;11;9;2;13;0;1;1;40;38;0;0;1
31;2;8;11;4;7;4;4;0;40;38;0;0;0
46;2;15;10;2;9;0;4;1;50;38;0;1;1
35;2;3;2;3;7;1;4;1;40;12;0;0;0
46;1;15;10;2;10;0;4;1;40;38;0;0;1
43;1;12;14;2;9;5;4;0;40;38;0;0;1
35;2;11;9;2;7;0;1;1;40;2;0;0;0
23;2;9;13;4;0;3;4;0;20;38;0;0;0
43;2;11;9;0;6;2;2;1;40;38;0;0;0
61;2;11;9;2;13;0;4;1;40;38;0;0;1
29;2;14;15;4;9;3;4;1;50;38;0;0;0
21;2;11;9;4;11;1;4;1;40;38;0;0;0
36;1;9;13;2;9;0;4;1;50;38;0;1;0
40;2;11;9;4;7;4;2;0;40;38;0;0;0
23;2;9;13;4;9;3;4;1;40;38;0;0;0
90;2;9;13;4;3;1;4;1;55;38;0;0;0
24;2;9;13;4;3;3;4;1;40;38;0;0;0
20;2;15;10;4;9;3;4;0;12;38;1;0;0
40;1;12;14;2;3;0;4;1;60;38;0;0;1
37;4;8;11;2;2;0;4;1;55;38;0;0;0
31;2;11;9;4;2;1;4;0;40;38;0;0;0
22;2;11;9;4;13;3;4;1;40;38;0;0;0
25;2;15;10;2;3;0;4;1;40;38;0;0;0
47;1;12;14;2;9;0;4;1;60;38;0;0;1
48;1;8;11;2;2;0;4;1;40;38;0;0;0
28;2;6;5;2;6;5;4;0;40;38;0;0;0
20;5;15;10;4;4;1;4;1;40;38;0;0;0
51;2;15;10;0;5;1;4;0;40;20;0;0;0
32;0;11;9;2;0;5;4;0;40;38;0;0;1
55;2;0;6;2;7;0;4;1;40;38;0;0;0
41;1;9;13;0;10;4;4;0;40;38;0;0;0
46;2;12;14;2;9;5;4;0;35;38;1;0;1
45;3;11;9;2;7;0;4;1;40;38;0;0;1
65;1;11;9;2;2;0;4;1;40;38;0;0;0
45;2;10;16;2;9;0;4;1;50;38;1;0;1
22;2;15;10;4;0;3;4;0;40;38;0;0;0
42;4;14;15;2;9;0;4;1;50;38;0;0;1
37;2;9;13;2;3;0;4;1;40;38;1;0;1
24;2;9;13;2;3;5;4;0;40;38;0;0;0
67;2;15;10;0;7;4;2;0;41;38;0;0;0
28;2;11;9;3;12;1;4;0;37;38;0;0;0
56;2;0;6;2;7;0;4;1;35;4;0;0;1
31;5;8;11;2;10;0;4;1;38;38;0;0;0
33;2;15;10;5;3;4;4;0;40;38;0;0;0
45;2;15;10;2;5;0;4;1;40;10;0;0;1
53;2;9;13;2;9;0;4;1;40;38;0;1;1
47;2;5;4;2;5;0;4;1;40;31;0;0;0
40;2;11;9;0;11;4;4;0;30;38;0;0;0
35;2;15;10;4;11;3;4;1;48;38;0;0;0
65;4;5;4;2;4;0;4;1;40;38;0;0;0
42;2;15;10;2;7;5;2;0;30;38;0;0;0
23;0;9;13;4;9;1;4;0;15;38;0;0;0
39;2;15;10;0;0;1;4;0;40;38;0;0;0
39;2;11;9;2;2;0;4;1;30;38;0;0;0
37;2;11;9;2;13;0;4;1;40;38;0;0;0
25;2;8;11;4;0;1;4;0;40;38;0;0;0
31;4;11;9;4;7;4;4;0;40;38;0;0;0
39;2;11;9;0;3;1;4;1;45;38;0;0;0
39;2;9;13;2;11;0;4;1;30;38;0;0;1
25;2;9;13;4;0;3;2;1;35;38;0;0;0
30;2;1;7;2;13;0;4;1;40;38;0;0;0
37;2;6;5;2;6;5;2;0;48;38;0;0;0
22;2;11;9;4;2;4;4;0;36;25;0;0;0
46;0;12;14;2;3;0;4;1;40;38;0;1;1
54;2;9;13;0;11;1;4;0;38;38;0;1;0
33;2;7;12;4;2;1;4;1;45;38;0;0;0
70;5;9;13;4;3;1;4;1;40;38;0;0;0
36;2;15;10;0;0;1;4;1;45;38;0;0;0
53;1;12;14;0;9;4;4;0;50;38;0;0;0
55;5;11;9;0;0;1;4;0;40;38;0;1;0
17;2;1;7;4;10;3;4;0;30;38;0;0;0
36;2;15;10;0;5;1;4;1;40;38;0;0;0
36;4;14;15;4;9;1;4;1;55;38;0;0;1
40;1;11;9;3;4;3;2;1;40;38;0;0;0
36;2;11;9;2;13;0;2;1;50;38;0;0;1
28;2;11;9;2;13;0;4;1;55;38;0;0;0
39;2;12;14;2;9;0;4;1;40;38;1;0;1
49;2;4;3;4;6;1;4;1;45;38;0;0;0
63;3;11;9;2;3;0;4;1;40;38;0;0;0
61;2;15;10;2;5;0;4;1;20;38;0;0;0
48;3;11;9;2;2;0;4;1;60;38;0;0;1
55;2;11;9;3;6;1;4;1;40;30;0;0;0
20;2;11;9;2;11;2;4;1;20;38;0;0;0
49;2;11;9;2;7;0;1;1;40;2;0;0;0
27;0;11;9;2;5;0;1;1;40;38;0;0;0
37;2;0;6;0;7;4;4;0;33;38;0;0;0
32;5;11;9;2;10;0;4;1;40;38;0;0;0
33;3;10;16;2;9;0;4;1;60;38;0;0;0
47;2;8;11;2;7;0;4;1;26;38;0;0;0
34;2;11;9;2;6;0;2;1;40;38;0;0;0
61;2;11;9;0;0;2;2;0;35;38;0;0;0
25;2;11;9;4;2;3;2;1;40;38;0;0;0
26;2;7;12;4;11;3;4;1;30;38;0;0;0
18;2;11;9;4;11;3;4;0;30;38;0;0;0
35;2;11;9;2;11;0;4;1;50;38;0;0;0
56;2;11;9;2;2;0;4;1;35;38;0;0;1
40;5;8;11;4;2;1;4;1;40;38;0;0;0
24;2;2;8;4;7;3;4;0;38;38;0;0;0
66;2;11;9;6;11;1;4;0;40;38;0;0;1
42;2;11;9;2;6;5;4;0;40;38;0;0;0
28;2;11;9;4;13;3;4;1;20;38;0;0;0
39;5;15;10;0;0;4;4;0;35;38;0;0;0
65;4;8;11;2;4;0;4;1;25;38;0;0;0
20;2;15;10;4;7;3;4;0;20;38;0;0;0
52;2;11;9;2;6;0;4;1;40;38;1;0;1
39;2;15;10;0;11;1;4;0;40;38;0;0;0
18;2;11;9;4;6;1;4;0;30;38;0;0;0
49;2;5;4;2;6;5;4;0;40;16;0;0;0
21;2;15;10;4;9;3;4;1;48;38;0;0;0
38;2;11;9;2;0;0;4;1;40;38;0;0;1
55;2;11;9;2;2;0;4;1;40;38;0;0;0
27;2;0;6;2;2;2;4;1;55;38;0;0;0
34;2;11;9;5;0;4;4;0;40;38;0;0;0
54;1;15;10;4;9;1;4;0;40;25;0;0;0
38;2;11;9;4;0;4;4;0;40;38;0;0;0
32;2;11;9;0;0;2;4;0;40;38;0;0;0
33;5;15;10;5;12;1;4;1;12;38;0;0;0
32;0;7;12;2;10;0;4;1;50;38;0;0;0
34;2;12;14;2;3;0;4;1;50;9;0;0;0
46;2;9;13;2;7;0;4;1;30;38;0;0;1
48;2;12;14;2;3;0;4;1;40;38;0;0;1
23;2;15;10;4;3;3;4;1;40;38;0;0;0
48;0;5;4;3;5;4;4;1;40;38;0;0;0
67;2;11;9;2;3;0;4;1;37;38;0;0;1
25;2;9;13;4;7;1;4;0;20;38;0;0;0
43;2;15;10;2;2;0;4;1;38;38;1;0;0
27;1;7;12;4;9;1;4;0;40;38;0;0;0
56;2;3;2;5;6;4;4;1;40;38;0;0;0
54;4;15;10;2;2;0;4;1;48;38;0;1;0
39;2;11;9;2;11;0;4;1;46;38;0;1;1
60;4;11;9;2;11;5;4;0;25;38;0;0;0
27;2;15;10;4;0;1;4;0;40;38;0;0;0
21;2;15;10;4;11;3;4;1;40;38;0;0;0
24;2;15;10;4;9;3;4;0;40;38;0;0;0
31;2;15;10;2;2;0;4;1;40;38;0;0;0
22;2;0;6;4;2;3;4;1;15;38;0;0;0
26;2;9;13;4;3;1;4;0;45;38;0;0;0
45;3;11;9;2;2;0;4;1;48;38;0;0;0
33;2;11;9;4;13;2;1;1;40;38;0;0;0
29;2;6;5;0;6;4;2;0;40;38;0;0;0
72;2;11;9;6;0;1;4;0;40;38;1;0;0
35;4;11;9;2;2;0;4;1;60;38;0;0;1
53;5;11;9;2;2;0;4;1;40;38;0;0;0
40;2;15;10;4;3;3;4;0;40;38;0;0;0
20;2;11;9;4;7;3;4;1;30;38;0;0;0
69;2;11;9;6;0;4;4;0;12;38;1;0;0
41;1;11;9;4;7;4;4;0;25;38;0;0;0
45;2;12;14;2;0;0;4;1;45;38;0;0;1
27;2;11;9;2;5;0;4;1;40;38;0;0;0
46;3;14;15;2;9;0;4;1;60;38;1;0;1
55;2;15;10;2;13;0;2;1;35;38;0;0;0
31;2;15;10;2;3;0;2;1;40;38;0;0;1
45;2;15;10;0;11;1;4;0;55;38;0;0;0
64;2;11;9;2;3;0;4;1;5;38;0;0;0
38;2;15;10;2;3;0;4;1;45;38;0;0;0
17;2;0;6;4;7;3;4;1;40;38;0;0;0
33;2;11;9;2;0;5;4;0;20;38;0;1;1
22;2;2;8;3;7;4;2;0;50;38;0;0;0
23;2;15;10;4;7;3;4;0;30;38;0;0;0
25;2;11;9;4;2;4;4;1;40;38;0;0;0
33;2;9;13;2;9;0;4;1;43;38;1;0;1
37;2;11;9;4;7;4;4;0;35;38;0;0;0
53;2;11;9;5;0;4;4;0;38;38;0;1;0
28;1;15;10;4;10;3;4;1;40;38;0;0;0
33;2;9;13;2;9;5;4;0;40;38;0;0;1
41;2;11;9;2;0;0;4;1;40;38;0;0;0
61;3;9;13;2;11;0;4;1;50;38;0;0;0
25;2;15;10;4;7;3;4;0;25;38;0;0;0
35;2;11;9;0;3;4;4;0;40;38;0;0;1
64;1;8;11;2;3;0;4;1;40;38;0;0;1
28;2;11;9;2;5;0;4;1;38;38;0;0;0
39;4;15;10;4;9;1;4;1;12;38;0;1;1
53;2;11;9;0;13;4;4;1;40;38;0;0;0
28;2;11;9;4;0;1;4;0;40;38;0;0;0
38;0;15;10;0;5;4;2;0;40;38;0;0;0
25;1;9;13;4;9;1;4;1;35;21;0;0;0
19;2;15;10;4;7;1;4;0;30;38;0;0;0
20;2;7;12;4;0;1;4;0;30;38;0;0;0
55;1;11;9;2;9;2;4;0;40;38;0;1;1
52;5;12;14;2;9;5;2;0;40;38;0;1;1
30;2;11;9;4;0;3;4;0;40;38;0;0;0
47;2;11;9;0;3;1;4;0;40;38;0;1;0
22;2;0;6;4;2;2;4;1;30;38;0;0;0
24;2;11;9;2;5;0;4;1;40;38;1;0;1
26;2;9;13;4;11;1;4;0;40;38;0;0;0
27;2;11;9;2;6;0;4;1;45;38;0;0;0
57;2;6;5;2;6;0;4;1;40;32;0;0;0
18;1;12;14;4;9;3;4;0;60;38;0;0;0
30;2;9;13;4;9;1;4;1;45;38;0;0;0
34;4;9;13;0;9;4;4;0;50;38;0;0;0
40;2;15;10;2;0;0;4;1;60;38;1;0;1
60;2;11;9;0;7;4;2;0;38;38;0;0;0
25;2;2;8;2;2;0;4;1;40;38;0;0;1
39;2;9;13;2;11;0;4;1;55;38;0;0;0
48;2;11;9;2;0;5;4;0;40;38;0;0;1
27;4;15;10;2;3;0;4;1;30;38;0;0;0
33;4;11;9;0;2;1;4;1;65;38;0;0;1
65;3;11;9;2;3;0;4;1;40;38;0;0;0
52;2;11;9;2;2;0;4;1;40;38;0;1;1
27;2;9;13;4;12;3;4;1;40;38;0;0;0
32;2;15;10;4;2;4;4;1;40;38;0;0;0
45;4;15;10;5;11;4;4;1;50;38;0;0;0
27;2;9;13;4;3;1;4;1;45;38;0;0;0
57;4;15;10;2;3;5;4;0;60;38;0;0;0
44;2;15;10;0;11;4;4;1;55;38;0;0;1
30;2;12;14;2;9;0;4;1;44;38;0;0;1
26;2;15;10;0;0;1;4;0;40;38;0;0;0
28;0;15;10;2;0;0;4;1;40;38;0;0;1
61;2;11;9;2;13;0;4;1;40;38;0;0;1
49;4;11;9;2;2;0;4;1;50;25;0;0;0
33;2;12;14;2;9;0;4;1;40;38;1;0;1
50;2;7;12;2;6;0;4;1;50;38;0;0;1
53;4;5;4;2;12;0;4;1;99;38;0;0;0
33;2;11;9;2;2;0;4;1;40;38;0;0;1
22;2;15;10;4;0;3;4;1;10;38;0;0;0
45;1;9;13;0;10;1;4;1;40;38;0;0;1
47;4;11;9;2;2;0;4;1;40;38;0;0;1
52;0;9;13;2;9;0;4;1;40;38;0;0;1
57;2;11;9;6;0;1;4;0;36;38;0;0;0
58;2;11;9;0;0;4;4;0;40;38;1;0;0
50;1;12;14;0;9;1;0;0;50;38;0;0;1
33;0;15;10;4;0;3;1;0;40;38;0;0;0
34;4;1;7;2;2;0;4;1;40;38;0;0;0
20;2;15;10;4;7;3;4;0;20;38;0;0;0
37;1;12;14;2;10;0;4;1;50;38;1;0;1
57;2;7;12;0;0;1;2;0;40;38;0;0;0
57;4;11;9;2;11;0;4;1;48;38;0;0;0
21;2;7;12;4;0;3;4;0;8;38;0;0;0
40;2;15;10;0;11;1;4;1;40;38;0;0;0
23;2;15;10;5;2;1;4;1;40;38;0;0;0
54;2;11;9;2;0;0;4;1;20;38;0;0;0
38;2;15;10;2;3;0;4;1;40;38;0;0;1
32;2;15;10;2;3;0;4;1;60;38;1;0;1
22;5;15;10;4;0;1;4;0;40;38;0;0;0
27;2;11;9;4;0;1;4;0;42;38;0;0;0
42;2;4;3;2;7;0;4;1;40;7;0;0;0
36;2;11;9;4;0;1;4;0;47;38;0;0;0
22;2;11;9;2;11;0;2;1;40;38;0;0;0
40;5;6;5;5;6;1;2;1;40;38;0;0;0
26;2;11;9;2;6;0;4;1;45;38;0;0;0
46;5;11;9;4;13;1;2;1;40;38;0;0;0
28;2;1;7;2;2;1;4;1;60;38;0;0;1
46;5;9;13;4;3;1;4;1;45;38;0;0;0
55;2;11;9;0;5;1;4;0;40;38;0;0;0
76;2;15;10;0;0;1;4;0;20;38;0;0;0
27;2;9;13;4;9;1;4;1;60;38;0;0;0
50;2;11;9;2;13;0;4;1;40;38;0;0;1
75;2;11;9;2;2;0;4;1;20;38;0;0;0
42;0;12;14;2;3;0;4;1;40;38;0;0;1
36;1;12;14;4;9;1;2;0;40;38;0;0;0
51;2;11;9;2;10;0;4;1;40;38;0;0;0
43;2;14;15;2;9;0;4;1;55;38;1;0;1
44;2;9;13;2;13;0;4;1;40;38;0;0;0
60;2;4;3;2;2;0;4;1;45;21;0;0;0
47;5;9;13;2;9;0;4;1;45;38;0;0;1
73;2;1;7;2;6;0;4;1;15;38;0;0;0
27;2;11;9;2;5;0;2;1;40;38;0;0;0
50;2;11;9;2;2;0;4;1;50;38;1;0;1
35;2;5;4;2;2;0;4;1;40;32;0;0;0
45;2;9;13;2;2;0;4;1;40;10;0;0;1
57;2;11;9;2;2;0;1;1;40;34;0;0;1
34;2;11;9;2;2;0;4;1;40;26;0;0;0
19;2;15;10;4;7;3;4;0;16;38;0;0;0
25;2;11;9;4;5;3;2;1;40;38;0;0;0
39;2;9;13;2;9;5;4;0;50;10;0;0;1
28;2;11;9;2;2;0;4;1;40;30;0;0;1
48;5;12;14;0;9;4;4;0;40;38;0;0;0
38;2;11;9;2;2;0;4;1;44;38;0;0;0
53;2;4;3;2;8;5;2;0;10;13;0;0;0
19;2;11;9;4;5;1;4;1;40;38;0;0;0
41;2;11;9;2;0;5;4;0;60;38;0;0;0
23;2;7;12;4;11;3;2;0;36;38;0;0;0
32;2;11;9;4;2;1;4;1;40;38;0;0;0
35;2;15;10;0;6;1;0;1;40;38;0;0;0
21;2;8;11;4;4;1;4;0;30;38;0;1;0
24;2;9;13;4;12;3;4;1;40;38;0;0;0
34;2;11;9;2;2;0;2;1;40;38;0;0;0
29;1;9;13;2;9;5;4;0;25;38;0;0;1
55;2;11;9;6;0;1;4;0;40;38;0;0;0
28;2;11;9;3;6;3;1;1;40;29;0;0;0
46;1;11;9;4;2;3;4;1;40;38;0;0;0
38;2;11;9;2;6;0;4;1;40;38;0;0;0
29;2;15;10;0;0;1;2;0;40;38;0;0;0
35;2;9;13;2;2;0;4;1;50;38;0;0;1
29;2;11;9;4;5;1;2;1;40;38;0;0;0
41;5;10;16;2;9;0;4;1;50;38;0;0;1
40;4;11;9;2;2;0;4;1;32;38;0;0;0
30;2;11;9;0;0;3;4;0;40;38;0;0;0
72;2;1;7;0;7;1;2;0;35;38;0;0;0
17;2;1;7;4;5;3;4;1;40;38;0;0;0
46;3;11;9;2;10;0;4;1;70;38;0;0;0
38;2;9;13;4;7;1;4;1;48;38;0;0;0
36;2;9;13;4;9;1;4;0;45;38;0;0;0
24;4;7;12;4;2;3;4;1;40;38;0;0;0
28;2;11;9;0;7;4;4;0;35;38;0;0;0
28;2;11;9;2;6;0;4;1;40;38;0;0;0
42;1;15;10;2;10;0;3;1;40;38;0;0;1
48;2;9;13;2;3;0;4;1;40;38;0;0;1
37;4;11;9;2;2;0;4;1;40;38;0;0;0
32;2;10;16;4;9;1;4;1;40;38;0;0;1
55;2;15;10;2;2;0;2;1;40;32;1;0;1
30;2;15;10;2;5;0;4;1;40;38;0;0;0
68;2;5;4;6;6;1;4;0;10;38;0;0;0
45;2;11;9;0;7;1;4;0;30;38;0;0;0
26;2;11;9;0;5;3;4;0;40;38;0;0;0
22;2;15;10;4;3;3;4;0;40;38;0;0;0
22;2;15;10;4;2;3;4;1;40;38;0;0;0
36;2;15;10;2;3;0;4;1;40;38;1;0;1
52;2;5;4;4;6;1;2;0;40;38;0;0;0
68;2;14;15;6;9;4;4;0;16;38;0;0;0
26;1;9;13;2;9;5;2;0;40;38;0;0;1
46;4;11;9;2;4;0;4;1;50;38;0;1;0
53;2;12;14;2;9;0;4;1;40;38;1;0;1
17;2;1;7;4;11;3;4;0;8;38;0;0;0
29;2;9;13;2;9;3;4;1;75;38;0;0;0
41;2;15;10;2;11;0;4;1;50;38;0;0;1
45;2;15;10;0;12;1;2;0;40;37;0;0;0
57;2;15;10;0;3;1;4;0;50;38;0;0;1
30;0;9;13;2;0;0;4;1;30;23;0;0;0
46;2;11;9;2;11;0;4;1;45;38;0;0;1
45;2;7;12;2;5;0;4;1;40;38;0;0;0
40;2;7;12;2;11;0;4;1;52;38;0;0;0
38;5;11;9;0;7;4;4;0;20;38;1;0;0
59;4;5;4;2;11;0;4;1;85;38;0;0;0
36;2;15;10;4;2;1;4;1;40;38;0;0;0
40;2;5;4;4;4;3;4;1;40;38;0;0;0
18;2;0;6;4;11;2;2;0;40;38;0;0;0
63;2;11;9;0;11;1;4;0;40;38;0;0;0
29;2;12;14;4;9;1;4;0;80;38;0;0;0
27;2;9;13;2;3;5;2;0;45;38;0;0;1
47;5;10;16;0;9;4;4;1;50;9;0;0;1
20;1;11;9;4;0;3;4;1;40;38;0;0;0
48;2;7;12;2;2;0;4;1;45;38;0;0;0
29;2;11;9;2;0;0;4;1;30;25;0;0;0
22;2;11;9;4;12;1;4;0;40;38;0;0;0
42;2;7;12;6;12;4;4;0;24;38;0;0;0
36;2;8;11;0;2;1;4;1;40;38;0;0;0
60;2;0;6;0;7;1;2;0;40;38;0;0;0
41;0;11;9;5;3;1;2;0;40;38;0;0;0
43;2;11;9;2;11;0;4;1;40;38;0;0;1
33;2;9;13;2;9;0;4;1;38;38;0;0;1
34;2;5;4;2;7;5;4;0;40;38;0;0;0
32;2;11;9;4;13;3;4;0;35;38;0;0;0
52;2;6;5;6;7;1;4;0;25;32;0;0;0
27;2;7;12;4;11;1;4;1;40;38;0;0;0
60;1;12;14;2;9;0;4;1;40;38;0;0;1
41;4;9;13;2;0;5;4;0;40;38;1;0;1
34;4;9;13;4;11;1;4;1;62;38;0;0;0
30;2;11;9;2;3;0;4;1;40;38;0;0;1
35;2;15;10;5;7;4;4;0;25;38;0;0;0
39;0;9;13;0;3;4;2;0;40;38;0;0;0
64;2;15;10;6;0;1;4;0;40;38;0;0;0
17;4;1;7;4;4;3;4;1;20;38;0;0;0
37;1;8;11;2;10;0;4;1;40;38;0;0;1
43;4;11;9;2;13;0;4;1;45;38;0;0;0
30;4;11;9;2;9;0;4;1;25;38;0;0;0
17;2;0;6;4;11;3;4;0;12;38;0;0;0
29;2;11;9;4;2;1;4;1;40;12;0;0;0
24;2;15;10;4;0;3;4;1;40;18;0;0;0
27;4;9;13;4;11;1;4;1;50;38;0;0;0
69;3;9;13;5;3;1;4;1;40;38;0;0;0
30;2;11;9;3;0;1;4;1;40;38;0;0;0
29;2;11;9;2;6;0;4;1;40;32;0;0;0
61;2;5;4;2;13;0;2;1;40;38;0;1;0
70;2;5;4;6;7;4;2;0;38;38;0;0;0
32;2;9;13;2;12;0;4;1;40;38;0;1;1
27;4;11;9;4;2;4;4;1;50;38;1;0;1
27;2;9;13;4;7;1;4;0;40;38;0;0;0
19;2;15;10;4;11;3;4;0;25;38;0;0;0
44;5;12;14;2;9;0;2;1;60;38;0;0;1
36;2;15;10;4;0;1;4;0;40;38;0;0;0
45;2;12;14;2;3;0;4;1;50;38;1;0;1
29;2;9;13;4;9;1;4;0;60;30;0;0;0
34;0;9;13;2;10;0;4;1;54;38;1;0;1
28;1;9;13;4;9;2;4;1;50;38;0;0;0
34;2;4;3;4;5;3;4;1;40;7;0;0;0
18;2;11;9;4;0;3;4;0;20;38;0;0;0
39;2;15;10;0;4;4;4;0;45;38;0;0;0
34;2;15;10;4;5;1;4;1;40;38;0;0;0
35;1;12;14;0;0;4;4;0;41;38;0;0;0
24;2;11;9;4;5;3;4;1;40;38;0;0;0
41;2;9;13;2;11;0;4;1;70;38;0;0;0
50;5;10;16;2;9;0;4;1;45;38;0;1;1
68;2;15;10;0;3;1;4;1;30;38;0;0;0
35;2;1;7;4;6;1;4;1;50;38;0;0;0
47;2;8;11;2;5;0;4;1;40;38;0;0;0
43;1;12;14;0;9;4;4;0;40;38;0;0;0
35;2;11;9;2;4;0;4;1;40;38;0;0;0
34;2;15;10;4;3;1;4;0;17;38;0;0;0
26;2;11;9;4;2;3;4;1;40;38;0;0;0
50;2;15;10;0;11;1;4;0;40;38;0;0;0
22;2;11;9;4;2;3;4;0;40;38;0;0;0
20;2;11;9;4;4;3;1;1;40;38;0;0;0
52;4;11;9;2;2;0;1;1;40;38;0;0;0
71;5;11;9;2;10;0;4;1;28;38;0;0;0
55;2;11;9;0;0;1;4;0;40;38;0;0;0
17;2;1;7;4;11;3;4;0;8;38;0;0;0
36;2;15;10;6;9;3;4;0;40;38;0;0;0
39;1;2;8;2;13;0;4;1;40;26;0;1;1
27;2;9;13;4;7;1;1;1;40;29;0;0;0
42;2;11;9;0;0;4;4;0;40;38;0;0;0
22;2;11;9;3;11;1;4;1;40;38;0;1;0
57;2;8;11;4;2;1;4;1;40;38;0;0;1
34;2;15;10;4;2;1;2;1;28;38;0;0;0
31;2;12;14;4;9;1;4;0;60;38;0;0;0
24;2;9;13;4;11;3;4;1;40;38;0;0;0
41;4;11;9;4;7;1;2;1;60;22;0;0;0
30;2;15;10;0;9;1;4;0;40;8;1;0;0
17;2;1;7;4;0;3;4;0;32;38;0;0;0
26;3;11;9;5;11;4;4;0;20;15;0;0;0
32;2;3;2;4;4;1;3;1;50;25;0;0;0
55;2;0;6;2;3;0;4;1;45;38;0;0;0
19;2;2;8;3;7;3;3;0;20;38;0;0;0
28;2;12;14;0;9;1;4;0;50;38;0;0;0
49;2;14;15;2;9;0;4;1;60;38;0;0;1
23;2;9;13;4;3;1;4;1;40;38;0;0;0
43;2;11;9;2;2;0;4;1;40;38;0;0;0
40;2;15;10;2;2;0;4;1;40;38;0;0;0
41;2;9;13;2;9;0;4;1;40;38;0;0;1
23;2;15;10;4;2;3;4;1;40;38;0;0;0
59;0;11;9;2;2;0;4;1;40;38;0;1;1
20;2;11;9;4;5;3;4;1;35;38;0;0;0
21;2;11;9;4;2;3;4;1;40;38;0;0;0
44;3;15;10;2;3;0;4;1;50;38;0;0;0
31;4;9;13;2;11;0;4;1;48;38;0;0;0
50;4;9;13;4;2;1;4;1;45;38;1;0;0
54;2;11;9;2;6;0;4;1;45;38;0;0;1
28;2;11;9;2;13;0;4;1;50;38;0;0;0
34;2;11;9;0;13;1;4;1;40;38;0;0;0
46;2;12;14;2;3;0;4;1;40;38;0;0;1
28;3;9;13;2;3;0;4;1;60;38;0;0;1
23;2;11;9;4;0;3;2;1;40;38;0;1;0
29;2;9;13;2;12;0;4;1;40;38;0;0;1
35;2;11;9;2;2;0;4;1;40;38;0;0;0
41;4;15;10;2;4;0;4;1;50;38;1;0;1
35;4;12;14;2;3;0;4;1;55;38;1;0;1
20;2;11;9;2;5;0;3;1;40;38;0;0;0
42;2;12;14;0;9;1;4;0;16;38;1;0;0
56;2;5;4;2;6;5;4;0;45;38;1;0;0
31;2;9;13;4;11;3;4;1;45;38;0;0;0
23;2;11;9;4;12;3;4;1;50;38;0;0;0
60;2;11;9;4;5;1;4;1;40;38;0;0;0
28;2;15;10;4;2;3;4;1;40;38;0;0;0
32;2;15;10;2;13;0;4;1;60;38;0;0;1
36;2;12;14;4;3;1;4;0;40;38;1;0;1
44;4;9;13;2;3;0;4;1;60;38;0;0;0
34;2;15;10;2;2;0;4;1;48;38;0;0;1
27;2;11;9;4;11;3;1;1;40;38;0;0;0
49;2;11;9;0;3;4;4;1;50;38;0;0;0
48;2;11;9;0;7;4;2;0;40;38;0;0;0
47;2;11;9;2;2;0;4;1;50;38;0;0;1
34;2;9;13;2;3;0;4;1;65;38;0;0;1
27;2;7;12;4;11;1;4;1;40;38;0;0;0
24;2;15;10;2;2;0;4;1;40;38;0;0;0
24;2;11;9;0;5;1;4;1;30;38;0;0;0
25;2;15;10;2;6;0;4;1;40;38;0;0;0
36;2;8;11;0;11;4;4;0;40;38;0;0;0
38;0;11;9;2;0;0;4;1;45;38;0;0;0
57;2;4;3;2;13;0;4;1;40;38;0;0;0
24;2;15;10;2;4;0;4;1;50;38;0;0;1
41;5;11;9;2;12;0;4;1;40;38;0;0;0
56;5;8;11;2;2;0;2;1;60;38;0;0;1
19;2;11;9;4;0;3;4;0;40;38;0;0;0
44;2;11;9;4;7;2;2;1;32;38;0;0;0
34;2;8;11;4;2;1;4;0;40;38;0;0;0
25;2;9;13;4;3;3;4;1;40;38;0;0;0
27;5;11;9;2;12;0;4;1;40;38;0;0;0
22;2;11;9;4;9;1;4;1;40;38;0;0;0
59;2;15;10;2;2;0;4;1;55;38;0;1;1
34;2;1;7;2;13;0;4;1;50;38;0;0;0
30;2;11;9;2;13;0;4;1;65;38;0;0;1
21;2;15;10;4;0;1;4;0;38;38;0;0;0
24;2;15;10;4;5;2;4;1;40;21;0;0;0
35;2;9;13;2;11;0;4;1;50;38;0;0;1
32;2;8;11;2;2;0;4;1;40;38;0;0;0
45;2;15;10;0;0;4;4;0;45;38;0;0;0
30;2;11;9;4;0;4;4;0;40;38;0;0;0
28;4;9;13;2;2;0;4;1;55;38;0;0;0
28;4;9;13;2;11;5;4;0;5;38;0;0;0
29;2;11;9;4;0;1;4;0;44;38;0;0;0
60;2;15;10;2;2;0;4;1;40;3;0;0;0
28;2;8;11;4;11;1;4;0;40;38;0;0;0
38;0;15;10;0;3;1;2;0;40;38;0;0;0
31;2;11;9;2;2;0;4;1;50;38;0;0;1
28;2;15;10;2;7;0;4;1;35;38;0;0;1
42;2;15;10;2;7;5;4;0;23;38;0;0;0
40;1;6;5;2;7;5;4;0;40;40;0;0;1
24;2;15;10;4;7;1;4;1;40;38;0;0;0
37;3;15;10;2;3;0;4;1;60;38;0;0;1
36;2;11;9;2;2;0;4;1;40;38;0;0;0
39;2;9;13;4;3;1;4;1;40;38;0;0;0
22;2;6;5;3;7;2;4;1;35;25;0;0;0
46;2;15;10;2;6;0;4;1;40;38;0;1;0
28;2;9;13;2;9;0;4;1;43;38;0;0;0
34;2;15;10;0;0;4;4;0;40;38;0;0;0
42;2;15;10;0;11;4;4;0;43;38;0;0;0
43;2;11;9;2;2;0;4;1;40;38;0;0;0
35;2;11;9;4;11;3;4;0;40;38;0;0;0
60;2;14;15;2;9;0;4;1;16;38;1;0;0
33;2;15;10;4;2;1;2;1;40;38;1;0;1
22;2;11;9;2;13;2;4;1;80;38;0;0;0
39;2;8;11;2;2;0;4;1;40;38;0;0;0
33;2;9;13;2;3;0;2;1;40;38;1;0;1
39;2;11;9;2;2;0;4;1;40;38;0;0;0
37;4;1;7;2;13;0;4;1;45;38;0;0;0
63;4;5;4;2;4;0;4;1;60;38;0;0;1
46;5;15;10;2;3;0;4;1;38;38;1;0;1
48;2;11;9;5;6;4;2;0;40;38;0;0;0
33;2;11;9;4;0;3;2;0;40;38;0;0;0
65;2;15;10;6;9;1;4;0;20;17;1;0;0
39;2;11;9;4;0;3;4;0;40;38;0;0;1
43;2;9;13;0;3;1;2;0;40;38;0;0;1
28;2;0;6;2;2;0;4;1;40;38;0;0;0
50;4;11;9;0;3;1;4;0;35;38;1;0;1
24;5;9;13;4;9;1;4;1;20;38;0;0;0
48;2;11;9;0;13;1;4;1;40;38;0;0;0
35;2;15;10;4;7;1;4;1;40;38;0;0;0
62;2;11;9;2;13;0;4;1;40;38;0;0;0
42;4;15;10;4;3;1;4;1;40;38;0;0;0
60;2;11;9;2;3;0;4;1;40;38;1;0;1
50;2;11;9;2;3;0;4;1;50;38;0;0;1
40;2;14;15;4;3;1;4;0;40;4;0;0;0
39;1;11;9;2;2;0;4;1;40;38;0;0;0
43;1;11;9;0;10;4;4;0;40;38;0;0;0
35;2;11;9;2;2;0;4;1;38;38;0;0;0
39;2;9;13;2;3;0;4;1;45;38;0;0;1
30;1;9;13;2;10;0;4;1;40;38;0;0;1
32;2;15;10;2;11;0;2;1;65;38;0;0;0
18;2;15;10;4;0;1;4;1;40;38;0;0;0
37;2;7;12;4;11;4;2;0;40;38;0;0;0
26;2;9;13;4;0;3;4;0;40;38;0;0;0
51;2;11;9;2;2;0;4;1;42;38;0;0;0
33;2;9;13;2;11;0;4;1;45;38;0;0;0
46;2;9;13;2;2;0;4;1;44;38;0;0;1
40;2;8;11;2;3;0;4;1;50;38;0;0;1
34;2;8;11;2;2;0;4;1;48;38;0;0;0
29;2;11;9;2;6;0;4;1;40;38;0;0;0
47;4;15;10;6;7;4;4;0;35;38;0;0;0
45;2;11;9;3;0;4;4;0;30;38;0;0;0
53;2;11;9;5;2;1;4;1;35;38;0;0;0
52;4;12;14;2;3;0;1;1;40;29;0;0;0
64;2;5;4;2;4;0;4;1;40;38;0;0;1
42;2;12;14;4;3;1;4;1;45;38;0;0;1
44;2;15;10;2;12;0;4;1;44;38;0;0;1
41;2;11;9;2;11;0;4;1;50;38;1;0;1
53;1;12;14;2;3;0;4;1;43;38;0;0;1
25;2;11;9;4;2;1;4;1;35;38;0;0;0
20;2;1;7;5;7;3;4;0;40;38;0;0;0
29;2;8;11;4;8;3;4;0;40;38;0;0;0
56;2;11;9;2;2;0;4;1;40;38;0;0;0
45;2;10;16;2;9;5;4;0;30;38;0;1;1
56;2;11;9;2;11;5;4;0;35;38;0;0;0
38;3;15;10;2;3;0;4;1;40;38;1;0;1
62;2;11;9;2;11;0;1;1;40;29;0;0;0
28;4;9;13;4;9;1;4;1;60;38;0;0;0
31;2;11;9;2;11;0;4;1;40;38;1;0;0
24;2;9;13;4;11;3;4;1;40;38;0;0;0
65;2;9;13;2;0;0;4;1;34;38;0;0;0
40;2;11;9;5;5;1;2;1;30;38;0;0;0
31;2;9;13;4;9;1;4;1;40;38;0;0;0
35;2;11;9;0;13;1;4;1;60;38;0;1;0
42;0;12;14;2;9;0;1;1;40;34;0;1;1
20;2;11;9;4;11;1;4;0;30;38;0;0;0
30;1;15;10;0;0;1;4;0;40;38;0;0;0
25;2;9;13;4;3;3;4;1;45;38;0;0;0
22;2;11;9;4;7;3;4;1;40;38;0;0;0
31;2;15;10;2;9;5;4;0;40;38;1;0;0
56;2;15;10;2;3;0;2;1;50;38;0;0;1
51;2;11;9;0;7;2;2;1;32;13;0;0;0
36;4;0;6;2;4;0;4;1;60;38;0;0;0
44;5;15;10;0;0;1;2;0;40;38;0;1;0
49;2;12;14;0;3;4;4;1;45;38;0;1;1
28;2;11;9;2;2;0;4;1;40;38;0;0;0
57;2;9;13;2;9;0;4;1;40;38;1;0;1
33;4;15;10;4;11;1;4;1;65;38;0;0;0
49;2;9;13;2;0;0;4;1;40;38;1;0;1
74;5;10;16;4;9;2;4;0;20;38;0;1;1
48;2;9;13;2;3;0;4;1;45;38;1;0;0
38;2;9;13;2;3;0;4;1;40;38;1;0;1
39;2;11;9;4;6;1;4;0;40;38;0;0;0
46;2;9;13;2;3;0;4;1;65;38;1;0;1
56;2;9;13;2;9;0;4;1;40;38;0;0;1
27;2;9;13;2;3;0;4;1;40;38;0;0;1
17;2;1;7;4;8;3;4;0;40;38;0;0;0
28;2;6;5;0;9;1;2;0;40;38;0;0;0
42;2;12;14;0;0;1;4;0;25;38;0;0;0
39;2;15;10;5;0;4;2;0;40;38;0;0;0
29;4;11;9;2;4;0;4;1;40;38;1;0;0
21;2;15;10;4;9;3;4;1;10;38;0;0;0
36;2;15;10;4;0;4;1;0;40;38;0;0;0
56;2;0;6;6;6;4;2;0;40;38;0;0;0
49;2;4;3;2;2;0;4;1;40;38;0;0;0
47;3;15;10;2;11;0;4;1;80;38;0;0;0
44;2;15;10;5;0;4;4;0;40;38;0;0;0
40;2;3;2;4;7;1;4;1;45;7;0;0;0
43;5;9;13;2;3;0;4;1;40;38;1;0;1
62;2;2;8;2;4;0;4;1;48;10;0;0;0
52;2;14;15;2;9;5;4;0;30;38;1;0;1
25;2;11;9;4;7;4;2;0;40;38;0;0;0
63;3;12;14;0;9;1;4;1;70;38;0;0;1
51;2;10;16;2;9;0;1;1;99;34;0;0;0
25;2;11;9;4;0;3;1;0;40;38;0;0;0
27;2;11;9;4;11;1;4;0;40;38;0;0;0
48;0;15;10;4;0;1;4;1;30;38;0;0;0
32;2;11;9;2;13;0;4;1;40;38;0;0;0
36;2;15;10;2;11;0;4;1;45;38;0;0;0
30;4;11;9;0;2;1;4;1;40;38;0;0;0
45;5;12;14;0;3;4;4;0;40;38;0;0;0
27;2;11;9;2;13;0;4;1;50;38;0;0;0
41;2;9;13;0;7;1;4;1;37;38;0;0;0
61;2;11;9;2;7;0;2;1;40;38;0;0;0
70;3;9;13;0;3;4;4;0;55;38;0;0;0
55;2;1;7;4;6;1;2;0;40;38;0;0;0
35;2;9;13;4;7;1;4;0;45;38;0;0;0
36;2;8;11;2;5;0;4;1;38;38;0;0;0
29;2;15;10;4;12;3;4;1;60;38;0;0;0
30;2;9;13;2;7;5;4;0;40;38;0;0;0
39;0;9;13;0;9;4;4;0;60;38;1;0;0
18;2;11;9;4;7;3;4;1;20;38;0;0;0
28;2;11;9;2;13;0;2;1;40;38;0;0;0
27;2;9;13;2;3;0;4;1;45;38;0;0;0
38;2;11;9;4;6;1;4;1;40;38;0;0;0
33;2;11;9;2;2;0;4;1;40;38;0;0;0
25;2;11;9;2;13;0;4;1;40;38;0;0;1
38;2;1;7;4;7;3;2;0;40;38;0;0;0
23;2;15;10;4;4;4;4;1;45;38;0;0;0
40;2;8;11;0;9;4;4;1;40;38;0;0;0
20;2;15;10;4;11;3;4;0;20;38;0;0;0
41;2;11;9;2;6;0;4;1;48;38;0;0;0
44;2;15;10;5;0;4;4;0;38;38;0;0;0
49;3;9;13;2;0;0;4;1;40;38;0;0;1
22;2;7;12;4;0;1;2;0;40;38;0;0;0
26;2;15;10;4;0;1;4;0;40;38;0;0;0
47;2;7;12;2;2;0;4;1;40;38;0;0;0
48;2;11;9;6;7;4;4;0;25;38;0;0;0
28;3;11;9;4;3;3;4;1;40;38;0;0;0
37;0;15;10;5;3;1;4;1;55;38;1;0;1
44;2;9;13;2;9;0;4;1;40;38;0;0;0
53;2;9;13;2;0;0;4;1;40;38;1;0;1
36;2;12;14;4;3;1;4;1;15;38;0;0;0
77;2;5;4;2;6;0;3;1;30;38;0;0;0
21;2;11;9;4;7;3;4;1;35;38;0;0;0
24;2;9;13;4;0;1;1;0;40;38;0;0;0
30;2;7;12;4;12;1;4;0;40;38;0;0;0
51;1;8;11;0;0;4;4;0;50;38;0;0;0
22;2;15;10;0;11;3;1;0;30;29;0;0;0
23;2;15;10;4;11;3;1;1;25;38;0;0;0
47;2;10;16;2;3;0;4;1;50;38;1;0;1
17;2;2;8;4;11;3;4;1;20;38;0;0;0
48;2;9;13;4;7;1;4;1;50;25;0;0;1
43;2;15;10;2;3;0;4;1;40;38;0;0;1
34;2;2;8;2;2;0;4;1;40;12;0;0;0
19;2;11;9;4;0;3;4;0;35;38;0;0;0
42;5;15;10;4;3;1;4;0;40;38;0;0;0
23;2;9;13;4;3;3;1;1;40;38;0;0;0
61;4;14;15;2;9;0;4;1;50;38;0;0;1
63;2;1;7;2;7;0;4;1;30;38;0;0;0
65;2;11;9;6;11;4;4;0;40;38;0;0;0
37;2;8;11;2;0;0;4;1;40;38;1;0;1
41;1;7;12;2;12;0;4;1;40;38;0;0;1
21;2;11;9;0;11;2;4;0;40;38;0;0;0
48;1;9;13;4;0;4;4;0;35;38;0;0;0
51;5;15;10;2;11;0;4;1;40;38;0;1;1
43;2;9;13;2;11;0;4;1;55;38;0;0;0
56;4;15;10;2;2;0;4;1;60;38;0;0;0
47;2;11;9;0;0;1;4;0;40;38;0;0;0
26;2;9;13;4;0;3;4;1;24;38;0;0;0
39;2;15;10;2;7;5;4;0;24;38;0;0;0
45;4;15;10;4;4;3;4;1;75;38;0;0;0
49;2;11;9;0;7;4;4;1;40;3;0;0;0
23;2;11;9;4;5;1;4;1;30;38;0;0;0
69;2;11;9;2;0;0;4;1;36;38;0;0;0
41;0;12;14;2;3;0;4;1;60;38;0;0;1
40;4;11;9;5;3;2;4;1;40;38;0;0;0
25;2;11;9;4;6;1;4;1;40;38;0;0;0
52;2;11;9;4;5;4;4;1;40;38;0;0;0
28;2;15;10;4;9;1;2;0;50;38;1;0;0
50;0;7;12;2;2;0;4;1;40;38;0;0;1
21;2;8;11;4;12;3;4;0;30;38;0;0;0
48;2;15;10;2;11;0;4;1;40;38;0;0;1
27;2;14;15;2;9;0;4;1;42;38;0;0;1
63;2;11;9;2;2;0;4;1;30;38;0;0;0
47;5;10;16;2;9;0;4;1;40;38;0;0;1
37;4;10;16;4;9;1;4;1;45;38;1;0;1
58;2;11;9;0;0;1;4;0;40;38;0;0;0
41;2;15;10;2;11;0;4;1;51;38;0;0;0
67;3;15;10;2;11;0;4;1;40;38;0;0;0
62;4;11;9;2;11;5;4;0;48;38;0;0;0
28;2;15;10;2;5;0;4;1;40;38;0;0;1
26;2;2;8;4;5;3;4;1;40;38;0;0;0
46;4;14;15;2;9;0;4;1;65;38;0;0;1
29;2;11;9;2;2;0;4;1;40;38;0;0;0
39;2;9;13;2;2;0;1;1;40;29;0;0;1
25;2;12;14;4;9;3;4;0;35;38;0;0;0
20;2;15;10;4;11;1;4;0;35;38;0;0;0
21;2;15;10;4;0;3;4;1;40;38;0;0;0
25;2;9;13;4;9;1;4;1;50;38;0;0;0
44;3;14;15;2;9;0;4;1;50;38;0;0;1
37;2;11;9;4;0;3;4;1;38;38;0;0;0
50;2;12;14;2;3;0;1;1;40;29;1;0;1
29;2;11;9;5;0;4;4;0;40;38;0;0;0
18;2;15;10;4;11;3;2;0;21;38;0;0;0
32;2;9;13;4;3;4;4;0;40;38;0;0;0
58;2;8;11;0;0;1;4;0;60;38;0;0;0
50;2;11;9;2;2;0;4;1;40;38;0;0;1
29;2;15;10;4;7;1;4;0;18;38;0;0;0
58;2;11;9;2;3;0;4;1;60;38;0;0;1
29;5;15;10;4;7;3;4;0;40;38;0;0;0
36;2;11;9;2;13;0;4;1;45;38;0;0;1
21;2;11;9;4;2;1;4;1;35;38;0;0;0
49;2;11;9;0;3;4;4;0;40;38;0;0;0
60;2;12;14;0;9;1;4;0;50;38;0;0;0
39;2;15;10;2;11;0;4;1;50;38;1;0;1
50;2;7;12;2;2;0;4;1;40;38;0;1;1
30;2;15;10;4;11;1;4;0;48;38;0;0;0
64;1;11;9;0;13;4;4;1;20;38;0;0;0
29;3;7;12;4;9;2;2;0;40;38;0;0;0
40;2;9;13;2;3;0;4;1;40;38;1;0;1
42;2;11;9;2;2;0;4;1;50;38;0;0;0
55;2;11;9;6;11;4;4;0;40;38;0;0;0
43;2;11;9;0;13;1;4;1;45;38;0;0;0
28;2;2;8;4;11;1;2;1;40;38;0;0;0
46;5;7;12;2;12;0;4;1;38;38;0;0;1
34;2;11;9;4;6;4;4;1;40;38;0;0;0
47;2;12;14;2;0;5;4;0;38;38;1;0;1
43;4;12;14;4;3;1;4;0;40;38;0;0;0
24;2;15;10;4;0;3;2;0;25;38;0;0;0
21;2;1;7;2;2;0;4;1;40;25;0;0;0
65;2;9;13;2;2;0;4;1;40;8;0;0;1
20;2;15;10;4;7;1;4;1;40;38;0;0;0
31;5;12;14;0;0;1;4;0;25;38;0;0;0
38;5;11;9;2;0;0;4;1;40;38;1;0;0
22;2;15;10;4;11;1;4;1;40;38;0;0;0
20;2;15;10;4;9;1;3;0;20;38;0;0;0
44;2;15;10;2;11;0;4;1;60;38;0;0;0
44;1;12;14;2;9;5;4;0;40;38;0;0;0
41;2;10;16;2;9;0;4;1;60;38;0;0;1
38;2;11;9;0;2;1;4;1;40;38;0;1;0
21;2;15;10;4;7;3;4;0;25;10;0;0;0
24;2;15;10;3;11;4;3;0;30;6;0;0;0
24;2;12;14;4;9;1;4;0;45;38;0;0;0
28;2;11;9;2;0;3;4;0;40;38;0;0;0
39;2;9;13;4;3;1;4;0;35;38;0;0;0
48;2;15;10;0;2;1;4;1;40;38;1;0;0
24;1;11;9;4;10;1;4;1;40;38;0;0;0
50;2;11;9;2;9;0;1;1;35;34;0;0;1
50;1;15;10;2;2;0;4;1;55;38;1;0;0
68;2;15;10;2;0;0;4;1;40;38;0;0;0
31;5;12;14;2;9;0;4;1;50;38;0;0;0
22;2;3;2;4;2;1;4;1;40;12;0;0;0
25;2;11;9;3;6;1;4;1;40;30;0;0;0
28;2;15;10;4;11;1;4;0;40;38;0;0;0
17;1;1;7;4;0;3;4;0;15;38;0;0;0
24;5;10;16;4;9;1;4;0;99;8;0;0;0
20;2;0;6;5;11;1;4;0;36;38;0;0;0
45;0;7;12;2;0;0;4;1;40;38;0;0;1
44;2;15;10;3;2;4;4;0;45;38;1;0;0
57;2;5;4;2;2;0;4;1;40;38;0;0;0
33;2;9;13;2;11;0;4;1;55;38;0;1;1
22;2;15;10;4;10;3;1;1;24;18;0;0;0
41;2;11;9;0;7;1;4;0;40;38;0;0;0
51;3;9;13;2;3;0;4;1;40;38;0;0;0
46;1;9;13;5;9;4;4;1;40;38;0;0;0
52;2;11;9;0;6;1;4;0;38;38;0;0;0
50;2;9;13;2;11;0;4;1;40;38;0;0;1
26;3;9;13;4;0;3;4;0;50;38;0;0;0
17;2;0;6;4;11;2;2;0;12;38;0;0;0
64;2;15;10;2;3;0;4;1;40;38;0;0;0
51;2;11;9;2;12;0;4;1;40;38;0;0;1
28;4;11;9;2;9;0;4;1;35;38;0;0;0
51;2;9;13;0;0;1;4;0;40;38;0;0;0
39;4;9;13;0;0;1;4;1;40;38;0;1;0
48;2;15;10;0;7;4;4;0;32;38;0;0;0
44;2;15;10;2;7;3;4;0;40;38;0;0;1
47;2;1;7;2;7;0;4;1;40;38;0;0;0
52;2;11;9;6;2;3;4;0;40;38;0;0;0
58;2;15;10;4;0;1;4;0;39;38;0;0;0
19;2;1;7;4;7;1;4;0;40;38;0;0;0
40;2;9;13;2;12;0;4;1;40;38;0;0;1
23;2;15;10;4;0;3;4;1;40;38;0;0;0
31;2;9;13;2;7;0;4;1;40;40;0;0;0
40;1;7;12;2;3;0;4;1;40;38;0;0;1
48;3;15;10;2;11;0;4;1;38;38;0;0;1
46;2;12;14;0;3;1;4;0;50;38;0;0;1
32;2;11;9;2;5;5;2;0;40;38;1;0;0
50;2;11;9;2;2;0;4;1;40;38;0;0;0
18;2;11;9;4;6;1;4;1;37;38;0;0;0
26;2;12;14;4;3;1;4;0;30;38;0;0;0
36;2;9;13;4;11;1;4;0;20;38;0;0;0
26;2;8;11;0;11;3;4;0;35;38;1;0;0
19;2;15;10;4;11;3;4;0;15;38;0;0;0
53;2;7;12;2;3;0;4;1;40;38;1;0;1
54;2;15;10;4;11;1;2;1;41;38;0;0;0
29;2;15;10;2;0;3;4;0;6;38;0;0;0
37;2;12;14;4;9;1;4;0;38;38;0;0;1
40;2;8;11;0;13;1;4;1;50;38;0;0;1
36;2;15;10;6;0;4;2;0;40;38;0;0;0
18;2;2;8;4;0;3;4;0;30;38;0;0;0
44;5;1;7;5;12;1;2;1;40;38;0;0;0
36;2;11;9;5;7;4;2;0;35;38;0;0;0
69;5;10;16;2;9;0;4;1;50;38;0;0;1
17;2;2;8;4;9;3;4;1;7;38;0;0;0
38;2;8;11;2;2;0;4;1;40;38;0;0;1
27;2;11;9;4;6;4;2;1;40;38;0;0;0
52;2;7;12;2;3;0;4;1;40;38;0;0;0
24;2;7;12;4;11;1;4;1;35;38;0;0;0
57;2;9;13;2;3;5;4;0;40;38;0;0;0
19;2;0;6;4;6;3;4;0;40;38;0;0;0
38;2;11;9;0;2;1;0;1;50;38;0;0;0
46;2;5;4;3;8;4;4;0;24;12;0;1;0
21;2;11;9;2;9;3;4;1;40;25;0;0;1
29;2;15;10;4;0;1;4;0;40;23;0;0;0
26;2;11;9;2;4;0;4;1;70;38;0;0;0
28;2;11;9;5;4;1;4;1;55;38;0;0;0
26;2;15;10;2;11;5;4;0;40;38;0;0;0
49;2;9;13;2;7;0;4;1;40;38;0;0;0
28;2;9;13;2;3;0;4;1;55;38;0;0;0
57;0;15;10;0;7;1;4;1;40;38;0;0;0
60;2;5;4;2;13;0;4;1;40;38;0;0;0
38;2;11;9;2;0;0;4;1;42;38;0;0;0
51;4;11;9;2;2;0;4;1;60;38;1;0;0
60;2;15;10;0;0;1;4;0;40;38;0;0;0
37;2;9;13;2;3;2;4;1;47;38;1;0;0
44;0;11;9;4;2;3;2;0;40;38;0;0;0
19;4;15;10;4;7;3;4;0;25;38;0;0;0
59;2;12;14;2;2;5;1;0;35;29;0;0;0
50;2;11;9;2;7;0;4;1;40;38;0;0;0
35;0;9;13;2;2;0;4;1;40;38;0;0;1
46;0;15;10;0;6;4;4;1;40;38;0;0;0
18;2;15;10;4;11;3;2;1;35;38;0;0;0
32;2;4;3;2;6;0;0;1;40;25;0;0;0
32;2;8;11;0;7;4;4;0;40;38;0;0;0
39;2;11;9;2;2;0;4;1;40;38;0;0;1
25;2;11;9;4;2;2;4;0;40;38;0;0;0
30;2;12;14;2;3;0;4;1;60;38;1;0;1
37;2;9;13;2;12;0;4;1;40;38;0;1;1
38;3;15;10;2;3;0;4;1;80;38;0;0;1
36;2;7;12;0;7;4;4;0;37;38;0;0;0
56;2;15;10;2;11;0;4;1;40;38;0;0;1
35;0;9;13;6;0;1;4;1;40;38;0;0;1
56;2;11;9;0;0;1;4;1;41;38;0;0;0
17;2;0;6;4;7;3;4;1;14;38;0;0;0
46;2;12;14;2;3;0;4;1;45;38;0;1;1
56;2;11;9;0;0;1;4;0;40;38;0;0;0
61;5;2;8;2;2;0;4;1;40;38;0;0;0
25;2;15;10;2;11;0;4;1;43;38;0;0;0
27;2;11;9;4;6;4;2;0;40;38;0;0;0
50;4;11;9;2;4;0;4;1;30;38;0;0;0
33;4;8;11;2;4;0;4;1;62;38;0;0;0
33;2;8;11;2;2;0;4;1;40;38;1;0;1
38;2;15;10;4;4;4;4;1;60;38;0;0;0
51;2;1;7;2;6;0;4;1;40;38;0;0;0
27;2;7;12;4;11;1;4;1;42;38;0;0;0
49;1;12;14;6;9;4;4;0;16;38;0;0;0
26;2;11;9;5;6;4;2;0;40;38;0;0;0
42;2;12;14;2;3;0;4;1;60;38;0;0;1
37;2;9;13;4;6;1;2;1;32;38;0;1;0
38;2;15;10;4;0;3;4;0;40;38;0;0;0
48;2;11;9;2;7;0;4;1;40;25;0;0;1
33;2;11;9;2;3;0;4;1;60;38;1;0;0
30;2;11;9;4;7;1;4;1;40;20;0;0;0
25;5;9;13;4;9;1;4;0;50;38;0;0;0
50;2;9;13;2;11;0;4;1;40;38;0;0;1
54;3;11;9;2;3;0;4;1;36;38;0;0;1
37;2;1;7;0;2;1;4;1;40;38;0;0;0
59;4;9;13;2;11;0;4;1;55;38;1;0;1
17;2;0;6;4;11;3;2;0;24;38;0;0;0
56;4;11;9;6;0;4;4;0;40;38;1;0;1
57;2;11;9;0;7;1;4;1;38;38;0;0;0
33;2;0;6;4;7;3;2;1;20;38;0;0;0
41;4;12;14;2;2;0;4;1;65;38;0;0;0
45;2;9;13;6;7;3;1;0;40;29;0;0;0
50;2;11;9;2;11;0;4;1;48;38;0;0;0
18;2;11;9;4;11;2;4;1;25;38;0;0;0
19;2;15;10;4;0;3;4;0;20;38;0;0;0
26;2;15;10;2;9;5;1;0;40;38;0;0;0
41;2;15;10;2;9;0;4;1;40;38;0;0;1
29;2;11;9;4;2;1;4;1;50;38;0;0;0
27;2;15;10;4;2;1;2;1;40;38;0;0;0
35;2;11;9;0;0;4;4;0;38;38;0;0;0
37;2;9;13;4;2;1;4;1;90;38;0;0;1
22;2;1;7;4;0;1;4;1;40;38;0;0;0
25;2;0;6;4;8;3;4;0;24;38;0;0;0
26;2;11;9;2;11;0;4;1;50;38;0;0;0
27;1;11;9;0;10;3;4;1;40;38;0;0;0
26;2;9;13;4;0;1;4;1;65;38;1;0;0
51;2;11;9;2;2;0;4;1;40;38;0;0;0
45;2;11;9;2;3;0;1;1;40;38;0;0;1
60;2;11;9;2;11;0;4;1;40;38;0;0;0
35;2;15;10;2;3;0;4;1;55;38;0;0;1
24;2;11;9;4;6;3;4;1;40;38;0;0;0
40;1;11;9;0;2;3;4;0;40;32;0;0;0
44;2;9;13;2;9;0;2;1;50;38;0;1;1
65;2;11;9;0;3;2;4;0;50;38;1;0;0
52;3;15;10;2;0;5;4;0;40;38;0;0;1
38;2;11;9;5;2;4;4;0;35;38;0;0;0
18;2;1;7;4;11;3;4;0;49;38;0;0;0
24;2;8;11;4;6;3;4;1;40;38;0;0;0
52;2;15;10;2;3;0;4;1;60;38;0;0;0
21;2;11;9;4;6;1;4;1;44;38;0;0;0
67;4;10;16;2;11;0;4;1;40;38;1;0;1
64;4;15;10;6;2;1;4;0;8;38;0;0;0
25;2;15;10;4;3;3;2;1;40;38;0;0;0
34;0;12;14;2;0;0;4;1;50;38;0;0;1
39;4;11;9;2;4;0;4;1;50;38;0;0;0
26;2;11;9;4;5;3;4;1;52;38;0;0;0
19;2;0;6;4;4;3;4;1;25;38;0;0;0
35;2;11;9;2;3;0;4;1;50;38;0;0;1
26;2;12;14;4;9;1;4;0;40;38;0;0;0
38;2;11;9;5;7;3;4;1;35;38;0;0;0
45;2;15;10;2;6;0;4;1;65;38;0;0;0
18;2;1;7;4;7;4;4;0;28;38;0;0;0
51;2;15;10;0;0;1;4;0;63;38;0;0;0
36;2;11;9;5;7;4;2;0;28;38;0;0;0
37;1;8;11;4;10;1;4;1;40;38;1;0;0
37;2;9;13;2;3;0;4;1;60;38;0;0;1
39;0;11;9;2;0;5;4;0;40;38;0;0;1
21;2;15;10;4;7;3;4;1;40;38;0;0;0
46;5;10;16;2;9;0;4;1;45;38;1;0;1
33;2;11;9;5;11;1;4;0;35;38;0;0;0
23;2;9;13;4;0;4;2;0;40;38;0;0;0
52;4;11;9;0;11;4;2;1;40;38;0;0;0
28;2;11;9;4;0;3;4;0;40;38;0;0;0
23;5;15;10;4;9;1;4;1;40;38;0;0;0
48;3;15;10;2;3;0;4;1;40;38;0;0;1
17;2;1;7;4;11;3;4;0;20;38;0;0;0
22;4;15;10;4;9;3;4;0;3;38;0;0;0
40;2;11;9;2;2;0;4;1;40;38;0;0;0
90;2;0;6;2;3;0;4;1;40;38;0;0;0
28;2;11;9;0;11;3;4;0;40;38;0;0;0
44;2;11;9;2;13;0;4;1;40;38;0;0;0
29;2;9;13;2;7;0;4;1;42;38;1;0;1
45;2;8;11;2;3;0;4;1;50;38;0;1;1
43;2;11;9;2;6;0;2;1;40;10;0;0;1
49;0;9;13;2;3;0;4;1;40;38;0;0;1
27;2;9;13;4;12;3;4;1;50;38;0;0;0
60;4;11;9;0;2;4;4;0;40;38;0;0;0
33;2;11;9;2;6;5;3;0;40;3;0;0;0
53;4;0;6;2;2;0;4;1;50;38;0;0;1
19;2;15;10;4;11;1;4;1;40;38;0;0;0
28;4;11;9;0;4;1;4;1;40;38;0;0;0
22;2;7;12;4;5;3;4;1;20;38;0;0;0
48;4;11;9;2;13;0;4;1;60;38;0;0;0
19;2;15;10;4;7;3;4;0;25;38;0;0;0
28;2;8;11;2;7;2;4;0;40;38;1;0;0
58;2;15;10;2;11;0;2;1;40;38;0;0;0
19;4;15;10;4;2;3;4;0;25;38;0;0;0
22;2;15;10;4;2;3;4;1;40;38;0;0;0
52;4;14;15;2;9;0;4;1;50;38;0;0;1
31;2;9;13;2;6;0;4;1;50;38;0;0;0
50;4;10;16;2;9;0;4;1;40;38;1;0;0
62;2;11;9;6;2;4;4;1;40;38;0;0;0
26;2;9;13;4;9;1;4;1;50;38;0;0;0
64;5;11;9;6;0;1;4;0;24;38;0;0;0
38;2;15;10;2;2;0;4;1;40;38;0;0;0
44;2;14;15;2;9;0;4;1;80;38;1;0;1
28;4;11;9;0;3;1;4;0;40;38;0;0;0
19;2;11;9;4;7;3;4;0;52;38;0;0;0
39;2;11;9;4;6;1;4;0;10;38;0;0;0
50;2;0;6;2;2;0;4;1;40;38;0;0;1
39;3;12;14;2;9;5;4;0;40;38;0;0;1
36;2;9;13;4;12;3;4;1;40;38;0;0;0
39;2;8;11;2;5;0;4;1;49;38;0;0;0
51;3;7;12;4;11;1;4;0;25;38;0;0;0
28;2;11;9;4;7;3;4;0;32;38;0;0;0
57;4;14;15;2;9;0;4;1;30;38;0;0;1
40;1;14;15;5;9;3;2;0;40;38;0;0;0
27;2;15;10;0;11;4;4;0;40;28;0;0;0
32;2;15;10;4;11;3;4;1;60;38;0;1;0
49;5;11;9;0;3;4;4;0;44;38;0;0;0
34;4;0;6;4;7;3;4;0;40;38;0;0;0
24;2;11;9;4;6;3;4;1;40;38;0;0;0
54;2;5;4;0;6;1;4;1;40;12;0;0;0
52;2;2;8;2;2;0;4;1;45;38;0;0;0
43;2;1;7;2;5;5;4;0;25;38;0;0;0
35;2;15;10;2;6;0;4;1;46;38;0;0;0
56;2;11;9;0;13;1;4;1;30;38;0;0;0
30;2;11;9;4;2;1;4;1;40;38;0;0;0
54;2;11;9;6;7;4;4;0;40;38;0;0;0
35;2;9;13;4;11;1;1;1;50;38;0;0;0
32;2;15;10;4;0;3;2;0;40;38;0;0;0
44;3;9;13;2;3;0;4;1;60;38;0;0;1
32;2;11;9;1;7;2;4;0;10;38;0;0;0
60;2;2;8;2;0;0;4;1;40;38;0;0;0
40;2;15;10;0;7;1;4;1;45;38;0;0;0
50;2;5;4;2;6;0;2;1;40;38;0;0;0
58;2;6;5;2;5;0;4;1;50;38;0;0;1
41;2;11;9;2;2;0;4;1;45;38;0;0;1
28;2;11;9;2;11;0;4;1;40;38;0;0;1
53;2;11;9;4;0;2;4;1;35;38;0;0;0
45;2;11;9;0;11;1;4;0;40;38;0;0;0
23;2;11;9;4;5;3;4;0;30;38;0;0;0
25;2;15;10;2;11;0;4;1;50;38;0;0;0
40;4;15;10;4;2;1;4;1;35;38;0;0;1
28;2;9;13;4;3;1;4;0;60;38;0;0;0
27;2;2;8;4;13;1;4;1;40;38;0;0;0
19;1;15;10;4;0;3;4;1;15;38;0;0;0
24;2;11;9;4;5;3;2;1;25;38;0;0;0
38;2;9;13;5;9;4;4;1;40;38;0;0;0
24;5;12;14;4;0;1;2;0;40;38;0;0;0
18;2;1;7;4;7;3;2;1;7;38;0;0;0
58;2;11;9;0;3;4;4;0;40;38;0;0;0
35;2;12;14;4;9;3;4;1;44;38;0;0;1
43;2;6;5;4;6;1;4;0;20;38;0;0;0
45;2;11;9;2;6;0;2;1;35;38;1;0;0
24;2;11;9;2;11;0;4;1;40;25;0;0;0
63;2;6;5;2;4;0;2;1;40;38;0;0;0
40;2;6;5;2;6;0;4;1;40;25;0;0;0
21;2;9;13;4;7;2;4;1;20;38;0;0;0
20;5;15;10;2;7;0;4;1;40;38;0;0;0
42;2;11;9;2;6;5;4;0;40;38;1;0;1
47;0;11;9;2;2;0;4;1;40;38;0;0;0
48;3;11;9;2;2;0;4;1;36;38;0;0;0
61;2;5;4;2;13;0;4;1;40;38;0;1;0
35;5;9;13;2;3;0;4;1;40;38;0;0;1
46;2;15;10;2;4;5;4;0;20;38;0;0;0
18;2;2;8;4;7;3;4;1;25;38;0;0;0
28;4;9;13;4;9;1;4;1;50;38;0;0;1
20;2;11;9;4;7;3;4;0;20;38;0;0;0
28;2;11;9;2;13;0;4;1;40;38;0;0;0
57;2;11;9;2;11;0;4;1;40;38;0;0;0
56;2;5;4;2;2;0;4;1;40;38;0;0;0
33;2;11;9;2;2;0;4;1;40;38;0;0;0
19;2;11;9;4;5;3;4;1;40;38;0;0;0
29;2;11;9;2;6;0;4;1;40;38;0;0;0
30;2;15;10;4;2;2;4;1;55;6;0;0;0
53;1;9;13;0;9;4;4;0;57;38;0;0;0
25;2;3;2;4;8;1;4;0;40;12;0;0;0
44;5;11;9;2;10;0;4;1;38;38;0;0;0
22;2;15;10;2;5;0;4;1;28;38;0;0;0
40;2;11;9;0;2;1;4;1;40;38;0;0;0
30;4;5;4;2;4;0;4;1;40;25;0;0;0
51;2;8;11;0;0;4;4;0;38;38;0;0;0
17;2;1;7;4;8;3;4;0;24;38;0;0;0
46;1;9;13;2;10;0;4;1;40;38;0;0;1
50;5;15;10;2;0;0;4;1;40;38;0;0;1
34;2;15;10;4;3;1;4;0;50;38;0;0;0
41;0;9;13;2;0;0;4;1;40;38;0;0;0
32;2;9;13;4;7;4;3;1;40;38;0;0;0
32;2;11;9;2;6;0;4;1;40;38;0;0;0
47;2;15;10;2;9;0;4;1;70;38;0;0;0
50;2;15;10;2;11;0;4;1;40;38;0;0;0
77;2;5;4;6;8;4;4;0;23;38;0;0;0
33;2;11;9;0;3;1;4;1;40;38;0;0;0
47;3;11;9;2;6;0;4;1;48;38;0;0;0
64;2;1;7;2;13;0;4;1;40;38;0;0;0
34;2;11;9;2;3;0;4;1;50;38;0;0;0
34;1;11;9;4;9;4;2;0;35;38;0;0;0
67;1;12;14;4;3;2;4;0;72;38;1;0;1
37;1;11;9;4;7;1;4;1;40;38;0;0;0
34;2;9;13;2;9;0;4;1;40;38;0;0;1
50;4;10;16;0;11;1;4;1;64;38;0;0;0
60;2;9;13;2;3;0;4;1;45;38;0;0;1
46;1;9;13;0;9;4;4;0;43;38;0;0;0
44;2;9;13;2;2;0;4;1;40;38;1;0;1
43;2;11;9;2;11;2;4;0;44;30;0;0;0
48;2;12;14;2;9;0;4;1;40;7;0;0;1
36;2;11;9;4;0;2;4;0;40;26;1;0;0
48;2;15;10;4;0;1;4;0;43;38;0;0;0
37;2;15;10;2;0;0;4;1;40;38;0;0;0
51;2;12;14;2;11;0;4;1;40;38;0;0;1
52;2;12;14;2;9;0;4;1;45;38;0;0;1
27;2;4;3;4;11;3;1;0;20;39;0;0;0
43;1;12;14;2;3;0;4;1;40;38;0;0;1
23;2;11;9;4;7;3;2;1;25;38;0;0;0
66;2;7;12;2;6;0;4;1;40;40;1;0;1
37;4;0;6;2;7;5;4;0;40;38;1;0;0
35;2;15;10;4;0;1;4;0;40;38;0;0;0
42;1;9;13;2;9;0;4;1;40;38;1;0;1
49;2;0;6;4;7;4;4;0;38;28;0;0;0
51;1;9;13;2;9;5;4;0;40;38;0;0;1
71;0;11;9;6;3;1;4;1;9;38;0;0;0
50;1;12;14;2;9;5;4;0;40;38;0;1;1
63;2;11;9;6;0;4;4;0;40;38;0;0;0
41;5;12;14;4;9;3;4;0;35;38;0;0;0
24;5;15;10;4;6;3;4;0;40;38;0;0;0
41;1;15;10;0;7;4;4;0;45;38;0;0;0
33;1;7;12;2;0;0;4;1;40;38;0;0;0
42;1;15;10;2;2;0;2;1;40;38;0;0;0
23;2;9;13;4;11;3;1;1;40;38;0;0;0
49;2;8;11;0;9;1;4;0;38;38;0;0;0
28;4;2;8;2;2;1;4;1;40;38;0;0;0
31;2;4;3;2;5;0;4;1;56;25;0;0;0
28;2;9;13;4;0;3;2;1;35;38;0;0;0
37;2;1;7;2;2;0;4;1;25;38;0;0;0
19;2;15;10;4;3;3;4;1;40;38;0;0;0
51;1;9;13;2;9;0;4;1;26;38;0;0;0
25;2;8;11;2;11;0;4;1;41;38;0;0;0
49;3;11;9;2;3;0;4;1;50;38;0;0;0
47;2;11;9;0;11;4;4;0;45;38;0;0;0
48;1;11;9;2;7;0;4;1;40;38;0;0;0
41;1;11;9;0;0;1;4;0;40;38;0;0;0
32;2;11;9;0;0;4;4;0;40;38;0;0;0
46;2;11;9;2;5;0;2;1;40;38;0;0;0
17;2;0;6;4;11;3;4;0;20;38;0;0;0
34;2;1;7;0;5;1;4;1;43;38;0;0;0
44;2;11;9;4;0;2;4;0;30;38;0;0;0
23;2;7;12;4;7;3;4;0;20;38;0;0;0
35;2;15;10;4;9;4;1;1;20;38;1;0;0
30;2;9;13;4;13;1;4;1;40;38;1;0;0
34;2;9;13;2;11;0;4;1;45;22;0;0;0
34;0;14;15;2;9;0;4;1;40;38;0;0;1
39;2;8;11;2;0;0;4;1;40;38;0;0;0
28;2;8;11;2;0;0;4;1;40;38;1;0;0
53;1;12;14;2;3;0;4;1;70;38;1;0;1
34;2;1;7;4;13;4;4;1;40;38;0;0;0
21;2;11;9;4;2;1;4;1;40;38;0;0;0
53;2;5;4;2;4;0;4;1;45;38;0;0;0
54;4;12;14;0;9;1;4;1;50;38;0;0;1
32;2;15;10;0;11;4;4;0;40;38;0;0;0
39;5;9;13;4;9;1;4;1;35;38;0;0;0
39;2;15;10;0;6;4;4;0;40;38;0;0;0
29;2;11;9;2;3;0;4;1;40;10;0;0;0
29;2;11;9;0;9;1;4;0;40;38;0;0;0
43;2;11;9;2;2;0;4;1;42;38;0;0;1
39;2;12;14;2;0;0;4;1;40;38;0;0;0
45;2;15;10;0;3;1;4;0;40;38;0;0;0
36;2;15;10;2;6;0;4;1;40;38;0;0;0
43;1;15;10;0;0;1;4;0;20;25;1;0;0
31;2;11;9;4;11;4;2;0;58;38;0;0;0
39;2;11;9;2;3;0;4;1;60;38;0;0;1
32;2;9;13;2;9;5;4;0;32;38;0;1;1
45;1;11;9;2;2;0;2;1;40;38;0;0;1
19;2;11;9;4;5;3;4;1;50;38;0;0;0
43;2;15;10;2;9;0;4;1;48;38;0;0;1
32;2;8;11;2;13;0;4;1;40;38;0;0;0
43;4;9;13;4;11;1;4;0;60;38;0;0;0
34;2;9;13;2;0;0;4;1;27;38;0;0;0
66;3;15;10;2;9;0;4;1;40;38;0;0;0
37;2;8;11;2;2;0;4;1;40;38;0;1;1
46;3;7;12;2;3;5;4;0;40;38;0;0;0
23;2;9;13;4;9;3;4;0;40;38;0;0;0
41;2;9;13;4;9;1;4;1;40;38;0;0;1
55;2;11;9;2;5;0;4;1;40;38;1;0;1
35;4;14;15;2;9;0;4;1;50;38;0;0;1
37;2;9;13;2;9;0;4;1;55;38;0;0;1
43;2;9;13;2;9;0;4;1;42;38;0;0;1
30;4;8;11;4;2;3;4;1;60;38;0;0;0
36;1;12;14;2;9;5;4;0;60;38;0;0;1
54;2;9;13;2;11;0;4;1;40;38;0;0;1
36;0;9;13;2;0;0;4;1;50;38;0;0;1
78;3;9;13;2;3;0;4;1;40;38;0;1;1
77;2;9;13;2;3;0;4;1;50;38;0;0;1
28;2;11;9;3;7;1;1;0;40;29;0;0;0
39;4;11;9;2;2;0;4;1;72;38;0;0;1
37;2;9;13;5;12;1;1;1;40;29;0;0;0
34;2;8;11;2;9;0;4;1;45;38;1;0;1
22;1;9;13;4;9;3;4;0;35;38;0;0;0
54;2;9;13;4;7;1;4;0;50;38;0;0;0
21;2;15;10;4;11;3;4;0;20;38;0;0;0
36;2;0;6;2;2;0;4;1;40;38;0;0;0
62;4;11;9;6;0;2;4;0;30;38;0;0;0
40;2;15;10;2;11;0;4;1;40;38;0;0;1
47;4;15;10;0;9;4;2;0;40;38;0;0;0
38;2;9;13;2;11;0;4;1;70;38;0;0;1
28;2;4;3;4;2;1;4;1;40;3;0;0;0
46;2;9;13;0;9;4;4;0;40;38;0;0;0
22;2;15;10;2;7;0;4;1;35;38;0;0;0
37;2;11;9;0;11;4;4;0;25;1;0;0;0
69;2;0;6;5;6;1;4;0;28;28;0;0;0
43;2;9;13;2;3;0;4;1;50;38;0;0;1
53;2;9;13;4;7;1;1;0;21;23;0;0;1
20;2;11;9;4;11;3;2;0;35;38;0;0;0
22;2;9;13;4;9;1;4;1;50;38;0;0;0
48;2;6;5;2;2;0;4;1;44;38;0;0;0
40;0;12;14;2;9;0;4;1;40;38;0;0;1
39;2;15;10;0;7;1;4;0;55;38;0;1;0
57;2;11;9;2;12;0;2;1;40;37;0;1;1
23;2;0;6;4;7;4;4;1;60;25;0;0;0
25;1;9;13;2;9;5;4;0;38;38;0;0;1
22;2;11;9;4;9;3;2;1;40;38;0;0;0
23;2;2;8;4;8;3;4;1;30;38;0;0;0
41;1;9;13;2;9;0;4;1;45;38;0;0;1
25;2;15;10;4;6;1;4;0;25;38;0;0;0
58;2;15;10;2;11;0;4;1;40;38;0;0;0
33;2;11;9;0;11;1;1;1;45;23;0;0;0
28;2;12;14;2;9;0;4;1;48;38;0;0;0
19;2;1;7;4;6;1;4;0;25;38;0;0;0
44;2;15;10;0;0;2;4;0;40;38;0;0;0
68;2;13;1;4;6;1;4;1;10;38;0;0;0
33;5;11;9;2;2;0;4;1;40;38;0;0;1
24;2;11;9;0;3;1;4;0;40;38;0;0;0
44;4;11;9;2;4;0;4;1;50;38;0;0;0
38;2;9;13;2;3;0;4;1;40;38;1;0;1
31;2;11;9;5;2;4;4;0;40;25;0;0;0
29;2;11;9;0;0;1;4;0;40;38;0;0;0
65;2;6;5;6;11;1;4;0;40;38;0;0;0
55;2;11;9;6;0;2;4;0;40;38;0;0;0
49;2;11;9;2;3;0;4;1;40;38;0;0;0
27;2;11;9;4;6;3;2;0;40;38;0;0;0
41;2;11;9;0;11;1;4;1;30;38;0;0;0
33;4;15;10;2;2;0;4;1;50;38;0;0;1
22;4;11;9;4;4;3;4;1;40;38;0;0;0
41;2;11;9;2;9;0;4;1;40;38;0;1;1
66;2;11;9;2;7;0;2;1;4;38;0;0;0
38;2;15;10;0;11;1;4;1;60;38;0;0;0
43;2;11;9;2;6;0;4;1;42;38;0;0;1
40;1;15;10;2;5;0;4;1;40;25;0;0;0
32;2;15;10;2;11;0;4;1;40;38;0;0;1
30;2;11;9;4;11;4;4;0;35;25;0;0;0
35;2;9;13;2;0;0;4;1;40;38;0;0;0
41;2;12;14;2;9;0;4;1;50;38;1;0;1
33;1;9;13;4;9;1;0;1;60;38;0;0;0
36;2;9;13;2;3;0;4;1;55;38;0;0;1
33;4;9;13;2;9;0;4;1;60;38;0;0;0
53;2;11;9;2;3;0;4;1;60;38;0;0;1
27;2;9;13;4;11;1;4;1;45;38;0;0;0
22;2;9;13;4;5;3;4;0;15;38;0;0;0
26;2;11;9;2;11;0;2;1;36;38;0;0;0
64;2;11;9;2;11;5;4;0;21;38;0;0;0
48;2;15;10;0;0;4;4;0;45;38;0;0;0
23;2;11;9;4;0;3;4;0;40;38;0;0;0
35;4;9;13;2;9;0;4;1;40;38;0;0;0
46;2;15;10;2;11;0;4;1;40;38;0;0;1
65;4;15;10;6;3;4;4;0;45;38;0;0;0
53;2;11;9;6;6;1;4;1;40;38;1;0;0
18;2;4;3;4;7;2;4;1;54;25;0;0;0
34;4;14;15;2;9;0;4;1;55;38;0;0;1
28;2;11;9;4;6;4;4;0;40;12;0;0;0
37;2;9;13;2;3;0;4;1;60;38;0;0;1
59;2;9;13;2;9;0;4;1;40;38;1;0;0
32;2;12;14;4;3;1;4;0;60;38;1;0;1
31;2;9;13;2;9;5;4;0;35;38;0;0;0
25;1;9;13;4;9;1;4;0;40;38;0;0;0
81;2;3;2;2;9;0;4;1;15;30;0;0;0
47;2;11;9;5;7;2;2;0;35;38;0;0;0
39;2;11;9;2;2;0;4;1;40;38;0;0;0
37;2;15;10;2;7;0;2;1;30;38;0;0;0
44;2;11;9;2;6;0;4;1;45;38;0;0;1
37;2;7;12;2;2;0;4;1;45;38;0;0;0
41;2;15;10;2;0;0;4;1;50;38;0;0;1
55;2;15;10;2;9;0;4;1;40;30;0;0;1
60;2;9;13;2;11;0;4;1;40;38;0;0;1
23;2;9;13;4;11;1;4;1;25;38;0;0;0
19;2;11;9;4;6;1;4;0;60;38;0;0;0
45;2;15;10;2;6;0;4;1;44;38;0;0;1
36;2;11;9;5;7;4;2;0;30;38;0;0;0
46;2;9;13;2;9;0;4;1;40;38;0;0;1
48;2;1;7;2;6;0;4;1;40;38;0;0;0
39;4;11;9;2;7;0;4;1;50;38;0;0;0
29;2;9;13;2;13;0;4;1;20;38;0;0;0
39;2;11;9;0;0;1;4;0;40;38;0;0;0
26;2;11;9;4;3;3;3;0;40;25;0;0;0
37;2;7;12;0;9;4;4;1;25;38;0;0;0
49;2;15;10;2;0;5;4;0;40;38;0;0;1
27;2;9;13;4;11;3;4;1;40;38;0;0;0
28;2;0;6;4;5;2;4;1;40;25;0;0;0
35;2;15;10;0;11;4;4;0;30;38;0;0;0
17;2;0;6;4;7;3;4;1;40;38;0;0;0
18;2;11;9;4;5;3;0;1;40;38;0;0;0
33;2;15;10;4;0;4;3;0;38;38;0;0;0
33;2;7;12;2;11;0;1;1;60;38;0;0;0
51;2;15;10;2;0;5;4;0;35;38;0;0;0
49;2;11;9;4;0;3;1;0;40;38;0;0;0
49;3;15;10;0;3;1;4;1;50;38;0;1;0
41;2;15;10;2;11;0;4;1;35;38;0;0;1
64;2;3;2;0;8;1;4;0;12;38;0;0;0
40;2;15;10;2;9;0;4;1;40;38;0;0;1
49;0;11;9;6;0;1;4;0;40;38;0;0;0
23;2;9;13;4;9;3;4;0;40;38;0;0;0
34;2;15;10;0;0;4;4;0;40;38;0;0;0
38;2;1;7;2;2;0;4;1;40;38;1;0;1
47;4;15;10;2;4;0;4;1;86;38;0;0;0
30;2;11;9;4;0;2;4;0;40;38;0;1;0
36;2;7;12;2;0;0;4;1;40;38;0;0;1
23;1;9;13;4;9;1;4;0;40;38;0;0;0
47;4;15;10;2;3;0;4;1;80;38;0;0;0
61;2;11;9;0;0;1;4;0;40;1;0;0;0
47;4;9;13;2;11;0;4;1;40;38;0;0;0
56;2;9;13;2;9;0;4;1;40;38;0;0;1
20;2;2;8;4;11;1;4;0;55;38;0;0;0
33;2;11;9;2;6;5;4;0;46;38;0;0;1
36;4;11;9;2;4;0;4;1;50;38;0;0;1
34;1;15;10;2;10;0;4;1;40;38;0;0;1
56;2;11;9;2;13;0;4;1;50;38;0;0;0
32;2;8;11;4;3;1;4;0;23;38;0;0;0
26;2;7;12;2;6;0;4;1;40;38;1;0;1
49;2;9;13;4;3;1;4;1;40;38;0;0;1
71;2;11;9;2;10;0;4;1;40;38;0;0;1
19;2;15;10;4;7;3;4;0;15;38;0;0;0
20;2;15;10;4;12;1;4;0;40;38;0;0;0
42;2;11;9;0;0;4;4;0;35;38;0;0;0
51;2;15;10;2;3;5;4;0;20;38;0;0;1
38;2;15;10;3;9;3;2;0;40;38;0;0;0
38;2;0;6;2;6;0;4;1;40;38;0;0;1
35;4;9;13;0;3;1;4;1;25;38;0;0;0
24;1;9;13;2;9;5;2;0;40;38;0;0;0
40;2;11;9;0;0;4;2;1;40;38;0;0;0
21;2;11;9;4;5;3;4;1;35;38;0;0;0
49;2;11;9;0;13;1;4;1;40;38;0;0;0
54;2;11;9;2;3;0;4;1;55;38;0;1;1
52;2;9;13;3;3;1;4;0;42;38;0;0;0
27;2;9;13;4;9;1;4;0;60;38;0;0;0
20;2;11;9;4;6;1;4;1;40;38;0;0;0
31;2;15;10;0;6;1;4;1;40;38;0;0;0
25;2;11;9;4;0;3;4;0;40;38;0;0;0
19;0;15;10;4;5;3;4;1;20;8;0;0;0
33;2;15;10;2;2;0;4;1;50;38;0;0;0
23;2;9;13;4;7;1;4;1;40;38;0;0;0
34;2;12;14;0;9;4;4;0;40;38;0;0;0
42;2;9;13;0;9;4;4;1;50;38;0;1;1
37;1;12;14;0;3;1;4;0;40;38;0;0;0
25;2;9;13;4;3;3;4;0;40;38;0;0;0
40;2;8;11;2;2;0;4;1;40;38;0;0;0
33;4;9;13;4;11;1;4;0;40;38;0;0;0
31;2;15;10;4;0;1;4;0;40;38;0;0;0
32;3;9;13;2;11;0;4;1;45;38;0;0;0
54;3;9;13;2;11;0;4;1;70;38;0;0;1
32;4;11;9;2;2;0;4;1;44;38;0;0;0
29;1;11;9;2;13;0;2;1;40;38;0;0;0
26;1;15;10;2;9;0;4;1;40;38;0;0;0
39;4;15;10;2;4;0;4;1;60;38;0;0;0
57;2;9;13;2;9;0;4;1;50;38;1;0;1
54;2;15;10;2;4;0;4;1;40;38;0;0;0
57;2;0;6;2;6;0;4;1;40;38;0;0;0
23;0;9;13;4;9;1;4;1;40;38;0;0;0
27;4;15;10;2;3;0;4;1;45;38;0;0;1
42;2;9;13;4;3;1;4;1;55;38;0;0;1
31;2;0;6;2;2;0;4;1;40;38;0;0;0
49;1;12;14;0;9;1;4;0;60;38;0;0;0
50;2;11;9;2;2;0;4;1;40;38;0;0;0
46;1;11;9;0;0;4;4;0;30;38;0;0;0
37;2;11;9;0;11;1;4;1;60;38;0;0;0
26;2;11;9;2;2;0;4;1;40;38;0;0;0
27;2;9;13;0;0;1;4;0;35;38;0;0;0
24;2;15;10;4;3;3;4;1;25;38;0;0;0
24;3;11;9;4;2;3;4;1;40;38;0;0;0
29;2;11;9;0;11;1;4;0;34;38;0;0;0
47;2;9;13;2;9;0;4;1;50;38;0;0;1
33;4;15;10;2;11;0;4;1;50;38;0;1;0
26;2;7;12;0;9;4;4;0;45;38;0;0;0
20;2;15;10;4;2;3;4;1;40;38;0;0;0
25;2;8;11;2;9;5;4;0;40;38;0;1;1
57;5;9;13;0;0;4;4;1;37;38;1;0;0
36;2;11;9;2;13;0;4;1;50;38;0;0;0
25;2;12;14;2;3;0;4;1;40;38;0;0;0
46;2;9;13;2;6;0;4;1;40;10;0;0;1
39;2;11;9;2;0;0;4;1;24;38;1;0;0
29;2;15;10;2;2;0;4;1;40;38;0;0;1
18;2;1;7;4;3;3;4;0;20;38;0;0;0
46;2;8;11;2;12;0;4;1;40;38;0;0;0
61;2;9;13;2;11;0;4;1;50;38;0;0;1
41;2;11;9;6;11;1;4;0;40;38;0;0;0
50;2;15;10;0;6;1;2;0;40;38;0;0;0
53;2;9;13;2;3;0;1;1;50;18;1;0;1
36;1;9;13;4;10;1;4;1;60;38;0;0;0
38;2;15;10;4;0;4;2;0;40;38;0;0;0
75;4;11;9;2;11;0;4;1;35;38;0;0;0
26;2;8;11;2;0;5;4;0;40;38;0;0;1
44;2;9;13;2;3;0;4;1;40;38;0;0;1
25;2;11;9;4;0;3;4;0;40;38;0;0;0
31;2;15;10;4;11;3;4;0;40;38;0;0;0
49;2;2;8;4;13;1;1;1;35;38;0;0;0
34;2;11;9;2;6;0;4;1;48;38;0;0;0
31;4;11;9;2;9;0;4;1;40;3;0;0;0
47;4;15;10;0;2;1;4;1;40;38;0;0;0
38;2;9;13;2;3;0;4;1;50;38;1;0;1
18;2;11;9;4;2;3;4;0;20;38;0;0;0
47;2;6;5;0;7;1;4;0;30;38;0;1;0
42;2;11;9;4;2;1;4;1;40;38;0;0;0
29;2;9;13;4;11;3;4;1;40;38;0;0;0
38;1;15;10;0;10;1;4;1;75;38;0;0;0
22;2;15;10;4;11;3;2;0;20;38;0;0;0
32;2;11;9;4;2;3;4;1;40;38;0;0;0
20;2;15;10;4;0;3;4;1;48;38;0;0;0
41;2;14;15;2;11;0;4;1;50;38;0;0;0
46;2;11;9;2;13;0;2;1;46;38;0;0;1
44;2;11;9;2;0;5;4;0;38;38;0;0;0
35;2;9;13;4;0;1;4;0;40;38;0;0;0
60;2;11;9;2;2;0;4;1;40;38;1;0;1
36;1;6;5;2;2;0;4;1;25;38;0;0;0
30;2;15;10;4;2;4;4;1;40;38;0;0;0
40;5;10;16;2;9;0;4;1;50;38;0;0;1
21;2;15;10;4;0;3;4;0;20;38;1;0;0
25;2;9;13;4;9;1;4;0;40;38;0;0;0
56;5;12;14;0;9;1;4;1;40;38;0;1;0
42;2;15;10;2;3;0;4;1;55;38;1;0;1
26;2;5;4;4;5;4;4;1;40;12;0;0;0
66;3;11;9;2;0;5;4;0;40;38;0;0;1
48;2;5;4;2;2;0;4;1;32;5;0;0;0
35;2;15;10;4;11;4;4;1;50;38;0;0;0
41;2;12;14;2;9;0;4;1;45;38;0;0;1
19;2;15;10;4;11;3;4;0;20;38;0;0;0
55;4;11;9;2;11;0;4;1;40;38;0;0;0
42;4;9;13;2;2;0;4;1;60;38;1;0;1
45;2;15;10;0;13;1;4;1;50;38;0;0;0
29;2;9;13;4;5;1;4;1;40;38;0;0;0
42;4;10;16;2;9;0;4;1;40;38;1;0;1
65;2;11;9;0;11;1;4;0;20;38;0;0;0
30;2;7;12;4;7;2;1;1;40;39;0;0;0
43;2;15;10;2;2;0;4;1;40;38;0;0;0
61;2;5;4;2;6;0;4;1;40;21;0;0;0
22;2;15;10;4;7;1;4;0;50;38;0;0;0
23;2;1;7;5;7;4;4;0;40;38;0;0;0
34;2;11;9;2;6;0;4;1;40;38;0;0;0
51;2;11;9;6;9;4;4;0;35;38;0;0;0
21;2;15;10;4;0;3;4;0;15;38;0;0;0
31;2;7;12;4;9;1;1;1;40;38;0;0;0
34;2;7;12;4;0;1;4;0;35;38;0;0;0
33;0;15;10;2;3;5;2;0;40;38;0;0;1
32;2;12;14;5;3;1;4;1;55;38;0;1;1
44;2;1;7;2;11;0;4;1;40;38;0;0;1
21;5;15;10;4;7;3;2;1;20;38;0;0;0
75;1;11;9;0;0;1;4;0;20;38;0;0;0
55;0;12;14;2;3;0;1;1;60;38;0;0;1
43;4;11;9;2;7;5;4;0;16;38;0;0;0
31;2;11;9;2;2;0;4;1;45;38;0;0;0
41;2;15;10;2;2;0;4;1;45;38;0;0;0
26;1;12;14;4;9;1;4;1;50;38;0;0;0
23;2;8;11;4;2;4;2;0;40;38;0;0;0
42;0;11;9;0;0;4;2;0;40;38;0;0;0
29;2;11;9;4;0;1;4;0;40;38;0;0;0
21;2;11;9;4;0;1;4;1;50;38;0;0;0
28;2;9;13;4;3;3;4;1;40;38;0;0;0
35;0;15;10;4;7;4;2;0;40;38;0;0;0
65;2;9;13;2;13;0;4;1;20;38;0;0;0
34;2;9;13;4;9;1;4;1;50;9;1;0;0
58;2;9;13;0;11;1;4;1;50;38;0;0;0
59;2;11;9;0;7;1;4;0;40;38;0;0;0
46;2;9;13;2;3;0;4;1;40;38;1;0;1
30;2;8;11;2;9;0;4;1;40;38;0;0;1
28;2;9;13;4;5;3;4;1;40;38;0;0;0
47;2;12;14;0;11;1;4;1;60;38;1;0;1
30;2;9;13;0;11;1;4;1;40;38;0;1;1
34;2;11;9;4;2;3;4;1;40;38;0;0;0
51;5;15;10;0;9;1;4;0;40;38;0;0;0
41;2;11;9;2;3;0;4;1;40;38;0;0;0
57;2;15;10;2;9;0;4;1;40;38;0;0;1
28;4;8;11;2;4;0;4;1;60;38;0;0;0
62;1;11;9;6;7;1;4;0;18;38;0;0;0
22;5;15;10;4;12;3;4;1;20;38;0;0;0
38;2;9;13;2;9;0;4;1;40;38;0;0;1
45;1;11;9;2;13;0;4;1;40;38;0;0;1
37;2;7;12;2;2;0;4;1;55;38;0;0;0
21;2;11;9;0;6;2;4;1;40;38;0;0;0
49;2;11;9;4;2;1;2;1;40;38;0;0;0
24;2;11;9;4;7;3;2;1;40;38;0;0;0
47;2;9;13;0;3;1;4;1;40;38;0;1;1
20;0;15;10;4;12;3;4;0;24;38;0;0;0
27;2;14;15;2;9;5;4;0;50;38;0;0;1
40;2;11;9;5;7;1;4;0;40;38;0;0;0
31;1;9;13;0;9;1;4;0;40;38;0;0;0
43;2;11;9;2;6;0;4;1;52;38;0;1;1
48;2;9;13;2;3;0;4;1;50;38;1;0;1
64;4;11;9;2;4;0;4;1;45;38;1;0;1
39;2;11;9;5;2;4;4;1;40;38;0;0;0
50;2;11;9;2;2;0;4;1;40;38;0;0;0
52;2;8;11;0;7;4;4;0;40;38;0;0;0
44;2;12;14;2;9;5;4;0;45;38;0;0;0
54;2;11;9;2;13;0;4;1;65;38;0;1;1
17;4;0;6;4;4;3;4;1;35;38;0;0;0
33;0;11;9;2;0;0;2;1;40;38;0;0;0
28;2;0;6;4;6;3;4;0;40;38;0;0;0
39;4;9;13;2;11;0;4;1;60;38;0;0;0
33;2;8;11;4;2;4;4;1;40;38;0;0;0
59;2;5;4;4;7;2;4;1;32;38;0;0;0
74;2;3;2;6;8;1;2;0;15;38;0;0;0
54;2;15;10;2;10;0;4;1;40;38;0;0;1
31;2;7;12;2;6;0;4;1;55;38;0;0;0
31;2;15;10;5;11;4;4;0;40;38;0;0;0
20;2;15;10;4;11;3;1;0;20;38;0;0;0
54;1;12;14;2;9;0;4;1;40;38;0;1;1
42;2;8;11;2;0;0;4;1;40;38;1;0;0
57;4;14;15;2;9;0;4;1;36;38;0;0;0
49;2;11;9;6;2;4;1;0;40;34;0;0;0
40;2;10;16;2;3;0;1;1;40;18;1;0;1
38;2;11;9;4;0;1;4;1;40;38;0;0;0
39;2;11;9;2;6;0;4;1;42;38;0;0;1
43;2;7;12;2;11;0;4;1;50;38;1;0;1
57;2;9;13;2;11;5;4;0;40;38;0;0;0
38;2;14;15;2;9;0;4;1;99;38;0;0;1
25;2;9;13;4;7;1;4;0;38;38;0;0;0
40;2;9;13;4;9;1;4;0;45;38;0;0;0
34;2;9;13;2;3;0;4;1;48;38;0;0;1
35;4;11;9;0;4;3;4;1;50;38;0;0;0
53;2;15;10;0;0;1;4;0;34;38;0;0;0
21;2;15;10;4;6;4;4;1;40;38;0;0;0
43;2;9;13;2;2;0;4;1;40;38;0;0;0
43;4;11;9;2;2;0;4;1;60;38;0;0;0
22;2;8;11;4;9;4;2;0;35;38;0;0;0
64;4;11;9;2;11;0;4;1;35;38;0;0;0
40;2;12;14;4;9;1;4;0;40;38;1;0;0
34;2;11;9;2;5;0;4;1;70;38;0;0;0
46;2;11;9;2;0;5;4;0;40;38;0;0;0
35;2;11;9;4;6;2;4;1;40;25;0;0;0
32;2;15;10;2;13;0;4;1;60;38;0;0;0
26;2;15;10;4;2;3;4;1;40;38;0;0;0
25;2;11;9;4;2;1;4;1;40;38;0;0;0
55;2;9;13;2;12;0;4;1;55;38;0;0;1
22;2;15;10;4;11;3;4;0;40;38;0;0;0
29;5;15;10;0;0;3;4;1;20;38;0;0;0
38;4;11;9;2;3;0;4;1;99;38;0;0;0
55;2;15;10;6;7;1;4;0;35;38;0;0;0
26;2;11;9;2;3;0;4;1;40;38;0;0;0
34;3;9;13;4;9;1;3;1;60;38;0;0;0
25;5;11;9;4;0;3;4;0;40;38;0;0;0
39;2;11;9;0;9;1;4;0;40;38;1;0;0
58;5;6;5;2;4;0;4;1;40;38;0;0;0
34;1;8;11;4;2;3;4;0;40;38;0;0;0
29;4;15;10;4;3;3;1;1;45;34;0;0;0
49;5;10;16;0;9;4;4;1;50;38;0;0;1
38;2;9;13;4;0;1;4;0;35;38;0;0;0
21;2;15;10;4;7;3;4;1;35;38;0;0;0
28;2;9;13;2;9;0;4;1;40;38;0;0;1
42;2;15;10;2;3;5;4;0;40;7;0;0;1
29;4;7;12;4;7;3;4;1;60;38;0;0;0
48;2;11;9;0;0;4;4;0;45;38;0;0;0
40;2;9;13;2;4;0;4;1;40;38;0;0;0
36;2;15;10;2;2;0;4;1;40;38;0;0;1
34;2;9;13;2;11;0;4;1;60;38;0;0;1
57;4;3;2;2;11;0;4;1;35;25;0;0;0
24;2;6;5;4;7;1;4;1;40;7;0;0;0
32;2;6;5;5;7;4;4;0;23;25;0;0;0
39;2;11;9;2;13;0;4;1;56;38;0;0;0
39;2;1;7;0;13;3;4;1;40;38;0;0;0
18;2;1;7;4;7;3;4;0;12;38;0;0;0
20;2;15;10;4;2;3;4;1;40;38;0;0;0
54;2;0;6;2;13;0;4;1;40;38;0;0;0
40;4;11;9;2;13;0;4;1;75;38;0;0;1
27;2;15;10;2;0;0;4;1;30;38;0;0;0
27;2;11;9;4;6;3;4;0;40;38;0;0;0
43;0;9;13;4;12;1;4;1;50;38;0;0;0
22;2;9;13;4;3;2;4;0;40;38;0;0;0
17;2;1;7;4;11;4;4;0;12;30;0;0;0
37;3;7;12;2;11;0;4;1;50;38;0;0;1
49;2;0;6;5;3;1;2;1;99;38;1;0;0
33;2;8;11;4;7;4;2;1;40;38;0;0;0
21;5;15;10;4;3;3;4;1;10;38;0;1;0
45;2;11;9;0;2;1;4;1;40;38;0;0;0
33;2;11;9;2;5;0;4;1;40;38;0;0;0
25;2;9;13;2;2;0;4;1;60;38;1;0;0
71;2;11;9;2;11;0;4;1;36;38;0;0;0
23;1;9;13;4;9;3;4;0;45;38;0;0;0
41;2;14;15;2;9;0;4;1;80;38;0;0;1
47;2;11;9;3;11;4;4;0;20;4;0;0;0
30;2;9;13;4;11;1;4;1;65;38;0;0;0
40;2;15;10;2;0;5;4;0;40;5;0;0;0
44;2;15;10;0;11;4;4;0;48;38;0;0;0
50;2;12;14;2;9;0;4;1;40;38;0;1;1
31;5;11;9;2;4;0;4;1;40;38;0;0;0
68;2;11;9;2;10;0;4;1;24;38;0;0;0
45;2;2;8;2;0;0;4;1;50;38;1;0;0
38;2;9;13;4;9;3;4;1;40;38;0;0;0
78;3;1;7;2;3;0;4;1;10;38;0;0;0
31;3;8;11;2;4;0;4;1;55;38;0;0;0
39;2;11;9;0;0;1;4;1;40;38;0;0;0
36;4;5;4;2;6;0;4;1;45;38;1;0;1
46;1;12;14;0;9;4;4;0;50;1;0;0;0
30;2;15;10;2;0;0;1;1;50;38;0;0;1
34;2;15;10;4;11;4;4;1;35;38;0;0;0
30;0;11;9;5;0;2;2;1;35;38;0;0;0
47;2;9;13;2;11;0;2;1;40;38;0;0;1
40;2;15;10;2;0;5;4;0;17;38;0;0;1
44;4;11;9;2;11;0;2;1;70;22;0;0;0
40;2;11;9;0;2;2;4;0;40;39;0;0;0
20;2;15;10;4;13;3;4;1;40;38;0;0;0
45;2;9;13;2;3;0;4;1;40;38;0;0;1
55;2;9;13;2;3;0;4;1;42;38;1;0;1
51;2;11;9;4;6;3;4;0;40;38;0;0;0
38;2;15;10;2;5;0;4;1;40;38;0;0;0
49;1;12;14;2;9;0;4;1;40;38;0;0;1
49;5;9;13;2;3;0;4;1;40;38;1;0;1
30;1;11;9;5;7;4;4;0;26;38;0;0;0
20;2;15;10;4;3;3;4;1;40;38;0;0;0
34;2;6;5;5;4;4;2;1;40;38;0;0;0
42;1;11;9;6;13;4;4;0;40;38;0;0;0
46;2;12;14;2;11;0;4;1;65;38;0;1;1
43;2;9;13;4;9;1;4;0;40;38;0;0;1
62;2;11;9;4;0;1;4;0;38;38;0;0;0
21;2;15;10;4;6;3;4;0;70;38;0;0;0
58;1;3;2;6;5;4;2;1;40;38;0;0;0
30;2;9;13;2;0;5;4;0;40;38;0;0;0
37;2;11;9;5;2;4;4;1;70;29;0;0;0
22;5;9;13;4;12;3;4;0;40;38;0;0;0
64;5;6;5;4;0;1;4;0;38;38;0;0;0
42;2;11;9;2;13;0;4;1;50;38;0;0;1
43;5;11;9;2;2;0;4;1;40;38;0;0;0
34;2;15;10;0;0;1;4;0;40;38;0;0;0
25;2;11;9;4;7;3;4;0;6;38;0;0;0
21;2;15;10;4;0;3;4;1;40;38;0;0;0
45;0;11;9;2;0;0;4;1;40;38;0;0;1
55;4;7;12;2;3;0;4;1;55;38;0;0;1
24;2;11;9;4;2;3;4;1;50;38;0;0;0
70;4;15;10;2;3;0;4;1;35;38;0;0;0
27;1;9;13;4;9;1;4;1;35;38;0;0;0
34;2;15;10;2;2;0;4;1;40;38;0;0;0
57;2;9;13;2;13;0;4;1;40;38;0;0;0
37;4;11;9;2;3;0;4;1;40;38;0;0;0
52;2;3;2;2;3;0;4;1;50;38;0;0;1
32;2;11;9;2;2;0;4;1;48;38;0;0;0
42;2;8;11;2;2;0;4;1;40;38;0;0;0
24;2;9;13;4;6;3;2;0;40;38;0;0;0
50;2;11;9;2;5;0;2;1;40;38;0;0;0
36;2;7;12;2;2;0;4;1;50;38;0;0;0
42;2;11;9;2;6;0;4;1;40;38;0;0;0
40;2;11;9;4;0;1;4;0;38;38;1;0;0
39;0;9;13;4;0;1;4;1;45;38;0;0;0
38;5;9;13;2;10;0;2;1;52;38;0;0;0
18;2;11;9;4;7;3;4;1;40;38;0;0;0
63;4;4;3;4;11;1;4;0;3;38;0;0;0
50;2;12;14;2;11;0;4;1;40;38;1;0;1
82;4;11;9;2;2;0;4;1;40;4;0;0;0
33;2;11;9;0;5;3;4;1;45;38;0;0;0
37;2;15;10;2;13;0;1;1;40;38;0;0;0
24;2;11;9;3;13;3;4;1;40;28;0;0;0
31;2;9;13;4;3;4;4;0;50;38;0;0;0
59;2;11;9;0;6;3;4;0;40;38;0;0;0
18;2;2;8;4;4;3;4;1;55;38;0;0;0
47;4;15;10;2;11;0;4;1;40;38;0;0;0
48;2;1;7;2;4;0;4;1;50;38;0;0;0
27;2;9;13;4;9;4;3;0;33;38;0;0;0
34;2;1;7;4;7;3;1;1;40;29;0;0;0
50;2;8;11;2;10;0;4;1;84;38;0;0;0
57;4;15;10;2;4;0;4;1;75;38;0;0;0
60;2;11;9;2;10;0;4;1;40;38;0;0;0
39;2;11;9;2;0;0;4;1;40;38;0;0;1
18;2;11;9;4;11;3;4;0;25;38;0;0;0
26;2;7;12;2;9;5;4;0;75;38;0;0;0
37;2;15;10;2;11;5;4;0;40;38;1;0;1
20;2;11;9;4;11;3;4;0;30;38;0;0;0
29;1;12;14;4;9;1;4;1;45;38;0;0;0
30;2;11;9;0;13;1;4;1;52;38;0;0;0
21;2;15;10;4;7;3;4;1;15;38;0;0;0
24;1;15;10;4;10;3;4;0;40;38;0;0;0
51;2;11;9;2;6;0;4;1;40;38;0;0;0
31;2;11;9;0;0;4;4;0;40;38;0;0;0
45;2;9;13;2;9;0;4;1;40;38;0;1;1
36;1;15;10;2;2;0;4;1;40;38;0;0;0
29;2;9;13;4;9;3;4;0;72;38;0;0;0
20;2;11;9;4;11;1;4;0;35;38;0;0;0
46;2;15;10;6;0;1;4;0;60;38;0;0;0
44;2;11;9;2;13;0;4;1;45;38;0;0;0
39;2;11;9;0;3;1;4;0;38;38;0;0;0
39;2;9;13;0;3;1;4;1;55;38;0;0;0
45;2;11;9;2;6;0;4;1;44;38;0;0;1
28;2;15;10;2;3;0;4;1;55;38;0;0;0
44;2;15;10;2;0;5;4;0;35;38;0;0;0
48;1;11;9;2;3;0;2;1;38;38;1;0;1
27;2;11;9;4;0;1;4;0;70;38;0;0;0
34;4;11;9;2;3;0;4;1;40;38;0;0;0
35;2;11;9;2;2;0;4;1;40;38;0;0;0
28;0;11;9;4;2;1;4;1;40;38;0;0;0
25;2;14;15;4;9;1;4;0;30;38;0;0;0
21;2;15;10;4;11;3;2;0;20;38;0;0;0
18;2;1;7;4;7;3;4;1;15;38;0;0;0
63;4;5;4;6;4;4;4;0;10;38;0;0;0
18;2;1;7;4;11;3;2;0;8;38;0;0;0
32;2;11;9;2;2;0;4;1;40;38;0;0;0
19;2;1;7;4;13;3;4;1;20;38;0;0;0
23;2;15;10;4;13;1;4;1;60;38;0;0;0
36;2;12;14;2;9;0;4;1;60;38;0;1;1
43;2;11;9;0;7;1;2;0;35;38;0;1;0
45;2;9;13;2;3;0;4;1;40;8;0;0;1
30;2;11;9;2;2;0;3;1;40;25;0;0;0
46;2;11;9;2;2;0;2;1;40;38;1;0;0
24;0;15;10;0;0;4;2;0;25;38;0;0;0
42;2;15;10;4;3;1;4;0;40;38;0;1;1
23;2;15;10;4;11;3;4;0;40;38;0;0;0
27;2;11;9;4;0;1;4;1;50;38;0;0;0
48;2;15;10;4;5;1;4;1;40;38;0;0;0
31;3;11;9;4;2;1;4;1;44;38;0;0;0
31;2;3;2;4;7;2;4;0;25;7;0;0;0
18;2;2;8;4;11;3;4;0;25;38;0;0;0
36;2;11;9;4;11;1;4;0;40;38;0;0;0
58;2;9;13;2;3;0;4;1;50;38;1;0;1
51;4;11;9;2;4;0;4;1;40;38;0;1;0
22;2;11;9;4;0;3;4;0;40;38;0;0;0
72;2;0;6;2;11;0;4;1;15;38;0;0;0
61;2;0;6;2;4;0;4;1;55;38;0;0;0
42;2;15;10;2;6;0;4;1;40;38;1;0;0
30;3;11;9;2;3;0;4;1;50;38;0;0;1
40;2;7;12;0;3;1;4;0;40;38;0;0;0
20;2;11;9;4;0;3;4;1;40;38;0;0;0
65;2;9;13;2;11;0;4;1;15;38;0;0;0
36;2;15;10;0;11;4;4;0;40;38;0;0;0
37;2;11;9;4;6;1;4;1;40;38;0;0;0
33;4;15;10;2;11;0;4;1;60;38;0;0;0
64;1;11;9;6;7;4;4;0;40;38;0;0;0
61;4;9;13;2;4;0;4;1;20;38;0;0;1
38;2;9;13;4;11;4;4;0;45;38;0;0;0
27;2;9;13;2;3;0;4;1;50;38;0;1;1
24;2;9;13;4;9;3;1;0;40;29;0;0;0
39;2;9;13;4;9;1;4;1;40;38;0;0;1
44;2;9;13;2;11;0;4;1;40;38;0;0;1
47;2;15;10;0;0;2;4;0;40;38;0;0;0
66;2;9;13;2;0;0;1;1;40;29;0;0;0
53;2;15;10;2;0;0;4;1;50;38;0;0;1
43;5;9;13;2;3;0;4;1;55;38;0;0;1
57;5;10;16;2;9;0;4;1;40;38;0;0;1
44;2;7;12;0;6;3;4;0;45;38;0;0;0
59;2;9;13;2;3;0;4;1;50;38;0;1;0
52;4;11;9;6;7;2;2;0;40;38;0;0;0
46;2;15;10;4;2;3;4;1;40;38;0;0;0
20;2;15;10;4;7;3;4;0;40;38;0;0;0
37;0;11;9;2;0;0;4;1;40;38;0;0;1
41;4;15;10;2;3;0;4;1;50;38;0;0;0
39;0;11;9;2;0;0;2;1;40;38;0;1;0
30;2;11;9;2;11;0;4;1;55;38;0;0;0
59;2;15;10;0;6;1;4;1;56;38;0;0;0
22;2;9;13;4;0;3;4;0;40;38;0;0;0
40;2;11;9;0;0;4;4;0;30;38;0;0;0
39;4;9;13;2;9;0;4;1;50;38;0;0;0
24;2;0;6;0;5;4;4;0;58;38;0;0;0
63;2;11;9;2;2;0;4;1;40;38;0;0;1
51;2;7;12;0;9;1;4;0;40;38;0;0;0
34;3;9;13;4;3;1;4;1;50;38;0;0;0
38;2;8;11;2;3;0;4;1;50;38;0;0;1
17;2;1;7;4;11;3;4;0;15;38;0;0;0
20;2;15;10;4;0;3;4;0;25;38;0;0;0
42;4;11;9;2;2;0;4;1;40;38;0;0;0
41;2;9;13;2;11;5;4;0;12;38;0;0;1
56;1;11;9;2;3;0;4;1;40;38;0;0;0
17;2;0;6;4;11;3;4;1;5;38;0;0;0
31;2;9;13;2;9;5;4;0;43;38;1;0;1
23;2;15;10;2;11;5;4;0;40;38;0;0;0
36;1;9;13;5;9;1;4;1;40;38;0;0;0
52;2;11;9;5;2;3;2;0;40;38;0;0;0
28;2;11;9;2;3;0;4;1;50;38;0;0;0
30;2;0;6;4;6;2;1;1;40;39;0;0;0
32;2;8;11;4;2;1;4;1;40;38;0;0;0
30;2;5;4;4;2;1;4;1;50;38;0;0;0
53;2;11;9;2;2;0;2;1;40;38;0;0;0
54;4;0;6;2;2;0;4;1;36;38;0;0;0
31;2;8;11;0;11;1;0;0;40;38;0;0;0
34;2;11;9;4;0;3;4;1;40;38;0;0;0
58;2;11;9;0;12;1;4;1;39;38;1;0;1
30;5;11;9;2;10;0;4;1;40;38;0;0;0
53;2;11;9;2;2;0;4;1;40;32;0;0;0
27;2;15;10;0;0;3;4;0;20;38;0;0;0
23;2;4;3;2;5;0;4;1;40;25;0;0;0
24;2;8;11;2;2;0;4;1;45;38;0;0;0
36;2;9;13;2;11;0;4;1;35;38;0;1;1
33;0;11;9;0;0;4;2;0;35;38;0;0;0
22;5;15;10;4;12;3;4;0;10;38;0;0;0
47;2;11;9;2;2;0;4;1;44;38;0;0;0
34;2;7;12;2;11;0;2;1;50;38;0;1;1
44;0;14;15;0;9;4;4;1;40;38;0;0;1
41;2;8;11;4;9;1;4;0;45;38;0;0;0
24;2;11;9;2;2;0;4;1;44;25;0;0;0
45;2;9;13;0;9;4;4;0;50;38;0;0;0
23;2;9;13;4;11;1;4;1;55;38;0;0;0
54;2;11;9;2;6;0;4;1;40;38;0;0;0
40;2;1;7;4;6;1;4;0;37;5;0;0;0
45;2;4;3;0;8;4;4;0;35;25;0;0;0
50;2;11;9;2;11;0;4;1;40;38;0;0;0
40;2;7;12;4;7;2;4;1;25;38;0;0;0
24;2;15;10;4;2;1;4;1;40;38;0;0;0
42;2;11;9;2;2;0;4;1;40;38;0;1;0
50;2;15;10;2;11;0;4;1;60;38;0;0;1
58;4;15;10;0;2;4;4;1;40;38;0;0;0
47;2;15;10;2;6;0;4;1;46;38;0;0;0
37;2;10;16;2;9;0;4;1;99;9;0;0;1
37;4;11;9;4;2;3;4;1;35;38;0;0;0
22;2;7;12;4;13;1;4;1;45;38;0;0;0
29;4;11;9;2;13;0;4;1;48;38;0;0;0
45;2;9;13;2;3;0;1;1;40;18;0;0;1
49;4;15;10;2;3;0;4;1;60;38;0;0;0
44;1;8;11;2;13;0;4;1;40;38;1;0;1
72;2;11;9;0;7;1;4;0;16;38;0;0;0
63;4;11;9;2;7;0;4;1;12;38;0;0;0
26;2;11;9;2;9;0;4;1;50;38;0;0;0
58;4;8;11;2;2;0;4;1;42;38;0;0;0
40;2;11;9;2;2;0;4;1;50;38;0;0;0
56;2;15;10;2;11;0;4;1;40;38;0;0;0
55;4;15;10;2;4;0;4;1;72;38;0;0;0
28;2;9;13;4;11;2;4;0;45;38;0;0;0
57;2;11;9;2;3;5;4;0;40;38;0;0;0
37;2;12;14;0;3;1;4;1;45;38;0;0;1
44;2;11;9;0;0;1;4;0;40;38;0;0;0
31;2;11;9;2;6;0;4;1;40;38;0;0;0
42;2;15;10;2;0;0;4;1;40;10;0;0;0
18;2;15;10;4;7;3;4;0;25;38;0;0;0
57;4;0;6;2;2;0;4;1;40;38;0;0;0
53;1;15;10;2;7;0;4;1;35;38;0;0;0
38;2;11;9;2;3;0;4;1;44;38;0;0;1
33;2;11;9;0;11;1;4;0;50;38;0;0;0
42;2;12;14;0;9;4;4;0;40;38;0;0;0
50;2;11;9;2;2;0;4;1;50;38;0;0;0
50;2;11;9;2;6;0;4;1;40;38;0;0;0
28;2;7;12;2;5;0;4;1;40;26;0;0;0
72;0;1;7;0;0;1;4;0;8;1;0;0;0
33;2;11;9;2;11;0;4;1;40;38;0;0;0
47;2;11;9;2;7;0;1;1;25;29;0;0;0
48;2;15;10;2;9;0;4;1;40;38;0;0;1
64;4;9;13;2;9;0;4;1;24;38;0;0;1
19;2;1;7;4;8;1;4;0;35;38;0;0;0
48;2;8;11;0;0;4;4;0;40;38;0;0;0
37;2;11;9;2;6;0;4;1;48;38;0;1;1
55;2;11;9;2;2;0;4;1;35;38;1;0;1
42;0;11;9;0;0;1;4;0;40;38;0;0;0
43;2;11;9;2;0;5;4;0;50;1;0;0;1
34;2;7;12;4;2;3;2;0;40;38;0;0;0
55;3;12;14;2;3;0;4;1;60;38;0;0;0
22;2;11;9;2;7;0;4;1;40;38;0;0;0
39;2;15;10;0;0;1;4;0;60;38;0;0;0
50;4;9;13;2;3;0;4;1;35;38;0;0;0
47;1;15;10;2;13;0;4;1;40;38;0;1;1
25;2;9;13;4;11;3;4;0;20;38;0;0;0
52;2;1;7;0;7;4;4;0;20;38;0;0;0
30;2;11;9;2;13;0;4;1;40;38;0;0;0
37;4;11;9;0;2;1;4;1;50;38;0;0;0
73;3;11;9;2;11;0;4;1;20;38;0;0;0
50;2;5;4;0;2;1;4;1;60;38;0;0;0
34;2;15;10;2;3;0;4;1;45;38;0;0;0
66;2;15;10;2;11;0;4;1;24;38;0;0;1
22;2;11;9;4;11;3;4;1;55;38;0;0;0
69;1;0;6;2;13;0;4;1;25;38;0;0;0
23;2;11;9;4;2;3;4;1;40;38;0;0;0
35;2;15;10;6;0;4;4;0;30;38;0;0;0
20;2;15;10;4;0;3;4;0;35;38;0;0;0
70;3;15;10;2;3;0;4;1;20;38;0;0;1
54;2;8;11;2;12;0;4;1;40;38;1;0;1
34;2;11;9;4;7;1;1;1;40;23;0;0;0
38;5;10;16;2;9;0;4;1;45;38;0;0;1
33;2;5;4;0;5;3;4;1;40;38;0;0;0
43;2;11;9;5;7;1;4;0;26;38;0;0;0
60;3;15;10;2;3;0;4;1;40;38;0;0;0
81;4;9;13;6;9;1;4;0;3;17;0;1;0
32;4;11;9;2;3;0;4;1;55;38;0;0;0
34;2;11;9;2;13;0;4;1;45;38;0;0;0
46;4;12;14;4;3;1;4;1;25;38;0;0;0
30;5;15;10;4;7;3;0;1;84;38;0;0;0
29;2;15;10;2;7;0;4;1;40;38;0;0;0
51;2;11;9;2;13;0;4;1;60;38;0;0;0
31;2;5;4;4;5;2;4;1;25;38;0;0;0
36;0;11;9;4;0;3;2;0;36;38;0;0;0
23;2;15;10;4;5;3;2;1;22;38;0;0;0
35;2;11;9;2;6;0;4;1;30;38;0;0;0
28;1;12;14;4;9;1;4;0;40;38;0;0;0
33;5;9;13;2;3;0;4;1;40;38;0;0;1
40;2;15;10;2;5;0;4;1;40;38;0;0;0
27;2;15;10;2;13;0;4;1;45;38;0;0;0
38;3;11;9;2;3;0;4;1;40;38;0;0;1
47;2;8;11;0;9;1;4;0;40;38;0;1;0
25;2;15;10;2;0;5;2;0;56;38;0;0;1
45;2;9;13;2;3;0;4;1;50;38;1;0;1
38;2;15;10;4;0;3;2;0;40;38;0;0;0
65;1;15;10;4;9;1;2;0;40;38;0;0;0
30;2;8;11;4;2;3;4;1;40;38;0;0;1
54;2;1;7;2;7;5;4;0;43;38;0;0;0
49;2;2;8;0;6;1;4;0;40;38;0;0;0
41;4;8;11;2;9;5;4;0;15;38;0;0;1
48;0;11;9;2;0;0;4;1;40;38;0;0;1
23;2;4;3;4;8;4;4;0;12;25;0;0;0
77;2;11;9;2;7;0;4;1;25;4;0;0;0
19;2;15;10;4;7;3;4;0;20;38;0;0;0
30;2;11;9;3;0;1;4;0;30;38;0;0;0
41;3;9;13;2;3;0;4;1;55;38;0;1;1
35;2;11;9;2;3;0;4;1;55;19;0;0;1
20;2;15;10;4;0;3;4;0;40;38;0;0;0
66;3;9;13;2;3;0;4;1;40;38;1;0;1
49;2;11;9;4;2;4;4;0;40;32;0;0;0
52;2;9;13;2;11;0;4;1;45;38;0;0;1
24;2;12;14;2;9;5;4;0;35;38;0;0;1
50;2;11;9;2;2;0;4;1;15;38;0;0;0
22;2;1;7;4;13;1;4;1;65;38;0;0;0
19;2;15;10;4;7;3;4;1;20;38;0;0;0
39;2;1;7;4;9;4;4;0;30;32;0;0;0
61;1;9;13;0;7;1;4;1;30;38;0;0;0
45;2;7;12;0;13;1;4;1;55;38;0;0;0
36;1;9;13;2;9;3;4;1;40;38;0;0;0
40;2;12;14;2;3;0;4;1;45;38;0;1;1
38;2;11;9;2;3;0;4;1;50;38;0;0;0
52;1;15;10;2;13;0;2;1;40;38;0;0;0
29;0;8;11;2;12;0;4;1;42;38;0;0;1
33;2;11;9;4;4;1;4;1;40;38;0;0;0
40;4;15;10;4;2;3;4;1;40;38;0;0;0
34;2;11;9;4;2;1;4;1;55;38;0;0;0
46;1;9;13;0;10;1;2;1;50;38;0;0;1
44;2;12;14;2;2;0;4;1;45;38;1;0;1
19;2;11;9;4;7;3;4;0;13;38;0;0;0
44;2;11;9;2;0;5;4;0;40;38;0;0;1
40;2;11;9;4;2;1;0;1;40;38;0;0;0
20;2;15;10;4;9;3;4;0;2;38;0;0;0
24;2;7;12;4;5;3;4;1;30;38;0;0;0
76;2;11;9;6;7;1;4;1;17;38;0;0;0
20;2;11;9;2;12;2;4;1;40;38;0;0;0
33;2;14;15;4;9;1;4;1;40;38;0;0;1
31;2;15;10;2;12;0;4;1;40;38;0;0;0
33;2;11;9;0;7;4;4;0;40;38;0;0;0
19;2;11;9;4;2;3;4;1;35;38;0;0;0
29;2;9;13;4;3;1;4;1;50;38;0;1;0
30;2;11;9;2;11;0;4;1;45;38;0;0;0
48;2;12;14;0;3;1;4;1;50;38;1;0;1
42;2;9;13;2;3;0;4;1;40;38;0;0;0
37;2;1;7;2;13;0;4;1;40;38;0;0;0
54;3;11;9;2;3;0;4;1;60;38;1;0;1
42;2;7;12;2;0;0;4;1;42;38;1;0;1
28;4;11;9;4;7;1;4;0;28;38;0;0;0
42;1;15;10;2;10;0;4;1;52;38;0;0;1
60;5;12;14;2;3;5;4;0;40;38;1;0;1
21;2;8;11;4;7;3;4;0;40;38;0;0;0
29;2;15;10;4;4;3;4;1;40;38;0;0;0
43;2;9;13;2;9;0;4;1;40;38;0;0;1
44;2;11;9;0;11;3;4;1;38;38;0;0;0
45;2;9;13;0;0;4;4;0;35;38;1;0;1
38;2;15;10;4;11;4;2;0;40;38;0;0;0
28;2;15;10;2;0;0;4;1;50;38;0;0;1
29;2;11;9;4;11;3;4;0;40;38;0;0;0
20;2;15;10;4;7;3;4;1;40;38;0;0;0
49;3;12;14;2;11;0;4;1;40;38;0;0;1
36;1;15;10;2;10;0;4;1;56;38;0;0;1
40;3;9;13;2;3;0;4;1;50;38;0;0;1
17;2;2;8;4;0;3;4;0;30;38;0;0;0
45;2;11;9;2;2;0;4;1;40;38;0;0;0
42;2;15;10;4;4;1;4;1;28;38;0;0;0
29;2;9;13;4;3;4;2;0;40;38;0;0;0
57;4;9;13;2;3;0;4;1;13;38;1;0;1
23;2;9;13;4;0;1;4;1;40;38;0;0;0
20;2;15;10;4;0;3;2;0;40;13;0;0;0
23;2;11;9;4;5;3;4;1;24;38;0;0;0
39;2;11;9;4;7;1;4;1;40;38;0;0;0
34;2;15;10;2;2;0;4;1;40;38;0;0;1
43;4;9;13;4;11;1;4;1;45;38;0;0;0
25;5;15;10;4;5;3;4;1;40;38;0;0;0
40;2;15;10;2;11;0;4;1;60;32;0;0;0
52;4;11;9;0;4;1;4;1;25;38;0;0;0
48;2;11;9;6;6;4;4;0;36;38;0;0;0
37;2;8;11;4;11;4;2;0;6;38;0;0;0
36;2;11;9;2;11;0;4;1;50;38;0;0;0
33;2;8;11;2;13;0;4;1;40;38;0;0;0
36;1;11;9;2;0;5;4;0;40;38;0;0;1
24;2;9;13;4;0;1;4;1;10;38;0;0;0
42;1;11;9;0;4;1;4;1;40;38;0;0;0
35;3;7;12;4;11;3;4;1;40;38;0;0;0
40;0;11;9;0;0;4;4;0;22;38;0;0;0
50;3;14;15;2;9;0;1;1;40;18;0;0;0
40;2;12;14;2;3;0;4;1;50;38;0;0;1
57;3;11;9;2;3;0;4;1;40;38;0;0;0
51;1;11;9;2;13;0;4;1;40;38;0;0;1
61;0;11;9;4;0;4;4;0;35;32;0;0;0
71;2;11;9;6;11;4;4;0;20;38;0;0;0
47;2;11;9;2;2;0;4;1;40;38;0;0;1
38;2;9;13;4;7;2;4;0;45;38;0;0;0
25;2;9;13;4;11;1;4;1;65;38;0;0;0
33;2;1;7;2;5;0;4;1;50;38;0;0;0
40;5;1;7;0;13;4;4;0;52;38;0;0;0
29;2;11;9;2;0;5;4;0;40;38;1;0;0
33;2;11;9;4;2;1;4;1;40;38;0;0;0
46;2;15;10;4;0;3;2;0;36;38;0;0;0
24;2;11;9;2;11;5;4;0;40;38;0;0;1
28;2;12;14;4;3;1;3;1;30;4;0;0;0
20;2;11;9;4;2;1;4;1;40;38;0;0;0
34;2;15;10;0;5;4;4;0;40;38;0;0;0
34;5;9;13;2;0;0;4;1;55;38;0;0;0
25;2;15;10;4;0;4;2;0;40;38;0;0;0
36;2;9;13;2;12;0;4;1;40;38;0;0;0
61;2;11;9;2;6;0;4;1;40;38;0;0;0
38;2;15;10;5;7;1;4;0;58;38;0;0;0
57;2;11;9;6;7;2;4;0;25;38;0;1;0
56;2;11;9;2;7;5;4;0;10;38;0;0;0
24;2;9;13;4;3;1;4;0;40;38;0;0;0
60;2;15;10;0;11;1;4;0;48;38;0;0;0
37;2;15;10;2;3;0;4;1;50;38;0;0;0
27;2;15;10;2;13;0;4;1;40;38;0;0;1
54;2;15;10;5;7;1;4;1;28;3;0;0;0
40;2;11;9;2;7;0;1;1;30;2;0;0;0
18;2;2;8;4;7;3;4;1;15;38;0;0;0
51;0;11;9;2;0;0;4;1;40;38;0;0;1
40;4;15;10;2;12;0;4;1;50;38;0;0;1
64;0;11;9;2;9;0;4;1;8;38;0;0;0
24;2;11;9;4;7;1;4;0;40;38;1;0;0
33;2;11;9;2;12;5;2;0;38;38;0;0;0
31;2;11;9;0;3;4;4;0;40;38;0;0;0
26;1;11;9;2;10;0;4;1;40;38;1;0;1
54;2;9;13;4;0;1;4;0;40;38;1;0;1
31;2;3;2;4;5;1;4;1;37;25;0;0;0
22;2;15;10;4;12;3;4;1;40;38;0;0;0
31;2;15;10;4;2;1;4;1;40;38;0;0;0
68;2;4;3;5;7;1;4;1;12;21;0;0;0
59;0;0;6;0;7;1;4;0;37;38;0;0;0
35;4;11;9;2;2;0;4;1;45;38;1;0;0
25;2;9;13;4;0;3;4;1;40;38;0;0;0
23;2;11;9;4;2;4;4;1;40;38;0;0;0
35;2;15;10;0;3;4;4;1;60;38;0;0;0
17;5;0;6;4;7;3;4;1;30;38;0;0;0
19;2;15;10;4;5;1;4;1;45;38;0;0;0
53;2;12;14;2;3;0;4;1;55;38;0;1;1
59;2;4;3;0;6;4;4;0;40;38;0;0;0
37;2;11;9;4;0;3;4;0;37;38;0;0;0
74;4;11;9;6;7;1;4;1;20;38;0;0;0
28;2;15;10;4;13;1;4;1;50;38;0;0;0
40;2;9;13;4;0;1;4;1;40;38;0;0;0
20;2;15;10;4;7;3;2;1;40;38;0;0;0
80;2;14;15;2;9;0;4;1;35;38;0;0;1
51;2;11;9;2;6;0;2;1;40;38;0;0;0
17;2;0;6;4;11;3;4;1;15;38;0;0;0
37;0;9;13;2;9;0;4;1;40;38;0;0;0
58;2;11;9;4;7;1;4;1;40;38;0;0;0
57;2;15;10;2;2;0;4;1;40;38;0;0;0
37;2;15;10;0;6;1;4;1;40;38;0;0;0
23;0;15;10;4;2;4;0;1;40;38;0;0;0
36;2;9;13;4;0;1;4;0;32;3;0;0;0
33;2;11;9;2;2;0;4;1;40;38;0;0;0
30;2;15;10;2;11;5;4;0;40;38;0;0;0
30;2;11;9;4;0;4;4;0;24;38;0;0;0
41;2;14;15;2;9;0;4;1;65;38;1;0;1
23;2;11;9;4;11;3;4;1;40;38;0;0;0
40;2;14;15;4;9;1;4;0;50;38;1;0;1
53;2;11;9;6;0;1;2;0;40;38;0;0;0
31;5;15;10;4;12;1;4;1;13;38;0;0;0
36;2;11;9;4;0;2;4;1;40;38;0;0;0
30;2;2;8;0;7;1;4;0;40;38;0;0;0
44;2;11;9;2;10;0;4;1;40;1;0;0;0
36;2;11;9;4;7;3;4;1;40;38;0;0;0
42;2;7;12;2;9;0;4;1;40;38;0;0;1
48;4;11;9;2;2;0;4;1;30;28;0;0;0
22;2;9;13;4;9;3;4;1;40;38;0;0;0
38;2;11;9;2;6;0;4;1;40;38;0;0;0
31;2;11;9;4;2;1;4;1;50;38;0;0;0
32;2;11;9;0;7;3;4;1;40;38;1;0;0
35;2;11;9;2;5;0;2;1;40;38;0;0;0
21;2;15;10;4;11;3;4;1;43;38;0;0;0
26;2;11;9;2;6;0;4;1;40;38;0;0;0
19;1;11;9;4;0;3;2;0;40;38;0;0;0
43;2;11;9;1;2;5;2;0;42;38;0;0;1
33;2;11;9;2;2;0;4;1;60;38;0;0;0
30;2;9;13;4;2;3;4;1;10;38;0;0;0
52;2;0;6;2;13;0;4;1;45;38;0;0;0
38;1;9;13;2;3;0;4;1;40;38;0;0;1
28;2;9;13;2;3;0;4;1;46;38;0;0;1
57;4;7;12;2;7;0;4;1;40;19;0;0;0
51;2;9;13;2;9;0;4;1;50;38;0;0;1
50;2;6;5;2;6;0;4;1;48;38;0;0;0
32;2;9;13;2;3;0;1;1;50;2;0;0;1
32;2;9;13;2;9;0;4;1;48;38;0;1;1
37;2;11;9;2;2;0;4;1;40;38;0;0;0
69;4;11;9;2;11;0;4;1;33;38;0;0;0
37;2;15;10;2;11;0;4;1;50;10;0;0;1
36;2;15;10;4;0;1;4;1;40;38;1;0;0
47;4;11;9;2;13;0;4;1;45;38;0;0;1
63;2;0;6;2;13;0;4;1;40;38;0;0;0
21;2;15;10;4;0;1;4;1;65;38;0;0;0
17;2;11;9;4;7;2;4;1;35;25;0;0;0
56;2;11;9;5;2;4;4;1;40;38;0;0;0
90;1;7;12;2;0;0;1;1;20;29;0;0;0
27;2;15;10;0;0;1;4;0;38;38;0;0;0
38;2;11;9;0;0;4;4;0;20;38;0;0;0
33;2;7;12;2;9;0;4;1;50;38;0;0;0
26;2;11;9;4;3;1;4;0;40;38;0;0;0
20;2;15;10;4;7;3;4;0;35;38;0;0;0
42;2;1;7;2;13;0;4;1;40;38;0;0;0
55;2;11;9;0;3;1;4;0;40;38;0;0;0
32;5;15;10;2;9;5;2;0;40;38;0;0;0
66;2;9;13;2;11;0;4;1;40;38;1;0;1
66;1;10;16;0;9;1;4;0;40;38;1;0;0
49;2;15;10;0;7;1;4;0;40;38;0;0;0
34;2;11;9;0;10;1;2;1;45;38;0;0;0
38;2;9;13;2;3;0;4;1;50;38;0;0;1
40;3;11;9;2;3;0;4;1;40;38;0;0;0
22;0;7;12;4;7;3;4;1;20;38;0;0;0
46;4;11;9;2;13;0;4;1;40;38;0;0;0
29;2;11;9;2;6;0;4;1;50;38;0;0;0
19;2;2;8;4;5;3;0;1;20;38;0;0;0
37;1;9;13;0;9;4;4;0;35;38;1;0;0
52;1;12;14;4;9;1;4;1;32;38;0;0;1
27;2;12;14;4;0;1;4;0;46;38;0;0;0
52;2;11;9;2;13;5;4;0;40;38;0;0;0
31;2;11;9;4;2;3;4;1;40;38;1;0;0
37;3;15;10;2;2;0;4;1;50;38;0;0;1
28;2;11;9;4;5;1;4;1;40;38;0;0;0
25;2;5;4;2;2;0;4;1;40;25;0;0;0
31;2;15;10;2;0;0;4;1;50;38;0;0;0
29;2;11;9;2;2;0;4;1;40;38;0;0;0
45;2;11;9;6;0;4;4;0;35;38;0;0;0
69;2;5;4;2;7;0;4;1;20;38;0;0;0
50;2;1;7;2;6;0;2;1;40;38;0;0;0
54;5;10;16;2;9;0;4;1;46;8;0;0;1
17;2;6;5;4;7;3;4;0;20;38;0;0;0
34;2;11;9;4;12;3;1;1;35;2;1;0;1
23;2;15;10;4;6;3;4;1;40;38;0;0;0
66;2;9;13;2;9;0;4;1;45;38;0;0;1
61;2;11;9;2;2;0;4;1;40;38;0;0;0
55;2;15;10;0;6;1;4;0;40;38;0;0;0
24;2;11;9;4;5;1;4;1;40;38;0;0;0
30;2;11;9;0;11;4;4;1;30;38;1;0;0
49;2;8;11;0;3;1;4;1;45;38;0;0;1
56;3;11;9;2;11;0;4;1;50;38;0;0;1
25;2;11;9;2;11;0;4;1;40;38;0;0;0
49;2;9;13;0;10;1;4;1;40;38;0;0;0
58;2;9;13;2;12;0;4;1;40;38;0;0;1
40;0;9;13;4;0;1;4;1;40;32;0;0;0
62;2;12;14;0;9;1;4;0;45;38;0;0;0
54;2;9;13;2;12;0;4;1;25;38;0;0;1
34;4;8;11;4;7;2;4;0;40;38;0;0;0
18;2;0;6;4;2;3;4;1;30;38;0;0;0
32;2;11;9;2;11;0;1;1;40;16;0;0;0
22;1;9;13;4;9;1;4;0;35;38;0;0;0
34;5;9;13;4;9;1;4;1;48;38;0;0;0
47;2;11;9;2;7;0;4;1;40;25;0;0;0
19;2;15;10;4;11;3;4;0;40;38;0;0;0
41;3;15;10;2;3;0;4;1;55;38;0;1;1
46;2;15;10;2;7;5;4;0;40;38;1;0;0
56;4;5;4;0;11;2;4;1;20;25;0;0;0
42;2;11;9;0;6;1;2;0;40;38;0;0;0
25;2;9;13;4;9;3;4;0;35;38;0;1;0
42;2;11;9;2;0;0;4;1;50;38;0;0;0
43;2;9;13;0;9;1;4;0;40;38;1;0;1
17;2;1;7;4;11;3;4;0;12;38;0;1;0
57;4;5;4;2;2;0;4;1;40;38;0;0;1
40;2;12;14;2;3;0;4;1;50;38;0;0;1
62;1;11;9;6;7;1;4;0;40;1;0;0;0
20;2;15;10;4;0;3;4;1;16;38;0;0;0
47;2;15;10;2;13;0;4;1;50;38;0;0;0
40;2;15;10;2;3;0;4;1;40;38;0;0;0
48;2;9;13;2;2;0;4;1;55;38;0;0;0
39;3;8;11;2;4;0;4;1;60;38;0;0;1
46;1;15;10;2;2;0;2;1;40;38;0;0;1
72;3;14;15;2;9;0;4;1;50;38;1;0;1
53;2;11;9;2;6;0;4;1;30;38;0;0;0
47;0;15;10;2;5;0;4;1;40;38;0;0;1
40;4;11;9;0;2;1;4;1;45;1;0;0;0
34;2;11;9;5;13;1;1;1;40;38;0;0;0
41;2;11;9;4;0;3;4;1;40;38;0;0;0
41;2;11;9;2;2;0;4;1;40;38;0;0;0
20;2;15;10;4;5;3;4;1;35;38;0;0;0
54;1;9;13;4;9;1;4;1;50;38;0;0;0
39;3;9;13;2;9;5;4;0;40;38;0;0;0
37;2;11;9;0;6;1;4;1;40;38;0;0;0
59;2;10;16;2;11;0;4;1;40;38;0;0;0
69;2;4;3;2;0;0;4;1;40;38;1;0;0
24;2;9;13;4;9;3;2;0;35;38;0;0;0
36;2;8;11;2;6;0;4;1;40;38;1;0;1
20;2;15;10;5;2;1;4;1;40;38;0;0;0
26;4;8;11;4;7;1;4;0;35;38;0;0;0
48;2;2;8;6;5;4;4;0;50;38;0;0;0
39;3;14;15;2;9;0;4;1;50;38;0;1;1
21;2;7;12;4;7;3;4;0;18;38;0;0;0
22;2;11;9;4;3;2;4;0;42;10;0;0;0
34;2;8;11;0;9;4;4;0;40;38;0;0;0
33;2;15;10;2;3;0;4;1;45;38;0;0;1
46;2;6;5;2;6;0;4;1;40;12;0;0;0
47;2;1;7;2;2;0;4;1;40;38;1;0;1
65;2;9;13;2;3;0;4;1;40;38;0;0;1
23;2;11;9;2;5;0;4;1;40;38;0;0;0
28;2;15;10;4;7;1;4;0;30;38;0;0;0
34;4;11;9;0;3;1;4;1;60;38;0;0;1
20;2;15;10;4;7;1;4;1;40;38;0;0;0
28;2;1;7;4;0;1;4;1;40;38;0;0;0
52;3;9;13;2;3;0;4;1;60;38;0;0;0
40;5;12;14;2;9;5;1;0;38;2;0;0;1
22;2;9;13;4;3;3;4;0;7;38;0;0;0
29;3;11;9;2;3;0;4;1;45;38;0;0;0
31;4;5;4;2;9;0;4;1;60;38;0;0;0
42;0;12;14;2;9;0;4;1;40;38;0;1;1
38;2;11;9;4;2;4;2;0;40;38;0;0;0
22;2;1;7;2;6;0;4;1;70;38;0;0;1
43;2;6;5;2;3;0;4;1;40;25;0;0;0
43;3;9;13;2;3;0;4;1;50;38;0;0;1
33;2;15;10;2;3;0;4;1;50;38;0;0;0
17;3;0;6;4;7;3;2;1;35;38;0;0;0
54;4;14;15;2;9;0;4;1;50;38;1;0;1
45;2;11;9;0;0;4;4;0;40;38;0;0;0
55;1;0;6;2;2;0;4;1;45;38;0;0;0
51;4;11;9;2;13;0;4;1;35;38;0;0;1
65;0;0;6;0;2;4;4;1;40;38;0;0;0
21;2;9;13;4;9;3;1;0;45;38;0;0;0
40;2;11;9;6;7;4;2;0;40;38;0;0;0
58;2;15;10;4;0;1;2;0;37;38;0;0;0
53;0;11;9;6;3;1;4;0;58;38;0;0;0
39;2;12;14;2;9;0;4;1;50;38;0;1;1
56;1;11;9;2;7;0;4;1;40;38;0;0;0
37;2;15;10;2;0;0;4;1;50;38;0;0;0
44;2;9;13;2;2;0;4;1;40;38;0;0;0
49;2;6;5;5;5;3;4;1;38;38;0;0;0
36;2;15;10;2;6;0;1;1;50;38;0;0;1
59;3;9;13;2;2;0;4;1;60;38;0;0;0
33;2;11;9;0;0;3;4;0;40;38;0;0;0
36;2;14;15;4;3;1;4;1;50;38;1;0;1
26;2;15;10;2;3;5;4;0;25;38;0;0;0
22;2;0;6;4;11;1;4;0;25;38;0;1;0
25;2;12;14;4;0;3;4;1;40;38;0;0;0
28;2;15;10;2;0;5;4;0;15;38;0;0;0
41;2;7;12;0;0;4;4;0;38;38;0;0;0
45;2;8;11;2;4;0;4;1;70;38;0;0;0
43;2;11;9;2;5;0;4;1;40;38;0;0;0
30;2;6;5;4;5;4;2;1;40;38;0;0;0
33;2;11;9;3;2;4;4;1;50;38;0;0;0
34;2;15;10;2;0;0;4;1;40;38;0;0;0
21;2;8;11;4;7;1;4;1;30;38;0;0;0
31;2;9;13;2;11;0;4;1;45;38;0;1;1
48;2;4;3;2;13;0;4;1;40;38;0;0;0
22;2;15;10;4;0;3;4;0;20;38;0;0;0
47;2;15;10;0;11;4;4;0;60;38;0;0;0
27;2;9;13;4;12;1;1;0;40;29;0;0;0
18;2;1;7;4;5;1;4;1;25;38;0;0;0
43;2;12;14;2;9;0;4;1;40;38;0;0;1
36;2;15;10;6;11;1;4;0;20;38;0;0;0
37;0;11;9;0;2;1;4;1;40;38;0;0;0
24;2;8;11;4;2;3;4;1;20;38;0;0;0
24;2;11;9;4;13;1;4;1;40;38;0;0;0
38;2;9;13;2;7;0;4;1;70;38;1;0;0
48;2;9;13;2;3;0;2;1;40;38;0;0;1
75;2;3;2;2;7;2;2;0;16;38;0;0;0
43;4;9;13;0;9;1;4;1;70;38;0;0;1
64;2;9;13;0;3;1;4;0;50;38;0;0;0
36;2;11;9;0;11;1;4;0;40;38;0;0;0
53;2;15;10;2;12;0;4;1;40;38;0;0;0
22;2;15;10;4;9;1;2;1;20;38;0;0;0
73;4;11;9;4;7;1;4;0;36;38;0;0;0
46;2;11;9;0;0;1;4;0;40;38;0;0;0
45;2;11;9;2;2;0;4;1;40;38;1;0;0
43;2;11;9;2;2;0;4;1;40;38;0;0;1
20;2;11;9;4;0;3;2;1;20;38;0;0;0
43;0;15;10;0;5;1;1;1;40;38;0;0;0
40;2;11;9;5;11;4;2;0;25;38;0;0;0
36;2;9;13;2;9;0;4;1;40;38;0;0;1
64;3;9;13;0;11;1;4;1;45;38;0;0;0
46;2;15;10;2;9;0;4;1;38;38;1;0;1
46;1;12;14;0;3;4;4;0;65;38;0;0;1
41;1;9;13;4;9;1;4;0;70;38;0;0;0
28;2;15;10;4;0;2;4;0;40;38;0;0;0
23;2;15;10;2;11;0;4;1;45;38;0;0;0
30;0;9;13;4;10;1;4;0;60;38;0;0;1
44;2;9;13;3;0;1;4;0;40;4;0;0;0
27;2;11;9;2;13;0;4;1;45;38;0;0;1
25;2;11;9;4;7;4;4;0;34;38;0;0;0
29;2;0;6;2;2;0;4;1;40;38;0;0;0
54;2;11;9;2;6;0;4;1;40;30;0;0;1
27;2;9;13;4;4;1;4;1;65;38;0;0;0
34;2;11;9;2;2;0;4;1;35;38;0;0;0
38;2;15;10;2;11;0;4;1;50;38;0;0;0
56;2;12;14;2;9;5;4;0;40;38;0;0;1
35;3;11;9;2;11;0;4;1;62;38;0;0;0
23;2;15;10;4;2;1;4;1;40;38;0;0;0
19;2;15;10;4;11;3;2;0;20;38;0;0;0
42;2;14;15;2;9;0;4;1;35;38;1;0;1
46;2;9;13;2;3;0;4;1;45;38;1;0;1
27;2;11;9;4;11;1;4;1;40;32;0;0;0
49;3;15;10;2;11;0;4;1;70;38;0;0;1
23;2;15;10;4;7;3;4;1;20;38;0;0;0
24;2;11;9;4;7;3;4;1;40;38;0;0;0
34;2;11;9;4;6;3;1;1;40;2;0;0;0
25;0;11;9;4;13;3;4;1;40;38;0;0;0
33;4;15;10;2;2;0;4;1;50;38;0;0;0
22;2;7;12;4;0;3;4;0;27;38;0;0;0
54;1;11;9;4;0;1;4;0;30;38;0;0;0
39;3;12;14;4;9;1;4;0;40;38;0;0;0
25;2;9;13;4;9;1;4;0;40;38;0;0;0
75;3;11;9;2;0;0;4;1;26;38;0;0;0
28;4;11;9;4;6;2;2;1;30;38;0;0;0
50;2;9;13;0;11;1;4;0;50;38;0;0;0
62;4;9;13;2;2;0;4;1;55;38;0;0;1
40;2;11;9;2;6;0;4;1;40;38;0;0;0
58;1;9;13;4;9;1;4;0;37;38;0;0;0
24;0;7;12;2;3;5;4;0;40;38;0;0;0
21;2;11;9;4;7;2;4;0;30;38;0;0;0
40;2;9;13;2;3;0;4;1;50;38;1;0;1
45;2;8;11;2;9;0;4;1;42;38;0;1;1
48;2;11;9;2;3;0;4;1;60;38;0;0;0
34;2;11;9;4;13;1;4;1;70;38;0;0;0
23;2;11;9;4;8;4;3;0;40;12;0;0;0
43;1;12;14;4;3;1;4;0;50;38;1;0;1
42;1;15;10;4;2;1;4;1;40;38;0;0;0
39;4;9;13;2;9;0;4;1;50;23;1;0;1
52;3;11;9;2;4;0;4;1;60;38;0;0;0
56;4;9;13;4;3;1;4;0;60;38;0;0;0
48;0;11;9;2;0;5;4;0;40;38;0;0;1
37;4;11;9;0;3;1;1;0;70;34;0;0;1
25;2;11;9;2;2;0;4;1;35;38;0;0;0
40;2;9;13;2;5;3;4;1;40;38;0;0;1
34;2;1;7;4;6;3;2;1;45;38;0;0;0
52;2;11;9;0;7;1;4;1;40;38;0;0;0
41;2;9;13;2;12;0;4;1;42;38;0;1;1
36;1;11;9;4;7;1;4;1;40;38;0;0;0
21;2;8;11;4;2;3;4;1;40;38;0;1;0
28;2;9;13;4;9;1;4;0;40;38;0;0;0
20;2;15;10;4;0;3;4;1;9;8;0;0;0
68;2;11;9;2;9;0;4;1;40;21;0;0;1
35;2;11;9;2;13;0;4;1;40;38;0;0;0
32;2;11;9;4;6;3;2;1;40;38;0;0;0
64;2;12;14;2;3;0;4;1;50;38;0;0;1
17;2;0;6;4;5;3;4;0;23;38;0;0;0
25;2;9;13;4;9;1;4;1;20;38;0;0;0
31;2;8;11;2;6;0;4;1;40;3;0;0;0
51;5;10;16;2;3;0;4;1;40;38;1;0;1
67;2;11;9;2;11;0;4;1;10;38;0;0;0
42;2;11;9;4;2;1;4;1;40;38;1;0;0
29;2;11;9;4;7;1;4;1;40;38;0;0;0
31;2;11;9;2;6;0;2;1;40;38;0;0;0
21;2;11;9;2;2;0;4;1;37;38;0;0;0
67;2;0;6;2;13;0;4;1;16;38;0;0;0
41;5;11;9;0;10;1;4;1;40;38;0;0;1
27;2;9;13;4;12;1;4;0;36;38;0;0;0
51;2;2;8;0;13;4;4;1;50;38;0;0;0
28;2;11;9;2;2;0;4;1;46;38;0;0;0
21;2;15;10;4;2;3;4;1;40;38;0;0;0
28;2;8;11;2;6;0;4;1;40;38;0;0;1
29;2;11;9;2;7;0;4;1;35;38;0;0;0
39;3;11;9;2;3;0;4;1;70;38;0;0;0
21;2;9;13;4;0;1;4;1;40;3;0;0;0
43;2;8;11;2;2;0;4;1;40;38;0;0;0
44;4;11;9;4;2;1;4;1;40;38;1;0;1
28;2;1;7;2;13;0;4;1;50;38;0;0;0
31;2;6;5;4;11;1;4;1;43;38;0;0;1
27;2;15;10;2;0;5;0;0;45;38;0;0;0
34;5;15;10;2;10;0;4;1;40;38;0;0;0
25;2;11;9;4;12;1;4;1;40;38;0;0;0
34;2;9;13;2;12;0;4;1;40;8;0;0;0
43;1;11;9;2;2;0;4;1;40;38;1;0;1
40;3;12;14;2;2;0;4;1;50;38;0;0;0
21;2;11;9;4;7;4;2;0;35;38;0;0;0
25;2;15;10;0;3;4;4;0;25;38;0;0;0
21;2;11;9;4;0;1;4;0;40;38;0;0;0
19;4;15;10;4;13;3;4;1;30;38;0;0;0
49;3;7;12;2;2;0;4;1;40;38;0;0;1
20;2;15;10;4;7;3;4;1;20;38;0;0;0
36;2;1;7;2;13;0;4;1;47;38;0;0;0
32;2;15;10;5;3;4;2;0;40;38;0;0;0
23;2;15;10;4;0;3;4;1;32;38;0;0;0
21;2;15;10;4;11;3;4;1;10;38;0;0;0
25;2;9;13;4;3;3;4;1;40;38;0;0;0
24;2;9;13;4;11;3;4;0;40;38;0;0;0
22;2;15;10;4;9;4;4;0;20;38;0;0;0
26;2;11;9;2;7;5;4;0;40;25;0;0;0
22;2;6;5;4;6;4;4;1;40;12;0;0;0
41;1;9;13;2;10;0;4;1;40;38;0;0;1
18;2;11;9;2;0;5;4;0;40;38;0;0;0
24;2;9;13;4;11;3;4;1;40;38;0;0;0
38;2;11;9;2;2;0;4;1;48;38;0;1;0
36;2;9;13;4;0;1;4;0;17;38;0;0;0
45;1;12;14;0;9;3;4;0;55;38;0;0;0
38;1;15;10;2;12;0;4;1;40;38;0;0;1
38;2;11;9;2;2;0;4;1;50;38;0;0;1
34;4;11;9;4;4;1;4;1;40;38;0;0;0
53;1;7;12;4;0;1;2;1;40;38;0;0;0
32;2;8;11;2;9;5;4;0;40;38;0;0;1
17;2;1;7;4;11;3;2;0;30;38;0;0;0
45;5;9;13;2;3;0;4;1;40;38;1;0;1
31;1;11;9;2;10;0;4;1;48;38;0;0;0
47;5;10;16;2;9;0;4;1;45;38;0;0;0
27;2;11;9;4;11;1;4;1;50;38;0;0;0
61;0;15;10;2;0;5;4;0;30;38;0;0;0
33;2;11;9;2;13;0;4;1;40;38;0;0;0
67;2;11;9;5;6;2;4;0;40;38;0;0;0
38;2;9;13;5;2;1;4;1;40;38;0;0;0
25;2;11;9;0;11;4;4;0;40;38;0;0;0
33;1;4;3;4;7;4;3;0;40;7;0;0;0
27;2;11;9;2;0;5;4;0;40;38;0;0;0
45;2;11;9;2;2;0;4;1;60;38;0;0;1
24;2;9;13;4;0;2;1;0;40;35;0;0;0
23;2;8;11;4;12;1;4;1;40;38;0;0;0
48;2;15;10;0;0;4;4;0;40;38;0;0;0
61;0;15;10;2;0;0;4;1;40;38;0;0;1
22;2;11;9;4;9;3;4;0;20;38;0;0;0
34;2;8;11;0;12;4;4;0;40;38;0;0;0
32;2;11;9;2;6;0;4;1;40;38;1;0;1
35;0;15;10;0;0;1;4;0;50;38;0;0;0
36;2;0;6;4;2;1;4;1;40;38;0;0;0
24;2;11;9;4;3;4;4;1;40;38;0;0;0
60;2;6;5;2;2;0;4;1;40;38;0;0;0
64;2;11;9;0;2;4;4;1;20;38;0;0;0
22;2;11;9;4;11;4;4;0;35;38;0;0;0
27;2;4;3;4;8;1;4;0;65;8;0;0;0
36;5;15;10;0;13;1;4;1;60;38;0;0;0
27;2;11;9;4;11;4;2;0;30;38;0;0;0
52;2;15;10;6;11;1;4;0;40;38;0;0;0
57;4;11;9;2;4;0;4;1;45;38;0;0;0
23;2;15;10;4;0;1;1;1;24;39;0;0;0
29;4;11;9;2;6;0;4;1;40;38;0;0;0
34;2;11;9;4;13;1;2;1;80;38;0;0;0
38;2;11;9;4;7;4;2;0;30;38;0;0;0
50;4;11;9;2;4;0;4;1;84;38;0;0;1
50;2;1;7;2;13;0;4;1;40;38;0;0;0
51;4;9;13;2;3;5;4;0;40;38;0;0;1
17;3;0;6;4;2;3;4;1;40;38;0;0;0
25;2;1;7;3;5;1;4;0;40;25;0;0;0
19;2;11;9;2;2;0;4;1;40;38;0;0;0
43;4;11;9;2;2;0;4;1;40;38;0;0;0
59;2;15;10;5;11;1;4;1;60;38;1;0;1
39;2;12;14;4;9;1;4;1;40;38;1;0;0
18;2;6;5;4;6;3;4;1;40;25;0;0;0
27;2;12;14;4;3;3;4;0;40;38;0;0;0
39;2;8;11;4;4;1;4;1;60;38;0;0;0
44;2;9;13;2;11;0;4;1;40;38;0;0;1
19;2;11;9;4;0;2;4;0;35;38;0;0;0
32;1;11;9;4;7;3;4;1;40;38;0;0;0
48;2;11;9;2;2;0;4;1;40;38;0;0;1
46;2;7;12;2;11;0;4;1;50;38;0;0;0
65;2;1;7;6;11;2;4;0;20;38;0;0;0
57;3;9;13;2;9;0;4;1;45;38;0;0;1
48;2;11;9;4;7;4;2;0;32;13;0;0;0
46;2;5;4;2;7;0;1;1;40;2;0;1;0
27;2;0;6;2;5;0;4;1;40;38;0;0;0
29;1;15;10;2;10;0;4;1;40;38;0;1;1
35;3;15;10;2;11;0;4;1;40;38;0;1;0
29;4;11;9;2;4;0;4;1;70;38;0;0;0
30;1;15;10;2;10;0;4;1;40;38;1;0;1
65;2;11;9;6;7;1;4;0;15;38;0;0;0
47;0;15;10;2;0;0;4;1;40;38;0;0;0
41;2;11;9;0;2;4;4;1;40;23;1;0;0
17;2;6;5;4;2;3;4;0;16;38;0;0;0
38;1;4;3;2;5;2;4;1;40;25;0;0;0
38;1;12;14;2;9;0;4;1;40;38;0;0;1
39;4;11;9;4;11;2;4;0;4;38;0;0;0
52;2;0;6;2;6;0;4;1;41;38;0;0;0
46;4;15;10;2;3;0;4;1;58;38;0;0;1
22;2;9;13;4;3;1;4;0;30;38;0;0;0
56;2;12;14;4;11;1;4;1;50;38;0;0;0
37;4;1;7;0;9;4;2;0;30;38;0;0;0
59;2;9;13;0;11;1;4;1;55;38;0;0;1
19;4;1;7;2;2;3;4;1;55;38;0;1;0
31;2;6;5;4;2;1;3;1;45;38;0;0;0
22;2;15;10;4;11;1;1;1;20;29;0;0;0
48;4;10;16;4;9;4;4;0;60;38;0;0;1
63;3;9;13;2;3;0;4;1;60;38;0;0;0
33;2;11;9;2;3;0;4;1;45;38;1;0;1
53;2;11;9;4;4;1;4;1;10;38;0;0;0
39;2;7;12;2;11;0;4;1;24;38;0;0;0
59;2;14;15;3;9;4;4;1;50;38;0;0;0
45;2;11;9;2;6;0;4;1;40;38;0;0;0
39;2;15;10;0;0;1;4;0;45;38;0;0;0
60;5;11;9;6;0;1;4;0;35;38;0;0;0
38;2;9;13;0;9;4;4;0;56;38;0;0;0
31;2;11;9;0;0;1;4;1;40;38;0;0;0
61;4;9;13;2;9;0;4;1;50;38;0;0;1
26;2;9;13;4;11;1;1;1;20;34;0;0;0
60;3;14;15;2;9;0;4;1;80;38;0;1;1
32;2;15;10;0;3;2;4;1;60;38;0;0;0
25;1;9;13;4;3;1;4;0;20;38;0;0;0
55;2;12;14;2;3;0;4;1;55;38;1;0;1
66;2;0;6;6;13;1;4;0;11;38;0;0;0
31;2;11;9;2;2;0;4;1;40;38;0;0;0
58;3;14;15;4;9;1;4;1;40;38;1;0;1
22;2;15;10;4;7;3;4;1;16;38;0;0;0
46;1;9;13;2;3;0;2;1;40;38;0;0;1
33;2;15;10;2;7;5;4;0;35;38;0;0;0
26;5;12;14;2;9;0;4;1;30;38;0;0;0
42;4;9;13;2;4;0;4;1;50;38;0;0;0
45;2;11;9;4;7;3;4;0;40;38;0;0;0
43;2;15;10;2;9;5;3;0;6;32;0;0;0
27;2;9;13;4;3;3;4;0;99;38;0;0;0
51;2;11;9;2;11;0;4;1;40;38;1;0;1
42;2;11;9;4;13;3;4;1;40;38;0;0;0
43;4;15;10;2;11;0;4;1;50;25;1;0;1
38;2;9;13;2;12;0;4;1;45;38;0;0;1
44;2;11;9;0;0;4;4;0;40;38;0;0;0
36;2;11;9;2;2;0;4;1;64;38;0;0;1
37;2;11;9;2;7;5;1;0;60;29;0;0;0
29;2;9;13;4;3;1;4;1;50;38;0;0;1
42;4;9;13;3;3;1;4;1;45;30;0;0;0
80;2;15;10;6;0;1;4;0;20;38;0;0;0
61;2;1;7;2;13;0;4;1;40;38;0;0;0
55;2;15;10;2;2;0;4;1;52;38;1;0;0
20;2;15;10;4;7;3;4;0;25;38;0;0;0
23;2;11;9;4;2;4;4;1;40;38;0;0;0
48;0;15;10;2;2;0;4;1;40;38;0;0;1
24;2;9;13;4;3;3;4;0;50;38;0;0;0
71;5;11;9;2;2;0;2;1;40;38;0;0;0
49;2;1;7;2;7;5;4;0;6;38;0;0;0
39;0;11;9;4;1;1;4;1;50;38;0;0;0
22;2;9;13;4;0;3;4;0;25;38;0;0;0
67;0;9;13;6;0;1;4;0;40;38;0;0;0
18;2;11;9;4;11;3;4;0;25;38;0;0;0
38;2;9;13;2;3;0;4;1;54;38;0;1;1
50;2;11;9;0;0;1;4;0;40;38;0;0;0
56;4;7;12;2;4;5;4;0;40;38;0;0;0
23;2;15;10;4;7;1;4;0;20;38;0;0;0
26;2;15;10;2;13;0;4;1;40;38;0;0;0
32;2;11;9;2;6;0;4;1;40;38;0;0;0
44;2;9;13;4;9;3;4;1;40;38;1;0;1
27;2;11;9;3;4;3;4;0;40;25;0;0;0
40;1;15;10;2;10;0;4;1;40;38;1;0;1
43;2;7;12;2;5;0;4;1;60;38;0;0;0
31;5;15;10;2;2;0;4;1;35;38;0;0;1
57;2;15;10;2;2;0;4;1;40;38;0;0;1
25;2;9;13;4;3;1;4;1;35;38;0;0;0
22;2;8;11;4;7;3;2;0;36;38;0;0;0
20;1;8;11;4;0;3;4;0;35;38;0;0;0
27;2;11;9;2;11;5;4;0;40;38;1;0;0
39;2;15;10;0;3;4;4;0;40;25;0;0;0
27;5;12;14;4;9;1;4;1;40;38;0;0;0
41;1;11;9;5;13;3;4;1;40;38;0;0;0
31;1;9;13;4;9;1;4;1;45;38;0;0;0
41;2;7;12;2;11;0;4;1;20;38;0;0;0
25;2;9;13;4;3;1;4;1;40;38;0;0;0
29;5;7;12;4;9;1;2;1;40;38;0;0;1
22;2;11;9;2;7;3;4;1;50;38;0;0;0
62;2;5;4;2;10;0;4;1;91;38;0;0;0
29;0;11;9;0;3;1;3;0;40;38;0;0;0
44;2;15;10;2;3;5;4;0;70;38;0;0;1
32;2;9;13;2;0;5;4;0;2;38;0;0;0
20;2;8;11;4;6;4;4;0;40;38;0;0;0
65;5;15;10;2;6;0;2;1;40;38;0;0;1
24;2;11;9;4;5;1;4;0;36;38;0;0;0
37;4;12;14;2;3;0;4;1;50;38;0;0;1
43;1;11;9;0;12;1;2;0;40;38;0;0;0
38;4;9;13;2;11;5;4;0;60;38;0;0;1
28;2;7;12;4;11;3;4;0;35;38;0;0;0
33;2;11;9;4;5;3;4;1;40;38;1;0;0
32;2;11;9;2;0;5;4;0;40;38;0;0;1
38;2;12;14;2;3;0;4;1;45;38;0;0;1
33;2;15;10;0;12;1;4;0;40;38;0;0;0
42;4;9;13;2;3;0;4;1;60;38;0;0;1
27;2;11;9;4;2;1;4;1;40;38;0;0;0
41;2;11;9;0;5;4;4;1;40;38;0;0;0
47;1;12;14;2;9;0;4;1;60;38;0;0;1
55;2;1;7;2;3;0;4;1;45;38;0;0;0
30;4;15;10;4;2;3;4;1;8;38;0;0;0
54;2;15;10;6;2;4;4;0;50;38;0;0;0
40;2;9;13;2;0;0;4;1;40;38;0;0;1
21;2;11;9;4;0;1;4;0;40;38;0;0;0
34;2;9;13;0;2;4;4;0;25;38;0;0;0
30;2;9;13;2;9;0;4;1;40;38;0;0;1
31;2;15;10;4;0;1;4;0;45;38;0;0;0
22;2;11;9;4;13;1;4;1;37;38;0;0;0
37;2;11;9;2;7;0;2;1;40;38;0;0;1
52;1;12;14;4;9;3;4;0;40;38;0;0;0
57;3;15;10;2;9;0;4;1;40;38;0;0;0
48;2;15;10;0;0;1;4;0;48;38;0;0;0
58;2;11;9;2;3;0;4;1;40;38;0;0;1
35;4;6;5;2;2;0;4;1;50;38;0;0;0
40;2;11;9;4;3;1;4;0;45;38;0;0;0
30;2;11;9;0;11;1;4;0;25;38;0;0;0
26;4;11;9;2;3;0;4;1;40;27;0;0;0
46;4;11;9;2;9;0;4;1;60;38;0;0;0
26;0;15;10;2;0;0;2;1;40;38;0;0;0
50;0;9;13;0;9;4;2;0;40;38;0;0;0
22;2;11;9;2;13;0;4;1;50;38;0;0;1
36;2;12;14;6;12;4;1;0;40;18;0;0;0
30;2;11;9;2;11;0;4;1;52;38;0;0;1
58;2;7;12;2;3;0;4;1;50;38;0;0;1
72;2;8;11;5;7;4;4;0;25;38;1;0;0
19;2;11;9;4;0;1;4;0;40;38;0;0;0
29;2;5;4;2;7;5;4;0;40;25;0;0;0
30;2;15;10;2;2;0;4;1;40;38;0;0;0
47;4;15;10;0;7;4;4;0;45;38;0;0;0
51;2;15;10;2;9;0;4;1;45;38;0;0;1
26;2;0;6;2;5;0;4;1;40;38;0;0;0
24;2;15;10;4;3;1;4;1;42;38;0;0;0
44;2;12;14;0;11;1;4;1;24;19;0;0;0
43;2;11;9;2;3;0;4;1;50;38;0;0;1
35;2;9;13;4;3;1;4;1;50;38;0;0;0
51;2;11;9;2;12;0;4;1;50;38;1;0;1
41;2;11;9;2;3;0;4;1;40;38;0;0;1
38;2;15;10;0;0;4;3;0;40;38;0;0;0
39;5;11;9;2;0;5;1;0;20;38;1;0;0
54;2;0;6;5;11;4;4;0;43;21;0;0;0
62;2;11;9;4;2;1;4;1;40;38;0;0;0
45;2;10;16;2;3;0;4;1;60;38;0;0;0
30;2;11;9;4;3;3;2;0;35;22;0;0;0
32;2;11;9;2;2;0;4;1;40;38;0;0;0
23;4;11;9;0;7;1;4;0;40;38;0;0;0
84;1;8;11;6;0;1;4;0;14;38;0;0;0
46;2;9;13;4;9;3;4;1;60;38;0;0;0
67;1;12;14;0;0;1;4;0;40;38;1;0;0
29;2;9;13;2;9;0;4;1;40;38;0;0;1
33;2;8;11;4;3;1;4;1;55;38;0;0;1
23;2;15;10;2;12;0;4;1;42;38;0;0;0
42;5;14;15;0;9;4;4;0;40;38;0;0;0
17;2;1;7;4;7;3;0;0;20;38;0;0;0
60;2;4;3;2;13;0;4;1;40;38;0;0;0
31;2;2;8;0;13;3;4;1;40;38;0;0;0
28;2;5;4;4;0;3;4;1;40;31;0;0;0
31;2;6;5;2;5;0;2;1;48;38;0;0;0
31;2;9;13;4;3;1;4;1;50;38;1;0;1
61;2;11;9;0;5;1;2;0;40;38;0;0;0
43;5;14;15;2;9;0;4;1;50;38;0;0;1
40;5;15;10;4;0;4;2;0;49;38;0;0;0
39;2;11;9;4;3;1;4;1;40;38;0;0;0
37;1;15;10;3;0;4;2;0;27;38;0;0;0
47;2;15;10;2;2;0;0;1;40;38;0;0;0
45;0;15;10;2;13;0;4;1;65;38;0;0;1
30;2;11;9;2;2;0;4;1;60;38;0;0;0
30;4;14;15;4;9;3;4;1;40;38;0;0;0
49;2;15;10;0;9;1;4;1;44;38;1;0;1
51;1;11;9;2;2;0;4;1;40;38;0;0;1
31;2;9;13;4;9;1;4;0;72;38;0;0;1
48;3;9;13;2;3;5;4;0;25;38;0;0;1
20;2;15;10;4;0;3;1;0;30;38;0;0;0
32;2;11;9;2;3;0;4;1;40;38;1;0;1
19;2;11;9;4;0;1;4;1;25;38;0;0;0
50;2;12;14;0;3;1;4;0;35;38;0;0;0
33;2;11;9;2;3;0;4;1;50;38;0;0;0
49;2;11;9;0;2;1;4;1;40;38;0;1;0
30;2;15;10;2;13;0;4;1;40;38;0;0;0
23;2;9;13;4;11;1;4;1;40;38;0;0;0
44;2;10;16;2;3;5;4;0;32;38;1;0;1
24;2;8;11;4;11;4;4;1;5;38;0;0;0
28;2;8;11;4;0;1;1;0;45;38;0;0;0
56;2;11;9;0;0;4;4;0;40;38;0;1;0
38;2;11;9;4;0;1;4;0;38;38;0;0;0
20;2;15;10;4;0;3;4;0;20;38;1;0;0
82;2;11;9;6;3;1;4;0;18;38;0;1;0
52;0;9;13;2;10;0;4;1;60;38;0;0;1
32;2;15;10;4;2;1;2;1;40;38;0;0;0
37;2;8;11;5;9;4;4;0;32;38;0;0;0
36;2;9;13;2;9;0;4;1;40;38;0;0;1
39;2;9;13;2;0;0;4;1;40;38;0;0;1
30;2;11;9;2;2;3;1;1;40;38;1;0;0
49;1;11;9;2;10;0;4;1;56;38;0;0;0
40;1;8;11;0;3;4;4;0;40;38;0;0;0
42;2;1;7;2;13;0;4;1;45;38;0;0;0
35;2;9;13;4;9;1;4;1;40;38;0;0;0
39;2;11;9;0;7;4;4;0;81;38;0;0;0
32;1;8;11;3;2;1;4;1;40;38;0;0;0
22;2;1;7;4;2;1;4;1;50;38;0;0;0
53;1;15;10;0;0;1;4;0;40;38;0;0;0
25;2;11;9;4;0;1;4;1;40;38;0;0;0
44;2;11;9;2;2;0;4;1;70;38;0;0;1
52;2;12;14;2;9;0;4;1;40;38;0;0;1
42;5;11;9;2;13;0;0;1;40;38;0;0;0
34;2;1;7;2;13;0;4;1;50;38;0;0;0
27;2;15;10;2;6;0;4;1;40;38;0;0;0
37;2;11;9;4;6;1;2;1;40;38;0;0;0
39;5;12;14;2;9;2;3;0;38;38;1;0;1
26;2;11;9;2;9;0;4;1;40;38;0;0;0
48;2;12;14;2;3;5;4;0;38;38;0;1;1
57;2;11;9;0;11;4;4;0;28;38;0;0;0
36;4;8;11;5;3;1;4;1;48;38;0;0;0
27;2;9;13;4;11;1;4;0;40;38;0;0;0
17;2;1;7;4;5;3;4;1;15;38;0;0;0
30;2;4;3;2;2;0;4;1;40;25;0;0;0
37;2;8;11;2;0;5;2;0;48;38;0;0;1
31;1;9;13;4;11;3;4;0;40;38;0;0;0
23;2;7;12;4;0;1;4;0;20;38;0;0;0
32;2;0;6;4;2;2;4;1;45;38;0;0;0
58;2;11;9;2;11;0;4;1;40;38;0;0;1
31;2;11;9;4;7;4;4;0;8;38;0;0;0
44;2;9;13;2;3;0;2;1;40;38;0;0;1
39;0;9;13;0;12;4;2;0;40;38;0;1;0
59;2;11;9;2;2;0;4;1;45;38;0;1;1
42;2;9;13;2;13;0;4;1;48;38;0;0;1
45;2;11;9;2;0;0;4;1;35;38;0;0;0
20;2;11;9;4;2;1;4;1;35;38;0;0;0
35;2;11;9;2;0;0;4;1;40;38;0;0;0
50;2;7;12;2;12;0;2;1;40;38;0;0;0
56;2;11;9;4;5;3;4;1;28;38;0;0;0
48;2;8;11;2;11;0;4;1;40;38;0;0;1
58;4;12;14;6;7;1;4;0;15;38;0;0;0
32;2;8;11;2;2;0;4;1;50;38;0;0;0
23;2;15;10;4;11;3;4;0;12;38;0;0;0
48;2;11;9;0;6;1;4;1;40;38;0;0;0
33;2;11;9;0;10;1;4;1;70;38;0;0;0
48;2;9;13;4;9;1;4;0;45;25;0;0;0
55;2;11;9;6;7;1;4;0;35;21;1;0;0
40;1;8;11;4;3;4;0;0;40;38;0;0;0
50;2;15;10;2;9;0;4;1;40;38;0;0;0
52;4;0;6;2;2;0;4;1;35;38;0;0;0
19;2;11;9;4;7;1;4;0;30;38;0;0;0
55;4;0;6;2;11;0;4;1;50;38;1;0;1
36;4;14;15;2;11;0;4;1;30;38;0;0;1
39;2;9;13;5;9;4;1;0;40;29;0;0;1
22;2;15;10;4;0;4;4;0;40;38;0;0;0
44;2;9;13;2;3;0;4;1;50;38;1;0;1
34;2;11;9;0;2;1;4;1;38;38;0;1;0
33;2;15;10;2;7;0;4;1;50;38;0;0;0
55;2;12;14;0;9;1;4;0;40;38;1;0;1
35;2;12;14;2;3;0;4;1;45;38;0;0;1
50;2;1;7;6;6;1;4;0;40;38;0;0;0
43;2;15;10;0;0;4;2;0;40;38;0;0;0
29;2;8;11;4;12;1;4;1;40;38;0;0;0
56;2;15;10;2;13;0;2;1;40;38;0;0;0
33;2;9;13;2;9;0;4;1;40;38;1;0;1
24;2;11;9;2;11;0;4;1;50;38;0;0;0
46;2;8;11;0;11;4;4;0;40;38;0;0;0
60;3;11;9;2;0;5;4;0;15;38;1;0;1
48;3;12;14;2;7;0;4;1;40;38;0;0;0
65;1;1;7;2;13;0;4;1;35;38;0;0;0
29;2;11;9;4;5;1;4;1;40;38;0;1;0
42;2;11;9;2;13;0;4;1;43;38;0;1;0
44;2;14;15;2;9;0;4;1;50;38;0;0;1
73;4;15;10;2;11;0;4;1;6;38;0;0;1
21;2;15;10;4;12;1;4;0;50;38;0;0;0
32;3;11;9;2;4;0;4;1;55;38;0;1;1
43;0;12;14;2;10;0;4;1;35;38;0;0;1
21;2;11;9;4;2;1;2;1;32;38;0;0;0
30;2;15;10;5;13;1;4;1;20;38;0;0;0
54;2;9;13;2;12;0;4;1;48;38;0;0;0
19;2;15;10;4;7;3;4;0;15;38;0;0;0
55;5;15;10;2;0;5;4;0;37;38;0;0;0
20;2;15;10;4;11;3;4;0;28;38;0;0;0
53;2;9;13;2;3;0;4;1;40;11;0;0;0
51;2;12;14;4;9;1;4;1;55;38;0;0;1
33;2;11;9;2;13;0;4;1;40;38;0;0;0
62;2;15;10;6;8;4;4;0;40;38;0;0;0
24;4;11;9;4;7;3;4;1;30;38;0;0;0
17;3;6;5;4;11;3;4;0;40;38;0;0;0
26;2;15;10;4;0;1;4;0;45;38;0;0;0
36;2;11;9;0;2;1;4;1;40;38;0;0;0
32;2;0;6;2;3;5;4;0;35;38;0;0;0
58;2;10;16;2;9;0;4;1;50;38;0;0;1
38;2;9;13;2;12;0;4;1;40;38;0;0;1
26;0;11;9;0;0;3;4;0;40;38;0;0;0
60;2;15;10;2;3;0;4;1;40;38;1;0;1
27;2;11;9;2;11;0;4;1;50;12;0;0;0
38;2;8;11;2;6;0;4;1;48;38;0;0;1
37;3;15;10;2;11;0;4;1;44;38;0;1;1
28;2;15;10;4;0;3;4;1;40;38;0;0;0
38;3;9;13;2;11;0;4;1;40;38;0;0;1
29;2;11;9;2;11;0;4;1;60;38;0;0;1
19;2;11;9;4;7;3;4;0;40;38;0;1;0
28;2;9;13;4;5;2;4;1;25;38;0;0;0
40;4;11;9;2;2;0;4;1;50;38;0;0;1
26;2;8;11;0;2;3;4;1;40;38;0;0;0
43;2;7;12;2;11;0;2;1;60;38;0;0;0
29;2;15;10;2;0;5;4;0;40;38;0;0;1
25;0;15;10;2;10;0;2;1;40;38;0;0;0
29;2;11;9;2;6;0;2;1;40;38;0;0;1
60;2;3;2;0;2;1;3;1;38;5;0;0;0
31;2;9;13;2;0;5;4;0;40;38;0;0;0
51;1;5;4;2;13;0;4;1;40;38;0;0;0
18;2;15;10;4;0;3;4;0;15;38;0;0;0
36;2;9;13;0;12;4;4;1;20;38;0;0;0
35;2;9;13;2;0;0;1;1;40;29;0;0;1
48;2;9;13;0;0;3;4;1;38;38;0;0;1
78;4;5;4;2;4;0;4;1;25;38;0;0;0
72;2;9;13;2;10;0;4;1;17;38;0;0;0
24;2;15;10;4;3;3;4;1;40;38;0;0;0
36;2;1;7;4;10;1;2;1;40;38;1;0;1
48;2;15;10;2;5;0;4;1;30;38;0;0;0
28;2;11;9;0;0;1;4;0;40;38;0;0;0
26;2;12;14;4;7;3;4;0;40;38;0;0;0
29;2;9;13;4;11;1;4;0;60;38;0;0;0
47;2;4;3;2;7;0;2;1;40;22;0;0;0
50;2;9;13;0;3;1;4;0;50;38;0;0;1
35;0;4;3;4;2;1;4;1;40;25;0;0;0
17;2;1;7;4;13;3;4;1;20;38;0;0;0
41;2;15;10;2;2;0;4;1;48;38;0;0;1
37;2;11;9;2;13;0;4;1;42;38;0;0;0
35;1;11;9;2;7;0;0;1;40;38;0;0;0
56;2;5;4;2;2;0;4;1;40;31;0;0;0
23;2;15;10;2;13;0;4;1;40;38;0;0;0
33;2;7;12;0;9;4;4;0;32;38;0;0;0
79;3;11;9;2;3;0;4;1;40;38;0;0;1
28;2;9;13;4;9;1;2;1;40;38;0;0;0
55;2;1;7;0;11;3;4;0;20;38;0;0;0
59;5;12;14;2;9;0;4;1;50;38;0;0;0
22;2;9;13;4;9;3;4;0;40;38;0;0;0
19;2;1;7;4;11;3;1;0;19;29;0;0;0
41;2;4;3;3;4;1;4;1;35;25;0;0;0
32;2;8;11;2;0;0;4;1;40;21;0;0;0
45;2;11;9;0;7;4;4;0;35;38;0;0;0
61;2;4;3;2;4;2;4;0;45;25;0;0;0
34;2;9;13;4;11;1;4;0;40;38;0;0;0
43;4;8;11;2;2;0;4;1;40;38;0;0;0
38;2;9;13;2;0;0;4;1;50;38;1;0;1
35;2;10;16;2;9;0;4;1;60;38;0;0;0
65;2;11;9;0;10;1;4;1;20;38;0;0;0
24;2;9;13;2;3;0;4;1;55;8;0;0;1
37;2;11;9;2;0;0;4;1;40;38;0;0;0
34;4;15;10;2;4;0;4;1;50;38;0;0;0
42;2;11;9;2;13;0;4;1;60;38;0;0;1
18;2;5;4;4;7;3;4;0;40;38;0;0;0
43;0;15;10;6;3;4;0;0;15;38;0;0;0
31;2;15;10;2;7;0;4;1;40;38;0;0;1
19;2;15;10;4;11;3;4;0;20;38;0;0;0
40;3;15;10;2;3;0;1;1;50;2;0;0;0
32;2;9;13;2;9;0;4;1;40;38;0;0;0
47;2;15;10;2;3;0;4;1;40;38;0;0;1
32;1;15;10;2;13;0;4;1;40;38;0;0;0
46;3;10;16;5;9;1;4;1;35;38;0;0;0
40;2;9;13;2;3;0;4;1;65;38;0;0;1
36;2;9;13;4;2;1;4;1;35;38;0;0;0
33;2;8;11;2;11;0;4;1;36;38;0;0;0
23;5;4;3;4;13;1;4;1;35;38;0;0;0
21;2;0;6;5;6;3;4;1;40;38;0;0;0
40;2;11;9;2;7;5;2;0;32;38;0;0;0
53;5;10;16;2;9;0;4;1;50;38;0;0;1
53;4;15;10;2;13;0;4;1;72;38;0;0;0
58;2;6;5;2;5;0;2;1;60;38;0;0;0
51;2;11;9;2;11;0;4;1;55;38;0;0;1
31;2;11;9;2;7;0;4;1;65;38;0;0;0
35;4;11;9;2;2;0;4;1;40;38;0;0;0
31;1;15;10;0;0;1;4;0;35;38;0;0;0
21;2;15;10;4;7;4;4;0;35;38;0;0;0
39;4;12;14;2;2;0;4;1;55;38;0;0;1
36;2;14;15;2;9;5;4;0;45;38;1;0;1
51;2;0;6;2;2;0;4;1;40;38;0;0;1
18;2;1;7;4;7;3;4;1;12;38;0;0;0
32;2;15;10;0;0;1;4;1;48;38;0;0;0
56;2;9;13;0;7;1;4;0;32;38;0;0;0
35;2;7;12;4;10;1;4;1;40;38;0;0;0
63;2;2;8;6;11;4;4;0;40;38;0;0;0
61;2;11;9;2;3;0;4;1;50;38;0;0;1
23;2;15;10;4;7;3;4;1;40;38;0;0;0
52;1;12;14;2;9;0;4;1;50;38;0;0;1
19;2;11;9;4;11;1;4;1;50;38;0;0;0
33;5;12;14;2;9;0;4;1;50;38;0;0;1
35;2;9;13;2;11;0;2;1;50;38;0;0;0
35;2;11;9;0;13;1;4;0;60;38;0;0;1
38;2;14;15;2;9;5;4;0;40;38;0;0;0
23;2;9;13;4;0;1;4;0;60;38;0;0;0
22;2;8;11;0;12;1;4;1;60;38;0;0;0
20;2;11;9;4;5;1;4;1;40;38;0;0;0
19;2;11;9;4;5;1;4;1;40;38;0;0;0
47;2;11;9;2;6;0;2;1;40;38;0;0;1
59;2;1;7;2;2;0;4;1;40;38;0;0;0
38;2;11;9;4;11;3;4;0;40;38;0;0;0
36;2;11;9;2;7;0;4;1;50;38;0;0;0
27;2;4;3;4;7;2;4;1;40;25;0;0;0
24;2;8;11;2;13;0;4;1;40;38;0;0;0
35;2;11;9;4;7;3;2;0;35;22;0;0;0
22;5;15;10;4;7;2;2;1;39;13;0;0;0
37;2;11;9;2;13;0;4;1;52;38;0;0;0
36;2;11;9;2;2;0;4;1;40;38;1;0;1
28;2;11;9;5;7;1;4;0;25;38;0;0;0
55;2;11;9;2;11;5;4;0;50;38;0;0;0
32;2;9;13;2;11;0;4;1;44;38;0;0;0
47;1;15;10;3;2;2;4;1;45;38;0;0;0
23;2;9;13;4;7;1;4;0;40;38;0;0;0
50;1;12;14;0;9;1;4;0;45;38;0;0;0
40;4;11;9;2;4;0;4;1;84;38;0;0;0
51;2;11;9;4;6;1;4;0;40;38;0;1;0
34;2;11;9;4;9;1;4;0;45;38;0;1;0
28;2;9;13;4;10;1;4;0;40;38;0;0;0
52;5;10;16;2;9;0;4;1;70;10;0;1;1
39;3;11;9;2;3;0;4;1;60;38;1;0;1
43;2;9;13;2;0;0;4;1;40;38;0;0;1
36;2;9;13;4;9;3;4;0;35;38;0;0;1
25;2;9;13;4;9;3;4;0;15;38;0;0;0
42;2;15;10;0;0;4;4;0;38;38;0;0;0
35;2;15;10;2;13;0;4;1;40;10;0;0;0
43;2;12;14;2;3;0;4;1;53;38;1;0;1
34;2;11;9;2;2;0;4;1;40;38;0;0;0
50;5;9;13;2;3;0;4;1;38;38;0;0;1
30;2;15;10;2;13;0;4;1;60;38;0;0;0
44;2;12;14;2;9;0;4;1;44;38;0;0;1
52;2;8;11;2;2;0;4;1;40;38;0;0;0
35;2;7;12;2;11;0;4;1;60;38;0;0;0
36;2;8;11;0;9;1;4;1;40;38;0;0;1
30;2;9;13;4;3;3;1;0;52;35;0;0;0
36;3;9;13;2;11;0;4;1;45;38;1;0;1
39;2;9;13;4;3;1;4;0;40;38;0;0;0
25;2;3;2;2;4;0;4;1;96;25;0;0;0
26;2;9;13;4;12;1;4;1;40;38;0;0;0
20;2;11;9;4;11;3;2;0;20;38;0;0;0
20;2;15;10;4;10;3;4;1;40;38;0;0;0
26;2;11;9;4;13;3;4;1;50;38;0;0;0
24;2;15;10;4;0;1;2;0;35;38;0;0;0
48;2;9;13;2;12;0;4;1;40;38;0;0;1
62;2;11;9;0;8;4;2;0;99;38;0;0;0
48;2;11;9;2;6;0;4;1;40;38;0;0;0
52;2;9;13;2;11;0;4;1;40;38;0;0;1
25;2;9;13;4;11;1;4;1;44;38;0;0;0
58;2;4;3;2;6;0;4;1;40;38;0;0;0
40;0;9;13;4;9;1;4;0;45;38;0;0;0
19;2;15;10;4;7;2;4;0;20;38;0;0;0
37;2;1;7;4;5;1;2;1;40;38;0;0;0
23;2;1;7;2;6;0;4;1;40;32;0;0;0
31;4;11;9;0;2;1;4;1;60;38;0;0;0
64;4;5;4;2;2;0;4;1;20;38;0;0;0
28;1;15;10;4;0;3;4;0;16;38;0;0;0
32;2;11;9;4;2;3;4;1;40;38;0;0;0
49;1;15;10;0;0;1;4;0;44;38;0;0;0
35;2;15;10;0;0;1;4;0;40;38;0;0;1
45;2;10;16;2;3;0;4;1;45;38;0;0;1
39;2;2;8;2;13;0;4;1;70;38;1;0;1
46;4;9;13;0;7;4;1;0;60;34;0;0;1
19;2;15;10;4;0;3;4;0;16;38;0;0;0
29;2;11;9;2;6;5;4;0;40;33;0;0;0
25;5;11;9;2;10;3;4;1;35;38;0;0;0
37;2;9;13;4;0;1;4;0;40;38;0;0;0
30;2;11;9;4;0;4;4;1;40;38;0;0;0
28;2;11;9;2;6;0;1;1;40;29;0;0;0
36;0;15;10;5;0;4;2;0;56;38;1;0;0
32;2;15;10;4;3;4;2;0;35;38;0;0;0
34;2;1;7;4;6;1;4;1;40;38;0;0;0
34;2;11;9;4;0;1;4;0;36;38;0;0;0
20;2;15;10;4;11;3;4;0;40;38;0;0;0
27;3;12;14;4;13;3;4;1;40;38;0;0;0
36;0;11;9;2;0;5;4;0;40;38;0;0;0
35;2;15;10;2;11;0;4;1;40;38;0;0;0
37;2;11;9;0;3;1;4;1;35;38;0;0;0
32;2;11;9;2;2;0;4;1;50;38;0;0;0
32;2;12;14;4;9;1;4;0;20;38;0;0;0
52;2;11;9;0;11;1;4;0;48;38;0;0;0
50;2;15;10;2;2;0;4;1;40;38;0;0;1
23;2;11;9;4;7;1;4;0;30;38;0;0;0
25;2;11;9;2;2;0;4;1;45;38;0;0;0
21;2;13;1;4;4;1;4;1;50;25;0;0;0
31;2;11;9;0;11;1;4;0;32;38;0;0;0
31;4;15;10;2;7;5;4;0;30;38;0;0;0
41;2;8;11;5;7;1;4;1;40;38;0;0;0
47;2;15;10;2;12;0;4;1;60;38;0;0;0
20;2;15;10;4;0;1;4;0;45;38;0;0;0
29;2;0;6;0;6;1;2;0;25;38;0;0;0
51;1;15;10;6;0;1;4;0;40;38;0;0;0
30;1;9;13;2;9;5;4;0;33;38;0;0;1
48;2;9;13;2;0;0;4;1;35;38;0;0;1
39;2;11;9;5;3;1;4;1;40;38;1;0;1
62;2;9;13;2;11;0;4;1;35;38;0;0;0
22;2;9;13;4;7;1;4;1;30;38;0;0;0
46;0;9;13;2;3;0;4;1;40;38;1;0;1
51;1;12;14;2;9;0;4;1;35;38;0;1;1
20;2;11;9;4;11;1;4;0;32;38;0;0;0
40;3;7;12;2;11;0;4;1;50;38;1;0;1
31;2;9;13;4;12;1;4;1;40;38;0;0;0
30;2;15;10;4;2;3;4;1;40;38;0;0;0
52;2;11;9;2;0;5;4;0;38;38;0;0;0
20;2;11;9;4;9;2;4;0;40;38;0;0;0
37;1;8;11;2;3;0;4;1;40;38;0;0;1
65;2;9;13;6;7;1;4;0;40;38;0;0;0
40;2;9;13;4;9;1;4;1;40;38;1;0;0
60;1;9;13;2;10;0;4;1;48;38;1;0;1
27;2;11;9;4;2;1;4;1;35;20;0;0;0
62;2;9;13;2;11;0;4;1;60;38;0;0;1
53;2;11;9;0;11;1;4;0;35;38;0;0;0
38;2;9;13;2;11;0;4;1;50;38;0;0;1
49;2;8;11;2;9;0;4;1;40;38;0;0;0
21;2;11;9;4;6;3;4;1;40;38;0;0;0
18;2;15;10;4;0;3;4;1;40;38;0;0;0
25;2;9;13;4;9;2;4;1;40;38;0;0;0
36;2;1;7;2;2;0;4;1;40;38;0;0;0
52;2;11;9;2;3;0;4;1;55;38;0;0;1
19;2;15;10;4;12;3;4;1;14;38;0;0;0
23;2;9;13;4;0;1;4;0;40;38;0;0;0
63;4;9;13;2;11;0;4;1;15;38;0;0;0
63;4;8;11;2;7;0;4;1;45;38;0;0;0
62;3;9;13;0;11;1;4;1;40;38;1;0;1
51;4;7;12;2;11;0;4;1;30;38;1;0;1
76;1;15;10;6;0;1;4;0;30;38;0;0;0
50;2;11;9;2;2;0;4;1;45;38;1;0;0
45;3;11;9;2;2;0;4;1;50;38;0;0;1
44;3;15;10;0;11;3;4;1;45;38;0;0;1
51;2;5;4;2;13;0;2;1;40;38;0;0;0
42;1;9;13;4;3;3;4;1;35;38;1;0;0
43;1;12;14;2;9;0;4;1;40;38;0;0;1
53;2;1;7;2;6;0;4;1;40;38;0;0;0
29;2;8;11;2;0;0;4;1;40;38;0;0;0
41;2;15;10;2;9;0;4;1;40;38;0;0;0
44;0;11;9;0;2;4;4;1;40;38;0;0;0
35;2;0;6;6;7;1;2;0;40;38;0;1;0
27;2;11;9;2;2;0;4;1;40;38;0;0;0
35;2;15;10;2;9;0;4;1;50;38;0;0;0
60;2;8;11;6;2;1;4;0;30;38;0;0;0
49;2;15;10;0;3;1;4;1;45;38;1;0;1
33;2;9;13;2;3;0;4;1;45;38;0;0;0
35;2;9;13;2;11;0;4;1;40;38;0;0;1
31;5;15;10;2;0;0;4;1;38;38;0;0;0
54;2;11;9;2;0;0;4;1;60;38;1;0;1
57;4;10;16;2;9;0;4;1;35;38;0;0;0
30;2;6;5;4;2;3;4;1;45;38;0;0;0
45;2;0;6;4;6;1;1;1;40;39;0;0;0
41;2;15;10;2;6;0;4;1;42;38;1;0;1
25;2;9;13;4;7;3;4;1;18;38;0;0;0
51;3;15;10;2;3;0;4;1;40;38;0;0;1
42;2;4;3;5;0;2;4;1;40;7;0;0;0
28;2;8;11;4;5;1;4;1;45;38;0;0;0
53;0;9;13;0;12;1;0;1;40;38;0;0;0
31;2;9;13;4;3;1;4;0;50;38;1;0;1
46;2;1;7;2;7;0;2;1;40;38;1;0;1
25;0;11;9;4;0;2;4;0;40;38;0;0;0
47;2;11;9;2;6;0;4;1;40;38;0;0;0
30;2;11;9;2;13;0;4;1;40;38;0;0;0
48;2;11;9;2;2;0;4;1;40;38;0;0;0
22;2;15;10;4;7;3;2;1;40;38;0;0;0
32;4;15;10;2;2;0;4;1;30;38;0;0;0
33;4;10;16;4;9;1;4;1;45;38;0;0;1
31;2;11;9;2;7;0;4;1;40;38;0;0;0
43;2;15;10;2;7;5;4;0;20;8;0;0;1
26;2;8;11;4;7;1;4;0;40;38;0;0;0
34;2;11;9;2;4;0;2;1;40;38;0;0;0
50;1;9;13;2;9;5;4;0;40;38;0;0;1
30;5;11;9;5;0;4;2;0;40;38;0;0;0
17;2;1;7;4;7;3;4;1;20;38;0;0;0
35;1;12;14;4;9;3;2;0;40;38;0;0;0
29;2;15;10;2;2;0;4;1;40;38;0;0;0
27;0;7;12;2;0;0;4;1;40;7;1;0;0
34;2;9;13;4;11;3;4;1;40;38;0;0;1
32;2;11;9;5;5;1;4;0;40;38;0;0;0
47;0;15;10;0;0;4;4;0;40;38;0;0;0
40;2;15;10;4;11;1;4;0;40;38;0;0;0
26;2;8;11;4;7;1;4;0;40;38;0;0;0
30;2;11;9;4;7;1;4;0;40;20;0;0;0
54;2;11;9;0;2;1;4;1;40;38;0;0;0
53;2;9;13;2;9;0;4;1;55;38;0;0;1
43;2;5;4;5;4;1;2;1;40;38;0;0;0
25;2;15;10;4;4;3;4;1;20;38;0;0;0
39;2;11;9;2;2;0;4;1;40;38;0;0;0
57;1;11;9;2;13;0;4;1;25;38;0;0;1
47;2;11;9;2;7;0;4;1;34;38;0;0;0
45;2;11;9;0;7;2;2;0;35;38;0;0;0
24;5;9;13;4;9;1;4;1;40;38;0;0;0
32;4;0;6;0;2;1;4;1;40;38;0;0;0
25;2;15;10;4;11;1;4;1;35;38;0;0;0
57;2;4;3;5;6;1;4;0;40;38;0;0;0
28;2;9;13;2;9;5;4;0;24;38;0;1;1
28;2;11;9;2;11;0;4;1;51;4;0;0;0
27;2;9;13;4;9;1;4;0;55;38;0;0;0
28;2;9;13;4;0;1;4;0;20;38;0;0;0
44;4;11;9;2;4;0;1;1;42;23;0;0;0
27;2;11;9;4;6;3;4;1;45;38;0;0;0
61;2;9;13;2;3;0;4;1;40;38;0;0;0
25;2;1;7;4;7;1;4;1;99;38;0;0;0
28;2;6;5;4;5;3;2;0;24;38;0;0;0
20;2;15;10;4;2;3;4;1;40;38;0;0;0
33;2;8;11;4;11;3;1;1;40;29;0;0;0
38;5;11;9;0;7;1;4;1;40;38;0;0;0
31;2;11;9;4;11;4;2;0;25;38;0;0;0
40;2;12;14;4;9;1;4;0;45;38;0;0;1
43;2;15;10;2;3;0;4;1;55;38;0;0;1
38;2;12;14;2;3;0;4;1;60;38;0;0;1
19;2;15;10;4;3;3;2;1;30;38;0;0;0
56;2;7;12;2;7;0;4;1;50;38;0;0;0
38;2;12;14;0;3;1;4;1;45;38;0;0;1
22;2;11;9;2;8;5;4;0;40;38;1;0;0
18;5;11;9;4;7;3;4;1;25;38;0;0;0
68;2;15;10;6;7;1;4;0;20;38;0;0;0
35;2;8;11;0;13;1;4;1;50;38;0;0;0
32;2;0;6;0;2;4;4;1;40;38;0;0;0
43;0;15;10;2;9;5;4;0;40;38;0;0;1
30;2;0;6;4;6;4;2;0;40;38;0;0;0
62;2;15;10;2;12;0;4;1;24;38;1;0;0
38;2;8;11;2;6;0;4;1;40;38;0;0;0
27;2;11;9;4;5;3;4;1;40;38;0;0;0
28;2;10;16;4;9;1;4;0;60;10;0;0;1
26;2;8;11;4;7;1;4;1;40;38;0;0;0
21;2;15;10;4;6;3;4;1;20;38;0;0;0
19;2;11;9;4;7;2;2;1;40;38;0;0;0
20;2;15;10;4;0;3;4;1;30;38;0;0;0
25;5;9;13;4;10;1;2;1;40;38;0;0;0
28;4;15;10;4;2;3;4;1;50;3;0;0;0
36;2;8;11;4;0;1;4;1;42;38;0;0;1
23;2;9;13;4;2;1;0;1;40;25;0;0;0
24;2;9;13;2;0;5;4;0;50;38;0;0;0
23;2;11;9;4;7;1;4;0;40;38;0;0;0
24;2;9;13;4;9;3;4;0;20;38;0;0;0
25;4;11;9;4;7;1;4;1;8;38;0;0;0
24;2;11;9;4;6;1;4;1;40;38;0;0;0
30;2;11;9;2;3;0;4;1;62;38;0;0;0
36;2;15;10;2;3;5;4;0;33;38;0;0;0
45;2;11;9;2;7;0;1;1;40;29;0;0;0
31;2;7;12;0;11;4;4;0;45;38;0;1;0
34;2;11;9;4;0;1;4;1;48;38;0;0;0
65;3;9;13;2;3;0;4;1;44;25;0;0;1
42;2;8;11;0;9;4;4;0;40;38;0;0;0
27;5;14;15;4;9;1;4;1;70;38;0;0;0
40;2;15;10;2;11;5;2;0;40;32;0;0;0
53;0;15;10;2;0;0;4;1;40;38;0;0;1
54;2;11;9;2;11;0;4;1;50;38;0;0;1
30;5;9;13;4;9;2;4;1;35;38;0;0;0
59;2;11;9;2;13;0;4;1;45;38;0;0;1
42;4;11;9;0;3;4;4;1;55;38;0;0;0
23;2;11;9;4;0;1;4;0;40;38;0;0;0
28;2;9;13;2;7;5;4;0;15;38;0;0;0
20;2;11;9;4;5;3;4;1;40;38;0;0;0
22;2;15;10;4;11;1;4;0;20;38;0;0;0
47;4;15;10;2;2;0;4;1;40;38;0;1;1
44;2;15;10;2;6;0;4;1;40;38;0;0;0
40;2;2;8;0;2;1;4;1;40;38;0;0;0
37;2;8;11;2;12;5;4;0;37;38;0;0;1
39;2;11;9;0;6;3;4;1;50;38;0;0;0
49;2;15;10;2;11;0;4;1;40;38;1;0;1
44;4;15;10;0;7;1;4;1;45;38;0;0;0
27;2;6;5;2;6;5;4;0;37;31;0;0;0
50;2;11;9;2;0;0;4;1;40;38;0;0;0
39;2;9;13;2;9;0;4;1;40;38;0;0;1
41;2;11;9;4;11;4;2;0;40;38;0;0;0
55;2;9;13;2;10;0;4;1;40;38;0;0;1
53;2;3;2;2;7;0;2;1;35;32;0;0;0
53;1;12;14;0;9;4;4;0;50;38;0;0;0
31;2;12;14;2;3;0;4;1;70;35;0;1;1
21;2;11;9;4;2;1;4;1;40;38;0;0;0
30;2;11;9;5;6;1;2;1;40;38;0;0;0
53;2;12;14;4;3;1;4;0;60;38;0;0;1
47;2;15;10;2;2;0;4;1;47;38;0;1;0
60;2;9;13;0;3;1;4;0;40;17;0;0;1
59;2;6;5;5;6;4;4;0;40;25;0;0;0
37;2;9;13;4;3;1;4;1;48;38;0;0;1
47;0;9;13;2;2;0;4;1;40;38;0;1;0
49;2;6;5;2;2;0;4;1;40;38;0;0;0
73;1;15;10;4;9;2;4;0;11;38;0;0;0
58;2;11;9;0;7;4;2;0;20;38;0;0;0
35;2;15;10;4;5;3;2;1;40;38;0;0;0
24;5;15;10;2;9;5;4;0;50;38;0;0;0
62;2;11;9;6;0;1;4;0;38;38;0;0;0
58;2;11;9;2;0;5;4;0;40;38;0;0;0
51;2;15;10;2;0;0;4;1;40;38;1;0;1
21;2;11;9;4;11;3;2;1;40;38;0;0;0
30;2;9;13;2;2;0;4;1;40;38;0;0;0
27;2;8;11;4;9;1;4;0;36;1;0;1;0
25;2;9;13;2;12;0;4;1;40;38;1;0;1
31;2;11;9;4;2;1;0;1;45;38;0;0;0
31;2;11;9;4;7;4;2;0;34;38;0;0;0
44;2;15;10;2;2;0;4;1;50;38;1;0;1
52;3;10;16;2;9;0;4;1;65;38;1;0;1
30;2;7;12;2;11;0;4;1;40;38;0;0;0
29;2;11;9;4;13;3;2;1;40;38;0;0;0
36;2;1;7;0;13;1;4;1;40;38;0;0;0
54;4;9;13;2;4;0;4;1;50;38;0;0;0
59;1;15;10;5;10;1;4;1;40;38;0;0;1
55;2;15;10;4;0;1;4;1;45;38;0;0;0
22;2;7;12;4;0;3;4;0;20;38;0;0;0
42;2;11;9;0;6;1;4;0;40;38;0;0;0
36;2;7;12;2;11;5;4;0;40;38;0;0;0
32;2;9;13;2;9;0;4;1;40;38;0;0;1
44;2;5;4;2;2;0;4;1;40;38;0;0;0
25;2;1;7;3;5;1;4;1;40;25;0;0;0
31;2;11;9;2;13;0;4;1;50;38;0;0;0
33;2;11;9;4;7;3;4;1;40;38;0;0;0
54;4;7;12;2;11;0;4;1;50;38;0;0;1
42;4;11;9;4;3;1;4;1;48;38;0;0;0
49;2;11;9;2;13;0;4;1;44;38;0;0;0
30;2;11;9;2;0;0;4;1;44;38;0;0;0
54;2;11;9;0;3;4;4;0;45;38;0;0;0
39;2;15;10;4;13;4;4;1;40;38;0;0;0
24;2;15;10;4;6;3;4;1;40;38;0;0;0
21;2;11;9;4;0;3;4;0;44;38;0;0;0
23;2;6;5;4;7;4;2;0;30;38;0;0;0
54;2;11;9;0;0;4;4;0;42;38;0;0;0
23;2;12;14;4;11;1;4;0;20;38;0;0;0
39;2;11;9;0;6;4;4;1;40;38;0;1;0
23;2;15;10;4;9;1;4;1;25;38;0;0;0
41;2;15;10;2;6;0;2;1;40;38;0;1;1
32;2;1;7;4;7;1;2;1;40;38;0;0;0
57;2;11;9;2;2;0;4;1;40;38;0;0;0
18;2;11;9;4;0;2;4;0;30;38;0;0;0
60;5;10;16;2;9;0;4;1;60;38;1;0;1
21;2;15;10;4;6;3;4;0;40;38;0;0;0
53;2;15;10;6;0;2;4;0;22;38;0;0;0
38;2;9;13;2;3;0;4;1;55;38;1;0;1
21;2;15;10;4;5;1;4;1;40;38;0;0;0
53;2;10;16;0;3;1;4;0;55;38;0;0;1
24;2;11;9;4;2;1;4;1;40;38;0;0;0
36;0;7;12;2;7;0;4;1;40;38;0;0;0
29;2;12;14;4;3;1;2;1;60;38;0;0;0
23;2;15;10;4;11;1;4;1;40;38;0;0;0
44;2;15;10;2;3;0;4;1;50;38;0;0;0
32;1;12;14;2;9;0;4;1;48;38;0;0;0
25;2;9;13;4;3;1;4;0;50;38;0;0;0
41;4;11;9;0;2;4;4;1;27;38;0;0;0
18;2;11;9;4;7;3;4;0;30;38;0;0;0
57;2;15;10;2;2;0;4;1;45;38;0;1;0
62;2;9;13;6;3;1;4;1;50;38;1;0;1
29;2;9;13;4;5;3;4;1;40;38;0;0;0
19;2;11;9;4;7;3;2;0;40;38;0;0;0
35;4;14;15;2;9;0;4;1;65;38;0;0;1
52;2;9;13;2;9;0;4;1;50;38;0;0;1
28;2;0;6;4;6;4;4;0;40;38;0;0;0
38;2;11;9;4;7;3;4;1;40;38;0;0;0
42;2;15;10;6;11;4;2;0;40;38;0;0;0
41;2;9;13;4;9;1;2;1;40;38;0;0;0
23;2;9;13;4;9;1;4;1;38;38;0;0;0
31;2;12;14;2;11;0;4;1;76;38;0;0;1
31;2;4;3;4;6;1;4;1;45;25;0;0;0
46;2;12;14;2;9;0;4;1;40;38;0;0;1
18;2;1;7;4;11;3;4;0;20;38;0;0;0
57;4;12;14;2;12;0;4;1;38;38;0;0;1
25;2;8;11;4;0;1;4;0;38;38;0;0;0
32;2;12;14;2;3;0;4;1;40;38;0;0;1
27;2;6;5;4;4;3;4;1;40;38;0;0;0
46;0;9;13;2;9;0;4;1;45;38;1;0;1
43;5;11;9;4;2;4;4;1;40;38;0;0;0
56;4;9;13;3;9;1;4;0;40;38;0;0;1
19;2;11;9;2;2;5;4;0;40;38;0;0;0
20;0;11;9;4;0;3;4;0;40;38;0;0;0
42;2;15;10;4;6;1;4;1;45;38;0;0;0
90;2;11;9;6;13;4;4;1;99;38;0;0;0
25;2;1;7;5;6;1;2;1;35;38;0;0;0
27;2;11;9;4;7;1;2;0;40;22;0;0;0
48;2;11;9;2;13;0;4;1;44;38;0;0;0
48;0;15;10;4;0;1;2;1;40;38;0;0;0
27;2;11;9;2;2;0;4;1;48;38;0;0;0
46;2;9;13;6;12;4;4;0;38;38;0;0;0
32;2;4;3;2;7;2;4;1;40;38;0;0;0
22;2;8;11;2;12;0;4;1;40;38;0;0;0
24;2;9;13;1;9;5;4;0;40;38;0;0;1
31;2;11;9;2;2;0;4;1;65;38;0;0;0
20;2;15;10;4;9;1;4;0;18;38;0;0;0
28;4;14;15;4;9;1;4;1;40;38;1;0;0
40;3;11;9;2;3;0;4;1;60;38;0;0;1
39;2;11;9;2;6;0;4;1;40;38;0;0;1
54;1;11;9;2;13;0;4;1;40;38;0;0;0
59;1;15;10;2;10;0;4;1;42;38;0;0;0
17;2;1;7;4;11;3;4;0;18;38;0;0;0
25;4;15;10;4;2;3;4;1;80;38;0;0;0
49;1;11;9;2;10;0;4;1;40;38;0;0;1
55;4;11;9;0;3;1;4;1;60;38;1;0;0
39;2;11;9;2;2;0;4;1;40;38;0;0;0
67;2;15;10;6;9;1;4;0;16;38;0;0;0
28;2;11;9;4;7;4;4;1;40;38;0;0;0
35;2;6;5;2;6;0;4;1;40;1;0;0;0
44;2;11;9;2;0;0;4;1;48;38;0;0;1
51;2;12;14;2;9;0;4;1;47;38;0;0;1
55;2;9;13;6;4;3;1;1;40;38;0;0;0
45;1;11;9;2;10;0;4;1;78;38;0;0;1
32;2;11;9;2;2;0;4;1;48;38;0;0;0
45;2;15;10;0;3;4;4;0;40;38;0;0;0
45;2;12;14;2;3;0;4;1;60;8;1;0;1
35;2;9;13;4;11;1;4;1;40;38;0;0;1
55;1;11;9;2;13;0;4;1;44;38;0;0;0
59;2;15;10;2;2;0;4;1;40;38;0;0;1
22;2;11;9;4;0;1;4;0;55;38;0;0;0
46;1;12;14;6;3;4;2;0;35;38;0;0;0
23;2;11;9;4;4;3;4;1;40;38;0;0;0
47;2;9;13;2;3;0;4;1;45;38;0;0;1
34;2;11;9;2;2;0;4;1;30;10;0;0;0
51;2;1;7;0;13;3;4;1;40;38;0;0;0
40;2;8;11;2;11;0;4;1;50;38;0;0;0
24;5;15;10;4;0;3;4;1;12;38;0;0;0
20;2;15;10;4;4;1;4;1;72;38;0;0;0
44;2;15;10;0;13;4;4;1;50;38;1;0;0
26;2;11;9;0;2;4;4;1;40;38;0;0;0
35;1;11;9;5;0;4;4;0;38;38;0;0;0
23;2;15;10;4;6;4;1;1;40;39;0;0;0
40;2;11;9;0;2;1;4;1;50;38;0;0;0
49;1;11;9;2;10;0;4;1;40;38;0;0;0
32;2;11;9;4;6;1;4;1;45;38;0;0;0
28;2;8;11;0;9;4;4;0;40;38;0;0;0
51;2;12;14;2;3;0;4;1;60;38;1;0;1
62;2;8;11;2;3;0;4;1;50;38;0;0;1
31;2;15;10;2;6;0;4;1;40;25;0;0;0
47;1;7;12;2;10;0;4;1;40;38;0;0;1
36;2;8;11;4;12;1;4;0;3;38;0;0;0
44;5;11;9;4;2;1;4;1;40;38;0;0;0
46;2;9;13;2;3;0;4;1;40;38;0;0;1
32;2;11;9;4;2;1;4;1;40;38;0;0;0
51;4;7;12;0;13;4;2;0;30;38;0;0;0
48;2;9;13;2;3;0;4;1;45;38;0;0;1
28;2;9;13;4;6;4;2;0;40;38;0;0;0
57;3;15;10;2;12;0;4;1;60;38;0;0;1
33;2;8;11;2;11;0;4;1;40;38;0;0;0
42;2;11;9;5;6;1;4;1;15;38;0;0;0
17;2;0;6;4;7;3;4;1;40;38;0;0;0
31;3;9;13;2;3;0;4;1;55;38;0;0;1
35;2;15;10;4;6;1;4;1;40;38;0;1;0
20;2;11;9;4;5;3;4;1;40;38;0;0;0
36;2;11;9;2;3;5;4;0;40;38;0;0;0
24;2;15;10;4;11;1;4;0;24;38;0;0;0
33;2;15;10;2;13;0;2;1;50;38;0;0;1
36;2;15;10;2;0;0;4;1;40;38;0;0;0
31;2;9;13;0;3;4;4;0;40;38;0;0;0
29;2;7;12;0;11;4;4;0;40;38;1;0;0
47;2;9;13;2;11;0;4;1;60;38;0;0;1
30;2;10;16;2;9;0;4;1;75;38;1;0;1
34;2;11;9;2;4;0;4;1;50;38;0;0;0
23;2;11;9;4;6;2;4;0;40;38;0;0;0
33;2;8;11;0;0;1;4;1;40;38;0;0;0
59;2;0;6;0;6;1;4;0;40;38;0;0;0
67;4;9;13;0;9;1;4;1;40;38;0;0;0
26;2;11;9;0;6;1;4;1;40;38;0;0;0
27;2;11;9;2;6;0;1;1;40;24;1;0;0
24;2;9;13;4;0;3;4;1;39;38;0;0;0
44;0;8;11;0;12;1;4;1;40;38;0;0;0
31;2;11;9;2;2;0;4;1;40;38;0;0;1
28;2;14;15;2;9;0;4;1;60;38;0;0;0
19;2;11;9;4;7;3;4;0;20;38;0;0;0
31;4;9;13;2;3;5;4;0;40;38;0;1;1
20;2;11;9;4;0;1;4;0;40;38;0;0;0
64;2;11;9;0;7;1;4;0;15;38;0;0;0
47;5;11;9;2;0;5;4;0;40;38;0;0;1
36;2;15;10;4;0;1;4;0;35;38;0;0;0
48;2;11;9;2;2;0;4;1;44;38;0;0;1
19;4;15;10;4;7;3;4;0;40;25;0;0;0
22;2;11;9;4;11;3;2;0;35;38;0;0;0
56;2;6;5;0;0;1;4;1;40;38;0;0;0
22;2;15;10;4;0;1;4;1;50;38;0;0;0
37;2;9;13;2;9;0;4;1;99;38;0;0;1
57;1;9;13;6;9;1;4;0;35;38;0;0;0
38;2;7;12;2;11;0;4;1;50;38;0;0;1
34;2;11;9;4;6;4;2;0;40;38;0;0;0
38;0;15;10;0;3;1;4;0;40;38;0;0;0
30;3;15;10;2;3;0;1;1;40;34;0;1;1
32;2;9;13;4;9;1;4;1;45;38;0;0;1
29;2;2;8;3;7;1;2;0;40;38;0;0;0
56;2;11;9;2;6;0;4;1;40;38;0;0;0
42;2;8;11;2;3;5;4;0;35;38;1;0;1
71;1;11;9;6;3;2;4;0;33;38;0;0;0
20;2;1;7;4;13;3;4;1;40;38;0;0;0
25;2;11;9;4;6;3;4;1;36;38;0;0;0
61;2;15;10;2;9;0;4;1;50;38;0;0;1
24;5;9;13;2;3;5;4;0;40;38;0;0;0
51;2;6;5;4;7;4;2;0;40;38;0;0;0
27;2;11;9;4;0;1;4;1;40;38;0;0;0
41;2;15;10;2;3;5;4;0;40;38;0;1;1
31;2;11;9;0;6;1;4;1;40;38;0;0;0
39;2;11;9;0;8;4;2;0;16;38;0;0;0
51;4;14;15;2;9;0;4;1;40;38;0;0;0
52;2;11;9;4;3;4;4;0;40;38;0;0;0
49;2;9;13;2;9;0;4;1;40;38;0;0;1
43;2;15;10;2;2;0;4;1;40;38;0;0;0
45;2;9;13;2;3;0;4;1;60;38;0;1;1
49;2;11;9;0;6;1;4;1;40;38;0;0;0
19;2;11;9;4;7;1;4;0;40;38;0;0;0
44;4;11;9;2;4;0;4;1;40;38;0;0;0
67;3;11;9;2;13;0;4;1;40;38;0;0;0
58;2;14;15;2;9;0;4;1;45;38;0;0;1
36;2;9;13;2;9;0;4;1;40;38;1;0;1
67;2;11;9;6;0;1;4;0;16;10;1;0;1
61;2;10;16;2;9;0;4;1;40;38;0;0;1
55;1;5;4;4;7;4;2;0;40;38;0;0;0
35;0;11;9;4;0;1;4;1;40;38;0;0;0
35;2;0;6;4;7;4;2;0;38;38;0;0;0
20;5;15;10;4;0;3;4;0;10;38;0;0;0
51;2;11;9;2;0;5;2;0;40;38;0;0;0
23;2;9;13;4;9;3;4;1;40;38;0;0;0
39;2;11;9;2;4;0;4;1;24;38;0;0;0
36;2;15;10;0;7;4;4;0;40;38;0;0;0
47;2;11;9;2;11;0;4;1;45;38;0;0;1
27;2;9;13;4;11;1;4;1;80;38;0;0;1
29;2;11;9;2;2;0;4;1;40;38;0;0;0
21;5;15;10;4;10;1;4;1;40;38;0;0;0
18;2;15;10;4;0;1;4;0;20;38;0;0;0
24;2;15;10;4;3;3;4;1;20;38;0;0;0
39;0;11;9;2;2;0;4;1;40;38;0;0;1
51;5;15;10;2;3;0;4;1;40;38;0;0;0
47;2;9;13;2;12;0;4;1;40;38;1;0;1
62;2;15;10;0;0;4;4;0;30;38;0;0;0
49;2;9;13;2;3;0;4;1;40;38;0;0;1
20;2;1;7;2;7;0;4;1;40;38;0;0;0
24;2;15;10;4;11;1;4;1;40;38;0;0;0
25;2;11;9;4;3;3;4;0;40;38;0;0;0
54;4;9;13;2;11;0;4;1;40;38;0;0;0
25;2;11;9;4;2;3;4;1;40;38;0;0;0
43;2;15;10;0;11;4;4;0;55;38;0;0;1
26;2;9;13;4;3;1;4;1;38;38;0;1;0
24;2;11;9;2;5;0;4;1;40;38;0;0;0
18;2;1;7;4;7;3;0;1;20;38;0;0;0
45;4;11;9;2;3;0;4;1;25;38;0;0;0
26;2;9;13;4;11;1;4;1;40;38;0;0;0
47;2;15;10;4;7;3;4;1;40;38;0;0;0
21;6;11;9;4;2;3;2;1;40;38;0;0;0
29;2;11;9;0;7;4;4;0;99;38;0;0;0
68;2;15;10;2;9;0;4;1;15;38;0;0;0
21;2;15;10;4;3;1;2;1;48;25;0;0;0
28;3;15;10;4;3;1;4;1;30;38;0;0;0
46;2;11;9;2;3;5;4;0;40;38;0;0;1
35;2;11;9;5;13;4;2;0;48;38;0;0;0
50;4;0;6;4;2;1;4;1;25;38;0;0;0
48;3;15;10;0;3;1;4;1;40;38;0;0;0
59;2;9;13;2;2;0;4;1;50;38;1;0;1
23;2;15;10;4;3;3;2;1;40;38;0;0;0
53;2;11;9;6;11;1;4;0;30;38;0;0;0
50;3;12;14;2;11;0;4;1;40;38;0;0;1
53;2;2;8;3;5;1;3;1;56;5;0;0;0
52;2;11;9;2;6;0;2;1;48;38;0;0;0
38;2;9;13;2;9;0;4;1;50;38;0;0;0
43;2;12;14;2;3;0;4;1;50;38;0;0;1
35;2;9;13;2;7;5;4;0;32;38;0;0;0
41;2;14;15;2;3;0;4;1;50;38;0;0;1
22;2;15;10;4;11;3;4;1;40;38;0;0;0
39;2;11;9;2;7;0;4;1;60;38;0;0;1
45;2;12;14;2;11;0;4;1;40;38;0;0;1
31;2;6;5;2;4;5;4;0;42;38;0;0;0
40;2;9;13;2;9;0;4;1;40;38;0;1;1
47;4;4;3;2;13;0;4;1;20;38;0;0;0
53;2;11;9;2;2;0;2;1;40;22;0;0;0
53;3;9;13;2;11;0;4;1;60;38;0;0;1
33;1;9;13;4;12;1;2;1;52;38;0;1;1
24;2;9;13;4;0;3;4;0;20;38;0;0;0
34;2;15;10;4;7;1;4;0;40;38;0;0;0
46;3;11;9;2;11;0;4;1;50;38;0;0;1
29;0;15;10;2;10;0;4;1;60;38;0;0;0
61;5;1;7;6;7;4;4;0;32;38;0;0;1
31;2;11;9;2;4;0;4;1;40;38;0;0;0
29;2;11;9;3;12;3;2;1;40;38;0;0;0
42;2;11;9;5;2;4;4;1;40;38;0;0;0
50;0;15;10;2;3;0;4;1;40;38;0;0;0
34;2;11;9;0;0;1;4;0;40;38;0;0;0
39;2;5;4;2;13;0;4;1;40;38;0;0;0
74;2;3;2;2;13;0;2;1;20;38;0;0;0
40;2;15;10;2;11;0;4;1;40;38;0;0;0
75;4;14;15;2;9;0;4;1;50;38;0;1;1
40;1;9;13;2;9;5;4;0;40;38;0;0;1
36;2;1;7;2;2;0;4;1;40;38;0;0;0
28;2;9;13;2;3;5;4;0;40;38;0;0;1
19;2;15;10;4;0;1;4;0;18;38;0;0;0
36;2;7;12;5;7;4;2;0;32;38;0;0;0
50;0;15;10;0;0;4;4;0;40;38;0;1;0
47;2;7;12;2;9;5;2;0;40;38;1;0;1
48;2;11;9;4;12;4;2;0;33;22;0;0;0
60;3;11;9;0;2;1;4;1;40;38;0;0;0
30;2;12;14;4;9;1;2;1;30;38;0;0;0
32;2;9;13;2;3;0;4;1;50;38;0;0;1
45;1;12;14;2;9;5;4;0;35;38;0;1;1
51;2;15;10;2;12;0;4;1;40;38;0;0;1
53;2;6;5;3;6;4;2;1;75;13;0;0;0
48;4;12;14;2;3;0;4;1;40;25;0;0;1
32;2;7;12;0;6;1;4;0;50;38;0;0;0
31;2;11;9;0;3;4;2;0;40;38;0;0;0
58;4;9;13;0;7;1;4;0;20;38;0;0;0
32;2;7;12;2;3;0;4;1;60;38;0;0;1
32;2;9;13;4;9;1;4;1;40;38;0;0;0
40;2;9;13;0;11;3;4;1;80;38;0;0;0
50;2;9;13;2;3;0;4;1;55;38;1;0;1
38;4;0;6;5;6;1;4;1;40;38;0;0;0
30;2;11;9;2;6;0;4;1;40;38;0;0;0
21;2;11;9;4;0;4;4;0;40;38;0;0;0
28;2;9;13;4;9;3;4;0;40;38;0;1;1
32;2;7;12;0;9;4;4;0;36;38;0;1;0
25;2;11;9;4;11;1;4;1;45;38;0;0;0
59;2;15;10;2;12;0;4;1;40;38;0;0;1
49;2;15;10;4;2;3;4;1;40;38;0;0;0
36;2;9;13;4;3;1;4;1;40;38;0;0;0
46;2;15;10;0;8;4;4;0;30;38;0;0;0
37;1;14;15;2;9;0;4;1;60;38;0;0;1
48;2;9;13;2;11;0;2;1;40;38;0;0;1
43;2;15;10;2;7;0;4;1;44;38;0;1;0
41;2;11;9;2;3;0;4;1;40;38;0;0;1
54;2;11;9;2;11;0;4;1;40;38;1;0;0
36;2;15;10;0;3;1;4;0;4;38;0;0;0
29;2;9;13;0;7;4;3;0;40;38;0;0;0
66;1;11;9;2;2;0;4;1;40;38;0;1;0
59;2;14;15;4;9;1;4;1;50;38;0;0;0
62;2;9;13;2;3;0;4;1;40;38;0;0;1
29;2;0;6;4;2;1;4;1;40;25;0;0;0
28;2;9;13;2;11;0;4;1;45;38;0;0;1
27;2;9;13;2;6;0;4;1;60;38;0;1;1
42;5;11;9;2;3;0;4;1;40;38;0;0;1
60;2;8;11;2;2;0;4;1;46;38;0;0;1
58;2;12;14;2;9;0;4;1;50;38;0;0;1
27;2;15;10;2;2;0;4;1;40;38;0;0;0
45;2;11;9;6;2;1;4;0;40;38;0;0;0
50;2;15;10;2;2;0;4;1;40;38;0;0;1
43;2;15;10;2;2;0;2;1;40;38;0;0;0
39;2;14;15;0;3;1;4;1;50;38;0;0;0
21;2;15;10;4;0;3;4;1;20;38;0;0;0
24;2;11;9;2;5;0;2;1;70;38;0;0;0
59;4;14;15;2;4;0;4;1;30;38;0;0;0
36;2;11;9;2;6;0;4;1;40;38;0;0;1
35;2;12;14;2;3;0;1;1;65;16;0;0;1
33;2;15;10;0;5;3;4;1;40;38;0;0;0
30;2;11;9;4;2;1;2;0;45;38;0;0;0
40;2;8;11;0;2;4;4;1;50;38;0;0;1
26;4;15;10;2;11;0;4;1;55;38;0;0;0
37;0;8;11;5;0;1;2;1;40;38;0;0;0
68;4;15;10;0;13;1;4;0;20;38;0;0;0
45;2;9;13;2;2;0;4;1;72;38;0;0;1
56;2;11;9;2;9;0;4;1;40;38;0;0;0
36;2;11;9;4;0;3;4;0;40;38;0;0;0
50;2;9;13;2;3;0;4;1;50;38;1;0;1
38;2;8;11;2;11;0;4;1;40;38;0;0;0
29;2;9;13;2;11;0;4;1;41;38;0;0;0
28;2;11;9;4;7;4;4;0;28;38;0;0;0
39;0;15;10;2;0;0;4;1;50;38;0;0;0
26;1;9;13;4;10;1;4;1;40;38;0;0;0
52;3;15;10;0;3;1;4;1;65;38;0;0;1
52;2;9;13;0;4;1;4;1;40;38;0;0;0
84;2;11;9;6;7;1;4;0;13;38;0;0;0
33;0;15;10;4;7;1;4;0;10;38;0;0;0
46;0;14;15;2;9;0;4;1;50;38;1;0;1
30;2;11;9;4;11;1;4;0;35;38;0;0;0
38;2;9;13;2;9;0;4;1;40;8;0;0;1
66;2;11;9;6;8;1;4;0;8;38;0;0;0
62;0;12;14;2;0;0;4;1;40;21;0;0;1
31;2;9;13;2;3;0;2;1;40;38;0;1;1
31;2;9;13;2;2;0;4;1;40;38;0;0;1
39;2;11;9;2;6;0;4;1;40;38;1;0;0
27;2;9;13;4;12;3;4;0;40;38;0;0;0
38;2;15;10;0;0;3;4;0;40;38;0;0;0
25;2;11;9;4;5;2;4;1;40;38;0;0;0
48;2;11;9;2;3;5;4;0;40;38;0;0;0
45;1;12;14;2;9;0;4;1;50;38;0;0;1
22;2;15;10;4;11;3;4;1;40;38;0;0;0
50;2;11;9;2;2;0;4;1;40;30;0;0;0
21;2;11;9;4;4;1;4;1;40;38;0;0;0
44;1;15;10;0;0;4;4;0;40;38;0;0;0
60;4;11;9;5;7;1;2;1;50;38;0;1;0
51;2;11;9;2;6;0;4;1;48;38;0;0;0
30;2;11;9;3;2;2;4;1;40;38;0;0;0
46;4;7;12;0;2;1;4;1;40;38;0;0;0
43;2;8;11;2;3;0;4;1;45;38;0;0;1
57;2;11;9;4;7;1;2;1;48;38;0;0;0
48;2;12;14;2;9;0;4;1;40;38;0;1;1
68;4;11;9;2;4;0;4;1;40;38;1;0;0
33;2;15;10;4;7;1;4;1;24;38;0;0;0
22;6;11;9;4;5;3;4;1;40;38;1;0;0
28;2;11;9;4;6;1;4;1;50;38;0;0;0
32;2;12;14;2;9;0;1;1;40;18;0;0;0
56;2;11;9;0;2;1;4;1;42;38;0;0;0
36;2;11;9;2;7;0;4;1;50;38;0;0;0
34;2;15;10;2;3;0;4;1;55;38;0;0;0
18;2;11;9;4;11;1;4;0;40;38;0;1;0
39;2;0;6;6;6;1;2;1;40;38;0;1;0
25;2;9;13;4;3;1;4;0;40;38;0;0;0
27;4;15;10;4;2;1;4;1;35;38;0;0;0
56;4;12;14;0;11;1;4;1;60;38;0;1;0
33;4;11;9;2;2;0;4;1;40;38;0;0;0
49;3;10;16;2;9;0;2;1;60;38;0;0;1
44;4;11;9;2;3;0;4;1;84;38;0;0;0
30;4;1;7;4;2;1;4;1;45;38;0;0;1
27;2;11;9;0;2;1;4;1;50;38;0;0;0
25;2;9;13;4;0;1;4;1;40;38;0;0;1
30;3;9;13;4;3;1;4;1;40;38;0;0;0
38;2;7;12;2;7;0;4;1;40;7;0;0;0
38;2;11;9;2;2;0;4;1;40;38;0;0;0
46;2;15;10;0;11;4;4;0;40;38;0;0;0
37;2;11;9;6;6;4;4;0;20;38;0;0;0
62;2;11;9;2;3;0;4;1;40;38;0;0;1
55;4;11;9;2;7;0;4;1;40;38;0;0;0
47;4;11;9;3;2;1;4;1;40;38;0;0;0
45;2;11;9;2;9;5;4;0;14;38;0;0;0
50;2;11;9;2;2;0;4;1;40;38;0;0;0
36;2;11;9;0;6;4;4;1;40;38;0;0;0
45;2;11;9;4;11;1;4;0;20;38;0;0;0
23;2;11;9;4;13;1;4;1;38;38;0;0;0
37;2;7;12;2;3;0;4;1;50;38;1;0;1
38;5;10;16;2;9;0;4;1;55;38;0;0;1
27;2;15;10;4;5;3;2;1;40;38;0;0;0
29;2;9;13;2;11;5;4;0;50;38;0;0;0
45;1;12;14;4;9;1;4;0;40;38;0;0;0
41;3;11;9;2;11;0;4;1;55;38;0;1;1
38;4;15;10;4;7;1;4;0;20;38;0;0;0
27;2;9;13;4;9;1;4;1;40;38;0;0;0
44;0;11;9;0;2;1;4;1;40;38;0;0;0
33;0;12;14;2;13;0;2;1;40;26;0;0;0
28;3;11;9;2;11;0;2;1;40;38;1;0;1
32;2;9;13;2;3;0;4;1;45;38;0;0;1
43;2;12;14;2;9;0;4;1;55;38;0;0;0
45;1;11;9;0;7;3;2;0;40;38;0;0;0
52;0;7;12;2;7;0;4;1;40;38;1;0;1
24;2;11;9;4;7;1;4;1;35;38;0;0;0
47;2;8;11;2;9;0;4;1;40;38;0;0;1
53;3;10;16;0;3;1;4;1;50;38;1;0;1
31;2;9;13;2;11;0;4;1;40;38;0;0;1
30;2;8;11;4;2;1;4;1;40;38;0;0;0
56;2;11;9;2;0;0;4;1;40;38;0;0;0
49;0;9;13;2;9;0;4;1;40;38;0;0;1
38;2;11;9;2;13;0;4;1;40;38;0;0;0
19;2;15;10;4;0;3;4;1;18;38;0;0;0
39;2;8;11;2;2;0;4;1;40;38;0;0;0
38;2;11;9;2;3;0;4;1;40;38;0;0;0
47;2;11;9;2;13;0;4;1;55;38;0;0;1
58;2;1;7;2;2;0;4;1;40;38;0;0;0
27;2;11;9;4;13;1;2;1;40;38;1;0;0
59;1;12;14;0;9;1;4;1;40;38;0;0;1
24;2;9;13;4;11;1;4;1;47;38;0;0;0
42;2;8;11;2;6;0;4;1;40;38;1;0;0
53;5;12;14;2;3;0;4;1;60;38;0;0;1
35;2;11;9;2;5;0;4;1;50;38;0;0;0
36;1;11;9;2;0;5;1;0;40;2;0;0;1
26;2;11;9;2;2;0;4;1;40;25;0;0;0
33;2;6;5;5;0;1;4;1;48;38;0;0;0
29;2;15;10;2;9;0;4;1;40;38;0;0;0
43;2;1;7;2;5;0;4;1;40;38;0;0;0
35;2;9;13;2;11;0;4;1;50;38;1;0;1
48;2;9;13;3;9;2;1;0;36;29;0;0;1
45;1;12;14;0;9;1;4;0;40;38;0;0;0
43;2;11;9;0;3;1;4;0;40;38;0;0;0
27;2;6;5;4;7;3;4;1;30;38;0;0;0
21;2;5;4;4;2;3;4;1;40;38;0;0;0
39;2;15;10;2;0;0;4;1;40;38;1;0;1
52;4;9;13;2;11;0;4;1;55;38;1;0;1
41;3;9;13;6;9;4;4;0;40;38;0;0;0
48;2;11;9;2;2;0;4;1;70;38;1;0;1
53;5;11;9;0;3;1;4;1;40;38;0;1;0
33;1;7;12;2;2;0;4;1;50;38;0;0;0
37;2;0;6;4;2;3;4;1;35;38;0;0;0
43;0;10;16;5;9;4;2;0;24;38;0;0;1
20;2;15;10;4;0;1;4;0;40;38;0;0;0
47;2;14;15;2;9;0;4;1;50;38;0;0;1
36;4;11;9;2;4;0;4;1;70;38;0;0;0
41;2;11;9;2;13;0;4;1;45;38;0;1;1
67;2;5;4;2;2;0;4;1;40;38;1;0;0
38;2;9;13;3;2;1;2;1;40;5;0;0;0
47;4;12;14;4;3;1;2;1;25;38;0;0;0
39;2;8;11;2;12;0;4;1;40;38;0;0;0
36;2;11;9;4;7;3;2;1;35;38;0;0;0
24;2;15;10;2;0;0;2;1;40;38;0;0;0
50;4;11;9;2;4;0;4;1;84;38;0;0;0
21;2;11;9;4;7;1;4;0;30;38;1;0;0
21;2;6;5;4;7;3;4;0;50;25;0;0;0
40;2;11;9;4;2;1;4;1;40;38;0;0;0
19;2;15;10;4;0;1;4;0;25;38;0;0;0
38;2;11;9;4;6;1;4;0;40;38;0;0;0
34;2;8;11;2;2;0;4;1;50;38;0;0;0
44;1;15;10;0;3;1;4;1;50;38;0;0;0
20;2;7;12;4;11;3;4;0;25;38;0;0;0
44;2;11;9;4;3;1;4;1;55;8;0;1;1
49;1;11;9;0;0;1;4;0;10;38;1;0;0
45;3;7;12;2;9;0;4;1;50;38;0;0;1
24;2;11;9;4;2;3;4;1;40;38;0;0;0
34;2;11;9;0;0;3;4;1;40;38;0;0;0
58;4;11;9;2;11;0;4;1;72;38;0;0;1
39;2;11;9;2;2;0;4;1;45;38;0;0;0
22;2;11;9;4;7;3;4;1;40;38;0;0;0
38;2;9;13;2;9;5;4;0;32;38;0;0;1
32;0;14;15;2;9;0;4;1;50;38;1;0;1
45;5;11;9;0;13;1;4;1;48;38;0;0;0
23;2;11;9;2;6;0;2;1;45;38;0;0;0
35;2;7;12;2;2;0;4;1;45;38;0;0;0
52;2;15;10;2;2;0;4;1;45;38;0;0;1
55;2;15;10;0;2;1;4;1;40;38;0;0;0
23;2;11;9;4;4;3;4;1;40;38;0;0;0
22;2;9;13;2;0;3;0;0;25;38;1;0;0
27;2;11;9;2;0;0;4;1;40;38;0;0;0
24;2;7;12;4;0;3;4;0;15;38;0;0;0
21;2;15;10;4;2;1;4;1;40;38;0;0;0
49;2;9;13;0;11;2;4;0;35;38;0;0;0
32;2;2;8;2;6;0;4;1;40;38;0;0;0
64;2;15;10;6;7;4;4;0;24;38;0;0;0
37;4;11;9;4;4;4;4;1;50;38;0;0;0
61;2;5;4;3;6;1;4;1;40;12;0;0;0
44;2;11;9;2;2;5;4;0;40;38;0;0;1
53;2;11;9;2;2;0;4;1;52;38;0;0;1
43;2;12;14;4;9;1;4;1;50;38;0;0;1
60;5;10;16;2;9;0;4;1;40;38;0;1;1
23;2;15;10;4;11;3;4;0;40;38;0;0;0
25;2;12;14;2;6;1;4;1;40;25;0;0;0
29;2;11;9;4;0;1;4;0;40;38;0;0;0
51;2;9;13;0;9;4;4;0;55;8;0;0;0
47;2;3;2;3;4;1;4;1;12;25;0;0;0
20;2;11;9;4;3;4;4;0;40;38;0;0;0
25;2;1;7;2;13;0;4;1;40;30;1;0;1
27;2;0;6;2;6;0;4;1;40;38;0;0;0
23;2;11;9;4;0;1;4;0;40;38;0;0;0
18;2;11;9;4;7;3;4;0;27;38;0;0;0
23;2;5;4;2;13;0;4;1;32;38;0;0;0
59;4;11;9;0;3;1;4;1;60;38;0;0;0
46;2;11;9;4;0;1;4;0;37;38;0;0;0
46;1;12;14;2;9;0;2;1;38;38;0;0;1
36;1;1;7;4;7;4;4;0;23;38;0;0;0
44;2;11;9;3;6;4;4;0;40;38;0;0;0
17;2;1;7;4;11;3;4;1;20;38;0;0;0
27;2;15;10;4;3;1;4;1;45;38;0;0;0
32;2;15;10;2;11;0;4;1;40;38;0;0;1
53;2;11;9;0;7;1;2;1;40;38;0;0;0
22;2;15;10;4;9;3;4;1;98;38;0;0;0
30;2;7;12;4;9;3;4;0;40;38;0;0;0
47;4;9;13;2;9;0;4;1;30;38;0;1;0
68;4;15;10;2;11;0;4;1;40;38;0;0;1
39;2;11;9;2;11;0;4;1;40;38;0;0;0
22;2;9;13;4;0;3;4;0;40;38;0;0;0
20;2;11;9;4;11;3;4;0;35;38;0;0;0
21;2;11;9;4;5;2;4;1;38;22;0;0;0
30;4;11;9;2;3;0;4;1;75;38;0;0;0
25;2;15;10;4;0;3;4;0;40;38;0;0;0
23;5;11;9;4;7;3;4;0;21;38;0;0;0
40;5;9;13;2;9;2;4;1;40;38;0;0;0
26;0;11;9;4;0;1;1;1;40;38;0;0;0
57;4;8;11;2;2;0;4;1;40;38;0;0;1
36;2;8;11;2;3;0;4;1;60;38;0;0;1
49;5;9;13;0;9;1;4;1;40;38;0;0;0
58;2;11;9;2;2;0;4;1;40;38;0;0;1
32;2;15;10;0;3;1;2;1;40;38;0;0;0
59;2;11;9;2;0;0;4;1;45;38;0;0;1
42;5;9;13;4;0;2;4;0;40;38;0;0;0
37;2;9;13;2;3;0;1;1;40;19;0;0;0
40;2;14;15;2;9;0;4;1;45;38;1;0;1
47;2;11;9;2;13;0;4;1;40;38;0;0;0
56;2;9;13;2;9;0;4;1;45;38;0;0;1
30;2;11;9;4;0;3;4;0;40;38;0;0;0
42;2;11;9;6;3;1;2;0;35;38;0;0;0
21;2;11;9;4;7;3;4;1;40;38;0;0;0
21;2;11;9;3;6;3;4;0;40;5;0;0;0
47;2;11;9;2;12;5;4;0;40;38;0;0;0
22;4;15;10;4;4;3;4;1;20;38;0;0;0
35;2;7;12;4;0;1;4;0;40;38;1;0;1
41;2;1;7;4;5;2;2;0;40;38;0;0;0
43;0;9;13;2;5;0;4;1;53;38;0;0;0
60;2;15;10;2;11;0;4;1;55;38;0;0;0
73;2;5;4;2;11;0;4;1;30;38;0;0;1
90;2;9;13;2;3;5;4;0;40;8;0;0;1
62;0;11;9;2;0;0;4;1;38;38;0;0;0
28;2;11;9;2;2;0;4;1;40;38;0;0;0
45;2;15;10;2;2;0;4;1;40;38;0;0;0
19;2;11;9;4;11;1;4;1;45;38;0;0;0
30;2;11;9;4;2;1;4;1;35;38;0;0;0
19;2;2;8;4;5;3;2;0;52;38;0;0;0
23;2;15;10;4;7;3;2;1;80;38;1;0;0
22;0;9;13;4;9;3;4;1;10;38;0;0;0
19;2;11;9;4;0;3;4;0;28;38;0;0;0
45;0;7;12;0;0;4;1;1;40;29;0;1;0
26;1;11;9;4;7;4;2;0;25;38;0;0;0
42;1;0;6;2;5;0;4;1;40;38;1;0;1
62;4;11;9;2;4;0;4;1;35;38;0;0;0
61;2;0;6;2;11;0;4;1;40;38;0;0;0
34;2;9;13;0;11;1;0;1;60;38;0;1;1
22;1;11;9;4;7;3;4;0;53;38;0;0;0
56;2;12;14;2;9;0;4;1;40;38;0;0;1
32;2;15;10;2;9;0;4;1;40;38;0;0;0
26;2;11;9;0;2;1;4;1;40;38;0;0;0
32;2;11;9;4;11;3;2;0;45;38;0;1;0
58;2;7;12;0;0;1;4;1;40;38;0;1;0
25;4;7;12;2;0;5;4;0;35;38;0;0;1
23;2;15;10;4;0;3;4;0;25;38;0;0;0
23;2;15;10;2;12;0;4;1;40;38;0;0;0
54;2;15;10;2;0;0;4;1;40;38;0;0;0
28;2;15;10;4;3;1;4;0;35;38;0;0;0
35;2;9;13;2;11;0;4;1;40;38;0;0;1
30;2;15;10;2;9;0;4;1;25;38;0;0;1
23;2;2;8;2;2;0;4;1;40;38;0;0;0
42;2;15;10;2;12;0;4;1;50;38;0;0;1
72;2;0;6;6;0;1;4;0;20;38;0;0;0
21;2;11;9;2;6;0;4;1;40;38;0;0;0
37;2;9;13;4;2;1;4;1;40;38;0;0;0
54;2;11;9;0;7;1;4;0;40;38;0;0;0
58;2;12;14;0;0;1;4;0;45;38;0;1;0
32;2;9;13;4;9;3;4;1;40;38;0;0;0
65;2;15;10;6;0;1;4;0;15;38;0;0;0
65;2;0;6;6;11;1;4;0;20;38;0;0;0
33;4;11;9;4;7;1;4;0;35;38;0;0;0
35;2;11;9;4;6;4;4;1;65;38;1;0;0
27;2;15;10;4;0;3;4;0;40;38;0;0;0
34;5;11;9;4;7;3;2;1;42;38;0;0;0
53;4;11;9;2;11;0;4;1;70;38;0;0;0
23;2;0;6;2;2;0;4;1;40;31;0;0;0
43;5;10;16;5;9;4;4;0;40;38;0;0;1
58;2;8;11;2;3;0;4;1;40;38;1;0;0
38;2;0;6;5;0;4;4;1;40;38;0;1;0
26;2;11;9;2;5;0;4;1;50;38;0;0;0
60;2;9;13;2;3;0;4;1;50;38;0;0;1
28;2;11;9;2;6;0;4;1;50;38;0;1;0
33;0;11;9;4;0;3;4;0;30;38;0;0;0
29;1;15;10;2;13;0;4;1;40;38;0;0;0
54;5;10;16;4;3;1;4;0;50;38;0;0;1
41;2;5;4;2;4;0;4;1;36;38;0;0;0
63;4;15;10;0;3;1;4;1;50;38;0;0;0
31;2;11;9;2;0;5;4;0;27;38;0;0;0
23;2;9;13;4;11;3;2;0;25;38;0;0;0
41;2;14;15;2;9;0;4;1;45;38;0;0;1
51;2;11;9;2;13;0;4;1;40;38;0;0;1
59;2;15;10;2;2;0;4;1;40;38;0;0;1
23;2;15;10;4;9;1;4;0;45;38;0;0;0
24;4;15;10;4;3;1;2;1;45;38;0;0;0
67;4;11;9;0;9;1;4;0;20;38;0;0;0
47;1;9;13;2;9;0;4;1;40;38;0;0;1
21;2;11;9;4;2;1;4;1;40;12;0;0;0
38;2;5;4;2;4;0;4;1;40;38;0;0;0
55;2;9;13;0;9;4;4;0;40;38;0;0;0
39;2;12;14;0;9;3;4;0;40;38;1;0;0
24;2;11;9;5;7;4;4;0;50;31;0;0;1
24;2;11;9;2;10;0;1;1;40;36;0;0;0
38;2;15;10;2;11;0;4;1;40;38;1;0;1
19;2;11;9;4;7;3;4;1;24;38;0;0;0
32;2;11;9;2;2;0;4;1;50;38;0;0;0
63;4;15;10;2;3;0;4;1;60;38;0;0;1
18;2;15;10;4;11;1;4;0;30;38;0;0;0
36;2;15;10;2;13;0;4;1;45;38;0;0;0
41;2;9;13;0;13;3;2;1;40;38;1;0;0
57;2;15;10;4;10;1;4;1;40;38;0;0;0
48;2;11;9;2;2;0;4;1;40;38;0;0;0
44;2;11;9;0;11;1;4;0;40;38;0;1;0
25;2;15;10;4;3;3;1;1;40;2;0;0;0
48;2;2;8;2;3;0;4;1;50;38;0;0;0
20;2;15;10;4;11;3;4;0;8;38;0;0;0
74;4;11;9;2;11;0;4;1;55;38;0;0;0
44;2;11;9;4;3;1;4;0;40;38;0;0;0
26;2;15;10;2;6;5;4;0;40;38;0;0;0
54;1;11;9;2;4;0;4;1;40;38;0;0;0
39;2;11;9;2;5;0;4;1;48;38;0;0;1
38;2;15;10;0;0;1;4;0;40;38;1;0;0
18;2;0;6;4;7;2;4;0;40;38;0;0;0
24;2;15;10;4;7;3;4;1;40;38;0;0;0
19;4;6;5;4;9;1;4;1;35;25;0;0;0
28;2;11;9;2;6;0;4;1;40;38;0;0;0
28;2;11;9;5;5;1;3;1;30;38;0;0;0
49;1;11;9;2;2;0;4;1;40;38;0;0;0
50;2;9;13;2;2;0;4;1;40;38;0;0;0
63;2;11;9;6;6;2;2;0;40;13;0;0;0
58;4;11;9;2;4;0;4;1;50;38;0;0;0
68;3;11;9;6;7;4;4;0;15;38;0;0;0
41;0;15;10;2;3;0;2;1;40;38;0;0;1
27;2;15;10;2;9;0;4;1;50;38;1;0;1
24;2;9;13;4;9;1;4;1;40;38;0;0;0
50;2;9;13;0;3;4;4;0;40;38;0;0;0
47;2;15;10;0;7;3;4;0;44;38;0;0;0
54;2;11;9;6;7;4;4;0;40;38;0;0;0
28;2;9;13;4;0;3;1;0;30;38;0;0;0
26;5;12;14;4;9;1;4;0;40;38;0;0;0
35;5;9;13;5;3;1;4;1;42;38;0;0;0
48;2;11;9;2;11;0;4;1;15;38;1;0;0
50;2;7;12;2;11;5;4;0;40;38;1;0;0
39;2;11;9;0;0;1;4;0;40;38;0;0;0
46;2;9;13;4;11;1;4;1;45;38;0;0;1
41;2;15;10;6;0;4;2;0;48;38;0;0;0
24;2;5;4;2;11;0;4;1;40;38;1;0;0
57;2;11;9;0;2;1;4;1;40;38;0;0;0
32;2;11;9;4;5;1;4;1;40;3;0;0;0
41;2;7;12;2;3;0;2;1;50;18;0;0;1
55;2;11;9;2;2;0;4;1;40;38;0;0;1
69;2;5;4;0;6;4;2;0;40;38;1;0;0
22;2;11;9;4;7;1;2;0;40;38;0;0;0
45;2;11;9;2;7;0;4;1;40;38;1;0;0
33;2;11;9;4;0;1;2;1;40;38;0;0;0
57;2;15;10;5;11;1;4;0;40;38;0;0;0
38;4;9;13;2;3;0;1;1;65;38;0;1;1
40;2;11;9;2;2;0;4;1;50;38;0;0;0
48;4;15;10;0;5;3;4;0;40;38;0;0;0
38;1;15;10;3;3;4;2;0;35;38;0;0;0
26;5;9;13;4;9;1;4;0;60;38;0;0;0
24;2;11;9;4;6;3;4;1;40;38;0;0;0
35;2;11;9;3;7;4;2;0;20;38;0;0;0
37;2;15;10;2;2;0;4;1;75;38;1;0;1
42;2;11;9;0;6;1;4;1;40;38;0;0;0
37;2;11;9;2;0;5;4;0;40;38;0;0;1
37;2;11;9;4;3;1;4;0;50;38;0;0;0
22;2;11;9;2;2;0;4;1;40;38;0;0;0
24;2;1;7;4;0;1;4;0;40;10;0;0;0
45;1;15;10;2;0;0;4;1;40;38;0;0;1
29;4;11;9;4;2;1;4;1;50;38;0;0;1
23;2;15;10;4;0;3;2;0;25;38;0;0;0
24;0;9;13;4;3;1;4;1;40;38;0;0;0
25;2;7;12;4;9;3;4;0;40;38;0;0;0
58;2;11;9;0;11;2;4;0;32;38;0;0;0
28;3;8;11;4;11;1;4;1;60;38;0;0;0
58;2;11;9;6;11;1;4;0;35;38;0;0;1
18;2;1;7;4;7;3;4;1;16;38;0;0;0
59;2;5;4;2;10;0;4;1;40;32;0;0;0
39;2;11;9;0;0;4;4;0;40;38;0;0;0
53;3;15;10;2;11;0;4;1;50;38;0;0;1
54;2;14;15;4;9;2;4;0;65;38;0;0;0
51;2;11;9;2;13;0;4;1;50;38;0;0;1
59;2;12;14;2;11;0;4;1;55;38;1;0;1
42;5;11;9;4;10;1;4;1;40;38;0;0;1
36;2;15;10;2;0;5;4;0;40;38;0;0;0
37;2;15;10;4;0;1;4;0;60;38;0;0;0
32;2;15;10;4;5;3;4;1;40;38;0;0;0
38;4;11;9;2;12;0;4;1;50;38;0;0;0
19;2;11;9;5;0;3;4;0;30;38;0;0;0
55;1;9;13;6;9;1;4;0;48;38;0;0;0
30;2;11;9;4;2;1;4;1;40;38;0;0;0
27;2;15;10;2;9;0;4;1;50;38;0;0;1
44;2;9;13;4;3;1;4;0;5;38;0;0;0
32;2;9;13;2;6;0;4;1;50;38;0;0;0
60;2;11;9;3;7;4;4;0;20;38;0;0;0
28;2;11;9;4;6;1;1;1;40;0;0;0;0
44;2;11;9;2;3;0;4;1;40;25;0;0;0
29;2;11;9;4;5;1;4;1;16;38;0;0;0
57;5;11;9;2;2;0;4;1;40;38;0;0;0
41;2;15;10;0;13;1;4;1;60;38;0;0;0
34;4;1;7;2;13;0;4;1;60;38;0;0;0
44;2;15;10;0;3;4;4;0;42;38;0;0;0
44;2;9;13;0;13;1;4;1;40;38;0;0;0
57;2;3;2;2;5;0;4;1;22;38;0;0;0
37;2;9;13;4;9;1;4;1;30;38;0;0;0
35;2;9;13;2;9;0;4;1;16;38;0;0;1
27;2;15;10;4;3;1;4;1;45;38;0;0;0
41;5;15;10;2;0;5;4;0;40;38;1;0;1
37;4;10;16;2;9;0;4;1;60;38;0;0;0
18;2;15;10;4;7;3;4;1;8;38;0;0;0
24;5;5;4;4;12;4;4;0;20;38;0;0;0
53;2;2;8;2;0;5;4;0;40;38;0;0;0
40;2;11;9;0;6;1;4;1;48;38;0;1;0
54;2;15;10;0;6;1;4;1;60;38;0;0;0
22;2;15;10;4;9;1;4;0;40;38;0;0;0
44;2;0;6;3;0;4;2;0;30;38;0;0;0
43;2;15;10;0;3;4;4;0;45;19;0;0;0
58;5;9;13;2;9;5;4;0;20;38;0;0;1
59;1;9;13;2;9;5;4;0;45;38;0;0;1
31;2;9;13;2;3;0;4;1;45;38;0;0;1
35;2;11;9;4;6;3;4;1;40;38;0;0;0
17;2;0;6;4;11;3;4;0;20;38;0;0;0
45;2;15;10;0;9;4;4;0;32;38;0;0;0
40;2;15;10;0;5;1;4;1;40;38;0;0;0
35;2;11;9;2;5;0;4;1;45;38;0;0;0
25;0;9;13;4;12;1;4;1;45;38;0;0;0
58;2;11;9;0;5;1;4;1;40;38;0;0;0
39;2;15;10;0;5;1;4;1;50;38;0;0;1
23;2;11;9;2;3;0;4;1;54;38;0;0;0
32;5;9;13;4;9;1;4;0;40;38;0;0;0
48;2;7;12;2;13;0;4;1;44;38;0;0;0
41;2;9;13;2;5;0;4;1;40;10;0;0;0
43;2;9;13;2;9;0;4;1;50;38;0;0;1
18;2;15;10;4;7;3;4;1;20;38;0;1;0
24;0;9;13;4;1;1;4;1;40;38;0;0;0
58;2;15;10;2;0;5;4;0;32;38;0;0;0
54;2;12;14;2;9;0;4;1;40;38;0;0;1
60;2;5;4;2;2;0;4;1;40;38;0;0;0
28;2;15;10;2;4;0;4;1;40;38;0;0;0
41;2;11;9;2;13;0;4;1;40;38;0;0;1
27;5;15;10;0;0;4;2;1;40;22;0;0;0
30;2;15;10;0;7;3;4;0;20;38;0;0;0
63;1;9;13;0;2;1;2;1;35;27;0;0;0
33;2;11;9;4;11;1;4;1;50;38;1;0;0
34;2;11;9;2;13;0;4;1;45;38;0;0;0
51;2;11;9;2;10;0;4;1;40;38;0;0;0
21;2;0;6;4;7;3;2;1;25;38;0;0;0
50;2;11;9;2;2;0;4;1;40;38;0;0;1
43;2;11;9;2;6;0;4;1;40;38;0;0;0
27;2;11;9;2;2;0;4;1;40;38;1;0;0
19;2;11;9;4;0;3;4;0;40;38;0;0;0
17;2;2;8;4;7;3;4;0;6;38;0;0;0
47;2;7;12;0;13;1;2;1;40;38;0;0;0
25;1;9;13;4;0;2;2;0;40;38;0;0;0
71;2;12;14;4;7;1;4;0;20;38;0;0;0
21;2;11;9;4;6;3;2;0;40;38;0;0;0
48;2;7;12;2;6;0;4;1;40;38;0;0;0
57;2;5;4;6;11;2;4;0;3;38;0;1;0
58;4;15;10;2;4;0;4;1;40;38;0;1;1
34;2;11;9;2;6;2;3;0;20;3;0;0;0
40;0;12;14;4;9;1;4;1;40;38;0;0;0
28;2;11;9;4;7;1;4;1;32;38;0;0;0
42;2;12;14;2;11;0;4;1;40;6;0;0;0
41;2;8;11;0;12;1;4;0;40;38;1;0;0
28;3;11;9;4;0;3;4;0;35;38;0;0;0
40;2;0;6;0;6;1;4;0;35;38;0;0;0
23;2;15;10;4;6;3;1;1;30;38;0;0;0
39;2;12;14;4;11;1;4;1;50;38;0;0;1
39;2;9;13;4;11;1;4;1;50;38;0;1;0
45;2;11;9;4;5;1;4;0;40;38;0;0;0
50;4;15;10;0;11;1;4;0;40;38;0;0;0
33;2;11;9;2;0;0;4;1;40;38;0;0;0
34;2;1;7;2;6;3;4;0;40;38;0;0;0
55;2;11;9;2;13;0;4;1;32;38;0;0;0
62;0;11;9;6;0;4;4;0;40;38;0;0;0
31;2;9;13;2;11;0;4;1;40;38;0;0;0
35;4;6;5;2;2;0;4;1;40;38;0;0;0
30;2;11;9;5;2;1;4;1;40;38;0;0;0
57;3;15;10;2;11;0;4;1;50;38;0;0;1
50;2;11;9;2;3;0;2;1;55;38;0;1;1
51;2;11;9;2;13;0;4;1;50;38;0;0;0
47;2;11;9;2;11;0;4;1;45;38;1;0;1
37;2;9;13;4;9;1;4;1;45;38;0;0;1
58;2;5;4;2;13;0;4;1;40;25;0;0;0
39;2;9;13;0;3;4;4;0;50;38;0;0;1
34;2;15;10;4;6;1;4;1;40;8;0;0;1
45;2;11;9;5;0;4;4;0;38;38;0;0;0
42;2;9;13;2;9;0;4;1;40;38;1;0;1
40;2;8;11;0;12;1;4;1;40;38;1;0;0
39;4;14;15;2;9;0;4;1;50;38;0;1;1
36;2;12;14;2;9;0;4;1;40;38;0;0;1
56;2;11;9;0;0;2;0;0;35;38;0;0;0
37;2;15;10;2;5;0;2;1;40;38;0;0;1
60;1;11;9;2;7;0;4;1;40;38;0;0;0
56;2;11;9;2;2;0;4;1;40;38;0;0;1
51;2;5;4;2;3;0;0;1;47;38;1;0;0
34;2;9;13;4;9;1;4;0;36;38;0;0;0
19;2;11;9;4;4;3;2;1;30;38;0;0;0
37;0;11;9;4;3;4;2;0;40;38;0;0;0
58;2;9;13;2;3;0;4;1;40;38;0;0;1
33;2;1;7;4;0;1;4;0;35;38;0;0;0
39;2;9;13;4;3;1;4;1;40;38;0;0;1
36;2;11;9;4;0;1;4;0;40;38;1;0;0
26;2;9;13;4;9;1;1;0;40;29;0;0;0
22;2;8;11;4;12;3;4;0;36;38;0;0;0
32;2;12;14;4;0;1;4;1;40;38;0;0;0
17;2;1;7;4;11;4;4;1;15;38;0;0;0
68;2;5;4;6;7;4;0;0;20;38;0;0;0
70;2;11;9;2;11;0;4;1;40;38;1;0;0
30;2;11;9;4;4;3;4;1;40;38;0;0;0
19;5;15;10;4;0;2;4;0;15;23;0;0;0
51;2;11;9;2;9;0;4;1;40;38;0;0;0
19;2;15;10;4;0;2;4;1;30;26;0;0;0
47;2;11;9;2;2;0;4;1;40;38;0;0;0
41;2;9;13;2;9;0;4;1;55;38;1;0;1
36;2;15;10;2;6;0;4;1;40;38;0;1;1
30;2;15;10;2;2;0;4;1;40;38;0;0;1
26;2;11;9;2;6;0;4;1;45;38;0;0;0
41;1;9;13;0;9;1;4;1;20;38;0;0;0
25;2;15;10;2;0;0;4;1;45;38;0;0;0
62;2;6;5;2;7;0;4;1;40;38;0;0;0
23;2;12;14;4;9;1;4;1;40;38;0;0;0
25;2;11;9;4;11;3;0;1;40;38;1;0;0
30;2;9;13;4;11;1;4;0;45;38;0;0;0
48;2;11;9;4;5;1;4;1;40;38;0;0;0
20;2;11;9;4;7;2;3;1;40;25;0;0;0
51;2;15;10;2;3;5;4;0;15;38;0;0;1
19;2;15;10;4;5;3;4;1;10;38;0;0;0
31;2;11;9;4;6;1;4;1;40;38;0;0;0
36;2;9;13;2;3;0;4;1;50;38;1;0;1
40;2;11;9;4;11;3;2;1;40;38;0;0;0
30;4;1;7;4;4;3;2;1;40;38;0;0;0
28;4;15;10;4;2;1;4;1;40;38;0;1;0
57;2;6;5;2;2;0;2;1;40;38;0;0;1
18;2;1;7;4;11;3;4;1;15;38;0;0;0
54;2;11;9;2;2;0;4;1;40;38;0;0;1
32;2;11;9;2;6;0;2;1;40;38;0;0;0
52;2;12;14;4;9;1;4;1;40;38;0;0;0
27;2;11;9;5;6;4;4;0;40;38;0;0;0
18;2;15;10;4;7;3;4;1;20;38;0;0;0
37;4;11;9;4;2;1;4;1;35;38;0;0;0
52;2;11;9;2;6;0;2;1;40;38;0;0;1
59;2;6;5;4;7;1;2;1;50;38;0;0;0
27;2;8;11;4;6;1;4;1;40;38;0;0;0
43;0;11;9;2;6;0;4;1;40;38;0;0;0
56;2;15;10;2;2;0;4;1;40;38;0;0;1
44;4;15;10;2;4;0;4;1;72;38;0;0;0
37;2;8;11;4;2;1;4;1;45;38;0;0;0
28;2;8;11;0;3;1;4;1;50;38;1;0;1
48;4;11;9;5;7;2;4;0;25;38;0;0;0
58;4;9;13;2;3;0;4;1;50;38;0;0;0
29;2;11;9;2;2;0;4;1;45;38;0;0;0
37;2;7;12;2;11;0;4;1;40;38;0;0;0
35;3;14;15;2;9;0;4;1;50;38;0;0;1
36;2;8;11;0;2;1;4;1;38;38;0;0;0
52;2;11;9;2;0;0;4;1;48;38;0;0;0
30;2;11;9;0;13;1;4;1;40;38;0;0;0
22;2;6;5;4;2;3;4;1;40;38;0;0;0
55;4;7;12;2;11;0;4;1;60;38;0;0;0
61;2;11;9;2;3;5;4;0;38;38;1;0;1
33;2;11;9;0;5;4;4;1;30;38;0;0;0
46;2;15;10;2;11;0;4;1;50;38;0;0;0
64;2;1;7;6;12;4;4;0;16;38;0;0;0
28;2;0;6;3;2;4;4;1;40;25;0;0;0
19;2;11;9;4;0;1;4;0;42;38;0;0;0
36;2;11;9;5;0;1;4;1;40;3;0;0;0
43;4;9;13;2;2;0;4;1;40;38;0;0;1
56;2;9;13;2;3;0;4;1;42;38;0;0;1
24;1;15;10;4;10;3;4;1;40;38;0;0;0
40;2;11;9;2;11;0;4;1;60;38;0;0;0
45;3;7;12;2;3;0;4;1;50;38;0;0;1
56;1;12;14;6;9;1;4;0;40;38;0;0;0
35;0;9;13;4;9;3;4;0;40;38;0;0;0
36;4;14;15;2;9;0;4;1;60;38;0;0;1
50;4;14;15;2;9;0;4;1;50;38;0;0;1
61;2;5;4;6;7;1;2;0;21;38;0;0;0
31;2;8;11;4;13;3;4;1;60;38;0;1;0
63;2;15;10;2;9;0;4;1;40;38;0;0;0
41;2;8;11;2;3;0;4;1;40;38;0;0;0
48;2;11;9;2;6;0;4;1;40;38;0;0;0
45;2;11;9;0;11;1;4;0;35;38;0;0;0
24;2;11;9;2;6;0;4;1;40;38;0;0;0
34;2;15;10;0;9;1;2;1;40;10;0;0;1
27;2;9;13;4;11;1;4;0;40;38;0;0;0
26;2;8;11;4;2;3;4;1;48;38;0;0;0
27;2;11;9;4;5;3;4;1;40;38;0;0;0
55;2;8;11;2;3;0;4;1;40;38;0;0;0
38;2;11;9;2;3;0;4;1;40;38;0;0;1
31;2;11;9;2;0;5;4;0;40;38;0;0;1
51;4;7;12;2;11;0;4;1;40;38;0;0;1
56;2;2;8;2;9;0;4;1;40;38;0;0;1
39;2;7;12;2;6;0;4;1;40;38;0;0;0
50;2;15;10;2;2;0;4;1;40;38;0;0;1
34;1;9;13;2;9;0;4;1;40;38;0;1;0
44;2;11;9;0;11;1;4;1;50;38;1;0;0
21;2;11;9;4;10;3;4;1;40;38;0;0;0
37;2;15;10;2;6;0;4;1;70;38;0;0;0
18;2;2;8;4;0;1;4;0;30;38;0;0;0
38;2;11;9;2;6;0;4;1;65;38;0;0;1
19;2;11;9;4;0;3;4;1;12;38;0;0;0
46;2;11;9;2;2;0;4;1;40;38;0;0;0
19;2;15;10;4;11;3;4;0;25;38;0;0;0
22;2;15;10;4;11;3;4;0;20;25;0;0;0
38;2;11;9;2;2;0;4;1;50;38;0;0;0
33;2;12;14;0;3;3;4;0;50;38;1;0;1
83;4;11;9;6;3;1;4;1;8;38;0;0;0
34;2;15;10;2;12;0;4;1;40;38;0;0;1
38;2;11;9;2;2;0;4;1;40;38;0;0;0
33;2;15;10;6;0;4;4;0;40;38;0;0;0
27;2;11;9;2;0;5;2;0;40;38;0;1;1
38;2;11;9;2;2;0;4;1;60;38;0;0;0
25;2;15;10;4;7;1;4;1;25;38;0;0;0
38;2;11;9;2;12;0;4;1;40;38;0;0;0
52;2;9;13;2;3;0;4;1;48;38;0;0;1
33;5;12;14;4;9;1;4;1;50;38;0;0;0
17;2;1;7;4;7;3;4;0;20;38;0;0;0
28;2;9;13;4;3;1;4;0;60;38;1;0;0
52;1;11;9;0;0;4;2;0;40;38;0;0;0
34;2;11;9;5;5;1;4;1;40;38;1;0;0
25;2;9;13;4;9;3;4;0;15;38;0;0;0
17;2;6;5;4;7;3;2;1;26;38;0;0;0
22;2;11;9;4;7;3;2;1;80;38;0;0;0
22;2;11;9;4;5;1;2;1;40;38;0;0;0
46;2;15;10;2;11;0;4;1;40;38;0;1;1
58;2;11;9;0;6;1;2;0;40;38;0;0;0
39;2;15;10;0;11;2;4;0;35;38;0;0;0
59;1;15;10;6;7;1;4;0;40;30;0;0;0
61;2;11;9;2;0;0;4;1;40;38;0;0;0
32;2;8;11;2;2;0;4;1;45;38;0;0;0
50;2;9;13;2;3;0;1;1;40;29;0;0;1
51;2;11;9;2;2;0;4;1;40;38;0;0;0
20;2;15;10;4;2;3;4;1;40;38;0;0;0
38;1;9;13;2;3;0;2;1;40;38;0;0;0
44;0;8;11;2;2;0;2;1;40;38;0;0;1
28;2;8;11;4;11;1;4;1;50;38;0;0;0
50;2;12;14;2;9;5;4;0;40;38;0;0;0
53;2;10;16;0;9;1;4;1;50;38;0;0;0
42;4;9;13;2;11;0;4;1;45;38;0;0;0
47;2;12;14;2;9;0;1;1;45;18;0;0;0
39;2;11;9;2;0;5;4;0;40;38;0;0;1
38;4;11;9;4;4;1;4;1;60;38;0;0;0
34;5;9;13;4;9;3;4;1;50;38;0;0;0
40;2;15;10;2;9;5;4;0;40;38;0;0;0
63;2;15;10;6;11;1;4;0;20;38;0;0;0
53;2;15;10;2;3;5;4;0;40;38;0;0;1
43;2;8;11;0;9;1;4;1;48;38;0;0;0
28;2;15;10;4;3;1;4;1;60;38;0;1;0
68;2;11;9;6;3;1;4;0;10;38;0;0;1
46;5;9;13;2;9;0;4;1;38;38;0;0;0
57;2;11;9;4;0;2;4;0;40;38;0;0;0
38;2;11;9;0;0;1;4;0;35;38;0;0;0
66;2;12;14;2;11;0;4;1;40;38;0;0;0
29;2;7;12;4;11;3;4;0;40;38;0;0;0
54;2;9;13;2;11;0;4;1;50;38;1;0;1
38;2;11;9;4;9;1;4;1;40;38;0;0;0
35;2;1;7;5;8;4;4;0;8;25;0;0;0
30;2;9;13;4;9;3;4;0;37;38;0;0;0
39;2;11;9;4;0;4;2;0;40;38;0;0;0
31;2;12;14;4;9;1;2;1;40;38;0;0;0
50;2;11;9;2;6;0;4;1;50;38;0;0;0
30;4;11;9;2;2;0;4;1;60;38;0;0;0
25;2;9;13;4;11;3;4;0;40;38;0;0;0
24;2;9;13;4;8;1;4;0;40;9;0;0;0
59;1;11;9;5;10;2;2;0;40;38;0;1;0
45;2;9;13;2;0;0;4;1;15;38;0;0;0
64;2;4;3;5;7;2;4;0;20;4;0;0;0
61;2;2;8;2;7;5;4;0;40;38;0;0;0
42;2;8;11;0;12;4;4;0;40;38;0;0;0
28;2;4;3;2;6;0;4;1;40;25;0;0;0
53;2;11;9;0;5;1;4;1;40;38;0;0;0
33;4;1;7;0;5;1;4;1;7;38;0;0;0
34;1;12;14;2;9;0;2;1;40;38;0;0;0
41;2;15;10;2;7;0;4;1;48;38;0;0;0
67;2;15;10;2;5;0;4;1;24;4;1;0;1
46;2;7;12;6;9;4;4;0;27;38;0;0;0
32;2;11;9;2;11;5;4;0;40;38;0;0;0
41;2;11;9;2;13;0;4;1;40;38;0;0;0
30;2;9;13;2;9;0;3;1;40;38;0;0;0
54;4;9;13;0;3;1;4;1;50;38;0;0;0
33;2;11;9;0;7;4;2;1;40;38;0;0;0
34;2;9;13;4;3;1;4;0;40;38;0;0;0
45;2;15;10;0;0;1;4;0;48;38;0;0;0
21;2;11;9;4;7;3;4;1;40;38;0;0;0
25;2;9;13;2;9;0;4;1;40;38;0;0;0
38;2;11;9;2;2;0;4;1;41;38;0;0;0
17;2;1;7;4;2;3;4;0;15;38;0;0;0
35;2;11;9;0;11;1;4;0;30;38;0;0;0
38;2;9;13;2;2;0;4;1;40;38;0;0;0
48;1;7;12;2;10;0;4;1;56;38;0;0;1
25;2;11;9;4;7;1;2;1;40;23;0;0;0
57;2;12;14;4;3;1;4;1;40;4;0;0;0
32;2;9;13;0;3;1;4;0;50;38;0;0;1
39;1;9;13;5;9;1;2;1;30;38;0;0;0
23;2;9;13;4;0;3;4;0;35;38;0;0;0
21;2;11;9;4;5;4;4;1;45;38;0;0;0
47;2;11;9;0;0;4;4;0;48;38;0;0;0
25;2;5;4;4;6;2;4;0;40;5;0;0;0
41;0;15;10;3;0;1;2;1;40;38;1;0;0
19;2;11;9;4;7;3;4;0;15;38;0;0;0
24;2;11;9;4;2;1;4;1;42;38;0;0;0
57;2;9;13;2;3;0;4;1;50;38;1;0;1
32;2;11;9;2;13;0;4;1;40;38;0;0;0
28;4;8;11;2;2;0;4;1;45;38;0;0;0
40;2;9;13;2;3;0;4;1;75;38;0;0;1
21;5;15;10;4;9;3;4;1;20;38;0;0;0
45;4;9;13;2;11;0;4;1;40;38;0;0;1
55;2;0;6;2;13;0;4;1;50;38;0;0;0
42;2;15;10;2;0;0;2;1;40;38;0;0;0
49;2;11;9;2;0;0;4;1;38;38;0;0;0
38;2;11;9;2;5;0;4;1;40;38;0;0;0
50;2;9;13;4;3;1;4;1;40;38;0;0;0
47;2;11;9;2;6;0;4;1;48;38;0;0;1
39;2;9;13;2;11;0;4;1;40;1;0;0;1
42;2;11;9;2;13;0;4;1;30;38;0;0;0
32;2;11;9;0;2;2;2;0;50;38;0;0;0
44;0;7;12;0;3;1;4;0;40;38;1;0;0
50;3;14;15;2;9;0;4;1;80;38;1;0;1
55;2;11;9;0;0;4;0;0;45;38;0;0;0
37;2;11;9;4;6;3;4;1;40;38;0;0;0
59;2;11;9;0;0;1;4;0;40;38;0;0;0
56;2;1;7;2;13;0;4;1;40;38;0;0;0
33;4;2;8;4;2;1;2;1;32;38;0;0;0
35;2;9;13;2;12;0;4;1;40;38;0;0;1
44;2;11;9;4;7;4;4;1;40;38;0;0;0
57;5;11;9;2;3;0;4;1;40;38;0;0;1
31;2;15;10;4;3;1;2;0;40;38;0;0;0
18;2;1;7;4;11;1;4;0;15;38;0;0;0
43;2;11;9;2;2;0;4;1;70;38;0;0;0
33;2;11;9;2;2;0;3;1;40;38;0;0;0
18;2;15;10;4;0;3;4;1;25;38;0;0;0
47;2;9;13;4;0;3;4;1;40;38;0;0;0
53;2;11;9;0;7;4;4;0;40;38;0;0;0
59;4;8;11;4;3;1;4;1;35;38;0;0;1
49;2;0;6;2;3;0;4;1;40;38;0;0;0
26;2;7;12;4;2;1;4;1;40;38;0;0;0
25;2;11;9;4;5;1;4;1;60;8;0;0;0
36;5;12;14;4;9;3;4;0;30;38;0;0;0
29;2;11;9;4;3;1;4;0;45;38;0;0;0
52;2;0;6;0;7;2;4;0;25;38;0;0;0
50;4;9;13;2;11;0;4;1;50;38;0;0;0
22;2;9;13;4;3;3;1;0;40;38;0;0;0
44;4;12;14;0;3;4;4;0;40;38;0;0;0
32;2;8;11;2;5;0;4;1;40;38;0;0;1
49;2;11;9;0;0;4;4;0;38;38;0;0;0
31;2;3;2;2;4;0;4;1;45;25;0;0;0
33;2;11;9;2;7;0;4;1;40;38;0;0;0
50;2;11;9;2;11;5;4;0;15;38;0;0;0
26;2;15;10;4;0;1;4;0;40;38;0;1;0
55;2;9;13;2;9;0;4;1;40;38;1;0;1
49;0;11;9;6;3;1;4;0;20;38;0;0;0
22;2;11;9;2;11;5;4;0;40;38;0;0;0
43;2;9;13;2;3;0;4;1;38;38;0;0;1
58;2;15;10;2;9;0;4;1;42;38;0;0;0
48;5;12;14;2;9;0;4;1;40;38;1;0;1
21;2;1;7;4;7;3;4;1;50;38;0;0;0
67;1;5;4;6;7;1;4;0;20;38;0;0;0
39;4;1;7;2;13;0;4;1;40;38;0;0;0
52;0;8;11;0;4;1;4;0;40;38;0;0;0
25;2;9;13;4;9;1;4;1;40;38;0;0;0
27;4;15;10;4;3;1;4;1;60;38;0;0;1
18;2;1;7;4;11;3;4;0;20;38;0;0;0
41;1;11;9;2;13;0;2;1;40;38;0;0;1
59;2;10;16;4;9;1;4;1;50;38;0;0;0
23;2;7;12;4;7;3;2;1;44;38;0;0;0
42;2;11;9;0;7;3;4;0;15;38;0;0;0
54;4;14;15;2;9;0;4;1;30;38;0;0;1
39;2;11;9;4;2;1;4;1;60;38;0;0;0
57;1;6;5;2;7;0;4;1;40;38;0;0;0
51;2;0;6;0;7;4;4;0;25;38;0;0;0
31;4;5;4;2;2;0;4;1;40;38;0;0;0
24;2;15;10;3;0;3;2;0;45;38;0;0;0
35;2;15;10;4;2;3;4;1;40;38;0;0;0
26;2;9;13;4;3;1;4;0;40;38;0;0;0
42;3;10;16;2;9;0;4;1;45;38;0;0;1
31;2;11;9;2;2;0;4;1;45;38;0;0;0
46;2;9;13;2;13;0;4;1;40;38;0;0;1
38;5;9;13;2;3;0;4;1;37;38;0;0;0
51;2;9;13;2;4;0;4;1;40;1;0;0;0
27;2;11;9;2;6;0;4;1;40;38;0;0;0
22;2;15;10;2;13;0;4;1;48;38;0;0;1
25;2;9;13;4;5;3;4;1;40;38;0;0;0
58;4;9;13;2;3;0;4;1;70;38;0;0;1
23;2;15;10;4;9;1;4;1;45;38;0;0;0
63;2;4;3;6;7;2;1;0;19;29;0;0;0
23;2;6;5;5;7;1;4;1;40;38;0;0;0
51;2;12;14;2;11;0;4;1;50;38;1;0;1
75;2;13;1;4;8;1;1;0;48;29;0;0;0
52;2;15;10;0;11;4;4;0;50;38;0;0;0
69;2;11;9;2;11;0;4;1;10;38;0;0;0
40;0;11;9;4;0;4;2;0;40;38;0;0;0
34;2;10;16;2;9;0;4;1;50;38;0;0;1
21;5;15;10;4;9;1;4;0;8;38;0;0;0
30;2;9;13;4;9;2;4;0;40;38;0;0;0
46;2;4;3;2;13;0;0;1;40;38;0;1;0
21;2;15;10;4;0;3;4;0;16;38;0;0;0
44;2;11;9;2;6;0;4;1;40;38;0;0;0
51;5;11;9;2;0;5;4;0;40;38;1;0;0
40;2;11;9;0;0;1;4;0;32;38;0;0;0
33;5;11;9;2;10;0;4;1;37;38;0;0;0
22;4;11;9;2;2;0;4;1;60;38;0;0;0
23;2;11;9;2;3;0;4;1;30;38;0;0;0
75;4;15;10;3;2;1;4;1;30;38;0;0;0
55;2;1;7;6;5;4;4;0;40;38;0;0;0
45;2;15;10;0;2;1;4;1;56;38;1;0;1
31;2;11;9;4;7;3;4;1;24;38;0;0;0
49;2;11;9;2;0;0;4;1;40;38;0;0;1
26;1;9;13;4;9;1;4;0;40;38;0;0;0
61;2;12;14;2;11;0;4;1;50;38;1;0;0
44;2;12;14;2;0;0;4;1;50;38;1;0;0
28;1;15;10;4;0;4;2;0;40;38;0;0;0
51;2;11;9;0;7;2;2;0;30;38;0;0;0
44;3;10;16;2;9;0;4;1;60;38;0;0;0
24;2;9;13;4;3;1;4;1;40;38;0;0;0
46;3;15;10;2;3;0;4;1;40;38;0;0;1
36;2;11;9;6;7;4;1;0;20;38;0;0;0
23;2;2;8;4;7;1;4;0;38;38;0;0;0
25;2;5;4;2;5;0;4;1;40;25;0;0;0
48;2;15;10;2;11;0;2;1;8;38;0;0;0
18;2;1;7;4;7;2;2;0;24;38;0;0;0
25;2;11;9;4;2;2;4;1;40;38;0;0;0
19;2;11;9;4;13;3;4;1;45;38;1;0;0
33;2;11;9;4;0;3;4;1;35;38;0;0;0
42;2;11;9;0;7;4;4;0;40;38;0;0;0
22;2;15;10;4;0;3;4;0;40;38;0;0;0
36;2;9;13;2;9;0;4;1;40;38;0;0;1
33;2;11;9;4;5;3;4;1;40;38;0;0;0
34;4;11;9;2;3;0;4;1;70;38;0;0;0
33;2;12;14;2;9;0;4;1;45;38;0;0;0
62;4;14;15;2;9;0;4;1;15;38;0;0;1
30;2;15;10;4;3;3;2;0;40;38;0;0;0
22;2;15;10;4;0;3;4;0;40;38;0;0;0
34;2;8;11;0;2;1;4;1;40;38;0;0;0
43;2;11;9;6;6;4;4;0;60;38;0;0;0
25;2;9;13;4;2;3;4;1;40;38;0;0;0
35;2;11;9;6;7;3;4;0;40;38;0;0;0
28;2;7;12;4;7;1;2;0;40;38;0;0;0
28;2;15;10;0;11;4;4;0;45;38;0;0;0
25;2;11;9;4;5;4;2;0;25;38;0;0;0
40;2;11;9;2;2;0;4;1;40;38;0;0;1
35;2;6;5;2;2;0;3;1;40;25;0;0;0
48;4;5;4;4;4;1;4;1;50;38;0;0;0
63;4;11;9;2;2;0;4;1;20;38;1;0;0
31;2;9;13;2;0;5;4;0;40;38;0;0;1
36;2;7;12;2;2;0;4;1;45;38;0;0;0
39;2;15;10;2;6;0;4;1;40;38;0;0;0
24;2;11;9;4;7;3;2;0;40;38;0;0;0
32;1;9;13;4;9;1;4;1;35;38;0;0;0
46;2;13;1;2;6;5;4;0;40;25;0;0;0
19;2;11;9;4;11;3;4;1;35;38;0;0;0
30;2;15;10;4;12;1;1;1;40;38;0;0;0
35;2;8;11;4;2;1;4;1;40;38;0;0;0
33;2;11;9;2;13;0;4;1;55;38;0;0;0
25;2;11;9;5;2;1;4;1;40;38;0;0;0
64;1;11;9;2;7;0;1;1;35;38;0;0;1
18;2;11;9;4;7;3;1;0;20;38;0;0;0
59;2;1;7;2;2;0;4;1;40;38;0;0;0
45;5;11;9;0;10;4;2;0;40;38;0;0;0
30;2;10;16;4;9;1;4;0;15;38;0;0;0
24;2;4;3;4;6;2;4;0;40;25;0;0;0
22;2;11;9;4;7;4;4;0;35;38;0;0;0
49;3;15;10;2;2;0;1;1;56;38;0;0;1
35;2;2;8;2;6;0;4;1;40;38;0;0;0
48;1;12;14;4;9;4;4;0;40;38;0;1;0
18;2;2;8;4;11;3;4;0;20;38;0;0;0
35;2;15;10;2;5;0;4;1;40;38;0;0;0
27;2;11;9;4;3;3;4;1;40;38;0;0;0
28;2;9;13;4;2;1;2;1;60;38;0;0;0
26;2;15;10;4;7;3;2;0;50;38;0;0;0
44;2;9;13;2;9;0;4;1;40;38;0;1;1
39;2;11;9;5;6;1;2;1;40;38;0;0;0
40;5;9;13;0;2;1;4;1;40;38;0;0;0
70;4;9;13;2;9;0;4;1;35;38;1;0;1
34;2;12;14;4;3;4;4;0;50;38;0;0;0
34;2;7;12;0;0;1;2;1;40;38;0;0;0
66;2;15;10;2;3;0;4;1;50;38;0;0;0
40;2;11;9;5;13;4;2;1;40;38;0;0;0
61;4;11;9;2;3;0;4;1;40;38;0;1;1
59;4;5;4;2;2;0;4;1;40;38;0;0;0
47;2;11;9;2;6;0;4;1;40;38;0;0;1
33;5;9;13;2;9;0;4;1;60;38;0;0;1
18;2;1;7;4;7;2;4;1;20;38;0;0;0
25;2;6;5;4;2;4;4;1;40;38;1;0;0
22;2;15;10;4;0;1;4;1;20;38;0;0;0
40;1;9;13;2;10;0;2;1;40;38;0;0;1
30;2;7;12;0;0;3;4;0;40;38;0;1;0
73;4;5;4;2;4;0;4;1;99;38;1;0;1
45;4;5;4;2;2;0;4;1;10;38;0;0;0
23;2;1;7;4;0;4;2;1;35;38;0;0;0
40;2;9;13;2;11;0;4;1;45;38;0;0;1
39;2;9;13;2;3;0;4;1;40;38;0;1;1
23;2;15;10;2;5;0;4;1;40;38;0;0;0
51;2;11;9;0;2;3;2;1;40;38;0;0;0
53;2;11;9;2;4;0;4;1;45;38;0;0;0
24;2;9;13;4;12;1;4;1;35;38;0;0;0
53;2;9;13;0;3;4;4;1;40;38;0;0;0
49;4;10;16;2;9;0;4;1;60;38;0;0;0
34;2;11;9;2;2;0;4;1;40;38;0;0;0
37;4;11;9;2;2;0;4;1;47;38;0;0;0
40;5;8;11;2;2;0;4;1;40;38;0;0;0
23;5;15;10;4;9;3;4;0;6;38;0;0;0
36;2;12;14;4;0;1;4;1;50;38;1;0;1
35;2;9;13;4;12;1;1;0;40;38;1;0;0
53;0;9;13;0;3;4;2;0;50;38;0;0;1
42;1;15;10;0;13;1;4;1;65;38;0;0;1
32;2;12;14;2;3;5;4;0;40;38;0;0;0
33;2;11;9;0;0;3;3;0;65;38;0;0;0
59;2;11;9;4;2;1;2;1;60;38;0;0;0
36;2;15;10;2;6;0;4;1;44;38;0;0;0
37;4;14;15;2;9;0;4;1;40;4;0;0;1
31;2;15;10;4;11;1;4;1;45;38;0;0;0
46;2;9;13;2;10;0;4;1;40;38;0;0;0
44;5;9;13;4;9;1;1;0;38;38;0;0;0
27;2;9;13;2;3;0;4;1;60;38;0;1;1
29;4;11;9;4;4;1;4;1;40;38;0;0;0
39;2;15;10;2;3;0;4;1;40;38;0;0;0
62;4;11;9;2;4;0;4;1;65;38;0;0;0
42;2;11;9;4;3;4;2;0;25;38;0;0;0
60;1;12;14;2;9;0;4;1;48;38;0;0;1
35;2;9;13;4;3;1;4;0;40;38;0;0;0
39;2;15;10;4;6;1;4;1;40;38;0;0;0
34;3;7;12;2;0;5;4;0;36;38;0;0;0
22;2;15;10;4;0;2;2;1;22;38;0;0;0
44;2;8;11;2;2;0;4;1;40;38;0;0;1
44;5;11;9;0;0;1;4;0;40;38;0;0;0
49;1;9;13;0;3;4;4;0;40;38;0;1;0
21;2;11;9;4;6;1;4;1;50;38;0;0;0
52;2;1;7;5;5;4;4;1;40;38;0;0;0
39;1;9;13;2;9;0;4;1;40;38;0;1;1
23;2;9;13;4;9;3;4;1;40;38;0;0;0
54;2;11;9;2;2;0;4;1;49;38;0;0;0
31;2;11;9;0;7;1;4;0;25;38;0;0;0
30;5;12;14;4;0;1;2;0;20;38;0;0;0
21;2;15;10;4;11;3;4;1;40;38;0;0;0
38;1;9;13;2;10;0;1;1;40;29;0;0;1
51;2;15;10;2;13;0;4;1;40;38;0;0;1
34;4;10;16;2;9;0;4;1;50;38;0;0;1
22;2;9;13;4;3;4;4;0;30;38;0;0;0
26;2;9;13;4;3;1;4;1;55;38;0;1;0
26;2;15;10;4;7;1;4;0;35;38;0;0;0
41;2;15;10;2;2;0;4;1;40;38;0;0;1
35;2;9;13;2;11;0;4;1;40;38;0;0;1
27;1;15;10;4;13;3;4;1;40;38;0;0;0
65;2;15;10;2;10;0;4;1;40;38;0;0;0
31;2;1;7;2;4;0;4;1;65;25;0;0;0
45;3;14;15;2;9;0;4;1;35;38;0;0;1
37;4;7;12;2;13;0;4;1;50;38;0;0;1
47;2;11;9;2;13;0;4;1;45;38;0;1;1
47;3;7;12;2;3;0;4;1;50;38;0;0;1
33;2;11;9;2;9;0;4;1;40;38;0;0;0
40;2;0;6;2;2;0;2;1;40;38;0;0;0
38;2;15;10;2;2;0;1;1;40;29;0;0;1
21;2;15;10;4;11;1;4;1;40;38;0;0;0
40;2;11;9;2;0;0;4;1;40;25;0;0;0
33;2;11;9;0;13;1;2;1;55;38;0;0;0
29;2;15;10;4;12;1;4;1;52;38;0;0;0
41;2;15;10;5;13;1;4;1;35;38;0;0;0
20;5;15;10;4;3;3;4;1;54;38;0;0;0
34;4;0;6;2;4;0;4;1;40;38;0;0;0
78;3;9;13;2;3;0;4;1;45;38;1;0;1
46;2;11;9;2;2;0;4;1;40;38;0;0;1
40;2;8;11;2;9;0;4;1;40;38;0;0;1
59;2;15;10;2;3;0;4;1;40;38;0;0;1
23;2;11;9;4;5;1;4;1;40;38;0;0;0
23;2;15;10;4;0;3;4;1;24;38;0;0;0
47;4;15;10;2;2;0;4;1;30;38;0;0;0
31;1;9;13;2;7;0;4;1;38;38;0;0;1
42;4;15;10;2;5;0;4;1;56;38;0;0;1
46;1;11;9;0;9;1;4;0;40;38;0;0;0
29;2;11;9;0;6;1;4;1;44;38;0;0;0
21;2;11;9;2;0;0;4;1;40;38;0;0;0
55;2;11;9;2;2;0;4;1;40;38;0;0;1
38;2;8;11;4;12;3;4;0;40;38;0;0;0
44;5;12;14;2;3;0;4;1;40;38;0;0;0
61;4;15;10;0;3;1;4;1;50;38;0;0;1
38;5;9;13;4;3;3;4;1;40;38;0;0;0
50;3;9;13;2;9;0;4;1;45;21;0;0;1
53;2;12;14;2;9;0;4;1;40;38;0;0;1
37;2;11;9;2;6;0;2;1;36;38;0;0;1
49;2;12;14;2;3;0;4;1;45;38;0;0;1
30;2;15;10;2;6;0;4;1;40;38;0;0;1
19;2;8;11;4;9;3;4;0;40;38;0;0;0
59;4;11;9;0;9;1;4;1;20;8;0;0;0
43;2;9;13;2;3;0;4;1;40;38;0;0;0
29;1;9;13;2;9;0;4;1;60;38;0;0;0
49;2;14;15;2;9;0;4;1;45;38;0;0;0
36;2;11;9;0;13;1;4;1;50;38;0;0;0
26;2;1;7;4;7;3;2;1;32;38;1;0;0
18;2;15;10;4;11;1;4;0;20;38;0;0;0
60;2;15;10;6;11;1;4;0;15;38;0;0;0
43;2;11;9;0;0;4;4;0;40;38;0;0;0
42;2;11;9;4;7;3;4;0;40;38;0;0;0
41;2;11;9;0;11;1;4;1;50;38;0;0;0
55;4;12;14;2;9;0;4;1;40;38;0;1;1
31;2;9;13;4;0;3;4;0;40;38;0;0;0
20;2;15;10;4;5;3;4;1;40;38;0;0;0
37;2;12;14;2;3;0;4;1;40;38;0;0;1
51;4;15;10;2;2;0;4;1;55;38;0;0;0
28;2;15;10;2;11;0;4;1;55;38;0;1;1
24;2;8;11;4;11;1;4;0;40;38;0;0;0
21;5;15;10;4;0;3;4;0;30;38;0;0;0
21;2;11;9;4;11;1;4;1;50;38;0;0;0
35;2;11;9;0;0;1;4;0;45;38;0;0;0
30;2;15;10;2;2;1;4;1;40;25;0;0;0
44;4;11;9;2;2;0;4;1;30;38;0;0;0
45;2;9;13;2;2;0;1;1;40;23;0;0;1
42;2;0;6;2;3;0;4;1;40;38;0;0;0
32;2;9;13;0;3;1;4;0;40;38;0;0;0
33;2;11;9;4;5;1;4;1;40;38;0;0;0
27;2;6;5;2;2;0;4;1;32;38;0;0;0
17;2;0;6;4;7;3;4;0;15;38;0;0;0
45;1;11;9;4;0;4;4;0;40;38;0;0;0
41;2;9;13;2;9;0;4;1;40;38;0;0;0
19;2;15;10;4;6;1;4;0;35;38;0;0;0
45;2;8;11;0;7;1;4;0;8;38;0;0;0
41;3;10;16;2;9;0;4;1;70;38;1;0;1
34;1;11;9;2;7;5;4;0;35;38;0;1;0
33;2;9;13;4;0;1;4;1;60;38;0;0;1
51;2;9;13;0;11;1;4;0;60;38;0;0;0
33;2;11;9;0;5;3;4;1;20;38;0;0;0
23;2;15;10;4;5;2;4;0;18;38;0;0;0
52;2;9;13;3;9;1;4;1;30;38;0;0;1
25;2;11;9;4;0;4;2;0;40;38;0;0;0
64;4;6;5;5;13;1;4;1;45;38;0;0;0
42;2;12;14;2;9;0;4;1;40;38;1;0;1
29;2;11;9;4;13;3;4;1;40;38;0;0;0
26;1;9;13;4;9;1;4;0;38;38;0;0;0
24;2;0;6;4;7;2;4;1;30;25;0;0;0
43;0;15;10;2;3;0;4;1;40;38;0;0;1
38;2;0;6;2;2;0;4;1;40;38;1;0;1
28;2;9;13;2;11;0;4;1;45;38;0;0;1
44;2;8;11;2;2;0;2;1;40;38;0;0;0
55;2;11;9;2;3;0;4;1;40;38;0;0;1
52;2;1;7;6;7;4;2;0;40;38;0;0;0
31;2;9;13;2;9;0;4;1;40;38;0;0;1
35;2;11;9;0;0;4;4;0;40;38;0;0;0
39;2;11;9;4;6;4;2;0;36;38;0;0;0
27;2;11;9;4;13;3;4;1;40;38;0;0;0
23;5;15;10;4;0;1;4;1;15;38;0;0;0
26;2;1;7;5;2;2;4;1;50;38;1;0;0
33;2;8;11;4;7;1;4;1;40;4;0;0;0
39;2;15;10;4;2;4;4;0;40;38;0;0;0
44;2;11;9;0;13;1;4;1;40;38;0;0;0
38;2;11;9;0;3;4;4;0;40;38;0;0;0
18;2;2;8;4;7;3;4;1;15;38;0;0;0
54;2;11;9;6;7;1;4;0;15;38;0;0;0
45;2;11;9;4;0;3;2;0;40;38;0;0;0
43;2;12;14;2;3;0;1;1;40;18;0;0;1
23;1;9;13;4;9;3;4;0;40;38;0;0;0
37;2;15;10;4;3;1;4;1;40;38;1;0;0
33;4;1;7;2;2;0;4;1;50;38;0;0;0
45;2;9;13;2;13;0;4;1;50;38;0;0;1
32;3;9;13;4;3;1;4;1;55;38;0;0;0
47;2;5;4;2;2;0;4;1;40;38;0;0;0
44;2;7;12;2;9;0;4;1;40;38;0;0;1
22;2;11;9;4;6;3;4;1;40;38;0;0;0
17;2;1;7;4;11;3;4;1;30;38;0;0;0
64;3;10;16;2;3;0;4;1;60;38;0;1;1
30;1;9;13;2;10;0;4;1;45;38;0;0;1
51;2;9;13;2;9;0;4;1;70;38;0;0;1
26;5;11;9;4;10;1;4;1;40;38;0;0;0
31;2;15;10;4;11;1;4;0;40;38;0;1;0
50;2;1;7;2;2;0;4;1;40;38;0;0;0
63;2;11;9;4;3;3;4;0;40;38;0;0;0
48;2;8;11;2;3;0;4;1;43;38;0;0;1
37;3;9;13;2;11;0;4;1;50;38;0;1;1
29;2;11;9;4;3;1;4;0;38;38;0;0;0
69;2;12;14;2;9;0;4;1;25;38;0;0;0
56;2;11;9;2;13;0;4;1;60;38;0;0;0
39;1;12;14;2;9;0;4;1;40;38;1;0;1
42;4;11;9;5;7;1;4;0;22;38;0;0;0
41;0;11;9;2;12;0;4;1;40;38;0;0;1
45;2;11;9;2;6;0;4;1;40;38;0;1;1
23;2;15;10;4;0;3;4;1;40;38;0;0;0
29;2;9;13;4;9;1;4;1;50;38;0;0;1
34;2;15;10;2;2;0;4;1;50;38;0;0;0
46;1;9;13;2;9;5;4;0;40;38;0;0;1
46;6;11;9;2;6;5;4;0;25;38;0;0;0
33;2;4;3;5;7;4;4;0;40;25;0;0;0
46;2;8;11;2;0;0;4;1;40;38;0;0;0
26;2;11;9;4;7;3;2;0;40;38;0;0;0
49;1;9;13;0;9;4;4;0;50;9;0;0;0
55;5;11;9;2;12;5;4;0;40;38;0;1;1
35;2;11;9;2;6;0;4;1;40;38;0;0;0
27;2;15;10;0;0;4;4;0;40;38;0;0;0
31;2;11;9;4;3;3;4;0;40;38;0;0;0
47;2;15;10;5;0;4;4;0;16;10;0;0;0
48;4;11;9;2;2;0;4;1;40;38;0;0;1
27;2;15;10;4;0;1;4;0;56;38;0;0;0
38;2;11;9;0;0;1;4;0;40;38;0;0;0
27;2;11;9;2;3;5;4;0;40;38;0;0;0
17;2;2;8;4;7;3;4;1;15;38;0;0;0
44;5;9;13;2;3;0;4;1;40;38;0;0;1
26;2;11;9;2;11;0;4;1;48;38;0;0;0
37;2;11;9;4;13;2;4;0;40;38;0;0;0
49;2;9;13;2;3;0;4;1;55;38;0;0;1
42;2;11;9;2;2;0;4;1;40;38;0;0;1
26;2;9;13;4;9;1;4;0;40;38;0;0;0
44;2;15;10;2;2;0;4;1;40;38;0;0;0
47;2;12;14;4;9;1;4;0;40;38;0;0;0
49;2;15;10;0;12;1;4;1;40;38;0;0;0
17;2;11;9;4;11;3;4;0;20;38;0;0;0
42;2;15;10;0;9;1;4;1;40;38;0;0;0
30;2;0;6;2;2;0;4;1;40;38;0;0;0
36;5;8;11;2;12;0;1;1;37;16;0;0;0
53;2;9;13;4;9;1;4;0;40;38;0;0;0
23;2;11;9;2;5;0;2;1;40;38;0;0;0
35;2;11;9;0;7;1;4;0;40;38;0;0;0
32;2;1;7;4;2;1;0;1;60;38;1;0;1
39;2;9;13;6;9;4;4;0;50;30;0;0;1
40;2;12;14;2;9;0;4;1;60;38;0;0;0
28;2;15;10;2;0;0;4;1;40;38;0;0;0
32;2;11;9;4;13;3;4;1;40;38;0;0;0
42;2;15;10;4;0;3;4;0;40;38;0;0;0
35;2;9;13;4;0;1;4;0;43;38;0;0;0
35;2;2;8;4;6;4;2;0;40;38;0;0;0
21;2;11;9;4;6;3;4;1;40;38;0;0;0
71;2;5;4;6;3;1;4;1;40;38;1;0;1
31;2;11;9;5;7;1;4;1;40;38;0;0;0
25;1;15;10;4;0;4;2;0;40;38;0;0;0
35;2;11;9;4;0;3;4;0;40;38;1;0;0
24;2;11;9;4;7;2;4;1;25;38;0;0;0
69;2;15;10;2;11;0;4;1;25;38;0;0;0
35;2;9;13;2;11;0;4;1;40;38;0;0;0
42;2;9;13;4;11;1;4;1;50;38;1;0;1
51;2;8;11;2;12;0;4;1;40;38;0;0;1
48;2;11;9;0;13;1;4;1;44;38;0;0;0
49;2;8;11;2;0;0;4;1;40;38;0;0;0
53;2;7;12;2;3;0;4;1;99;38;1;0;0
43;2;15;10;2;0;0;4;1;40;38;0;0;0
53;2;9;13;2;3;0;4;1;40;38;0;0;1
35;2;11;9;4;6;3;4;1;40;38;0;0;0
36;2;11;9;4;7;1;4;0;40;38;0;0;0
34;1;12;14;4;9;1;4;0;40;38;0;0;0
48;2;15;10;2;7;0;4;1;40;38;0;0;1
53;2;11;9;0;0;1;4;0;40;38;0;0;0
37;2;15;10;0;5;3;4;1;40;38;0;1;0
49;5;14;15;0;3;1;4;0;40;38;0;0;0
41;2;11;9;2;2;0;4;1;40;38;0;0;0
25;2;15;10;4;7;3;4;0;40;38;0;0;0
24;2;15;10;2;2;0;4;1;65;38;0;0;0
34;2;11;9;4;2;3;4;1;40;38;0;0;0
29;2;11;9;4;2;4;4;0;42;38;0;0;0
23;2;9;13;4;12;1;2;0;45;38;0;0;0
46;2;15;10;5;11;1;4;1;42;38;0;0;0
20;2;15;10;4;7;3;4;0;15;38;0;0;0
63;2;2;8;2;2;0;4;1;40;38;0;0;0
40;4;12;14;2;11;0;4;1;50;38;1;0;0
33;2;7;12;0;9;1;4;1;50;38;0;0;0
24;0;15;10;4;0;3;2;0;40;38;0;0;0
36;2;15;10;4;7;3;4;1;45;38;0;0;0
25;2;11;9;4;9;3;4;1;40;38;0;0;0
54;1;6;5;2;7;0;4;1;40;38;0;0;0
50;4;9;13;0;11;1;4;1;50;38;0;0;0
58;5;9;13;2;3;0;4;1;40;38;0;0;0
17;2;1;7;4;7;3;4;1;20;8;0;0;0
40;2;11;9;2;3;0;4;1;50;38;1;0;1
27;2;9;13;4;11;3;4;1;40;38;0;0;0
20;2;11;9;5;11;3;4;0;26;38;0;0;0
22;2;1;7;2;2;0;4;1;35;38;0;0;0
80;4;1;7;2;3;0;4;1;25;38;0;0;0
52;2;11;9;0;13;1;4;1;45;38;0;0;0
40;0;9;13;2;0;0;4;1;48;38;1;0;1
48;2;0;6;5;6;3;4;0;48;38;0;0;0
62;2;11;9;2;5;0;4;1;25;38;0;0;0
32;2;7;12;2;12;0;4;1;42;38;0;0;1
58;0;9;13;2;3;0;4;1;40;38;0;0;1
37;4;12;14;2;3;0;4;1;60;38;0;0;1
29;3;10;16;2;9;0;4;1;35;38;0;0;1
25;2;11;9;4;7;1;4;1;40;38;0;0;0
26;2;15;10;4;6;3;4;1;40;38;0;0;0
50;2;15;10;2;11;0;4;1;50;38;0;0;0
30;0;9;13;2;9;0;4;1;40;38;0;0;1
30;1;9;13;2;9;0;4;1;80;38;0;0;0
59;2;11;9;6;7;1;4;0;10;38;0;0;0
36;2;11;9;4;5;3;4;1;40;38;0;0;0
37;2;12;14;2;3;0;4;1;50;6;0;0;1
42;2;9;13;2;3;5;4;0;40;38;0;0;1
34;2;9;13;2;3;0;2;1;45;38;0;0;1
27;4;6;5;2;2;0;4;1;40;38;0;0;0
39;2;9;13;2;12;0;4;1;50;38;0;0;1
41;2;8;11;2;7;0;1;1;60;18;1;0;1
34;4;9;13;2;2;0;1;1;70;34;1;0;1
41;2;15;10;2;3;0;4;1;40;38;0;0;0
50;2;15;10;0;0;4;2;0;40;38;0;0;0
18;2;11;9;4;5;2;4;0;28;38;0;0;0
23;2;9;13;4;3;3;4;0;15;38;0;0;0
26;2;11;9;2;2;0;4;1;48;38;0;0;0
38;2;15;10;2;13;0;4;1;60;38;1;0;1
27;2;15;10;2;9;0;4;1;88;38;0;0;0
21;2;0;6;4;5;1;3;1;40;5;0;0;0
41;2;11;9;2;7;0;4;1;40;38;0;0;0
42;4;7;12;0;2;3;0;1;35;38;0;0;0
25;2;0;6;4;6;3;4;1;40;38;0;0;0
43;2;9;13;2;11;0;4;1;40;38;0;0;1
23;2;15;10;4;5;3;4;1;15;38;0;0;0
40;1;9;13;2;9;0;4;1;40;38;1;0;1
23;2;15;10;4;11;3;2;1;9;38;0;0;0
18;2;1;7;4;7;1;4;0;20;38;0;0;0
37;2;9;13;4;3;1;4;1;50;38;0;0;0
58;2;6;5;2;6;0;2;1;40;38;1;0;0
36;2;15;10;4;2;1;4;1;40;38;0;0;0
36;2;7;12;2;9;0;4;1;40;38;0;0;1
25;2;8;11;2;9;5;4;0;40;38;1;0;1
62;2;9;13;2;3;0;4;1;40;38;1;0;1
34;2;15;10;2;13;0;4;1;40;38;1;0;0
27;2;9;13;4;9;1;4;0;36;38;1;0;0
23;2;11;9;4;11;3;4;1;35;38;0;0;0
55;2;11;9;0;0;1;4;0;40;38;0;0;0
42;2;11;9;2;6;0;4;1;40;38;0;0;0
22;2;11;9;4;0;3;2;0;38;38;0;0;0
44;2;7;12;2;11;0;4;1;40;38;1;0;1
42;1;15;10;2;13;0;4;1;40;38;0;0;0
21;2;11;9;4;0;4;4;1;40;38;0;0;0
25;2;7;12;0;0;1;2;0;45;38;0;0;0
31;2;3;2;5;5;4;4;1;35;15;0;0;0
42;2;15;10;0;2;1;4;1;38;38;0;0;0
26;2;6;5;2;2;0;4;1;20;38;0;0;0
62;2;15;10;2;3;0;4;1;98;38;0;1;1
28;2;9;13;2;3;0;4;1;50;38;1;0;1
34;2;12;14;2;3;0;4;1;40;38;0;0;0
51;2;9;13;2;5;0;4;1;40;38;0;0;0
45;1;12;14;2;9;5;4;0;45;38;0;0;1
44;2;15;10;2;13;0;4;1;50;38;0;0;1
35;2;15;10;3;4;3;4;1;40;38;0;0;0
46;2;5;4;2;13;0;4;1;40;38;0;0;0
46;2;7;12;4;12;1;4;1;56;38;0;0;0
46;2;9;13;2;3;0;4;1;53;38;0;0;1
66;4;9;13;2;3;0;4;1;8;38;0;0;1
34;5;11;9;5;0;4;4;0;20;38;0;0;0
26;2;7;12;2;11;0;4;1;40;38;0;0;0
29;2;11;9;2;2;0;4;1;40;38;0;0;1
23;2;9;13;4;0;3;4;0;40;38;0;0;0
46;2;6;5;2;6;5;4;0;40;38;0;0;0
54;2;12;14;2;11;0;4;1;68;38;0;0;1
54;4;5;4;2;4;0;4;1;60;38;0;0;0
71;2;6;5;6;11;4;4;0;13;38;0;0;0
51;2;2;8;2;2;0;4;1;45;38;0;0;0
32;2;11;9;4;2;1;4;1;40;38;0;0;0
57;2;1;7;3;2;1;4;1;40;1;0;0;0
34;2;6;5;4;2;1;4;1;40;38;0;0;0
40;2;9;13;0;11;1;4;1;40;38;1;0;1
21;2;11;9;4;3;3;4;0;40;38;0;0;0
50;2;12;14;2;9;0;4;1;40;38;0;0;1
32;2;8;11;4;2;1;4;1;44;20;0;0;0
37;1;9;13;2;9;5;4;0;50;38;0;0;1
19;2;5;4;2;2;0;4;1;99;38;0;0;0
64;2;11;9;6;0;1;4;0;30;38;0;0;0
17;2;1;7;4;7;3;2;1;20;38;0;0;0
37;2;8;11;2;7;0;4;1;40;38;0;0;0
32;2;15;10;4;2;1;4;1;45;38;1;0;0
20;2;15;10;4;7;3;2;1;20;38;0;0;0
39;4;10;16;4;9;1;4;1;40;38;1;0;1
18;2;2;8;4;5;3;4;1;40;3;0;0;0
42;2;12;14;2;9;0;4;1;50;38;0;1;1
43;2;15;10;2;11;0;4;1;40;38;1;0;1
42;2;9;13;2;0;0;4;1;55;38;0;0;1
53;1;9;13;2;9;5;4;0;60;38;0;0;1
52;2;11;9;2;11;0;4;1;40;38;0;0;0
51;2;0;6;4;4;3;4;1;40;38;0;0;0
77;3;15;10;2;11;0;4;1;8;38;0;0;0
25;2;15;10;4;11;3;2;0;30;38;1;0;0
38;1;15;10;4;9;3;4;1;40;38;0;0;0
20;2;11;9;4;7;1;4;1;40;38;0;0;0
23;2;11;9;4;2;1;4;1;30;38;0;0;0
27;2;11;9;4;0;3;4;0;40;38;0;0;0
19;2;1;7;4;7;3;4;0;40;38;0;0;0
41;2;9;13;2;11;0;4;1;40;38;0;0;1
47;0;15;10;2;3;0;2;1;40;38;0;0;0
42;2;12;14;4;3;1;4;0;40;38;1;0;0
36;2;9;13;2;11;0;4;1;40;38;0;0;1
42;3;12;14;2;4;0;4;1;60;38;0;0;1
24;2;9;13;4;0;3;4;0;40;38;0;0;0
22;2;11;9;4;5;3;4;1;40;38;0;0;0
42;2;14;15;2;3;0;4;1;40;38;1;0;1
24;2;9;13;4;9;3;4;1;20;38;0;0;0
41;2;15;10;2;0;0;4;1;45;38;0;0;1
29;2;11;9;4;10;1;1;1;40;29;0;0;0
36;2;11;9;0;2;3;4;1;40;38;0;0;0
78;3;11;9;6;11;1;4;1;45;38;0;0;1
43;2;8;11;2;12;5;4;0;32;38;0;1;1
34;5;15;10;5;3;3;4;0;40;38;0;0;0
24;2;2;8;2;2;0;4;1;40;38;0;0;0
36;0;8;11;2;12;0;4;1;40;38;0;0;0
49;2;15;10;2;11;0;4;1;44;38;0;0;0
21;2;6;5;4;13;3;4;1;40;38;0;0;0
51;2;7;12;5;7;1;2;0;40;38;0;0;0
30;2;11;9;2;12;0;4;1;40;38;0;0;0
37;2;11;9;4;2;1;4;1;40;38;0;0;0
30;2;8;11;4;0;1;4;0;40;38;0;0;0
46;2;11;9;2;2;0;4;1;40;38;0;0;0
24;1;11;9;4;7;3;4;1;40;38;0;0;0
32;2;9;13;2;11;0;4;1;42;38;0;0;1
36;2;15;10;0;9;1;4;1;50;38;0;0;0
30;2;1;7;3;5;4;4;0;40;38;0;0;0
60;5;15;10;2;13;0;4;1;40;38;0;0;0
56;1;15;10;0;3;1;4;0;40;38;0;0;0
57;2;1;7;2;6;0;4;1;40;38;0;0;0
61;0;9;13;2;3;5;4;0;40;38;0;0;0
50;2;11;9;2;2;0;4;1;40;38;0;0;1
56;4;11;9;2;3;0;4;1;48;38;0;0;0
61;3;15;10;2;11;0;4;1;35;38;0;1;1
45;2;12;14;0;3;4;4;1;70;38;1;0;1
31;2;12;14;2;9;0;4;1;40;38;1;0;1
60;4;11;9;4;3;1;2;1;50;38;0;1;1
26;2;15;10;2;9;0;4;1;40;38;0;0;0
56;4;1;7;2;7;5;4;0;40;38;0;0;0
45;2;1;7;6;7;4;4;0;40;38;0;0;0
28;2;7;12;4;3;1;4;1;65;38;0;0;1
45;4;15;10;2;3;0;0;1;40;38;0;0;0
58;2;6;5;2;5;0;4;1;40;38;0;0;0
38;2;8;11;4;12;1;4;0;40;38;1;0;0
23;2;9;13;4;3;3;4;0;40;38;0;0;0
49;2;11;9;2;2;0;4;1;40;38;0;0;1
19;2;15;10;4;11;3;4;0;25;38;0;0;0
22;2;11;9;4;7;3;4;1;40;38;0;0;0
23;2;11;9;2;6;0;4;1;50;38;0;0;0
23;2;11;9;2;0;5;4;0;40;38;1;0;0
40;2;11;9;2;2;0;4;1;25;38;0;0;0
55;0;9;13;4;9;1;4;0;40;38;0;0;0
34;5;8;11;4;9;1;4;0;40;38;0;0;0
21;2;11;9;2;6;0;2;1;40;38;0;0;0
28;2;11;9;4;7;3;4;0;40;38;0;0;0
43;0;9;13;3;12;1;1;1;40;38;0;0;0
17;2;6;5;4;13;1;4;1;20;38;0;0;0
51;4;0;6;6;13;2;4;0;40;38;0;0;0
37;2;11;9;2;11;0;4;1;40;38;0;0;1
54;3;9;13;2;11;0;4;1;50;38;0;0;1
24;2;9;13;4;11;1;4;1;30;38;0;0;0
35;2;11;9;2;2;0;4;1;40;38;0;0;1
48;2;11;9;4;6;1;2;0;40;38;1;0;0
23;2;8;11;4;6;3;4;1;40;38;0;0;0
24;2;11;9;4;8;1;4;0;45;8;0;0;0
24;2;8;11;4;0;3;4;0;20;38;0;0;0
50;2;5;4;2;2;0;4;1;40;38;1;0;0
34;2;11;9;2;13;0;4;1;40;38;0;0;1
45;2;11;9;0;0;1;4;0;40;38;0;0;0
36;2;1;7;4;2;3;4;1;40;38;0;0;0
33;2;9;13;2;3;0;4;1;45;38;0;0;1
21;2;11;9;4;7;3;4;0;20;38;0;0;0
32;2;11;9;2;2;0;4;1;40;38;0;0;0
22;2;4;3;4;4;2;4;1;40;25;0;0;0
53;2;11;9;2;12;0;4;1;40;38;0;0;1
36;2;11;9;2;6;0;4;1;40;38;0;0;0
22;2;9;13;4;11;3;4;1;40;38;0;0;0
47;2;11;9;2;10;5;2;0;40;38;0;0;0
30;2;11;9;0;6;4;4;0;20;38;0;0;0
23;2;15;10;4;11;3;4;1;40;38;0;0;0
40;2;0;6;5;13;3;4;1;35;38;0;0;0
45;1;7;12;0;12;3;4;1;40;38;0;0;0
61;1;9;13;2;9;0;4;1;42;38;0;0;0
35;2;11;9;0;3;4;4;0;55;38;0;0;0
20;2;15;10;4;7;3;4;0;25;38;0;0;0
27;2;0;6;4;0;3;4;1;60;38;0;0;0
23;2;11;9;4;0;3;4;0;40;38;0;0;0
65;1;15;10;6;0;1;4;0;35;38;0;0;0
25;2;11;9;4;0;4;2;0;40;38;0;0;0
49;2;9;13;2;11;0;1;1;50;34;0;1;1
45;2;9;13;0;0;4;4;0;40;10;0;0;0
46;2;12;14;0;3;4;4;0;45;38;0;1;0
67;2;11;9;6;11;1;4;0;32;38;0;0;0
40;2;11;9;6;6;4;4;0;40;38;0;0;0
51;2;15;10;2;3;0;4;1;60;38;0;0;1
44;4;9;13;2;3;0;4;1;50;38;0;1;1
35;2;11;9;2;13;0;4;1;60;38;0;0;0
28;2;15;10;4;11;1;4;1;40;38;0;0;0
44;2;11;9;0;5;1;4;0;48;38;0;0;0
37;2;15;10;2;2;0;4;1;50;38;0;0;1
54;2;15;10;2;13;0;4;1;45;38;0;0;1
33;0;14;15;2;9;5;4;0;40;38;0;0;1
46;2;11;9;0;3;1;4;0;40;38;0;0;0
45;2;12;14;2;3;0;4;1;40;38;1;0;0
27;2;7;12;4;3;1;4;1;40;38;1;0;0
49;2;12;14;2;11;0;4;1;50;38;0;0;1
51;2;11;9;0;11;1;4;1;45;38;0;0;0
27;2;11;9;2;5;0;4;1;40;38;0;0;0
36;2;11;9;2;6;0;4;1;40;38;0;0;0
59;2;9;13;2;9;0;4;1;40;38;1;0;1
24;2;15;10;4;11;3;4;0;15;38;0;0;0
31;2;11;9;4;7;3;4;0;38;38;0;0;0
35;0;10;16;4;9;1;0;0;60;38;0;0;1
34;2;9;13;2;7;5;1;0;50;29;1;0;1
50;2;15;10;2;10;0;2;1;70;38;0;0;1
43;3;11;9;2;11;0;4;1;50;38;0;0;0
21;2;6;5;4;2;3;4;1;30;7;0;0;0
33;2;6;5;4;7;1;4;1;45;7;0;0;0
48;2;15;10;0;0;1;4;0;38;38;0;1;0
22;2;11;9;4;8;3;4;0;36;38;0;0;0
29;2;12;14;2;3;0;1;1;40;23;0;0;0
42;4;8;11;2;9;0;4;1;40;38;0;0;0
28;4;11;9;2;2;0;4;1;50;17;0;0;0
36;2;11;9;4;9;1;4;0;38;38;0;0;0
66;1;11;9;6;7;1;4;0;25;38;0;0;0
44;2;9;13;2;9;5;4;0;20;38;0;0;0
45;1;15;10;0;0;4;2;0;40;38;0;0;0
49;2;11;9;0;7;3;2;0;40;38;0;0;0
36;2;9;13;0;9;4;4;0;45;7;0;0;0
48;2;1;7;2;5;0;4;1;60;38;0;0;0
19;2;11;9;4;13;3;4;1;40;38;0;0;0
36;2;9;13;2;0;0;4;1;40;38;0;0;1
41;2;12;14;2;3;0;4;1;45;38;0;0;1
32;2;15;10;2;11;0;4;1;50;38;0;0;0
49;2;11;9;2;2;0;4;1;40;38;0;0;1
51;4;11;9;2;3;5;4;0;40;38;0;0;0
20;2;15;10;0;7;3;4;0;29;38;0;0;0
39;2;9;13;4;0;3;4;0;40;38;0;0;0
38;2;11;9;2;12;0;4;1;40;38;0;0;1
19;2;15;10;4;7;3;4;0;25;38;0;0;0
29;1;9;13;4;5;3;4;1;40;38;0;0;0
52;3;11;9;2;11;0;1;1;40;38;0;0;1
22;2;8;11;4;2;1;4;1;44;38;0;0;0
44;3;15;10;2;3;0;4;1;80;38;0;0;0
43;2;11;9;0;2;1;4;1;40;38;0;0;0
41;1;15;10;2;13;0;4;1;40;38;1;0;0
40;2;8;11;5;11;1;2;1;44;38;0;0;0
40;2;9;13;4;3;1;4;1;30;1;0;0;0
18;2;1;7;4;11;3;4;0;15;38;0;0;0
57;3;14;15;2;9;0;1;1;50;35;0;0;1
54;1;9;13;2;3;0;1;1;40;29;0;0;1
44;2;9;13;0;9;4;4;0;40;38;0;0;0
20;2;15;10;4;11;1;4;1;30;38;0;0;0
40;2;15;10;2;7;5;4;0;40;33;0;0;0
29;2;15;10;4;13;4;4;1;40;38;0;0;0
22;2;9;13;4;0;1;4;1;40;38;0;0;0
44;2;12;14;2;3;0;4;1;40;38;1;0;1
45;2;15;10;0;11;3;4;1;45;38;0;0;0
52;2;9;13;2;9;0;4;1;40;38;0;0;1
57;2;11;9;5;6;1;4;1;40;4;1;0;0
51;1;11;9;0;10;1;4;1;40;38;0;0;0
23;2;9;13;4;11;3;2;1;10;38;0;0;0
22;2;8;11;2;7;0;4;1;44;38;0;0;0
37;2;15;10;0;3;1;4;0;40;38;0;0;1
58;0;11;9;0;0;4;2;0;40;38;0;0;0
61;2;0;6;6;4;4;4;1;20;38;0;0;0
30;2;12;14;4;9;1;4;0;45;38;0;0;0
23;2;15;10;4;0;3;4;0;40;38;0;0;0
30;2;0;6;0;7;1;0;1;40;38;0;0;0
18;2;11;9;4;7;3;4;1;25;1;0;0;0
23;2;11;9;4;5;2;2;1;40;38;0;0;0
23;2;15;10;4;8;3;4;0;10;38;0;0;0
57;2;9;13;2;11;0;4;1;55;38;0;0;1
58;2;11;9;2;3;0;4;1;45;38;0;0;1
59;4;11;9;2;13;0;4;1;40;38;0;0;1
27;2;9;13;3;0;1;4;1;40;38;0;0;0
50;2;9;13;2;4;0;4;1;45;38;0;0;1
25;2;9;13;4;12;3;4;0;40;38;0;0;0
33;2;11;9;0;7;4;4;0;30;38;0;0;0
22;2;15;10;4;7;3;4;1;35;38;0;0;0
21;2;15;10;4;2;3;4;1;30;38;0;1;0
44;2;1;7;2;9;5;4;0;36;38;1;0;1
50;2;15;10;2;11;0;1;1;50;38;0;0;1
44;2;11;9;2;13;0;4;1;45;38;0;0;0
41;2;9;13;2;3;0;4;1;50;38;0;0;1
54;1;15;10;6;0;4;4;0;40;25;0;0;0
60;4;5;4;2;4;0;4;1;40;38;0;0;0
58;2;12;14;0;9;1;4;1;20;38;0;0;0
27;2;15;10;2;12;0;4;1;40;38;1;0;0
43;2;11;9;4;0;4;4;0;60;38;0;0;0
33;1;7;12;2;5;0;4;1;40;38;0;0;0
24;2;15;10;2;13;0;4;1;65;38;0;0;0
41;2;11;9;4;13;1;4;1;40;30;0;0;0
21;2;11;9;4;2;3;4;1;40;38;0;0;0
39;2;15;10;2;2;3;1;1;40;38;0;0;0
27;3;9;13;4;3;3;4;0;40;38;0;0;0
50;2;11;9;2;13;0;4;1;40;38;0;0;0
20;2;11;9;4;5;3;4;1;40;38;0;0;0
46;0;9;13;2;3;0;4;1;40;38;0;0;1
49;2;1;7;2;13;0;4;1;40;38;0;0;0
35;5;9;13;2;3;5;4;0;35;38;0;0;1
56;4;15;10;2;7;0;4;1;45;38;0;0;1
41;1;12;14;0;9;1;4;1;40;38;0;1;0
41;4;15;10;0;2;1;4;1;50;38;0;1;0
42;2;11;9;2;2;0;4;1;40;38;0;0;0
58;1;5;4;2;2;0;4;1;40;38;0;0;0
43;2;15;10;2;0;0;4;1;40;38;0;0;0
25;2;11;9;0;7;1;4;0;40;25;0;0;0
57;2;11;9;0;0;4;4;0;42;38;0;0;0
49;2;5;4;6;6;1;4;0;40;38;0;0;0
23;2;15;10;2;5;0;4;1;40;38;0;0;0
59;2;11;9;2;2;0;4;1;40;38;0;0;0
50;2;15;10;2;13;0;4;1;70;38;0;0;1
33;2;9;13;4;9;1;4;0;45;25;0;0;0
52;2;12;14;2;12;0;4;1;45;38;0;0;0
37;3;11;9;2;2;0;4;1;40;38;0;0;1
30;3;11;9;0;0;4;4;0;40;38;0;0;0
39;3;11;9;0;2;4;4;1;60;38;0;0;0
54;1;15;10;0;2;4;4;1;42;38;0;0;0
52;2;11;9;2;11;0;4;1;45;38;0;0;1
22;1;11;9;4;10;4;4;1;56;38;0;0;0
65;2;11;9;2;11;0;4;1;10;38;1;0;1
32;2;9;13;4;0;1;4;1;40;38;0;0;0
25;2;5;4;4;6;4;4;1;40;7;0;0;0
34;2;15;10;4;2;1;4;1;40;38;0;0;0
47;2;8;11;4;7;1;4;0;55;38;0;0;0
24;2;11;9;4;4;3;4;1;98;38;0;0;0
63;0;10;16;0;3;1;4;0;60;38;0;1;1
48;2;4;3;4;8;4;4;0;35;26;0;0;0
26;2;11;9;4;11;1;4;0;50;38;0;0;0
28;2;15;10;5;6;1;4;1;40;38;0;0;0
23;2;11;9;4;7;3;2;1;12;38;0;0;0
57;3;14;15;2;9;0;1;1;50;18;1;0;1
64;5;9;13;0;12;1;4;1;40;38;0;0;0
28;2;9;13;4;3;3;4;1;50;38;0;0;1
28;2;5;4;2;11;2;4;1;40;38;0;0;0
34;2;15;10;2;6;0;4;1;40;38;0;0;0
38;4;1;7;2;3;0;4;1;45;38;0;1;1
44;2;7;12;2;4;0;4;1;60;38;0;0;1
34;2;8;11;4;9;1;4;0;20;38;1;0;0
18;2;11;9;2;2;0;4;1;25;38;0;0;0
36;2;2;8;2;2;0;3;1;40;38;0;0;0
73;4;11;9;2;4;0;1;1;40;39;0;1;0
24;2;11;9;4;7;3;4;1;40;25;0;0;0
29;1;9;13;2;3;0;2;1;40;38;0;0;1
33;2;15;10;2;9;0;4;1;40;38;0;0;0
57;0;11;9;5;0;2;2;0;35;38;0;0;0
55;2;0;6;6;13;1;2;0;35;38;0;0;0
21;2;0;6;2;2;0;4;1;40;38;0;0;0
36;4;12;14;2;9;0;4;1;45;38;0;0;1
26;2;15;10;4;9;1;3;1;50;38;0;0;0
40;2;15;10;0;12;4;4;0;40;38;0;1;0
32;2;11;9;2;2;0;4;1;40;38;0;0;0
21;2;15;10;4;7;3;4;0;40;38;0;0;0
59;5;15;10;2;3;0;4;1;40;38;0;1;0
29;2;11;9;4;11;4;2;0;40;38;0;1;0
29;4;15;10;0;6;1;4;1;48;38;0;0;0
59;3;12;14;2;3;0;4;1;80;38;1;0;1
58;2;11;9;2;13;0;4;1;40;38;0;0;1
47;2;11;9;2;6;0;4;1;45;38;0;0;0
44;2;11;9;0;0;1;4;0;45;38;0;1;0
31;2;11;9;4;7;3;4;1;40;38;0;0;0
42;4;11;9;2;2;0;4;1;35;38;0;0;0
19;2;11;9;4;7;3;4;1;25;38;0;0;0
66;2;11;9;2;11;0;4;1;50;38;0;0;0
41;2;11;9;2;6;0;4;1;45;38;0;0;0
22;2;15;10;4;11;3;4;0;30;38;0;0;0
31;2;11;9;4;11;3;4;0;30;38;0;1;0
30;2;9;13;4;11;1;4;1;40;38;0;0;0
36;4;11;9;5;7;1;4;0;16;38;0;0;0
41;5;7;12;0;9;4;1;0;36;38;0;0;0
19;2;15;10;4;5;3;4;1;20;38;0;0;0
60;2;11;9;2;7;0;4;1;40;38;0;0;0
24;2;1;7;4;13;3;4;1;40;38;0;0;0
25;2;1;7;2;6;0;4;1;40;38;0;0;0
52;2;15;10;4;3;1;4;0;50;38;0;0;0
30;2;9;13;4;3;1;4;0;45;10;0;0;0
37;2;11;9;2;2;0;4;1;40;38;0;0;1
55;4;10;16;0;3;1;4;0;30;38;0;0;0
20;2;15;10;4;0;2;2;0;24;38;0;0;0
32;2;5;4;4;8;1;4;0;15;25;0;0;0
18;2;11;9;4;7;3;4;1;35;38;0;0;0
24;2;15;10;4;2;3;4;1;40;38;0;0;0
33;1;15;10;2;10;0;4;1;45;38;0;0;0
57;1;12;14;2;10;0;4;1;14;38;0;0;1
53;2;12;14;0;9;4;4;0;38;38;0;1;0
19;2;11;9;4;11;1;4;0;40;38;0;0;0
50;1;14;15;2;9;0;4;1;40;38;0;0;1
27;2;9;13;4;3;1;4;1;50;38;0;0;0
40;2;8;11;5;2;1;4;0;60;38;0;0;0
47;3;11;9;2;11;0;4;1;55;38;0;0;0
39;0;8;11;2;9;0;4;1;50;38;0;0;0
49;5;15;10;0;0;3;4;1;40;38;0;0;0
28;4;15;10;2;9;0;4;1;7;38;0;0;0
50;2;9;13;2;3;0;4;1;40;38;1;0;1
28;2;1;7;4;13;3;4;1;50;38;0;0;0
30;2;11;9;2;11;0;4;1;40;38;0;0;0
47;2;12;14;2;3;0;4;1;50;38;1;0;1
39;2;9;13;2;9;0;4;1;40;38;0;0;1
37;2;11;9;2;11;0;4;1;50;38;0;0;0
50;2;11;9;2;11;0;4;1;80;38;0;0;0
37;2;0;6;2;6;0;4;1;40;25;0;0;0
26;2;11;9;2;6;0;4;1;40;38;0;0;1
55;2;8;11;2;2;0;4;1;40;38;0;0;1
46;2;9;13;2;9;0;4;1;40;38;0;0;1
32;2;11;9;2;11;0;4;1;60;38;0;0;0
26;2;9;13;4;2;1;4;1;45;38;0;0;1
32;2;11;9;2;13;0;4;1;40;38;1;0;1
43;2;15;10;4;5;3;1;0;40;38;1;0;0
19;2;11;9;0;2;1;4;0;40;7;0;0;0
38;2;11;9;0;7;1;4;0;75;38;0;0;0
38;2;4;3;2;11;0;4;1;40;25;0;0;0
65;2;8;11;2;0;5;4;0;40;38;0;0;0
70;4;15;10;2;3;0;4;1;40;38;0;1;1
44;2;9;13;5;6;4;2;0;7;38;0;0;0
32;2;15;10;4;11;1;4;1;50;38;0;0;0
30;1;11;9;4;10;3;2;0;40;38;0;0;0
49;0;7;12;2;0;0;4;1;60;38;0;0;1
23;2;11;9;4;0;3;2;0;40;38;0;0;0
25;2;15;10;2;5;0;4;1;16;38;0;0;0
19;2;15;10;4;0;3;4;0;15;38;0;0;0
27;2;8;11;4;2;1;4;1;40;38;0;0;0
43;5;11;9;4;13;1;4;1;60;38;0;0;0
38;2;11;9;2;2;0;4;1;50;38;0;0;0
42;2;12;14;2;9;0;4;1;60;38;0;0;0
33;0;9;13;4;0;3;4;1;38;38;0;0;0
30;2;9;13;2;3;0;4;1;40;38;0;0;1
29;2;9;13;4;12;1;4;1;40;38;0;0;0
30;2;1;7;2;2;0;4;1;40;38;0;0;0
26;2;11;9;2;12;0;4;1;40;38;0;0;0
43;2;9;13;2;9;0;4;1;40;38;0;0;1
30;2;11;9;2;7;5;4;0;45;38;0;0;0
38;2;15;10;2;13;0;4;1;40;38;0;0;1
48;2;12;14;2;3;0;4;1;40;38;0;0;1
57;2;9;13;2;11;0;4;1;55;38;0;1;1
30;2;11;9;2;11;5;4;0;30;38;0;0;0
42;1;12;14;5;3;4;2;1;45;38;0;0;1
31;4;11;9;2;3;0;4;1;70;38;0;0;0
32;2;15;10;4;2;1;4;1;40;38;0;0;0
28;2;9;13;2;3;0;4;1;40;38;0;0;0
63;2;11;9;2;5;0;4;1;40;38;0;0;0
32;2;11;9;2;13;0;4;1;40;38;0;0;0
20;2;15;10;4;5;3;4;1;12;38;0;0;0
51;4;12;14;2;9;5;4;0;30;38;0;0;1
24;2;15;10;2;11;0;0;1;40;38;0;0;0
41;1;8;11;0;0;4;4;0;44;38;0;0;0
21;2;11;9;4;6;3;4;1;40;38;0;0;0
27;2;15;10;4;2;1;1;1;45;0;0;1;0
17;2;6;5;4;7;3;2;1;35;38;0;0;0
45;2;3;2;2;7;5;4;0;40;38;0;0;0
39;5;11;9;5;0;4;4;0;35;38;0;1;0
21;2;15;10;4;9;3;0;0;4;38;0;0;0
29;2;9;13;4;9;1;4;1;45;38;1;0;1
39;2;12;14;4;11;1;4;1;45;38;0;1;1
42;2;11;9;5;13;2;2;1;40;38;0;0;0
22;2;4;3;2;2;2;4;1;40;25;0;0;0
59;2;11;9;6;0;1;4;0;40;38;0;0;0
40;2;12;14;2;3;0;4;1;65;38;0;0;1
45;2;15;10;0;7;1;4;0;40;38;0;0;0
35;2;11;9;0;3;1;4;1;50;38;0;0;0
58;2;11;9;2;4;0;4;1;20;38;0;0;0
45;2;15;10;2;2;0;4;1;40;38;0;1;1
29;2;11;9;2;6;0;0;1;45;38;0;0;0
21;2;1;7;4;2;3;4;1;45;38;0;0;0
51;2;11;9;2;12;0;4;1;40;38;0;0;0
34;1;15;10;2;7;5;4;0;40;38;0;0;0
40;2;9;13;0;0;1;4;0;35;38;0;0;0
45;2;1;7;0;0;4;4;0;16;38;0;0;0
38;4;0;6;2;11;0;4;1;40;38;0;1;1
22;2;9;13;4;0;3;4;0;40;38;0;0;0
37;2;6;5;2;7;0;4;1;40;38;1;0;0
62;2;0;6;0;7;4;4;0;40;38;0;0;0
32;0;9;13;4;3;1;4;0;60;38;0;0;0
36;2;9;13;2;9;5;4;0;4;38;0;0;1
43;2;11;9;4;2;1;4;1;40;38;0;0;0
37;2;11;9;2;13;0;4;1;40;38;0;0;0
28;2;11;9;4;13;4;4;1;55;38;0;0;0
47;1;11;9;2;7;5;4;0;7;38;0;0;1
59;2;11;9;0;0;1;4;0;40;38;0;0;0
35;2;11;9;2;6;0;4;1;40;38;0;0;0
35;2;9;13;2;11;0;4;1;40;38;0;0;0
29;4;9;13;4;9;2;4;1;40;38;0;0;0
57;2;7;12;0;9;1;2;0;40;38;0;0;0
41;2;9;13;2;3;0;4;1;60;38;0;0;1
37;2;12;14;2;9;0;4;1;45;38;0;0;1
20;1;15;10;4;4;3;4;1;40;38;0;0;0
44;2;11;9;2;11;0;4;1;60;38;0;0;0
20;1;11;9;4;0;1;4;0;30;38;0;0;0
38;4;9;13;2;0;5;4;0;28;38;0;0;1
23;2;11;9;2;0;2;4;1;40;38;0;0;0
24;2;11;9;3;11;3;4;0;36;38;0;0;0
46;2;9;13;2;11;0;4;1;40;38;0;0;1
32;1;11;9;2;13;0;4;1;40;38;0;0;0
21;4;11;9;2;2;0;4;1;40;38;0;0;0
32;2;15;10;2;11;0;4;1;40;38;0;0;0
41;2;15;10;0;11;3;4;1;45;38;1;0;0
51;2;11;9;2;6;0;4;1;40;38;0;0;0
69;4;5;4;4;4;2;4;1;10;38;1;0;0
39;3;11;9;2;2;0;4;1;50;38;1;0;1
43;2;15;10;0;2;1;4;1;40;38;0;0;0
51;0;9;13;2;4;0;4;1;40;38;1;0;1
43;2;11;9;0;7;1;4;1;40;38;0;0;0
35;4;1;7;0;3;4;4;0;84;38;0;0;0
32;2;11;9;0;2;3;4;1;40;38;0;0;0
25;2;9;13;4;9;3;4;0;21;38;0;0;0
64;2;15;10;6;11;1;4;0;40;38;0;0;0
28;2;9;13;2;3;5;4;0;40;38;0;0;0
44;2;3;2;2;10;2;4;1;40;25;0;0;0
40;2;9;13;2;12;0;4;1;40;38;0;0;1
21;2;15;10;4;5;3;1;1;40;29;0;0;0
23;2;11;9;4;2;1;4;1;40;38;0;0;0
23;2;15;10;4;7;4;4;0;20;38;0;0;0
19;2;11;9;4;7;3;2;1;40;38;0;0;0
61;2;15;10;2;12;0;4;1;25;38;0;0;0
39;2;0;6;2;5;0;4;1;45;38;0;0;0
51;2;11;9;2;0;5;4;0;40;38;1;0;1
25;2;0;6;2;3;0;4;1;40;38;0;0;0
33;2;11;9;2;11;0;4;1;45;38;0;0;0
34;5;15;10;0;0;1;4;0;38;38;0;0;0
54;4;15;10;2;11;0;4;1;50;38;0;0;0
24;2;9;13;4;12;3;4;0;40;38;0;0;0
28;2;11;9;4;6;3;3;1;50;32;0;0;0
33;2;15;10;2;11;0;4;1;44;38;0;0;0
31;2;11;9;2;13;0;4;1;60;38;0;0;1
70;3;11;9;2;3;0;4;1;16;38;0;0;0
43;2;11;9;2;6;5;4;0;40;26;0;0;0
36;2;15;10;2;0;5;4;0;12;38;0;0;1
50;1;1;7;4;2;4;4;1;40;38;0;0;0
21;2;15;10;4;7;1;2;0;30;38;0;0;0
31;2;15;10;5;12;4;2;0;40;38;0;0;0
39;2;15;10;0;0;4;4;0;35;38;0;0;0
29;2;5;4;2;7;5;4;0;40;38;0;0;0
39;2;15;10;0;5;1;4;1;40;38;0;0;0
17;2;5;4;4;4;2;3;1;40;25;0;0;0
46;2;15;10;0;11;4;4;0;40;38;0;0;0
62;2;11;9;2;2;0;4;1;40;38;0;0;0
32;2;0;6;0;7;4;2;0;23;38;0;0;0
28;2;11;9;4;7;3;2;0;40;38;0;0;0
19;2;15;10;4;11;2;2;0;40;38;0;0;0
61;1;10;16;2;3;0;4;1;40;38;1;0;0
24;1;9;13;2;10;0;4;1;45;38;0;0;0
38;2;15;10;2;2;0;4;1;41;38;0;0;0
38;2;12;14;2;9;0;2;1;40;38;0;0;1
17;2;0;6;4;11;3;4;1;20;38;0;0;0
28;2;11;9;2;2;0;4;1;40;38;0;0;0
52;2;11;9;2;11;0;4;1;8;38;0;0;0
61;2;14;15;2;9;0;4;1;20;38;1;0;1
69;2;4;3;2;6;0;4;1;40;38;0;1;0
19;2;11;9;4;11;3;4;0;25;38;0;0;0
26;2;15;10;2;0;0;4;1;40;38;0;0;1
34;3;15;10;2;3;0;4;1;40;38;0;0;1
70;2;6;5;2;6;5;4;0;40;38;1;0;0
21;2;11;9;4;0;1;4;0;25;38;0;0;0
43;2;11;9;2;2;0;4;1;44;38;0;0;0
52;2;11;9;2;2;0;4;1;40;38;0;0;0
59;2;11;9;2;2;0;4;1;40;38;0;0;1
21;2;8;11;4;0;3;4;0;40;38;0;0;0
53;4;12;14;2;3;0;4;1;40;38;0;1;1
55;5;15;10;2;10;0;4;1;40;38;0;0;1
46;3;12;14;0;11;1;4;1;60;38;0;0;1
36;2;11;9;5;0;4;4;0;37;38;0;0;0
39;2;11;9;4;5;3;4;1;48;38;0;0;0
30;2;11;9;4;9;3;4;0;30;38;0;0;0
22;2;15;10;4;11;3;4;0;16;38;0;0;0
43;2;9;13;2;3;0;4;1;40;38;0;0;1
36;2;11;9;0;6;1;4;1;56;38;0;0;0
36;2;9;13;2;2;3;4;1;40;38;0;0;1
50;2;11;9;0;2;4;4;0;40;38;0;0;0
27;0;9;13;4;10;1;4;0;35;38;0;0;0
46;0;11;9;2;0;0;4;1;40;38;0;0;1
24;2;9;13;4;9;3;4;1;20;38;0;0;0
41;2;11;9;0;2;1;4;1;40;38;0;0;0
68;2;11;9;2;0;0;4;1;24;38;0;0;0
38;1;15;10;2;3;0;4;1;40;38;0;0;0
47;2;11;9;2;11;0;4;1;40;38;0;0;1
41;2;15;10;4;7;1;2;1;20;38;0;0;0
31;4;10;16;4;9;3;4;0;48;38;0;0;0
29;2;15;10;2;2;0;4;1;42;38;0;0;0
26;2;11;9;4;5;3;4;0;40;38;0;0;0
51;2;15;10;6;6;4;4;0;36;38;0;0;0
26;0;9;13;4;12;1;3;1;60;38;0;0;0
27;1;9;13;4;9;1;4;0;60;38;0;0;0
36;2;11;9;2;12;0;4;1;50;38;0;0;0
28;0;9;13;4;9;1;4;0;40;38;0;0;0
53;2;9;13;0;12;1;4;0;40;38;0;0;0
40;5;9;13;0;9;1;4;1;40;38;0;0;0
38;2;11;9;0;7;1;4;0;20;38;0;0;0
53;2;0;6;2;7;0;4;1;34;38;0;0;0
34;1;11;9;2;2;0;4;1;40;38;0;0;0
43;2;11;9;0;13;1;4;1;60;38;0;0;0
64;2;0;6;2;0;0;4;1;40;38;0;0;0
21;2;15;10;4;0;3;4;0;40;38;0;0;0
38;0;14;15;4;9;1;1;0;57;1;1;0;1
47;1;12;14;0;10;1;2;1;50;38;0;0;1
48;2;10;16;2;9;0;1;1;40;2;0;1;1
57;2;11;9;2;13;0;4;1;50;38;0;0;0
37;2;9;13;4;0;1;4;0;35;38;0;0;0
37;2;1;7;0;4;1;4;1;40;38;0;0;0
51;4;11;9;2;4;0;4;1;55;38;0;0;1
32;2;7;12;4;0;1;4;0;40;38;0;0;0
49;2;11;9;2;6;0;4;1;40;38;0;0;0
52;2;11;9;2;11;0;4;1;14;38;0;0;0
64;0;7;12;2;3;0;4;1;45;38;1;0;1
46;2;11;9;0;0;4;4;0;45;38;0;0;0
24;5;15;10;2;9;0;4;1;40;38;0;0;0
39;2;9;13;2;3;0;4;1;45;38;0;0;1
23;2;11;9;2;6;5;4;0;40;38;1;0;0
30;2;15;10;4;2;1;4;1;44;38;0;0;0
34;2;12;14;0;9;3;4;0;60;38;0;0;1
30;2;15;10;2;0;0;4;1;40;38;0;0;0
25;2;9;13;4;11;1;2;0;40;38;0;0;0
58;1;9;13;2;9;0;2;1;40;38;0;0;0
32;2;15;10;2;0;0;4;1;50;38;0;0;0
37;2;11;9;5;7;4;2;0;25;38;0;0;0
35;2;11;9;5;7;1;2;0;40;38;0;0;0
18;2;4;3;4;5;2;4;1;30;15;0;0;0
46;2;9;13;0;9;4;4;0;40;38;0;0;0
71;2;9;13;4;2;1;4;1;45;38;1;0;1
44;2;0;6;0;0;4;4;0;40;38;0;0;0
45;2;0;6;0;11;1;4;0;40;38;0;0;0
40;2;2;8;2;9;0;4;1;40;4;0;0;1
38;2;9;13;2;9;0;4;1;50;38;0;0;1
52;2;11;9;2;6;5;1;0;40;2;0;0;0
47;2;11;9;2;2;0;4;1;40;38;0;0;0
49;2;9;13;0;12;4;4;0;35;38;0;0;0
59;5;11;9;2;11;0;4;1;40;38;0;0;0
22;2;8;11;4;0;3;4;0;37;38;0;0;0
44;1;15;10;2;3;0;4;1;40;38;0;0;1
76;2;9;13;6;9;1;4;0;20;38;0;0;0
50;1;0;6;4;7;1;4;1;40;38;0;0;0
33;1;15;10;2;10;0;4;1;40;38;0;0;0
43;2;11;9;2;2;0;4;1;48;38;0;0;1
27;2;11;9;2;0;5;4;0;40;38;1;0;1
37;3;11;9;2;2;0;4;1;40;38;0;0;0
40;2;1;7;2;13;0;4;1;55;38;0;0;0
49;4;15;10;0;3;1;0;0;40;38;0;0;0
48;3;15;10;4;2;1;4;1;45;38;0;0;0
49;2;11;9;5;9;4;4;0;40;32;0;1;0
22;2;15;10;2;12;0;4;1;40;38;0;0;0
42;2;11;9;0;3;1;4;0;40;8;0;0;0
36;2;15;10;0;9;1;4;0;40;38;0;0;0
30;5;11;9;4;7;1;2;0;40;38;0;0;0
40;1;11;9;4;2;2;0;1;40;38;0;0;0
42;2;11;9;2;6;0;4;1;45;38;0;0;0
56;2;11;9;2;6;0;4;1;40;21;0;0;1
55;2;15;10;0;9;1;4;0;40;38;0;0;0
25;2;11;9;2;7;0;4;1;40;25;0;0;0
33;2;15;10;4;0;4;1;0;35;38;0;0;0
55;2;11;9;2;11;0;4;1;40;38;1;0;0
47;2;9;13;2;11;0;4;1;60;38;0;0;1
23;2;7;12;4;11;3;4;0;65;38;0;0;0
55;3;9;13;0;11;1;4;0;50;10;0;0;0
43;2;11;9;4;3;1;4;0;50;38;0;0;0
31;2;8;11;2;11;0;4;1;50;38;0;0;0
62;5;7;12;6;9;1;4;0;40;38;0;0;0
42;1;11;9;2;0;0;4;1;8;38;0;0;0
38;4;11;9;2;2;0;4;1;40;38;0;0;1
29;2;11;9;4;12;1;4;1;42;38;0;0;0
26;2;15;10;4;7;1;4;1;60;38;0;0;0
26;2;11;9;2;0;5;4;0;52;38;0;0;1
37;4;11;9;2;4;0;4;1;72;38;0;0;0
79;3;2;8;6;11;1;4;1;45;38;1;0;1
61;2;5;4;4;7;1;4;1;48;38;0;0;0
28;4;5;4;4;7;2;4;0;99;25;0;0;0
60;3;9;13;2;3;0;4;1;60;38;1;0;1
51;3;11;9;0;10;1;4;1;81;38;0;0;0
34;2;11;9;2;2;0;4;1;43;38;0;0;1
35;2;11;9;0;6;3;4;1;40;38;0;0;0
27;1;0;6;2;2;0;4;1;60;38;0;0;0
44;2;11;9;0;7;4;4;0;40;38;0;0;0
25;2;11;9;5;7;4;4;0;20;38;0;0;0
32;2;5;4;0;7;4;4;0;40;38;0;0;0
36;2;15;10;2;9;0;4;1;20;38;0;0;1
27;2;12;14;4;5;4;4;1;30;38;0;0;0
40;2;10;16;2;9;0;4;1;60;38;0;0;1
25;2;9;13;4;12;1;4;1;40;38;0;0;0
41;2;11;9;2;13;0;4;1;50;38;0;0;0
30;2;9;13;2;9;0;4;1;45;38;0;0;1
26;2;9;13;4;3;1;4;1;45;38;0;1;1
52;2;1;7;2;6;0;3;1;40;5;0;0;0
32;2;9;13;4;9;1;4;0;45;38;0;0;0
33;2;11;9;2;5;0;4;1;40;38;0;0;0
35;2;11;9;2;2;0;4;1;55;38;0;0;0
48;2;11;9;6;7;1;4;0;44;38;0;0;0
62;4;5;4;2;11;0;4;1;5;38;0;0;0
40;4;7;12;4;9;3;2;0;2;38;0;0;0
28;2;4;3;4;7;1;4;0;40;25;0;0;0
23;2;15;10;4;7;1;4;0;30;38;0;0;0
50;0;9;13;2;3;0;4;1;40;38;1;0;1
51;5;15;10;0;0;4;4;0;35;38;0;0;0
63;4;15;10;2;7;0;4;1;48;38;0;0;0
63;0;11;9;6;3;1;4;0;40;38;0;0;0
40;2;11;9;0;11;1;4;1;60;38;0;0;1
40;2;11;9;4;4;1;4;1;40;38;0;0;0
41;2;9;13;2;9;5;4;0;15;4;0;0;1
20;5;15;10;4;9;3;4;0;15;38;0;0;0
28;2;9;13;2;0;0;4;1;40;38;0;1;1
35;2;11;9;2;2;0;4;1;40;38;0;0;0
31;2;9;13;2;3;0;4;1;40;38;0;0;0
34;2;9;13;2;11;0;4;1;50;38;0;0;1
57;2;12;14;2;3;0;4;1;50;38;0;0;1
28;2;11;9;4;6;1;4;0;40;38;0;0;0
38;2;15;10;2;12;0;4;1;40;38;0;0;1
37;2;8;11;4;7;1;4;1;40;38;0;0;0
43;5;15;10;0;0;1;2;0;40;38;0;0;0
26;4;11;9;2;3;0;4;1;40;38;0;0;0
26;2;15;10;2;13;0;2;1;65;38;0;0;0
27;2;8;11;2;13;0;4;1;50;38;0;0;0
33;2;9;13;2;9;0;4;1;45;38;0;0;0
45;2;9;13;4;9;1;4;0;40;10;0;0;0
65;2;9;13;2;7;0;4;1;20;38;0;0;0
57;4;15;10;2;11;0;4;1;45;38;1;0;1
59;2;11;9;0;7;1;4;0;38;38;0;0;0
18;2;15;10;4;7;3;4;1;26;38;0;0;0
44;1;2;8;2;5;0;4;1;40;38;0;0;0
37;2;15;10;4;2;1;4;1;40;38;0;0;0
27;2;11;9;2;7;0;4;1;40;38;0;0;0
43;1;9;13;2;9;5;4;0;45;38;0;0;1
59;3;14;15;2;9;0;4;1;40;38;0;0;1
19;2;11;9;4;4;1;4;1;40;38;0;0;0
36;5;11;9;4;3;4;2;1;90;38;0;0;0
68;4;15;10;2;11;0;4;1;40;38;1;0;1
63;2;1;7;6;11;1;4;0;30;38;1;0;0
37;2;15;10;2;3;0;4;1;57;38;0;0;0
46;1;12;14;0;9;1;4;0;60;38;0;1;0
31;2;7;12;0;0;4;4;0;35;30;0;0;0
23;2;11;9;4;7;3;4;1;40;38;0;0;0
22;2;15;10;4;11;1;4;1;30;38;0;0;0
49;2;11;9;2;11;0;4;1;44;38;0;1;0
36;2;11;9;0;0;4;2;0;40;38;0;0;0
38;2;15;10;0;3;1;4;1;50;38;0;0;0
46;1;12;14;2;3;0;4;1;45;38;0;1;1
24;2;7;12;4;0;3;4;0;40;38;0;0;0
26;2;9;13;4;0;3;2;0;40;38;0;0;0
47;2;5;4;2;6;5;3;0;40;32;0;0;0
40;2;15;10;2;5;0;4;1;40;38;0;1;1
31;1;12;14;4;9;1;4;0;50;38;0;0;0
42;2;4;3;3;4;1;4;1;35;25;0;0;0
48;3;8;11;2;2;0;4;1;70;38;0;0;1
56;2;15;10;5;12;4;2;0;38;38;0;0;0
50;2;11;9;2;12;0;4;1;40;38;0;0;1
17;2;0;6;4;5;3;4;1;20;38;0;0;0
21;2;11;9;4;7;2;2;1;25;38;0;1;0
50;2;11;9;0;0;1;4;0;40;38;0;0;0
49;2;11;9;0;11;1;4;0;32;38;0;0;0
34;2;11;9;2;11;5;4;0;15;38;0;0;0
32;4;11;9;2;11;0;4;1;60;38;0;0;1
28;2;15;10;2;0;0;4;1;40;38;0;0;1
62;3;9;13;2;3;0;4;1;50;38;0;0;1
23;2;9;13;4;9;1;4;1;15;38;0;0;0
24;5;12;14;4;9;1;2;0;40;38;0;0;0
31;2;8;11;2;9;5;4;0;40;38;0;0;0
36;2;11;9;2;13;0;4;1;40;38;0;0;0
58;2;7;12;2;8;2;4;0;35;30;0;0;0
39;2;12;14;2;9;0;4;1;40;38;0;0;1
21;2;11;9;4;2;1;4;1;42;38;0;0;0
39;2;11;9;2;5;0;4;1;40;38;0;0;0
21;2;15;10;4;11;3;4;0;35;38;0;0;0
33;2;8;11;2;9;0;4;1;40;38;0;0;1
37;2;11;9;2;2;0;4;1;50;38;0;0;1
29;1;11;9;4;7;4;4;0;40;38;0;0;0
43;2;11;9;0;6;3;4;0;40;4;0;0;0
22;2;11;9;4;2;3;4;1;40;38;0;0;0
25;2;12;14;4;9;3;4;0;40;38;0;0;1
69;1;15;10;2;7;0;4;1;40;38;0;0;0
17;2;1;7;4;7;3;4;0;25;38;0;0;0
54;2;11;9;6;5;4;4;0;40;38;0;0;0
28;2;2;8;2;6;2;3;1;40;6;0;0;0
27;1;8;11;4;12;3;4;0;38;38;0;0;0
35;2;7;12;0;2;4;4;1;45;38;0;0;1
38;2;8;11;2;12;5;4;0;40;38;0;0;1
33;5;11;9;2;12;0;4;1;40;38;0;0;0
26;2;11;9;4;2;3;4;1;40;38;0;0;0
56;3;15;10;2;11;5;4;0;60;1;0;0;1
38;2;9;13;2;9;0;0;1;70;38;0;0;1
51;4;15;10;2;9;5;4;0;60;1;0;1;0
26;2;15;10;4;8;1;4;0;50;17;0;0;0
33;2;9;13;2;3;0;4;1;55;38;0;0;1
44;2;5;4;2;5;0;4;1;50;38;0;0;0
36;2;6;5;0;11;1;4;0;40;38;0;0;0
42;2;15;10;0;2;4;4;1;40;38;0;0;0
44;2;7;12;2;9;0;4;1;40;38;0;0;0
44;2;9;13;2;13;0;4;1;55;38;1;0;1
21;2;15;10;4;11;3;4;0;20;38;0;0;0
41;2;15;10;2;11;0;4;1;50;38;0;0;1
41;2;10;16;2;3;0;4;1;50;1;1;0;1
62;2;8;11;2;9;0;4;1;50;38;1;0;1
27;2;1;7;5;2;1;4;1;45;10;0;0;0
38;2;9;13;2;9;0;4;1;40;38;0;0;1
60;2;15;10;5;13;1;0;0;30;38;0;0;0
24;2;2;8;4;6;4;4;1;40;25;0;0;0
22;2;11;9;4;5;3;4;1;40;38;0;0;0
22;2;3;2;4;6;1;4;1;24;25;0;0;0
51;2;9;13;2;9;0;4;1;40;38;0;0;0
31;2;12;14;2;3;0;4;1;48;38;0;1;1
42;1;14;15;2;3;0;4;1;55;38;0;0;1
49;2;11;9;2;6;0;4;1;43;38;1;0;1
37;1;9;13;4;12;3;4;0;42;38;0;0;0
37;4;14;15;2;9;0;4;1;45;38;0;0;1
66;2;9;13;2;7;0;4;1;40;38;0;0;1
46;2;8;11;5;6;1;2;0;40;38;0;0;0
52;2;11;9;2;2;0;4;1;40;38;0;0;1
23;2;11;9;4;2;1;4;1;40;38;0;0;0
67;2;11;9;6;3;4;4;1;38;38;0;0;1
19;2;15;10;4;11;3;4;0;25;38;0;0;0
37;2;9;13;4;9;1;4;0;45;38;0;0;0
42;3;11;9;2;3;0;4;1;60;21;0;1;1
39;4;15;10;2;7;0;2;1;40;38;0;0;0
54;2;11;9;2;11;0;4;1;40;38;0;1;1
46;2;11;9;2;6;0;4;1;40;38;0;0;0
33;2;11;9;4;7;4;2;0;40;38;0;0;0
69;4;15;10;6;4;1;4;0;14;38;0;0;0
21;2;15;10;4;5;3;4;1;40;38;0;0;0
27;2;11;9;4;5;2;2;1;48;38;0;0;0
39;2;11;9;2;3;0;4;1;40;38;0;0;1
23;2;15;10;0;0;1;2;1;40;38;0;0;0
26;2;8;11;0;9;4;4;0;36;38;0;0;0
42;2;10;16;3;9;4;0;0;40;38;0;0;0
36;2;11;9;0;2;4;4;1;40;38;0;0;0
24;2;11;9;4;13;4;4;1;40;25;0;0;0
35;2;6;5;2;7;0;4;1;40;25;0;0;0
42;2;11;9;0;5;4;2;0;40;38;0;0;0
37;2;8;11;2;2;0;4;1;44;38;1;0;1
41;2;10;16;2;9;0;4;1;50;38;0;0;1
27;2;8;11;4;6;4;2;0;40;38;0;0;0
42;4;14;15;2;9;0;4;1;50;38;1;0;1
18;2;11;9;4;0;3;4;0;16;38;0;0;0
41;2;9;13;2;12;0;4;1;40;38;0;0;1
31;2;11;9;2;5;0;4;1;40;38;0;0;0
26;2;15;10;2;2;0;4;1;40;38;0;0;0
67;2;3;2;6;6;1;4;0;34;6;1;0;0
37;2;15;10;2;3;0;4;1;60;38;0;0;1
51;2;11;9;2;2;0;4;1;40;38;0;0;0
26;2;15;10;4;2;3;0;1;40;38;0;0;0
40;2;7;12;2;9;0;4;1;40;38;1;0;1
25;2;11;9;4;5;4;4;1;40;38;0;0;0
38;2;8;11;2;6;0;4;1;40;38;0;0;1
43;2;11;9;5;13;1;4;1;40;38;0;0;0
23;2;15;10;5;4;2;4;0;40;38;0;0;0
44;2;9;13;2;3;0;4;1;50;38;0;1;1
60;1;12;14;0;9;1;4;0;25;38;0;0;0
38;1;12;14;4;9;1;4;0;55;38;0;1;0
21;1;15;10;4;9;1;4;1;20;38;0;0;0
18;2;15;10;4;0;3;4;0;25;38;0;0;0
49;2;9;13;0;3;1;2;0;60;38;1;0;1
43;2;4;3;0;8;4;4;0;40;25;0;0;0
36;2;11;9;2;13;0;4;1;25;38;0;0;1
31;2;11;9;2;13;5;4;0;35;38;1;0;1
38;2;11;9;0;6;2;4;0;40;38;0;0;0
43;4;15;10;2;4;0;4;1;84;38;0;0;0
58;2;11;9;0;7;4;4;0;35;38;0;0;0
55;2;11;9;0;0;1;4;0;29;38;0;0;0
39;2;7;12;0;3;4;2;0;35;22;0;0;0
38;2;9;13;0;9;1;4;0;35;38;0;0;0
54;4;11;9;6;2;1;4;1;35;38;0;1;0
57;3;14;15;2;9;0;4;1;40;38;0;0;0
35;1;7;12;2;10;0;4;1;52;38;0;0;0
44;4;14;15;2;9;0;1;1;60;35;0;0;1
36;2;11;9;2;2;0;4;1;40;38;0;0;0
58;2;11;9;2;2;0;4;1;40;38;0;0;0
39;2;15;10;4;7;3;2;0;40;38;0;1;0
25;2;14;15;4;9;1;4;0;8;21;0;0;0
54;1;9;13;2;3;0;4;1;40;38;0;0;0
23;2;9;13;4;12;1;4;0;40;38;0;0;0
37;2;15;10;4;11;1;4;1;60;38;0;0;0
60;0;7;12;2;7;0;2;1;40;38;0;0;0
66;1;5;4;6;7;1;4;0;20;38;0;0;0
36;2;7;12;2;6;0;2;1;50;38;0;0;0
29;4;11;9;3;13;2;1;1;50;18;0;1;1
29;2;9;13;4;0;3;1;0;40;35;1;0;0
25;2;9;13;0;9;1;4;0;44;38;0;0;0
23;2;15;10;4;0;3;4;1;40;38;0;0;0
38;2;11;9;4;7;3;2;1;40;38;0;0;0
33;2;15;10;2;5;0;4;1;50;38;0;0;1
49;3;15;10;2;4;0;4;1;60;38;0;0;0
57;3;11;9;2;3;0;4;1;60;38;0;0;1
57;1;9;13;2;3;0;4;1;45;38;0;0;0
46;2;15;10;4;6;1;4;0;45;38;0;0;0
37;3;12;14;2;3;0;4;1;70;38;0;0;1
43;3;9;13;2;11;0;4;1;45;38;0;0;1
26;2;11;9;4;7;1;4;0;35;38;0;0;0
40;2;8;11;5;9;2;4;0;40;38;0;0;0
39;4;11;9;4;2;2;0;1;40;38;0;0;0
39;2;7;12;0;7;4;2;0;40;38;0;0;0
31;2;15;10;2;0;0;4;1;40;38;0;0;0
31;2;9;13;2;6;0;3;1;36;25;0;0;0
27;2;9;13;4;0;1;2;0;40;38;0;0;0
36;4;9;13;2;3;0;4;1;50;19;0;0;0
40;1;9;13;0;12;1;4;0;40;8;1;0;1
57;2;11;9;2;7;0;4;1;40;25;0;0;0
24;2;11;9;4;7;1;4;0;35;38;0;0;0
30;2;15;10;4;11;1;4;1;45;38;0;0;0
28;2;2;8;4;13;1;4;1;50;38;0;0;0
22;2;9;13;4;3;1;4;1;40;38;0;0;0
31;2;5;4;4;5;3;4;1;50;38;0;0;0
33;2;11;9;2;11;0;4;1;44;38;0;0;1
20;2;15;10;4;5;2;4;1;15;38;0;0;0
25;2;2;8;2;4;0;3;1;60;25;0;0;0
49;5;15;10;2;4;0;4;1;40;38;0;0;0
21;2;11;9;4;7;3;4;0;35;38;0;0;0
45;2;9;13;2;3;0;4;1;45;38;0;0;1
36;1;11;9;2;3;0;4;1;45;38;0;0;1
41;2;4;3;3;8;1;4;0;32;25;0;0;0
23;2;9;13;4;11;1;4;1;12;38;0;1;0
47;2;9;13;2;3;0;4;1;50;38;0;0;1
41;2;11;9;0;3;1;4;1;50;38;0;0;0
30;2;11;9;4;5;4;4;0;40;38;0;0;0
29;1;15;10;4;4;1;4;1;40;38;0;0;0
31;2;5;4;0;6;4;4;0;40;38;0;0;0
55;2;6;5;2;6;2;1;1;40;29;0;0;0
19;2;11;9;4;7;1;4;1;35;38;0;0;0
31;5;2;8;2;12;5;4;0;40;38;0;0;1
18;5;1;7;4;7;3;4;1;8;38;0;0;0
68;2;11;9;6;11;1;4;0;24;38;0;0;0
36;1;15;10;4;3;4;2;0;48;38;0;0;0
44;2;14;15;2;9;0;4;1;50;38;0;0;1
58;4;11;9;2;0;5;4;0;20;38;0;0;1
20;2;11;9;4;11;3;2;0;20;38;0;0;0
18;2;0;6;4;5;3;4;1;40;38;0;0;0
32;2;11;9;4;5;3;4;0;30;38;0;0;0
49;4;11;9;0;7;1;4;0;40;38;0;0;0
34;2;11;9;2;6;0;4;1;40;38;0;0;0
22;2;11;9;4;0;1;4;0;40;38;0;0;0
40;2;11;9;2;7;0;4;1;45;38;0;0;0
35;2;11;9;2;5;0;4;1;40;38;0;0;0
44;4;2;8;2;3;0;1;1;60;39;0;0;0
55;2;11;9;0;3;1;4;0;60;38;0;0;0
21;2;8;11;2;2;0;4;1;40;38;0;1;0
54;2;15;10;2;2;5;4;0;40;38;0;0;0
39;1;15;10;4;0;1;4;0;44;38;1;0;0
52;2;11;9;0;7;1;4;1;38;38;0;0;0
57;3;9;13;2;2;0;4;1;50;38;0;0;1
58;5;11;9;0;0;4;4;0;40;38;0;0;0
27;1;15;10;4;9;2;4;1;16;38;0;0;0
41;2;15;10;0;6;1;4;1;40;38;0;0;0
18;2;1;7;4;9;3;4;0;16;38;0;0;0
58;2;11;9;6;2;4;4;1;52;25;1;0;1
50;2;4;3;0;7;1;4;1;37;4;0;0;0
31;2;15;10;4;3;1;4;1;40;38;0;0;0
32;2;0;6;0;6;1;4;1;40;38;0;0;0
37;4;15;10;2;2;0;4;1;45;38;0;0;0
26;4;9;13;2;3;0;4;1;20;38;0;0;0
33;1;8;11;2;12;0;4;1;50;38;0;0;0
35;5;11;9;4;7;4;2;0;40;38;0;0;0
44;2;9;13;4;9;1;4;0;45;25;0;0;0
26;2;9;13;4;2;3;4;1;40;25;0;0;0
48;0;11;9;0;0;1;4;1;40;38;0;0;0
40;2;9;13;4;12;1;4;1;40;38;0;0;0
62;2;0;6;2;11;0;4;1;35;38;0;0;0
37;2;14;15;2;11;0;4;1;45;38;0;0;1
18;2;1;7;4;11;3;4;1;18;38;0;0;0
48;2;11;9;0;6;2;3;0;38;6;0;0;0
45;2;12;14;2;9;0;4;1;50;38;0;0;0
35;2;15;10;2;11;0;4;1;45;38;0;0;0
35;2;11;9;0;2;4;4;1;40;38;0;0;0
34;4;11;9;2;9;0;4;1;51;38;0;0;0
29;2;11;9;2;7;5;4;0;40;4;0;0;0
19;2;15;10;4;11;3;4;1;30;38;0;0;0
53;5;15;10;2;10;0;4;1;60;38;0;0;0
49;2;15;10;0;7;1;4;1;40;38;0;0;0
71;2;11;9;6;11;2;4;0;16;38;0;0;0
38;2;5;4;2;2;0;4;1;36;25;0;0;0
39;1;12;14;2;3;0;4;1;45;38;0;0;0
23;2;9;13;4;0;1;4;0;40;38;0;0;0
29;3;9;13;2;11;0;4;1;50;38;0;0;1
52;2;4;3;0;4;4;4;1;40;38;0;0;0
41;2;15;10;2;0;5;4;0;40;38;0;0;1
20;2;15;10;4;7;1;4;1;35;38;0;0;0
30;2;15;10;2;12;0;4;1;45;38;0;0;0
56;2;0;6;0;0;4;2;0;36;38;0;0;0
26;2;11;9;0;11;4;4;0;40;38;0;0;0
36;0;11;9;0;0;4;4;0;40;38;0;0;0
26;1;9;13;4;9;3;2;0;42;38;0;0;0
58;2;7;12;2;6;0;2;1;40;38;0;1;1
24;2;9;13;4;0;3;4;1;40;38;0;0;0
41;2;15;10;0;11;1;1;0;32;38;0;0;0
27;2;15;10;4;11;3;4;1;35;38;0;0;0
28;5;15;10;5;3;3;4;1;40;38;0;1;0
57;3;11;9;2;3;0;4;1;40;38;0;0;0
21;5;15;10;4;9;3;4;0;20;38;0;0;0
50;2;11;9;2;5;0;4;1;40;38;0;0;0
27;2;11;9;2;5;0;2;1;40;38;0;0;0
58;2;9;13;4;9;1;4;0;60;38;0;0;0
27;4;9;13;2;3;0;4;1;50;38;0;0;0
36;2;11;9;5;11;4;2;0;17;38;0;0;0
68;1;9;13;2;3;0;4;1;40;38;1;0;1
33;3;11;9;6;11;4;4;0;40;38;0;0;0
19;2;15;10;4;7;3;4;0;18;38;0;0;0
26;2;11;9;5;0;4;2;0;40;38;0;0;0
37;2;11;9;4;5;4;2;0;30;38;0;0;0
53;2;11;9;2;6;0;4;1;45;38;0;0;0
32;2;15;10;4;12;1;2;1;38;38;0;0;0
18;2;1;7;4;3;3;4;0;25;38;0;0;0
53;2;11;9;2;2;0;4;1;40;38;0;0;1
40;4;9;13;2;9;0;4;1;40;38;0;0;0
50;2;15;10;0;9;4;4;0;40;38;0;0;0
43;2;9;13;2;9;5;4;0;50;38;1;0;1
60;2;9;13;2;11;0;4;1;46;38;0;0;1
28;4;11;9;2;11;5;4;0;40;38;0;0;0
34;2;11;9;0;11;1;4;1;45;38;0;1;0
37;2;11;9;0;13;1;4;1;40;38;0;0;0
25;2;11;9;2;12;0;4;1;40;38;0;0;0
46;2;12;14;2;3;0;4;1;65;38;1;0;1
21;2;1;7;3;5;3;4;1;40;5;0;1;0
26;2;9;13;4;9;1;4;0;45;38;0;0;0
47;2;11;9;4;0;2;4;0;40;38;0;0;0
18;2;2;8;4;5;3;4;1;20;38;0;0;0
22;2;9;13;4;11;1;4;0;16;38;0;0;0
36;2;15;10;0;6;3;4;0;30;38;0;0;0
59;4;11;9;2;13;0;4;1;48;38;0;0;0
33;2;11;9;2;7;5;4;0;38;7;0;0;0
33;2;0;6;0;2;1;4;1;35;8;0;0;0
53;3;9;13;2;0;5;1;0;50;34;0;0;0
44;5;15;10;2;3;0;4;1;40;38;1;0;0
55;2;11;9;2;3;0;4;1;50;38;0;0;0
56;2;11;9;2;13;0;4;1;50;38;0;0;0
54;4;15;10;0;11;1;4;0;35;38;0;0;0
51;2;11;9;0;9;1;4;1;40;38;0;0;0
31;2;15;10;4;0;1;4;0;38;38;1;0;0
43;2;12;14;2;3;0;4;1;50;38;0;0;1
44;2;11;9;0;7;4;4;0;40;38;0;0;0
22;2;15;10;4;3;3;4;1;50;38;0;0;0
43;5;11;9;2;7;0;0;1;40;38;0;0;0
26;5;7;12;4;0;4;2;0;40;38;0;0;0
30;2;9;13;4;11;3;4;1;18;38;0;0;0
30;2;6;5;2;2;0;4;1;40;38;1;0;0
46;2;11;9;4;7;1;4;1;15;38;0;0;0
27;2;9;13;2;11;0;4;1;50;38;0;0;0
26;2;11;9;2;2;0;4;1;50;38;0;0;0
36;2;9;13;4;3;1;4;1;40;38;1;0;1
25;4;11;9;5;2;3;4;1;35;38;0;0;0
30;0;14;15;4;9;1;2;0;40;38;0;0;0
46;5;11;9;2;7;0;2;1;40;38;1;0;1
47;2;15;10;2;0;5;2;0;48;38;0;0;1
66;3;9;13;2;11;0;4;1;26;38;1;0;1
43;2;0;6;2;5;0;4;1;40;38;0;0;0
36;0;9;13;2;0;0;4;1;55;38;0;1;1
44;1;15;10;6;0;4;4;0;15;38;0;0;0
42;2;10;16;2;9;0;4;1;50;38;0;0;0
39;2;9;13;2;13;0;4;1;45;29;0;1;1
36;2;7;12;2;3;0;4;1;50;38;0;0;1
60;4;9;13;2;3;0;4;1;45;38;0;1;1
37;2;15;10;2;6;0;4;1;50;38;0;0;1
26;2;9;13;4;13;3;4;1;20;38;0;0;0
24;2;9;13;4;0;1;4;0;30;38;0;0;0
45;1;12;14;0;9;1;4;0;35;38;0;0;0
54;2;15;10;2;3;0;4;1;48;38;0;0;1
22;2;15;10;4;11;3;4;0;30;38;0;0;0
63;1;12;14;2;9;0;4;1;48;38;0;0;0
22;2;11;9;2;2;0;4;1;43;38;0;0;0
27;2;15;10;4;7;1;4;1;25;38;0;0;0
33;2;6;5;2;2;0;4;1;33;25;0;0;0
64;2;9;13;6;9;1;4;0;30;38;0;0;0
50;2;7;12;2;3;0;4;1;50;38;0;0;1
44;4;8;11;6;9;4;4;0;40;38;0;0;0
31;2;11;9;2;13;0;4;1;50;38;0;0;0
44;2;11;9;0;0;1;1;0;40;39;0;0;0
53;4;0;6;2;4;0;4;1;35;38;0;0;0
33;1;11;9;6;7;4;4;0;40;38;0;0;0
34;0;2;8;2;1;0;4;1;40;38;0;0;0
27;2;11;9;4;13;1;4;1;70;38;0;0;0
80;4;11;9;4;3;1;4;1;20;38;0;0;0
31;2;7;12;0;7;1;4;0;32;38;0;0;0
40;2;11;9;2;2;0;2;1;40;38;0;0;1
53;1;9;13;2;9;0;4;1;40;38;0;0;0
58;2;11;9;2;6;0;4;1;44;38;0;0;0
38;2;15;10;2;3;0;4;1;40;38;0;0;1
33;2;14;15;2;9;0;4;1;40;38;0;0;1
48;1;9;13;2;3;0;4;1;60;25;0;0;1
23;2;15;10;2;3;5;2;0;40;38;0;0;0
31;4;11;9;4;2;3;4;1;50;38;0;0;0
52;4;12;14;2;11;0;4;1;70;38;0;0;0
24;2;11;9;4;12;3;4;1;40;38;0;0;0
45;4;6;5;2;4;0;4;1;40;38;0;0;0
36;2;11;9;2;0;5;4;0;40;38;0;0;1
52;2;4;3;6;7;4;4;0;40;25;0;0;0
54;2;11;9;2;2;0;4;1;40;38;0;0;0
39;2;14;15;2;9;0;4;1;55;38;0;0;1
40;2;9;13;2;11;0;4;1;50;38;0;0;1
28;2;11;9;4;12;1;1;1;50;38;0;0;0
23;2;15;10;4;0;1;4;0;40;38;0;0;0
36;3;5;4;4;2;4;2;1;40;38;0;0;0
22;2;15;10;4;0;3;4;0;15;38;0;0;0
55;1;12;14;2;3;0;4;1;50;38;0;0;0
71;2;11;9;4;5;1;4;1;17;38;0;0;0
47;2;10;16;2;9;0;4;1;60;38;0;0;1
17;3;0;6;4;11;3;4;1;12;38;0;0;0
31;2;9;13;2;3;5;4;0;50;38;0;0;1
46;2;15;10;2;13;0;4;1;40;38;1;0;1
27;2;9;13;4;3;3;4;0;40;38;0;0;0
39;0;15;10;2;3;0;4;1;50;38;0;1;1
40;2;11;9;0;5;1;4;0;48;38;0;0;0
30;2;11;9;4;11;1;4;0;30;38;0;1;0
17;2;6;5;4;7;4;4;1;20;38;0;0;0
33;2;12;14;4;9;1;4;1;40;38;0;0;0
72;2;10;16;4;9;1;4;1;30;38;0;0;0
34;0;15;10;1;0;5;4;0;40;38;0;0;1
65;2;11;9;4;2;2;1;1;40;0;0;0;0
36;2;9;13;2;9;0;4;1;50;38;0;1;1
32;2;11;9;4;6;4;4;1;40;38;0;0;0
26;2;15;10;4;0;2;4;1;40;25;0;0;0
22;2;11;9;4;5;1;4;1;40;38;0;0;0
47;2;14;15;2;9;0;4;1;48;38;1;0;1
31;2;15;10;4;7;1;4;1;40;38;0;0;0
28;4;9;13;4;11;1;4;1;50;38;0;0;0
38;2;12;14;4;0;1;4;0;50;21;0;0;1
34;2;7;12;2;0;0;4;1;28;38;0;0;0
44;2;9;13;2;9;0;4;1;35;38;0;0;1
27;2;15;10;4;5;3;1;1;40;38;0;0;0
50;1;9;13;2;10;0;4;1;44;38;0;0;1
47;2;11;9;2;7;5;2;0;30;38;0;0;0
20;2;15;10;4;7;1;4;1;40;38;0;0;0
24;2;11;9;4;11;1;4;1;38;38;0;0;0
29;0;15;10;2;12;0;4;1;40;38;0;0;1
37;1;8;11;4;7;4;2;0;32;38;0;0;0
42;2;7;12;0;0;1;4;1;40;38;0;0;0
68;2;15;10;4;0;1;4;0;40;38;0;0;0
22;1;15;10;4;0;1;1;0;40;39;0;0;0
72;4;11;9;2;11;0;4;1;30;38;0;0;0
45;0;15;10;2;0;0;2;1;20;38;0;0;0
30;1;11;9;2;7;0;2;1;40;38;0;0;0
33;2;11;9;2;2;0;4;1;40;38;0;0;0
43;2;11;9;2;7;0;4;1;40;38;0;0;1
56;2;15;10;6;3;1;4;1;60;38;1;0;0
25;4;8;11;2;4;0;4;1;40;38;0;0;0
41;2;11;9;0;8;1;4;0;40;12;0;0;0
25;2;9;13;4;7;1;4;0;37;38;0;0;0
31;5;7;12;2;12;0;4;1;40;38;0;0;1
36;2;11;9;2;6;0;4;1;38;38;0;0;0
37;2;9;13;2;3;0;4;1;40;38;0;0;1
58;4;11;9;2;2;0;4;1;20;38;0;0;0
26;2;9;13;4;0;1;2;0;40;38;0;0;0
55;2;15;10;2;12;0;4;1;50;1;0;0;1
46;0;15;10;2;3;0;4;1;48;38;0;0;1
44;2;9;13;4;0;1;4;0;20;38;0;1;0
44;2;1;7;2;7;0;2;1;60;38;0;0;0
28;5;9;13;4;3;1;4;1;55;38;0;0;0
42;2;0;6;2;13;0;4;1;50;38;0;0;0
41;2;11;9;0;2;1;4;1;40;38;0;0;0
39;2;9;13;2;3;0;4;1;45;38;0;0;0
64;4;8;11;2;4;0;4;1;30;38;0;0;0
20;2;15;10;4;5;3;4;1;25;38;0;0;0
45;1;15;10;2;10;0;4;1;40;38;0;0;1
31;2;11;9;2;0;0;4;1;50;38;0;0;0
36;0;12;14;2;3;0;4;1;40;38;0;0;1
32;2;6;5;5;7;4;3;0;40;25;0;0;0
33;4;8;11;2;4;0;4;1;65;38;0;0;0
51;4;11;9;0;3;1;4;0;35;38;1;0;1
36;2;11;9;0;6;4;4;1;40;38;0;0;0
40;2;11;9;4;2;1;4;1;40;38;0;0;0
44;2;8;11;2;0;0;4;1;51;38;1;0;1
40;2;11;9;0;0;4;4;0;45;8;0;0;0
46;2;8;11;0;0;1;4;0;40;38;0;0;0
31;4;14;15;2;9;0;4;1;60;38;0;0;1
30;2;11;9;4;11;1;4;0;40;38;0;1;0
26;2;11;9;2;5;0;4;1;40;38;0;0;0
25;2;9;13;4;7;2;4;1;40;38;0;0;0
35;4;7;12;2;2;0;4;1;40;38;0;0;0
29;2;14;15;4;9;2;4;1;50;38;0;0;0
39;2;7;12;5;2;1;4;1;40;38;0;0;0
44;4;15;10;0;7;4;4;1;40;38;0;0;0
37;2;11;9;2;6;0;4;1;60;38;0;0;1
79;4;8;11;2;11;0;4;1;20;38;0;0;1
36;2;9;13;2;3;0;2;1;45;38;0;0;1
44;2;15;10;2;2;0;4;1;60;38;0;0;1
23;2;11;9;2;6;0;4;1;30;38;0;1;0
27;2;9;13;4;0;1;4;0;45;38;0;0;0
46;4;9;13;2;11;0;4;1;40;38;0;1;1
58;2;11;9;2;2;0;4;1;40;38;0;0;0
36;2;7;12;0;3;1;4;1;48;38;0;0;0
36;2;11;9;2;2;0;4;1;60;38;0;1;1
21;2;15;10;4;0;1;4;1;45;38;0;0;0
41;5;11;9;4;13;1;4;0;40;38;1;0;1
49;0;11;9;2;6;0;4;1;40;38;0;0;0
34;2;9;13;2;11;5;4;0;40;38;0;0;1
29;2;11;9;2;10;0;4;1;35;28;0;0;0
63;2;9;13;2;3;0;4;1;50;38;0;0;1
29;0;9;13;4;9;1;4;0;40;38;0;0;0
65;2;15;10;2;4;0;4;1;40;38;0;0;0
26;2;9;13;4;7;1;4;0;25;38;0;0;0
42;2;10;16;2;9;0;1;1;40;35;0;0;1
44;2;15;10;0;0;1;1;0;37;38;0;0;0
41;4;11;9;2;6;0;4;1;25;38;0;0;0
22;1;7;12;4;0;3;2;0;35;13;0;0;0
18;2;1;7;4;5;3;4;1;40;38;0;0;0
33;1;0;6;2;13;0;4;1;40;38;0;0;0
46;1;9;13;2;9;0;4;1;38;38;0;0;1
49;2;1;7;2;8;2;4;0;40;38;0;0;0
41;5;11;9;2;0;5;4;0;40;38;0;0;0
52;2;15;10;0;0;4;4;0;40;38;0;0;0
40;2;15;10;5;5;1;4;1;40;38;0;0;0
53;0;15;10;4;9;4;4;0;40;38;0;0;0
45;4;11;9;2;2;0;4;1;50;38;0;0;0
30;1;0;6;2;2;0;4;1;40;38;0;0;0
56;2;11;9;2;5;0;4;1;40;38;0;0;0
24;2;11;9;2;2;0;4;1;40;38;0;0;0
71;4;5;4;2;4;0;4;1;50;38;0;0;0
20;4;11;9;0;11;1;4;0;30;38;0;0;0
26;2;9;13;2;12;0;4;1;50;38;0;0;0
34;2;11;9;2;11;0;4;1;65;38;0;0;0
49;2;11;9;5;9;4;4;0;60;38;0;1;0
48;2;10;16;2;9;0;4;1;50;38;0;1;1
22;2;11;9;4;7;3;4;0;40;38;0;0;0
30;2;15;10;0;6;1;4;1;40;38;0;1;0
51;2;11;9;0;2;1;4;1;40;38;0;0;0
46;2;15;10;3;11;4;4;0;40;38;0;0;0
32;3;11;9;2;3;0;4;1;45;38;0;0;0
42;2;14;15;2;11;5;0;0;40;34;1;0;1
52;5;15;10;2;12;0;4;1;50;38;0;0;0
57;2;11;9;0;0;2;2;0;40;38;0;0;0
35;2;15;10;0;0;4;4;0;39;38;0;0;0
52;2;12;14;2;9;0;4;1;50;38;0;0;1
36;2;15;10;0;3;4;4;0;40;38;0;0;0
33;2;15;10;2;3;0;4;1;40;4;0;0;1
67;1;11;9;0;10;1;2;1;20;38;0;0;0
31;4;15;10;2;11;0;4;1;48;38;0;0;0
31;2;11;9;2;9;0;4;1;50;38;0;0;0
28;2;15;10;4;6;1;4;1;42;38;0;0;0
36;2;11;9;0;2;1;4;1;40;38;0;0;0
58;4;11;9;2;11;0;4;1;35;38;0;0;1
56;2;11;9;2;6;0;4;1;40;38;0;0;0
35;2;15;10;4;11;1;4;1;40;38;0;0;0
37;2;8;11;2;2;0;4;1;40;38;0;0;1
44;2;9;13;3;3;4;4;0;40;38;0;0;0
26;2;11;9;4;4;3;4;1;40;38;0;0;0
51;2;11;9;2;13;0;4;1;40;38;0;0;0
31;2;15;10;2;2;0;4;1;50;38;1;0;1
30;2;15;10;4;11;3;4;0;40;7;0;0;0
20;2;15;10;4;0;1;4;0;40;38;0;0;0
21;2;15;10;4;0;3;1;0;40;38;0;0;0
37;2;9;13;2;9;0;4;1;50;38;0;0;1
53;5;8;11;2;9;0;4;1;40;38;1;0;1
54;2;11;9;2;0;0;4;1;45;38;0;0;0
30;2;9;13;2;11;0;4;1;50;38;1;0;1
43;5;11;9;3;3;4;4;0;40;38;0;0;0
48;2;8;11;0;7;3;4;0;40;38;0;0;0
42;4;9;13;2;11;0;4;1;48;38;0;0;0
62;2;11;9;2;6;0;4;1;40;38;0;0;0
31;2;11;9;2;2;0;4;1;40;38;0;0;0
22;2;11;9;4;11;1;4;1;60;38;0;0;0
45;2;9;13;2;3;0;4;1;32;38;0;0;0
34;2;15;10;5;11;1;4;1;45;38;0;0;0
64;2;11;9;2;3;0;4;1;20;38;0;0;0
42;4;9;13;2;4;0;4;1;65;38;0;0;0
60;4;11;9;2;11;0;4;1;70;38;0;0;0
44;2;11;9;4;2;2;4;1;58;38;0;0;0
53;4;14;15;2;9;0;4;1;38;38;0;0;1
37;2;8;11;2;13;0;4;1;50;38;1;0;1
23;2;11;9;4;7;1;4;0;35;38;0;0;0
28;2;9;13;2;9;0;1;1;40;35;0;0;0
55;2;5;4;2;2;0;4;1;41;38;0;0;0
58;2;12;14;4;0;1;4;0;24;38;0;0;1
74;3;15;10;2;3;0;4;1;25;38;1;0;1
27;2;11;9;4;0;3;4;1;40;38;0;0;0
37;2;11;9;0;0;4;2;0;40;38;0;0;0
44;4;0;6;2;7;0;4;1;70;38;0;0;0
23;2;7;12;4;0;3;4;1;40;38;0;0;0
41;2;9;13;2;3;0;4;1;40;40;0;0;0
45;2;15;10;2;12;0;1;1;55;38;0;0;1
29;2;11;9;0;6;4;4;1;40;38;0;0;0
33;2;9;13;4;11;1;4;1;45;38;0;0;1
61;1;12;14;2;3;0;4;1;60;38;1;0;1
29;2;7;12;2;11;5;3;0;45;38;1;0;1
22;2;15;10;4;11;2;4;1;38;38;0;0;0
28;2;6;5;4;2;1;4;1;40;7;0;0;0
30;2;9;13;2;9;5;4;0;40;38;0;0;0
20;2;15;10;4;5;3;4;1;20;38;0;0;0
45;2;11;9;2;2;0;4;1;50;38;0;0;1
42;2;7;12;0;3;4;4;0;40;38;0;0;0
34;2;11;9;4;2;3;4;1;40;38;0;0;0
31;2;9;13;2;9;0;4;1;60;38;0;0;1
23;2;9;13;4;3;3;4;0;40;38;0;0;0
50;2;11;9;2;2;0;4;1;50;38;0;0;0
40;2;0;6;2;3;0;4;1;40;38;0;0;1
57;2;11;9;0;0;1;4;0;45;38;0;0;0
35;2;15;10;2;0;5;4;0;27;38;1;0;0
24;2;9;13;4;3;3;4;1;45;38;0;0;0
27;2;15;10;4;0;1;4;0;15;38;0;0;0
27;1;15;10;4;10;3;4;0;40;38;0;0;1
45;3;11;9;2;11;0;4;1;40;38;0;0;0
80;2;10;16;2;9;0;4;1;30;38;0;0;0
23;5;15;10;4;7;1;4;1;50;38;0;0;0
46;2;15;10;2;3;0;4;1;40;38;0;0;1
38;2;9;13;2;11;0;4;1;40;38;0;0;1
50;2;11;9;0;11;1;4;1;60;38;0;0;0
55;2;15;10;2;11;0;4;1;50;38;0;0;0
72;2;11;9;2;3;5;4;0;50;8;0;0;0
65;2;15;10;6;0;1;4;0;40;38;0;0;0
37;2;0;6;0;2;1;4;1;40;38;0;0;0
39;5;11;9;2;0;5;4;0;40;38;0;0;0
38;2;8;11;2;2;0;4;1;40;38;0;0;0
46;2;15;10;2;3;0;4;1;50;38;1;0;1
50;2;11;9;2;11;0;4;1;65;38;0;0;1
54;2;7;12;2;3;0;4;1;40;38;0;0;1
40;2;12;14;4;11;1;4;1;50;38;0;0;1
30;2;5;4;2;2;0;4;1;40;38;1;0;0
50;2;11;9;2;4;0;4;1;35;38;0;0;0
28;2;15;10;4;2;1;4;1;30;38;0;0;0
34;2;8;11;2;2;0;4;1;53;38;0;0;0
55;2;11;9;0;5;1;4;1;40;38;0;0;0
20;2;11;9;4;5;3;4;1;40;38;0;0;0
21;2;15;10;4;0;1;4;1;35;38;0;0;0
39;2;15;10;0;7;1;4;0;20;38;0;0;0
43;2;11;9;2;2;0;4;1;40;38;0;0;1
33;1;11;9;4;7;4;0;1;40;38;0;0;0
26;2;15;10;4;0;1;4;0;40;38;0;0;0
45;5;10;16;2;9;0;4;1;40;38;0;0;1
31;5;15;10;4;7;3;4;0;65;38;0;0;0
32;2;4;3;2;2;0;4;1;60;25;0;0;0
60;4;11;9;2;11;0;4;1;50;38;0;0;0
41;2;11;9;2;6;0;4;1;40;38;0;0;1
21;2;15;10;4;7;3;2;1;20;38;0;0;0
27;2;15;10;0;0;4;2;0;36;38;0;0;0
33;2;4;3;0;5;4;4;1;40;25;0;0;0
43;2;11;9;2;2;0;4;1;40;38;0;0;0
27;2;1;7;2;2;0;4;1;40;38;0;1;1
18;4;0;6;4;4;3;4;1;40;38;0;0;0
48;4;15;10;2;3;0;4;1;40;38;0;0;1
37;2;5;4;0;3;1;4;1;50;38;0;0;0
58;2;11;9;2;6;0;4;1;40;38;0;0;0
57;2;2;8;2;13;0;2;1;40;38;1;0;1
42;1;9;13;4;0;1;4;0;40;38;1;0;1
24;2;11;9;4;0;2;4;1;40;38;0;0;0
26;2;9;13;4;7;2;4;1;15;38;0;0;0
43;3;11;9;0;2;4;4;1;50;38;1;0;0
34;2;1;7;2;2;0;4;1;40;38;0;0;0
38;2;9;13;2;3;5;4;0;40;38;0;0;0
51;4;1;7;2;4;0;4;1;45;38;0;0;1
49;4;10;16;2;9;5;4;0;35;38;0;0;1
26;2;9;13;4;0;3;4;0;40;38;0;0;0
28;2;11;9;0;13;4;2;0;20;38;0;0;0
22;0;15;10;2;11;0;4;1;37;38;0;1;0
26;2;11;9;0;2;1;4;1;40;38;0;0;0
45;2;6;5;2;7;0;4;1;40;38;0;1;1
39;2;15;10;0;3;4;4;0;40;38;0;1;0
23;2;11;9;2;11;0;4;1;40;38;0;0;0
42;1;9;13;2;9;0;4;1;60;38;0;0;1
39;0;11;9;2;2;0;4;1;40;38;0;0;0
43;0;8;11;0;2;1;4;1;40;38;0;0;0
33;4;15;10;4;4;1;4;1;70;38;0;0;0
68;5;9;13;2;3;0;4;1;20;38;0;0;0
32;2;9;13;4;0;1;1;1;40;38;0;0;0
25;2;15;10;4;0;4;3;1;40;38;0;0;0
53;2;4;3;2;7;2;4;0;24;21;0;0;0
38;2;8;11;2;3;0;4;1;55;38;0;0;1
20;2;11;9;4;6;3;4;1;40;38;0;0;0
26;2;11;9;2;2;0;4;1;40;38;0;0;0
23;2;11;9;4;13;3;4;1;40;38;0;0;0
43;5;11;9;0;12;1;4;0;40;38;0;0;0
29;5;15;10;4;10;1;4;1;36;38;0;0;0
34;2;0;6;5;7;4;4;0;36;38;0;0;0
24;2;15;10;4;11;3;4;1;35;38;0;0;0
44;1;12;14;2;9;0;4;1;35;38;0;0;1
19;2;15;10;4;0;1;4;1;40;38;0;0;0
47;2;9;13;2;0;0;4;1;40;38;0;0;1
40;2;15;10;0;7;1;4;0;48;38;0;0;0
45;2;11;9;6;11;4;4;0;45;38;0;0;0
43;2;11;9;5;5;4;2;0;45;38;0;0;0
50;2;10;16;0;9;2;4;1;50;38;1;0;1
29;2;9;13;4;9;1;4;1;40;38;0;0;0
47;2;9;13;4;3;1;4;1;50;38;0;0;0
24;2;11;9;4;11;3;4;1;35;7;0;0;0
21;2;11;9;4;0;3;4;0;40;38;0;0;0
30;4;11;9;2;3;0;4;1;50;38;0;1;1
74;4;14;15;0;9;2;4;1;40;38;0;0;0
70;4;15;10;2;4;0;4;1;70;38;1;0;0
27;2;8;11;2;2;0;4;1;40;38;0;0;0
32;1;9;13;0;0;4;1;0;46;38;0;0;0
30;2;1;7;2;5;0;4;1;50;38;0;0;0
29;1;8;11;0;10;4;4;1;56;38;0;0;0
18;2;1;7;4;5;3;4;1;40;38;0;1;0
31;2;11;9;2;2;0;4;1;40;38;1;0;1
39;5;15;10;2;10;0;4;1;70;38;0;0;0
21;2;15;10;4;7;3;4;0;30;38;0;0;0
31;2;11;9;2;13;0;4;1;38;38;0;0;0
33;1;15;10;2;10;0;4;1;40;38;0;0;0
39;2;14;15;0;9;1;4;1;70;38;0;0;1
29;2;11;9;2;2;0;4;1;40;38;0;0;0
34;2;15;10;2;12;0;4;1;40;38;0;1;0
52;5;9;13;6;3;4;4;0;55;38;0;0;0
35;2;11;9;4;11;1;4;1;25;38;0;0;0
33;2;0;6;2;2;0;4;1;40;38;0;0;0
43;2;9;13;2;3;0;1;1;50;38;0;0;1
51;1;9;13;2;3;0;4;1;40;38;0;0;1
36;2;11;9;4;7;4;4;0;30;38;0;0;0
17;1;1;7;4;9;3;4;0;40;38;0;0;0
32;2;11;9;2;2;0;4;1;40;38;0;0;0
39;2;11;9;4;6;4;2;0;40;38;0;0;0
19;3;15;10;4;4;3;4;1;60;38;0;0;0
54;2;1;7;0;0;1;4;1;40;38;0;0;1
45;2;9;13;0;9;1;4;1;50;38;0;0;1
47;1;9;13;0;9;1;2;0;40;38;0;0;0
49;4;11;9;2;4;0;4;1;98;38;0;1;0
32;2;11;9;0;0;4;4;0;40;38;0;0;0
28;3;11;9;2;2;0;4;1;50;38;0;0;0
39;3;9;13;2;11;0;4;1;40;38;0;0;0
27;3;11;9;4;11;1;4;1;50;38;0;0;0
42;1;12;14;2;9;5;4;0;38;38;0;0;1
24;2;9;13;2;9;0;4;1;44;38;0;0;0
45;2;9;13;2;2;0;4;1;45;38;0;0;1
19;2;11;9;4;7;3;4;1;30;38;0;0;0
46;2;0;6;2;13;0;4;1;40;38;0;0;1
50;2;11;9;2;13;0;4;1;40;38;0;0;0
32;2;11;9;4;0;1;4;0;42;38;0;0;0
47;3;14;15;2;9;0;4;1;50;38;1;0;1
43;4;11;9;2;4;0;4;1;50;38;0;0;0
29;2;9;13;4;2;1;4;1;40;38;0;0;0
90;2;9;13;4;9;3;4;0;10;38;0;0;0
41;2;14;15;2;3;5;4;0;50;23;0;0;1
24;2;13;1;4;4;1;4;1;36;25;0;0;0
24;2;15;10;4;4;3;4;1;50;38;0;0;0
24;2;15;10;4;7;1;4;0;53;38;0;0;0
35;2;11;9;2;0;5;4;0;42;38;0;1;1
30;2;9;13;4;0;2;4;1;40;38;0;0;0
46;2;9;13;5;3;4;4;0;40;38;0;0;0
19;1;15;10;4;0;3;4;0;30;38;0;1;0
39;2;6;5;5;2;3;4;1;35;25;0;0;0
43;2;11;9;2;13;0;4;1;40;38;0;0;0
35;2;11;9;4;0;1;4;0;40;38;0;0;0
65;2;11;9;6;11;1;4;0;24;38;0;0;0
34;2;11;9;0;2;4;4;1;40;38;0;0;0
41;2;8;11;2;11;0;4;1;40;38;0;0;0
24;4;15;10;4;4;3;4;1;60;38;0;0;0
24;2;11;9;4;7;1;0;1;35;38;0;0;0
34;3;12;14;4;3;1;4;0;45;9;1;0;1
33;2;11;9;2;11;0;4;1;40;4;0;0;1
37;2;11;9;4;6;1;4;1;38;32;0;0;0
39;4;11;9;2;13;0;4;1;60;38;0;0;1
58;2;11;9;0;7;4;4;0;25;38;0;0;0
36;4;11;9;2;2;0;4;1;35;25;0;0;0
33;0;15;10;2;12;5;4;0;40;38;1;0;0
42;1;12;14;2;9;0;4;1;55;38;0;0;0
57;2;11;9;5;2;4;4;1;40;38;0;0;0
67;0;11;9;2;12;0;4;1;40;38;0;0;1
23;2;11;9;0;2;1;4;1;40;38;0;0;0
35;2;15;10;2;9;0;0;1;40;38;0;0;0
43;2;9;13;2;9;0;4;1;55;21;0;0;1
39;4;15;10;2;4;0;4;1;60;38;0;0;0
36;2;11;9;4;2;1;4;1;40;38;0;0;0
29;1;7;12;0;7;4;4;0;13;38;0;0;0
25;2;11;9;4;5;3;4;1;40;38;0;0;0
54;2;0;6;5;13;4;2;1;45;38;0;0;1
24;2;11;9;2;2;0;4;1;44;38;0;0;0
50;3;9;13;2;11;0;1;1;60;34;0;0;1
70;2;0;6;2;6;0;4;1;50;38;0;0;0
61;2;9;13;0;11;1;2;1;48;38;1;0;1
51;0;9;13;2;3;0;4;1;40;38;0;1;0
38;4;12;14;2;4;0;4;1;70;38;0;0;0
51;2;11;9;0;9;4;4;0;40;38;0;0;1
28;2;11;9;4;7;1;4;1;40;38;0;0;0
66;4;14;15;2;9;0;4;1;25;38;0;0;1
57;3;11;9;5;4;1;4;1;60;38;0;0;1
29;2;15;10;4;0;1;4;0;40;38;0;0;0
21;2;15;10;4;11;3;2;0;40;38;0;0;0
42;2;0;6;2;2;3;3;1;43;38;0;0;1
74;2;14;15;2;9;0;4;1;50;38;1;0;1
50;2;15;10;0;11;1;4;0;40;38;0;0;0
65;2;11;9;0;7;2;4;0;14;38;0;0;0
44;2;1;7;5;7;4;2;0;30;38;0;0;0
34;2;8;11;2;9;0;4;1;50;38;1;0;1
17;2;0;6;4;7;3;4;1;10;38;0;0;0
43;2;15;10;2;13;0;4;1;60;38;0;0;0
32;2;7;12;0;0;4;4;0;40;38;0;0;0
54;2;9;13;2;11;0;4;1;40;38;1;0;1
20;2;15;10;4;0;3;4;0;20;38;0;0;0
23;2;15;10;4;9;3;4;1;10;38;0;0;0
34;2;11;9;2;7;0;4;1;45;38;0;0;0
30;2;15;10;4;11;3;4;1;20;38;0;0;0
32;2;5;4;2;6;0;4;1;40;38;0;0;0
40;2;9;13;2;9;0;4;1;60;20;0;0;1
28;2;15;10;4;2;1;2;1;40;38;0;0;0
44;2;11;9;2;2;0;4;1;45;38;0;0;1
29;1;8;11;2;12;5;4;0;35;26;0;0;1
28;2;10;16;4;9;1;4;1;50;10;1;0;0
37;2;15;10;2;3;0;4;1;40;38;0;0;0
56;3;15;10;2;2;0;4;1;40;38;0;0;0
27;2;9;13;4;9;1;4;1;40;38;0;0;0
34;2;11;9;0;6;4;4;0;20;38;0;0;0
37;2;11;9;0;2;1;4;1;40;38;0;0;0
66;4;9;13;2;11;0;4;1;40;38;0;0;1
19;2;11;9;4;9;3;4;1;30;38;0;0;0
60;2;8;11;0;9;4;4;0;40;38;0;0;0
54;4;15;10;2;13;0;4;1;30;38;1;0;0
47;2;11;9;2;2;0;4;1;40;38;0;0;1
47;2;15;10;0;9;1;4;1;48;38;0;0;1
48;3;8;11;2;2;0;4;1;60;38;0;0;0
50;3;15;10;2;3;0;4;1;50;10;0;0;1
62;2;6;5;6;7;4;2;0;25;38;0;0;0
45;2;15;10;2;7;0;4;1;40;38;0;0;0
55;1;11;9;2;5;0;4;1;40;38;0;0;0
62;2;11;9;6;11;1;4;0;32;38;0;0;0
25;2;0;6;2;6;0;4;1;40;12;0;0;0
49;2;1;7;0;3;1;4;0;38;38;0;0;0
32;5;15;10;4;10;4;2;0;40;38;1;0;0
25;0;11;9;4;5;1;0;1;40;38;0;0;0
39;2;15;10;2;6;0;4;1;50;38;0;0;0
27;1;15;10;2;3;0;4;1;50;38;0;0;0
43;2;11;9;2;7;0;2;1;40;38;0;0;1
30;2;11;9;0;7;2;1;0;40;34;0;0;0
21;2;15;10;4;11;3;4;0;20;38;0;0;0
33;2;14;15;2;3;5;4;0;40;38;0;0;1
33;2;15;10;4;0;1;4;1;50;38;0;0;0
33;2;1;7;4;0;4;2;0;38;38;0;0;0
70;2;5;4;6;7;1;4;0;35;38;0;0;0
25;2;15;10;4;7;3;2;1;42;38;0;0;0
17;2;1;7;4;7;3;4;1;25;38;0;0;0
20;2;15;10;4;4;3;4;1;40;38;0;0;0
19;2;15;10;4;7;2;2;1;35;38;0;0;0
71;0;15;10;2;3;0;4;1;40;38;1;0;1
31;2;7;12;2;3;0;4;1;40;38;0;0;0
26;2;9;13;2;11;0;4;1;55;38;0;0;0
52;2;12;14;2;3;0;4;1;40;38;0;0;0
26;2;9;13;4;3;1;4;0;40;38;0;0;0
38;2;11;9;0;6;1;4;1;45;38;0;0;0
25;2;15;10;4;7;1;4;1;40;38;0;0;0
22;2;9;13;4;9;1;4;0;9;38;0;0;0
48;5;15;10;2;10;0;4;1;40;38;0;1;1
53;2;11;9;2;2;0;4;1;40;38;0;0;1
30;4;7;12;0;2;1;4;1;50;38;0;0;0
44;2;15;10;2;2;0;4;1;60;38;0;0;1
32;0;9;13;2;9;0;1;1;56;38;0;0;1
59;4;1;7;2;2;0;4;1;20;38;0;0;0
49;2;15;10;0;5;4;2;0;40;38;0;0;0
31;2;11;9;4;2;1;4;1;50;38;0;0;1
53;2;4;3;2;2;0;3;1;40;32;1;0;1
44;2;6;5;4;6;1;4;1;40;38;0;0;0
36;2;9;13;2;9;0;1;1;55;23;0;0;1
36;2;11;9;4;11;1;4;0;40;38;0;0;0
37;2;6;5;2;6;0;4;1;50;38;0;0;1
67;3;11;9;2;9;5;4;0;30;8;1;0;1
29;2;9;13;4;11;4;2;1;40;38;0;0;0
52;2;11;9;0;11;1;4;1;40;38;0;0;0
37;2;11;9;2;2;0;4;1;40;38;0;1;0
21;2;15;10;4;7;1;4;0;40;38;0;0;0
36;2;15;10;0;3;4;2;0;38;38;0;0;0
24;2;11;9;4;6;2;2;0;30;38;0;0;0
31;2;11;9;4;3;3;2;1;40;38;0;0;0
54;0;11;9;6;0;4;4;0;35;38;0;0;0
44;2;9;13;2;12;0;4;1;40;38;0;0;0
18;2;15;10;4;5;3;3;1;30;38;0;0;0
41;2;11;9;2;13;5;4;0;40;38;0;0;0
37;3;12;14;0;3;1;4;0;70;38;0;0;0
26;5;9;13;4;9;1;1;1;20;18;0;0;0
68;4;10;16;2;9;0;4;1;50;1;0;0;0
31;2;15;10;2;11;0;4;1;40;38;0;0;0
48;2;11;9;0;2;1;4;1;40;38;0;0;0
26;2;15;10;2;6;0;2;1;40;38;0;0;0
63;2;6;5;2;13;0;4;1;40;38;0;0;0
19;2;15;10;4;6;3;4;1;20;38;0;0;0
42;3;11;9;2;11;0;4;1;60;38;0;0;0
64;0;7;12;2;7;0;1;1;40;38;0;0;1
32;2;9;13;4;13;1;4;1;40;38;0;0;0
50;2;11;9;2;2;0;4;1;47;38;0;0;0
73;2;11;9;2;4;0;1;1;40;29;0;0;0
32;2;9;13;4;9;1;2;0;40;38;0;0;0
53;2;15;10;2;13;0;4;1;45;38;1;0;1
58;2;9;13;0;11;1;4;1;40;38;0;0;0
37;1;15;10;2;2;0;4;1;40;38;1;0;1
24;2;15;10;4;2;3;4;1;15;38;0;0;0
53;2;9;13;2;3;0;4;1;50;38;0;0;1
23;2;15;10;4;3;3;3;0;40;38;0;0;0
30;2;11;9;2;3;2;4;0;40;38;0;0;0
38;2;9;13;4;7;3;4;0;35;38;0;0;0
28;2;11;9;4;2;1;4;1;40;38;0;0;0
19;2;2;8;4;7;3;4;0;20;38;0;0;0
45;2;11;9;2;6;0;2;1;40;38;0;0;0
26;2;9;13;4;0;3;4;1;40;38;0;0;0
33;2;6;5;4;11;4;4;0;40;38;0;0;0
54;2;12;14;2;3;5;4;0;55;38;0;0;1
23;2;15;10;4;3;1;4;0;50;38;0;0;0
43;3;11;9;2;11;0;4;1;55;38;0;0;1
37;2;6;5;4;8;1;4;0;30;7;0;0;0
31;2;5;4;2;7;0;4;1;40;25;0;0;0
56;3;2;8;2;3;0;4;1;40;38;0;1;0
25;2;1;7;4;2;3;4;1;40;38;0;0;0
17;2;1;7;4;7;3;2;0;25;38;0;0;0
37;2;11;9;6;0;4;4;0;68;38;0;0;0
60;2;8;11;2;12;0;4;1;40;38;0;0;0
59;0;9;13;3;3;1;4;0;40;38;0;0;0
59;0;11;9;2;2;0;4;1;40;38;0;0;1
46;4;14;15;2;9;0;4;1;40;38;1;0;1
24;2;11;9;4;2;3;4;1;50;38;0;1;0
29;2;11;9;2;7;5;4;0;40;38;1;0;1
33;4;8;11;0;7;4;4;0;99;38;0;0;0
23;5;15;10;4;10;1;4;1;40;38;0;0;0
20;2;15;10;4;0;3;4;1;25;26;0;0;0
60;2;11;9;6;7;1;4;0;44;38;0;0;0
44;2;0;6;4;11;4;3;0;35;5;0;0;0
18;2;11;9;4;13;3;4;1;25;38;1;0;0
52;0;2;8;4;7;4;2;0;40;38;0;0;0
31;2;11;9;0;2;1;4;1;45;38;0;0;0
30;2;9;13;6;9;4;4;0;55;38;0;0;1
33;2;11;9;2;5;0;4;1;40;38;1;0;0
20;2;15;10;4;7;1;4;0;32;38;0;0;0
33;2;8;11;5;0;3;2;0;50;38;0;0;0
25;2;11;9;4;7;1;2;0;35;38;0;0;0
63;2;11;9;5;2;1;4;0;20;38;0;0;0
63;4;15;10;6;3;1;4;1;35;38;0;0;0
43;2;11;9;5;11;1;4;0;30;38;0;0;0
58;2;1;7;6;6;1;4;0;40;38;0;0;0
35;2;8;11;4;0;3;4;0;40;38;1;0;1
42;2;15;10;2;3;0;4;1;55;38;0;0;1
20;1;15;10;4;10;3;4;1;25;38;0;0;0
35;2;11;9;0;2;1;4;1;40;38;0;0;0
62;2;6;5;2;3;0;4;1;40;38;0;0;0
41;2;11;9;0;2;4;4;0;50;38;1;0;0
43;4;9;13;2;9;5;4;0;35;38;0;0;0
19;2;2;8;4;6;3;4;1;40;38;0;0;0
46;2;11;9;4;0;3;4;0;40;38;0;0;0
47;2;9;13;2;9;0;4;1;50;38;1;0;1
36;4;9;13;2;3;0;4;1;40;38;1;0;1
45;2;7;12;4;0;1;2;0;40;38;0;0;0
48;2;0;6;2;2;0;4;1;30;38;0;0;0
29;2;7;12;4;0;1;1;0;40;38;0;0;0
48;5;9;13;2;3;0;4;1;40;38;1;0;1
36;2;11;9;0;11;4;2;0;25;38;0;0;0
58;2;1;7;2;2;0;4;1;40;38;0;0;0
43;2;11;9;4;0;1;2;0;40;38;0;0;0
59;2;9;13;2;2;0;4;1;4;38;0;0;0
42;2;9;13;2;3;0;4;1;40;38;0;0;0
33;0;8;11;2;12;0;4;1;40;38;0;0;1
23;0;15;10;4;1;2;4;1;40;38;0;0;0
21;2;15;10;4;5;3;4;1;25;38;0;0;0
48;2;4;3;0;6;4;3;0;40;5;0;0;0
32;1;11;9;2;2;0;4;1;40;38;0;0;0
31;2;15;10;2;0;0;4;1;50;38;0;0;1
66;1;12;14;6;9;1;4;0;40;38;0;0;0
23;1;9;13;4;0;1;4;1;32;38;0;0;0
52;2;15;10;2;0;5;4;0;35;38;0;0;1
17;2;1;7;4;5;3;4;1;15;38;0;0;0
35;2;15;10;2;11;0;4;1;43;38;0;0;1
39;2;10;16;2;9;0;4;1;55;38;1;0;1
24;2;15;10;4;0;4;4;0;40;38;0;0;0
45;2;11;9;2;7;0;1;1;84;23;0;0;1
25;2;11;9;4;2;1;4;1;50;38;0;1;0
29;0;9;13;4;9;1;2;1;40;38;0;0;0
56;2;9;13;2;0;0;4;1;44;38;1;0;1
34;4;11;9;0;4;1;4;1;40;38;0;0;0
64;1;11;9;0;2;1;4;1;40;38;0;0;1
27;2;11;9;2;0;0;4;1;39;38;0;0;0
47;2;11;9;0;6;1;4;1;40;38;1;0;0
36;2;9;13;2;12;0;4;1;42;38;1;0;1
44;0;11;9;0;6;1;4;1;40;38;0;0;0
31;2;11;9;4;4;1;2;0;60;38;0;0;0
23;2;11;9;2;0;2;4;0;35;38;0;0;0
45;1;15;10;2;9;0;4;1;50;38;1;0;1
31;1;11;9;4;6;3;4;1;64;38;0;0;0
45;2;0;6;2;2;0;4;1;60;38;0;0;0
33;2;7;12;2;9;0;4;1;40;38;0;0;1
33;1;12;14;2;9;5;4;0;40;38;0;0;0
30;4;15;10;2;0;5;4;0;20;38;0;0;1
25;2;15;10;4;6;1;4;1;42;38;0;0;0
70;4;12;14;2;3;0;4;1;8;38;0;1;1
22;2;6;5;4;13;3;4;1;40;38;0;0;0
30;2;9;13;2;11;0;4;1;40;38;0;0;1
46;2;7;12;2;3;0;4;1;50;38;1;0;1
43;4;2;8;2;13;0;4;1;60;38;0;0;0
37;2;5;4;4;6;3;4;0;25;38;0;0;0
59;3;15;10;2;3;0;4;1;60;38;1;0;1
51;4;11;9;4;4;4;4;1;45;38;0;0;0
47;2;9;13;2;3;0;1;1;65;23;1;0;0
36;2;15;10;2;3;0;4;1;60;38;0;0;0
73;1;4;3;2;9;0;4;1;6;38;0;0;0
32;1;12;14;4;9;1;4;0;40;38;0;0;0
34;2;11;9;2;11;0;4;1;50;38;0;0;0
51;1;11;9;2;13;0;0;1;40;38;0;0;0
20;2;11;9;4;6;4;4;0;45;38;0;0;0
57;2;15;10;2;7;0;3;1;40;25;0;0;0
19;2;15;10;4;7;3;4;1;20;38;0;0;0
45;2;2;8;2;11;0;4;1;40;38;1;0;1
55;2;0;6;2;2;0;4;1;40;38;0;0;0
60;2;15;10;2;2;0;0;1;40;38;0;0;0
19;2;11;9;4;4;1;4;1;40;38;0;0;0
35;2;11;9;2;12;0;4;1;40;38;0;0;0
20;2;11;9;4;6;3;4;0;30;38;0;0;0
34;1;9;13;4;9;2;2;1;15;38;0;0;0
26;2;14;15;2;9;0;4;1;40;38;0;1;1
73;0;15;10;6;12;1;4;0;40;38;1;0;0
27;2;12;14;2;9;0;4;1;55;38;0;0;0
37;4;8;11;4;4;3;4;1;84;38;0;0;0
73;4;11;9;2;11;0;4;1;40;38;0;0;0
46;0;8;11;2;12;0;4;1;40;38;0;1;1
36;1;11;9;4;0;1;4;1;40;38;0;0;0
54;4;11;9;2;4;0;4;1;60;38;0;0;1
49;2;1;7;2;7;0;4;1;50;38;0;0;0
68;1;11;9;2;4;0;4;1;40;38;0;0;0
34;2;9;13;4;3;1;4;1;50;38;0;1;0
30;2;8;11;4;9;1;2;1;40;38;0;0;0
28;2;9;13;4;11;4;4;1;50;38;0;0;0
28;2;1;7;2;3;0;4;1;50;38;0;0;1
25;1;15;10;2;7;0;4;1;40;38;0;0;0
26;2;15;10;4;6;1;1;1;40;29;0;0;0
40;2;15;10;2;12;0;4;1;55;38;0;0;1
32;1;11;9;0;0;4;4;0;40;38;0;0;0
18;2;2;8;4;8;1;4;0;30;38;0;0;0
36;2;9;13;2;9;0;2;1;40;38;0;0;0
26;2;9;13;4;9;3;4;0;40;38;0;0;0
24;2;11;9;4;9;3;4;0;45;38;0;0;0
90;1;11;9;2;7;0;4;1;40;38;1;0;0
20;2;15;10;4;0;3;4;0;40;25;0;0;0
27;2;9;13;5;12;3;4;1;50;38;0;0;0
58;1;9;13;0;9;1;4;0;50;38;0;0;0
37;2;12;14;2;3;0;4;1;40;38;0;1;1
28;2;11;9;4;3;1;4;1;40;38;0;0;0
36;1;9;13;0;9;1;4;0;60;38;0;0;0
45;1;11;9;2;2;0;4;1;40;38;0;0;1
23;2;11;9;4;11;1;4;1;48;38;0;0;0
69;1;11;9;2;3;0;4;1;35;38;0;0;0
58;4;11;9;2;3;0;4;1;40;38;0;0;0
22;2;11;9;4;0;3;4;1;20;38;0;0;0
58;4;9;13;2;4;0;4;1;35;38;0;0;0
53;0;15;10;2;10;0;4;1;60;38;0;0;1
44;3;11;9;2;4;0;4;1;60;38;0;0;0
31;2;0;6;4;7;1;4;1;40;38;0;0;0
46;2;9;13;0;6;4;3;0;40;32;0;0;0
48;2;11;9;2;7;0;4;1;40;38;0;0;0
46;0;15;10;5;0;4;4;0;40;38;0;0;0
43;2;6;5;4;6;4;2;0;40;38;0;1;0
43;2;15;10;0;0;1;4;0;40;38;0;0;0
17;3;0;6;4;11;3;4;1;15;38;0;0;0
20;2;15;10;4;11;3;4;1;40;38;0;0;0
22;2;15;10;4;9;1;4;0;35;38;0;0;0
35;2;15;10;0;7;4;4;0;40;38;0;0;0
29;2;9;13;4;12;1;4;1;40;38;0;0;0
25;2;11;9;4;2;1;4;1;35;38;0;0;0
54;2;0;6;2;6;0;4;1;40;38;0;0;0
23;2;15;10;2;11;3;4;0;16;38;0;0;0
36;2;4;3;5;8;4;3;0;35;25;0;0;0
26;4;11;9;2;2;0;4;1;50;38;0;0;0
25;1;11;9;4;7;3;4;1;40;38;0;0;0
46;2;6;5;0;7;4;4;0;40;38;0;0;0
41;2;15;10;0;2;1;4;0;50;38;0;0;0
31;2;11;9;4;9;3;4;1;40;38;0;0;0
48;0;12;14;2;9;0;4;1;40;38;0;0;1
52;3;12;14;0;3;1;2;0;50;38;0;0;0
22;0;11;9;4;5;3;4;1;43;38;0;0;0
18;2;11;9;4;2;3;4;1;25;38;0;0;0
46;2;15;10;4;0;1;4;0;40;38;0;0;0
34;1;15;10;4;10;3;4;1;40;38;0;0;0
30;0;11;9;2;1;2;0;1;48;38;0;0;0
31;2;1;7;4;7;1;4;1;40;38;0;0;0
21;2;11;9;2;2;0;4;1;40;38;0;0;0
41;4;11;9;0;11;1;4;1;45;38;1;0;0
45;5;9;13;2;3;0;4;1;60;38;0;1;1
30;5;9;13;4;0;1;4;1;40;38;0;0;0
21;2;6;5;4;7;4;4;1;35;25;0;0;0
44;2;15;10;0;11;4;4;0;46;38;0;1;0
54;2;1;7;0;2;3;4;0;50;38;0;0;1
36;2;11;9;2;2;0;4;1;40;38;0;0;1
50;2;9;13;4;3;1;4;1;50;38;0;0;1
26;2;9;13;4;9;4;2;0;35;38;0;0;0
47;1;14;15;2;9;0;4;1;35;38;0;0;0
36;2;11;9;4;7;3;4;1;37;38;0;0;0
32;4;15;10;2;11;0;0;1;60;38;0;0;0
21;2;0;6;4;7;1;4;0;35;38;0;0;0
30;2;11;9;2;11;0;4;1;45;38;0;0;0
34;2;11;9;4;8;1;4;0;40;25;0;0;0
51;2;11;9;3;2;1;4;1;45;3;0;0;0
55;4;0;6;2;13;0;4;1;50;38;0;0;0
43;2;15;10;2;0;0;4;1;40;38;0;0;0
37;2;11;9;4;5;1;0;1;30;38;0;0;0
28;1;15;10;4;3;3;4;0;40;38;0;0;0
39;2;15;10;2;9;0;4;1;50;38;0;0;0
35;4;11;9;2;2;0;4;1;40;38;0;0;0
26;2;11;9;4;2;3;4;1;36;38;0;0;0
68;2;11;9;2;0;0;4;1;40;38;1;0;0
46;2;14;15;0;9;1;4;1;40;38;0;1;1
21;2;11;9;4;7;3;4;1;37;38;0;0;0
23;2;15;10;4;11;3;4;0;20;38;0;0;0
17;2;0;6;2;11;3;4;0;30;38;0;0;0
23;1;11;9;4;7;1;4;0;40;38;0;0;0
34;2;11;9;6;0;4;4;1;15;38;0;0;0
33;2;7;12;4;9;1;4;0;40;38;0;0;0
31;2;7;12;5;13;1;4;1;45;38;0;0;0
56;4;11;9;2;11;0;4;1;40;38;0;0;0
21;2;11;9;4;0;3;4;0;40;38;0;0;0
45;2;11;9;0;0;1;1;0;40;23;0;1;0
41;3;9;13;2;3;0;4;1;40;38;1;0;1
26;2;0;6;0;5;1;4;0;30;38;0;0;0
41;2;1;7;6;7;4;4;0;40;38;0;0;0
46;3;12;14;2;3;0;4;1;55;38;0;0;1
47;5;11;9;0;0;4;1;0;40;38;0;0;0
43;4;14;15;2;9;0;4;1;60;38;0;0;1
35;2;11;9;2;11;0;4;1;45;38;0;0;0
44;4;11;9;0;11;1;4;1;50;38;0;0;0
58;3;9;13;2;3;0;4;1;30;38;1;0;1
25;2;7;12;0;12;3;4;0;25;38;0;1;0
44;2;8;11;4;2;4;4;1;40;38;0;0;0
57;2;15;10;4;2;1;4;1;42;38;0;0;0
24;2;15;10;2;5;0;4;1;40;38;0;0;0
38;2;9;13;4;0;1;4;0;50;38;0;0;0
33;2;5;4;0;5;1;4;1;35;38;1;0;0
25;2;15;10;4;9;3;4;0;40;38;0;0;0
33;2;11;9;2;6;0;4;1;84;38;0;0;1
50;1;15;10;2;10;0;4;1;52;38;0;0;1
35;2;11;9;2;11;0;4;1;50;38;1;0;1
36;2;9;13;0;0;1;4;1;55;38;0;0;1
27;2;15;10;4;7;3;4;0;40;38;0;0;0
22;2;8;11;4;2;3;4;1;50;38;0;0;0
30;2;11;9;2;13;0;4;1;40;38;0;0;0
90;2;12;14;4;3;3;4;0;40;38;0;0;0
39;2;11;9;5;7;2;2;1;40;38;0;0;0
34;5;9;13;4;9;1;4;1;45;38;0;0;0
39;2;9;13;2;3;0;4;1;60;38;0;0;1
19;2;15;10;4;7;3;4;0;4;38;0;0;0
19;2;0;6;4;2;1;4;1;40;38;0;0;0
29;2;11;9;2;2;0;4;1;40;38;0;0;0
66;4;7;12;2;2;0;4;1;30;17;1;0;0
38;2;15;10;2;12;0;4;1;45;38;0;0;0
44;2;4;3;2;5;0;4;1;40;25;0;0;0
34;4;5;4;4;2;3;4;1;40;38;0;0;0
35;5;7;12;6;3;1;4;0;40;38;0;0;0
29;1;9;13;4;9;1;4;1;40;38;0;0;0
22;2;11;9;2;13;0;2;1;40;38;0;0;0
73;2;8;11;6;9;1;4;1;60;38;1;0;1
35;1;15;10;2;3;0;4;1;40;38;0;1;0
41;2;11;9;4;5;1;4;1;40;38;0;0;0
27;4;15;10;2;7;5;4;0;50;38;0;0;0
25;2;11;9;4;0;1;4;1;50;38;0;0;0
47;2;9;13;0;5;1;4;1;51;38;0;1;1
36;2;9;13;2;11;5;4;0;35;38;0;0;1
36;2;3;2;6;7;2;4;0;20;25;0;0;0
25;1;11;9;0;12;4;4;0;40;38;0;0;0
37;2;1;7;0;13;1;4;1;65;38;0;0;0
26;1;9;13;4;12;3;4;1;40;38;0;0;0
53;2;15;10;2;3;0;4;1;40;38;0;1;0
36;1;12;14;2;9;5;4;0;40;38;0;0;0
30;2;9;13;4;12;1;4;0;45;38;1;0;1
53;1;15;10;0;7;1;4;0;40;38;0;0;0
37;4;11;9;2;2;0;4;1;45;38;0;0;0
41;5;11;9;0;2;4;4;1;40;38;0;0;0
53;2;9;13;2;5;0;4;1;55;38;0;0;0
23;2;15;10;4;7;3;4;1;32;38;0;0;0
28;2;11;9;2;4;0;4;1;50;38;0;0;0
53;1;0;6;2;7;0;4;1;40;38;0;0;0
32;2;11;9;2;13;0;4;1;20;38;0;0;1
33;2;9;13;4;0;1;4;0;50;38;0;0;0
27;2;11;9;4;11;2;2;0;32;5;0;0;0
52;2;8;11;2;2;0;4;1;40;38;0;1;1
31;2;15;10;2;0;0;4;1;55;38;0;0;0
27;2;7;12;4;3;1;4;0;40;38;0;0;1
44;2;11;9;2;5;5;4;0;30;38;1;0;0
37;4;12;14;2;9;0;4;1;40;38;0;0;0
39;2;11;9;2;2;0;4;1;60;38;0;0;0
18;2;2;8;4;11;3;2;0;20;38;0;0;0
42;2;11;9;2;5;0;4;1;40;38;0;0;1
49;2;9;13;2;2;0;4;1;40;38;0;0;1
35;2;11;9;0;5;4;2;0;36;38;0;0;0
43;2;11;9;2;13;0;1;1;99;38;0;0;0
43;2;14;15;2;9;0;4;1;60;38;1;0;1
31;2;15;10;2;2;0;4;1;40;38;0;0;1
27;2;9;13;4;7;1;4;1;40;38;0;0;0
46;0;15;10;0;0;1;4;0;40;38;0;0;0
54;2;11;9;2;11;0;4;1;44;38;0;0;0
37;2;15;10;2;0;0;2;1;40;22;0;0;1
53;1;15;10;2;10;0;4;1;40;38;1;0;1
26;2;15;10;4;0;1;1;1;20;29;0;0;0
59;3;14;15;2;9;0;4;1;55;38;0;0;1
36;0;15;10;5;0;1;2;1;40;38;0;0;0
32;2;11;9;2;6;0;4;1;40;38;0;0;1
53;1;12;14;2;9;0;4;1;40;38;0;0;1
26;2;11;9;4;0;3;2;0;40;38;0;0;0
35;2;11;9;1;7;5;4;0;40;38;0;0;1
48;2;11;9;0;3;4;1;0;40;38;0;0;0
30;1;15;10;5;5;1;2;1;40;38;0;0;0
38;2;2;8;2;2;0;4;1;40;38;1;0;1
58;4;11;9;2;3;5;4;0;10;38;0;0;1
44;2;11;9;3;13;1;3;1;32;1;0;0;0
30;2;8;11;5;9;4;4;0;40;38;0;0;0
68;4;11;9;2;3;0;4;1;10;38;0;0;0
26;1;9;13;4;9;3;2;0;40;38;0;0;0
26;1;9;13;4;9;3;4;0;40;38;0;0;0
41;2;3;2;2;6;0;4;1;40;25;0;0;0
48;2;9;13;0;3;1;4;1;47;38;0;0;0
55;2;11;9;0;11;1;4;0;37;38;0;0;0
41;2;1;7;2;2;0;4;1;50;38;0;1;1
52;2;11;9;2;11;0;4;1;36;38;0;0;0
31;4;11;9;2;2;0;4;1;40;38;0;1;1
54;1;8;11;2;10;0;4;1;38;38;0;0;1
31;4;12;14;5;12;1;4;0;25;38;0;0;0
31;3;9;13;2;3;0;4;1;50;38;0;0;1
47;2;11;9;2;2;0;4;1;40;38;0;0;1
40;2;8;11;2;9;0;4;1;40;38;0;0;1
46;5;15;10;0;0;4;4;0;48;38;0;0;0
45;2;11;9;0;6;1;4;0;40;38;0;0;0
39;2;0;6;4;7;4;4;0;25;25;0;0;0
34;1;15;10;4;0;4;4;0;18;38;0;0;0
56;2;15;10;4;0;1;4;0;40;1;0;0;0
47;2;11;9;5;9;2;3;0;40;32;0;0;0
35;2;15;10;2;7;5;4;0;40;38;0;0;1
25;2;15;10;2;2;0;4;1;40;3;0;0;0
43;1;9;13;5;9;4;4;0;40;38;0;0;0
59;2;9;13;2;11;0;4;1;37;38;0;0;1
63;2;5;4;2;13;0;4;1;60;38;0;0;1
32;2;15;10;3;13;1;4;0;37;38;0;0;0
43;3;8;11;2;3;2;4;1;50;38;0;0;1
27;2;11;9;4;0;1;4;0;52;38;0;0;0
21;2;2;8;4;5;3;4;1;32;38;0;0;0
44;0;15;10;0;3;4;4;1;60;38;0;0;1
40;4;11;9;2;2;0;4;1;60;38;0;0;0
65;2;11;9;6;0;4;4;0;40;38;0;0;0
50;2;15;10;2;0;0;4;1;45;38;0;0;1
51;5;12;14;4;9;1;4;1;40;38;0;0;1
44;0;15;10;0;0;4;2;0;40;38;0;0;0
20;2;15;10;4;11;3;4;0;13;38;0;0;0
29;2;8;11;4;3;1;4;1;40;38;0;0;0
50;2;8;11;2;2;0;4;1;50;38;0;0;1
50;1;11;9;2;3;0;4;1;40;38;1;0;1
43;2;0;6;2;0;0;4;1;40;38;0;0;0
23;2;9;13;4;12;1;4;0;40;38;0;0;0
41;2;11;9;2;13;0;4;1;40;38;0;0;0
58;4;9;13;2;4;0;4;1;25;38;0;0;0
50;5;8;11;2;9;0;4;1;40;38;0;0;0
37;4;9;13;2;2;0;4;1;65;38;0;0;1
21;2;11;9;4;4;3;4;1;24;38;0;0;0
33;2;11;9;2;11;5;4;0;20;38;0;0;0
52;2;15;10;0;0;4;4;0;45;38;0;0;0
47;2;11;9;2;13;0;4;1;40;38;0;0;0
45;4;9;13;4;11;1;4;1;45;38;1;0;1
34;2;15;10;2;2;0;4;1;40;38;0;0;1
39;2;15;10;2;11;0;4;1;40;29;0;0;1
31;2;15;10;0;7;1;4;0;15;38;0;0;0
45;2;15;10;0;12;1;4;0;45;38;0;0;0
45;4;8;11;2;10;0;4;1;3;38;0;0;0
34;2;11;9;4;6;1;4;1;30;38;1;0;0
27;2;1;7;3;11;3;1;1;35;18;0;0;0
37;2;11;9;0;11;4;4;0;40;38;0;0;0
20;2;11;9;4;0;3;2;0;20;38;0;0;0
32;2;9;13;4;3;1;4;1;48;38;1;0;1
24;2;3;2;4;5;1;4;1;55;25;0;0;0
39;2;11;9;2;5;0;4;1;40;38;0;0;0
18;2;15;10;4;11;3;4;0;30;38;0;0;0
62;4;15;10;2;4;0;4;1;80;38;0;0;0
24;2;9;13;5;3;1;4;0;40;38;0;0;0
37;2;11;9;2;13;0;4;1;45;38;0;0;0
46;2;9;13;6;0;1;4;0;25;38;0;0;0
44;2;11;9;0;2;1;4;1;40;38;0;0;0
53;2;11;9;4;11;1;4;1;48;38;0;1;1
25;2;9;13;4;5;3;4;1;35;38;0;0;0
24;2;9;13;4;11;1;4;1;50;38;0;0;0
61;2;11;9;2;13;0;4;1;20;38;0;0;0
45;1;12;14;0;9;4;4;0;40;38;0;0;0
33;4;15;10;4;2;3;4;1;48;38;0;0;0
48;2;9;13;2;9;0;4;1;45;38;1;0;1
26;1;11;9;4;5;3;0;1;30;38;0;0;0
68;2;9;13;2;11;0;4;1;40;38;1;0;1
24;2;11;9;0;10;3;4;0;40;38;0;1;0
31;1;9;13;4;9;1;4;0;50;38;0;0;0
55;2;15;10;0;7;4;4;0;38;38;0;0;0
46;2;7;12;0;11;4;4;0;38;38;0;0;0
58;2;9;13;0;3;1;4;1;38;38;0;0;0
56;2;11;9;6;7;4;4;0;40;38;0;0;0
45;0;9;13;4;0;1;4;1;55;38;0;0;1
24;2;9;13;4;3;4;4;1;40;38;0;0;1
35;1;11;9;0;4;3;1;1;56;38;0;0;0
51;2;11;9;2;12;0;4;1;40;38;0;0;1
47;2;14;15;2;9;0;4;1;55;38;1;0;1
17;2;1;7;4;0;2;4;0;10;38;0;0;0
21;2;0;6;4;9;4;2;0;40;38;0;0;0
45;2;9;13;4;9;1;4;0;40;38;0;0;1
42;2;11;9;2;11;0;4;1;50;38;1;0;1
56;2;2;8;6;7;4;2;0;40;38;0;0;0
39;2;11;9;2;5;0;4;1;40;38;0;0;0
31;2;5;4;4;6;1;3;0;40;25;0;0;0
20;0;15;10;4;12;1;4;1;40;38;0;0;0
65;4;4;3;2;4;0;4;1;21;38;1;0;0
44;2;15;10;2;9;0;4;1;45;38;0;0;0
33;2;11;9;2;2;0;4;1;40;38;0;0;0
25;2;9;13;2;9;0;4;1;45;38;0;0;1
38;2;11;9;2;3;0;4;1;50;38;0;0;0
31;1;0;6;4;13;2;4;1;40;38;0;1;0
33;4;9;13;2;11;3;4;1;20;38;0;0;0
49;4;11;9;0;7;4;4;0;40;38;0;0;0
28;2;11;9;4;3;3;4;0;40;38;0;0;0
29;2;11;9;2;2;0;4;1;40;38;0;0;0
23;2;8;11;4;7;3;4;1;20;38;0;0;0
37;4;9;13;2;9;0;4;1;5;38;0;0;1
52;2;15;10;4;9;1;4;1;37;38;0;0;1
27;2;11;9;4;6;1;4;1;40;38;0;0;0
47;2;15;10;2;2;0;4;1;55;38;1;0;1
21;2;11;9;4;0;1;4;0;40;38;0;0;0
41;0;9;13;2;0;5;1;0;40;29;0;0;1
61;2;15;10;2;0;0;4;1;40;38;0;0;1
32;2;9;13;2;9;0;1;1;40;38;0;0;1
21;2;15;10;4;11;1;4;1;40;38;0;0;0
63;2;2;8;2;11;0;4;1;40;38;0;0;1
34;2;15;10;2;7;0;4;1;42;38;0;0;0
21;5;7;12;4;12;3;4;1;10;38;0;0;0
44;2;11;9;0;7;4;4;0;33;38;0;0;0
26;2;9;13;4;3;1;1;1;35;34;0;0;0
36;2;12;14;2;3;0;4;1;50;38;0;0;1
52;2;11;9;2;5;0;1;1;8;29;0;0;0
44;4;9;13;2;11;0;4;1;40;38;0;0;0
42;2;11;9;2;9;5;4;0;40;38;0;0;0
31;2;9;13;4;9;1;4;1;40;38;0;0;0
30;2;15;10;4;2;4;2;1;40;38;0;0;0
23;2;15;10;4;9;3;4;0;25;38;0;0;0
81;5;3;2;6;7;1;4;0;20;38;0;0;0
38;2;0;6;0;6;1;1;0;40;31;0;0;0
21;2;15;10;4;3;1;4;0;38;38;0;0;0
28;1;11;9;2;2;0;4;1;40;38;0;0;0
34;2;9;13;4;3;1;4;0;40;38;0;0;0
47;2;11;9;4;7;1;4;0;40;38;0;0;0
36;2;11;9;2;2;0;4;1;50;38;0;0;0
27;2;11;9;4;13;1;4;1;99;38;0;0;0
56;2;9;13;4;9;1;4;0;52;4;1;0;0
42;5;15;10;0;0;3;4;0;38;38;0;0;0
43;2;11;9;0;2;1;4;1;35;38;0;0;0
53;2;11;9;0;6;1;4;0;40;33;0;0;0
58;2;11;9;0;11;1;4;0;24;38;0;0;0
19;2;2;8;4;7;3;4;1;40;7;0;0;0
37;2;11;9;2;3;0;4;1;46;38;0;0;1
41;4;15;10;0;9;1;4;0;15;38;0;0;0
31;2;5;4;5;2;1;4;0;40;38;0;0;0
31;2;9;13;2;9;0;4;1;35;38;0;0;0
53;1;11;9;2;0;0;4;1;40;38;0;0;0
19;2;15;10;4;11;3;4;1;25;38;0;0;0
56;2;10;16;2;9;0;4;1;50;38;0;0;1
55;0;15;10;2;0;5;4;0;40;38;0;0;1
51;2;4;3;2;2;2;4;0;40;38;0;0;0
62;2;15;10;4;0;1;4;0;40;38;0;0;0
43;2;15;10;2;11;0;4;1;50;38;0;0;1
28;1;11;9;2;2;0;4;1;45;38;0;0;0
46;2;11;9;2;3;0;4;1;40;38;0;0;1
62;5;9;13;2;9;0;4;1;40;38;0;0;0
57;1;11;9;6;7;4;4;0;30;38;0;0;0
60;1;9;13;2;9;5;4;0;45;38;0;0;1
23;0;15;10;4;5;1;4;1;40;38;0;0;0
47;2;15;10;2;11;0;4;1;60;38;1;0;1
21;2;15;10;4;0;3;4;0;8;38;0;0;0
51;2;11;9;2;5;0;4;1;48;38;0;0;0
61;1;11;9;2;5;0;4;1;40;38;0;0;0
52;4;9;13;2;0;5;4;0;30;38;1;0;1
76;2;9;13;2;3;0;4;1;40;38;0;0;0
24;2;15;10;4;5;1;4;1;39;38;0;0;0
31;4;9;13;4;2;1;4;1;55;38;0;0;0
43;2;9;13;2;3;0;4;1;50;38;1;0;1
58;0;15;10;6;9;4;0;0;40;38;0;0;0
19;2;2;8;4;0;3;4;0;25;38;0;0;0
44;2;15;10;0;3;2;4;0;45;38;0;0;0
41;1;15;10;4;9;2;4;1;7;38;0;0;0
21;2;15;10;4;11;3;1;1;20;39;0;0;0
40;2;11;9;0;5;1;2;1;35;38;0;0;0
25;2;15;10;4;7;3;4;1;30;1;0;0;0
62;1;10;16;6;9;4;4;0;40;19;0;0;0
42;2;11;9;2;2;0;4;1;40;38;0;0;0
35;2;8;11;4;12;1;4;1;40;38;0;0;0
19;2;11;9;4;11;3;4;0;12;38;0;0;0
60;2;11;9;2;7;5;4;0;40;38;0;0;0
20;2;11;9;4;11;3;3;1;40;32;0;0;0
23;2;7;12;2;5;0;4;1;25;38;0;0;0
18;2;11;9;4;0;3;4;0;40;38;0;0;0
40;2;15;10;2;3;0;4;1;45;38;0;0;1
19;2;15;10;4;7;3;4;0;15;38;0;0;0
51;2;11;9;0;9;1;4;0;40;38;0;0;0
41;1;9;13;2;10;0;4;1;50;38;0;0;0
18;2;0;6;4;7;3;4;0;20;38;0;0;0
41;2;15;10;3;11;4;2;0;40;38;0;0;0
27;2;15;10;4;3;3;4;0;40;38;0;0;0
71;4;3;2;0;2;1;4;0;28;38;0;0;0
25;2;2;8;2;6;0;4;1;40;7;0;0;0
73;2;11;9;0;7;1;4;0;20;38;0;0;0
45;2;15;10;2;7;0;4;1;40;38;0;0;0
25;2;15;10;2;11;0;4;1;40;38;0;0;1
50;2;11;9;2;9;5;4;0;16;38;0;0;0
44;2;11;9;2;13;0;4;1;40;6;0;0;0
44;1;8;11;0;10;3;4;0;40;4;0;0;0
49;2;11;9;2;2;0;4;1;45;38;1;0;1
44;3;15;10;2;3;0;4;1;45;38;1;0;1
42;0;11;9;0;0;1;4;0;40;38;0;0;0
20;2;11;9;4;8;1;4;0;45;38;0;0;0
66;2;11;9;6;12;1;4;0;18;38;0;0;0
19;2;15;10;4;3;3;4;1;15;38;0;0;0
60;2;15;10;2;2;0;4;1;55;38;0;0;0
46;2;8;11;5;9;1;4;1;40;38;0;0;0
42;2;8;11;0;2;1;4;1;35;38;0;0;0
59;2;15;10;0;3;1;4;0;52;27;0;0;0
58;2;7;12;2;3;0;4;1;60;38;1;0;1
47;2;11;9;0;0;4;4;0;40;38;0;0;0
58;2;15;10;2;12;0;4;1;36;38;0;0;0
19;2;1;7;4;4;3;4;1;24;38;0;0;0
28;2;15;10;2;12;0;4;1;70;38;0;0;0
37;2;11;9;5;9;4;0;0;40;38;0;0;0
30;2;11;9;2;2;0;4;1;50;38;0;0;0
36;2;15;10;0;9;1;4;1;40;38;0;0;0
45;2;1;7;0;13;1;4;1;76;38;0;1;1
59;2;5;4;2;7;5;4;0;99;38;0;0;0
45;2;15;10;2;5;0;4;1;40;38;0;0;0
53;1;10;16;0;9;1;4;0;40;38;1;0;1
37;2;11;9;0;11;4;4;0;40;38;0;0;0
26;2;15;10;4;11;1;4;0;40;38;0;0;0
53;1;6;5;2;2;0;4;1;40;38;0;0;0
44;5;11;9;2;7;5;4;0;15;38;0;0;0
27;2;9;13;4;2;3;4;1;40;38;0;0;0
22;2;15;10;4;2;3;4;1;40;38;0;0;0
41;2;11;9;0;13;1;4;1;40;38;0;0;0
53;2;11;9;2;6;0;4;1;40;38;0;0;0
58;2;11;9;2;3;0;4;1;40;38;0;0;0
32;2;9;13;2;9;0;4;1;60;38;0;0;1
32;2;15;10;2;5;0;4;1;38;25;0;0;0
47;2;12;14;2;9;5;4;0;40;38;1;0;1
27;2;11;9;2;4;0;4;1;40;38;0;0;0
25;2;15;10;4;5;1;4;1;40;38;0;0;0
40;2;0;6;0;6;1;2;0;40;38;0;0;0
36;4;15;10;2;11;0;4;1;92;38;0;0;0
23;1;11;9;4;13;3;4;1;40;38;0;0;0
44;2;6;5;2;6;0;2;1;40;38;0;0;0
19;2;11;9;4;2;3;4;1;60;38;0;0;0
42;2;9;13;4;11;1;4;1;40;38;0;0;0
60;4;15;10;2;4;0;4;1;15;38;0;0;0
41;2;11;9;2;11;0;4;1;45;38;0;1;1
45;0;11;9;4;13;4;1;0;40;38;0;0;0
52;5;12;14;0;9;1;1;0;40;38;0;0;0
28;2;10;16;4;0;3;4;1;18;38;0;0;0
83;3;11;9;0;11;1;4;1;20;38;0;0;0
17;2;1;7;4;7;3;4;1;20;38;0;0;0
27;2;8;11;4;2;1;4;1;40;38;0;0;0
35;4;8;11;4;4;1;4;1;60;38;0;0;0
40;2;15;10;4;0;1;4;0;40;38;0;0;0
23;2;7;12;2;11;5;4;0;25;38;0;0;0
51;1;1;7;2;5;0;2;1;40;38;0;0;0
51;2;3;2;2;7;0;4;1;54;25;0;0;0
28;2;11;9;4;3;1;4;0;45;38;0;0;0
53;2;11;9;2;7;0;4;1;50;10;0;0;1
29;2;9;13;4;0;1;4;0;35;1;0;0;0
19;2;11;9;4;2;1;4;1;45;38;0;0;0
30;2;9;13;3;11;1;4;0;50;38;0;0;0
23;2;5;4;4;6;3;2;0;40;5;0;0;0
66;2;9;13;2;11;0;4;1;15;38;0;0;1
27;2;1;7;4;2;1;4;1;40;38;0;0;0
35;2;11;9;2;6;0;2;1;40;38;0;0;0
17;2;2;8;4;5;3;4;1;15;38;0;0;0
27;2;11;9;4;6;1;4;1;40;38;0;0;0
27;2;14;15;4;9;1;4;1;50;38;0;0;0
44;1;9;13;2;10;5;2;0;40;38;1;0;1
64;2;11;9;2;13;0;4;1;16;38;0;0;0
62;3;11;9;6;11;1;4;0;15;38;0;0;0
26;2;15;10;2;11;0;4;1;40;38;0;0;0
40;2;11;9;5;6;4;4;1;40;38;0;0;0
40;2;10;16;2;9;0;4;1;40;38;0;0;1
35;2;11;9;0;0;3;4;0;40;38;0;0;0
25;2;9;13;4;9;3;1;1;40;35;0;0;0
52;1;15;10;6;0;1;4;0;24;38;0;0;0
46;2;15;10;2;0;5;4;0;40;38;0;0;1
30;2;11;9;2;2;0;0;1;40;38;0;0;0
52;2;15;10;2;3;0;4;1;40;38;0;0;1
28;2;11;9;4;13;1;3;1;40;38;0;0;0
17;2;0;6;4;7;3;4;0;25;38;0;0;0
46;5;15;10;4;7;3;2;0;40;38;0;0;0
45;2;9;13;0;3;1;4;1;40;38;0;0;1
21;2;15;10;4;9;3;4;0;32;38;1;0;0
18;4;11;9;2;7;5;4;0;40;38;0;0;0
17;2;1;7;4;7;3;4;1;15;38;0;1;0
90;2;15;10;0;11;4;2;0;37;38;0;0;0
23;2;15;10;4;2;1;4;1;40;38;0;0;0
41;2;9;13;2;9;0;4;1;40;38;0;0;1
19;4;15;10;4;4;3;4;1;50;38;0;0;0
69;2;11;9;2;13;0;4;1;40;38;0;0;0
23;0;7;12;4;3;4;4;0;32;38;0;0;0
28;2;15;10;4;12;1;4;1;54;38;0;0;0
37;2;7;12;2;11;0;4;1;45;38;0;1;1
57;2;11;9;2;11;0;4;1;30;38;0;0;0
30;1;15;10;4;10;1;2;1;40;38;0;1;0
48;2;11;9;5;0;4;4;0;40;38;1;0;0
73;2;11;9;6;7;2;4;0;32;38;0;0;0
25;2;4;3;4;6;2;4;1;40;25;0;0;0
33;2;12;14;4;3;1;4;1;40;38;0;0;1
36;2;11;9;2;6;0;4;1;40;38;0;0;0
28;2;11;9;2;2;0;4;1;40;38;1;0;0
57;2;11;9;0;7;4;4;0;40;38;0;0;0
31;2;15;10;4;7;4;2;0;40;38;0;0;0
40;5;11;9;0;7;1;2;0;48;38;0;0;0
32;2;15;10;4;9;3;4;0;40;38;0;0;0
26;2;11;9;4;0;4;2;0;40;22;0;0;0
27;3;15;10;5;11;3;4;0;40;38;0;0;0
17;2;0;6;4;7;3;4;0;18;38;0;1;0
29;2;15;10;4;2;1;4;0;40;38;0;0;0
18;2;1;7;4;7;3;4;0;30;38;0;0;0
20;2;15;10;4;11;1;4;1;30;38;0;0;0
18;5;15;10;4;7;1;4;0;40;38;0;0;0
56;2;11;9;4;7;1;2;0;40;38;0;0;0
40;2;15;10;5;7;4;4;0;8;38;0;0;0
46;2;15;10;0;3;1;4;1;40;38;0;0;0
53;2;15;10;6;3;4;4;0;40;38;0;0;0
50;2;12;14;2;3;0;4;1;50;38;0;0;1
23;2;1;7;4;5;3;4;1;50;38;0;0;0
40;2;9;13;3;3;1;4;1;40;38;0;0;1
54;3;15;10;2;13;0;4;1;40;38;0;0;1
45;2;15;10;0;3;1;4;0;40;38;0;0;0
53;1;11;9;2;13;0;2;1;40;38;0;0;1
50;1;9;13;0;3;1;4;0;40;38;0;0;1
40;3;9;13;2;2;0;4;1;40;38;0;0;0
36;5;12;14;4;9;1;4;1;40;38;0;0;0
25;4;7;12;4;11;1;4;1;50;38;0;0;0
29;2;11;9;2;6;0;4;1;40;38;0;0;0
29;2;9;13;4;4;3;4;1;50;38;0;0;0
22;2;9;13;4;11;1;4;0;40;38;0;0;0
56;2;9;13;0;9;4;2;0;50;13;0;0;0
60;1;12;14;2;3;0;4;1;40;38;0;0;1
37;2;11;9;2;6;0;4;1;50;38;1;0;0
53;2;5;4;0;6;1;4;0;40;38;0;0;0
23;5;15;10;4;0;3;4;0;20;38;0;0;0
18;2;11;9;4;8;2;4;0;10;38;0;0;0
36;2;15;10;0;11;1;4;0;45;38;1;0;0
67;3;11;9;2;3;0;4;1;50;38;1;0;1
31;2;11;9;4;5;1;4;1;60;38;0;0;0
26;2;9;13;2;11;0;4;1;48;38;0;0;1
18;2;1;7;4;0;2;1;0;20;38;0;0;0
45;1;12;14;0;9;4;2;0;40;38;0;0;0
64;2;1;7;2;11;0;4;1;40;38;0;0;0
26;2;11;9;4;11;1;4;0;38;38;0;0;0
53;2;15;10;0;9;1;4;0;40;38;0;0;0
27;2;11;9;4;5;2;4;1;28;12;0;0;0
32;2;15;10;0;6;4;0;1;40;38;0;0;0
49;4;11;9;0;3;4;4;0;30;38;1;0;1
59;2;0;6;2;2;0;4;1;40;38;0;0;1
44;2;12;14;2;9;0;4;1;55;38;1;0;1
61;4;11;9;2;4;0;4;1;60;38;0;0;0
46;5;11;9;5;0;4;4;0;37;38;0;0;0
32;2;11;9;4;0;1;4;1;40;38;0;0;0
29;2;11;9;4;11;1;4;0;35;38;0;0;0
48;2;12;14;4;3;1;4;1;40;38;0;0;0
32;2;15;10;0;3;4;4;0;30;38;0;0;0
21;2;11;9;4;5;3;4;0;35;38;0;0;0
50;4;14;15;2;9;0;4;1;50;38;0;0;1
44;1;12;14;2;9;0;4;1;44;38;0;0;1
51;2;11;9;5;0;2;4;0;40;38;0;0;0
42;2;11;9;2;2;0;4;1;40;38;0;0;1
27;2;9;13;4;10;3;4;0;40;38;0;0;0
70;4;11;9;2;3;0;4;1;3;38;0;0;0
33;2;11;9;0;3;1;4;0;40;38;0;0;0
65;4;11;9;2;4;0;4;1;60;38;1;0;1
32;2;11;9;2;2;0;4;1;40;38;0;0;0
30;2;15;10;0;9;4;4;0;40;38;0;0;0
43;3;15;10;2;3;0;4;1;40;38;0;0;0
31;2;6;5;4;7;3;4;1;40;38;0;0;0
64;0;9;13;0;0;1;2;0;40;38;0;0;0
37;1;15;10;5;10;3;3;1;52;38;0;0;0
49;4;11;9;0;11;1;4;1;40;38;0;0;0
29;2;1;7;4;6;3;4;1;48;38;0;0;0
35;1;11;9;0;3;1;4;1;40;38;0;0;0
37;2;7;12;2;9;0;4;1;45;38;0;1;0
42;5;12;14;2;9;0;4;1;50;38;0;0;1
23;2;7;12;4;11;1;4;1;40;38;0;0;0
35;1;11;9;4;7;4;2;0;40;38;0;0;0
29;5;8;11;2;10;0;4;1;40;38;0;0;1
23;2;15;10;4;7;4;4;0;25;38;0;0;0
45;2;9;13;4;9;1;4;1;40;38;0;0;0
38;2;11;9;4;5;1;4;1;50;38;1;0;0
23;2;11;9;4;11;4;4;0;48;38;0;0;0
39;4;9;13;4;11;3;1;1;60;19;0;0;0
45;2;12;14;2;3;0;4;1;50;38;1;0;1
68;2;7;12;0;3;1;4;0;43;38;0;0;0
60;0;8;11;0;9;4;4;1;40;38;1;0;1
41;2;2;8;5;2;1;2;1;40;38;0;0;0
48;2;11;9;0;2;2;4;1;40;38;0;0;0
33;2;11;9;2;6;0;4;1;40;38;0;0;0
48;2;8;11;2;2;0;4;1;40;38;0;0;0
23;1;15;10;4;0;3;4;0;20;38;0;0;0
26;2;6;5;2;2;0;4;1;45;38;0;0;0
55;3;9;13;2;3;0;4;1;50;38;0;1;1
35;5;12;14;2;9;0;4;1;75;38;0;0;0
52;2;15;10;2;3;0;4;1;55;38;1;0;1
46;5;11;9;5;0;4;4;0;38;38;0;0;0
18;2;11;9;4;7;3;4;0;30;38;0;0;0
62;1;11;9;0;13;2;4;1;40;38;0;0;0
22;2;15;10;4;13;3;4;0;30;38;0;0;0
40;2;15;10;2;0;5;4;0;40;38;1;0;1
26;2;15;10;2;11;0;4;1;50;38;0;0;0
35;2;7;12;3;11;3;2;0;36;38;0;0;0
25;4;11;9;4;11;4;1;0;40;38;0;0;0
41;2;15;10;2;2;0;2;1;45;38;0;0;1
59;2;9;13;2;5;0;4;1;40;21;0;0;1
37;2;11;9;2;2;0;4;1;40;38;0;0;0
38;2;15;10;2;2;0;4;1;43;38;0;0;0
23;2;7;12;2;7;5;4;0;40;32;0;0;0
67;4;12;14;6;9;1;4;1;2;38;1;0;1
60;2;9;13;0;9;1;4;0;48;38;1;0;1
39;3;9;13;2;9;0;4;1;50;38;0;0;1
32;4;11;9;2;13;0;4;1;60;38;0;1;1
26;2;9;13;4;9;1;4;0;45;38;0;0;0
39;2;11;9;0;12;4;4;0;50;38;0;0;0
28;2;15;10;4;0;1;4;0;40;38;0;0;0
29;2;1;7;0;2;4;4;0;52;38;0;0;0
43;2;8;11;2;2;0;4;1;50;38;0;0;0
23;2;15;10;4;12;3;4;1;25;38;0;0;0
32;2;9;13;2;11;0;4;1;45;38;0;1;1
33;4;15;10;2;9;5;4;0;60;38;0;0;1
45;2;11;9;0;7;1;2;0;35;38;0;0;0
48;2;11;9;0;2;4;4;1;40;38;0;0;0
43;1;14;15;2;9;0;4;1;45;38;1;0;1
50;4;11;9;2;13;0;4;1;40;38;0;0;1
63;2;9;13;4;12;1;4;1;40;38;0;0;1
55;2;11;9;2;2;0;4;1;40;38;1;0;1
22;2;9;13;4;3;3;4;0;35;38;0;0;0
32;4;11;9;4;7;4;4;1;60;38;0;0;0
27;2;7;12;2;3;0;4;1;55;38;0;0;0
22;2;9;13;4;11;3;4;0;15;38;0;0;0
44;2;11;9;0;13;1;4;1;68;38;0;0;0
34;2;11;9;5;7;1;4;0;40;38;0;0;0
28;2;11;9;4;6;1;4;0;40;38;0;0;0
40;2;12;14;2;9;5;4;0;24;38;1;0;1
45;2;15;10;2;13;0;4;1;55;38;0;0;0
17;2;0;6;4;7;3;4;1;15;38;0;0;0
53;4;2;8;2;2;0;4;1;45;38;0;0;0
58;2;7;12;2;2;0;4;1;40;38;0;0;1
55;4;11;9;4;2;3;4;1;35;38;0;0;0
44;1;8;11;4;2;1;4;1;44;38;0;0;0
40;4;11;9;2;2;0;4;1;30;38;0;0;0
58;4;12;14;2;3;0;4;1;50;38;0;0;0
38;2;11;9;2;2;0;4;1;40;38;0;0;1
62;2;6;5;4;8;1;2;0;22;38;1;0;0
31;2;8;11;2;2;0;4;1;38;38;1;0;0
31;2;1;7;2;2;0;4;1;40;25;0;0;0
30;2;11;9;4;3;1;4;1;45;38;0;1;0
37;2;11;9;0;0;4;4;0;40;25;0;0;0
38;1;11;9;4;2;1;4;1;40;1;0;1;0
58;1;2;8;2;4;0;4;1;40;38;0;0;0
30;2;9;13;2;3;0;4;1;50;38;0;0;1
28;2;8;11;4;9;1;4;0;40;38;1;0;0
46;2;15;10;0;3;4;4;0;70;38;0;0;0
34;2;9;13;4;12;1;4;0;40;38;0;0;0
39;3;15;10;0;2;1;4;1;99;38;0;0;0
61;3;15;10;6;11;1;4;0;20;38;0;0;0
30;4;8;11;0;6;1;4;0;40;38;0;0;0
31;2;11;9;5;7;1;4;0;40;38;0;0;0
21;2;11;9;4;0;3;4;1;40;38;0;0;0
50;2;11;9;2;6;0;4;1;58;38;0;0;0
47;2;11;9;4;0;1;4;1;33;38;0;0;0
20;2;11;9;4;5;3;4;1;40;38;0;0;0
23;2;9;13;4;7;3;4;0;30;38;0;0;0
46;2;3;2;5;7;1;4;0;40;25;0;0;0
20;2;11;9;4;5;3;4;1;45;38;0;0;0
33;2;9;13;2;11;0;4;1;50;38;1;0;1
30;2;15;10;4;0;4;4;0;30;38;0;0;0
43;1;15;10;0;10;4;4;0;40;38;0;0;0
23;2;15;10;4;5;3;4;1;60;38;0;0;0
25;2;15;10;4;0;1;4;1;40;38;0;0;0
50;2;11;9;2;9;5;4;0;40;38;0;0;1
44;2;12;14;2;3;5;4;0;24;38;0;0;1
26;2;15;10;0;9;1;4;0;40;38;0;0;0
35;2;10;16;4;9;1;4;0;80;38;0;0;1
48;4;11;9;0;9;1;4;1;15;38;0;0;0
26;2;11;9;4;6;1;2;1;40;38;0;0;0
41;1;12;14;0;9;4;4;0;40;38;0;0;0
25;2;9;13;4;7;3;4;1;40;38;0;0;0
33;2;8;11;4;9;4;4;0;55;38;0;0;0
24;2;9;13;2;3;5;4;0;40;38;0;0;0
31;2;9;13;3;0;1;4;0;40;38;0;0;0
24;1;7;12;4;9;3;4;0;2;38;0;0;0
41;2;6;5;4;8;4;4;0;40;3;0;0;0
38;1;15;10;2;2;0;4;1;45;38;0;0;0
19;2;11;9;4;2;1;4;1;40;38;0;0;0
19;2;11;9;4;0;3;4;1;40;38;0;0;0
24;2;11;9;4;7;1;4;1;40;38;0;0;0
67;2;12;14;3;3;1;4;1;55;38;0;0;1
49;2;0;6;0;6;1;2;1;40;38;0;0;0
35;2;8;11;2;12;0;4;1;40;38;0;0;1
44;2;15;10;2;3;0;4;1;45;38;0;0;1
22;2;7;12;4;10;3;4;1;60;38;0;0;0
21;5;15;10;4;3;3;4;1;10;38;0;0;0
50;2;15;10;2;5;0;4;1;50;38;0;0;0
44;1;7;12;2;9;0;4;1;48;38;0;0;0
36;1;15;10;2;0;0;0;1;40;38;0;0;0
30;0;15;10;2;0;0;4;1;48;4;1;0;1
52;2;11;9;2;11;0;4;1;40;38;0;0;1
35;4;11;9;2;2;0;4;1;90;38;0;0;0
48;1;8;11;4;10;4;4;1;48;38;0;0;0
23;2;11;9;2;11;0;4;1;40;38;0;1;0
37;2;12;14;4;11;1;4;1;50;38;0;0;0
44;3;12;14;2;9;0;4;1;55;38;0;1;1
44;2;11;9;2;13;0;4;1;50;38;0;0;1
36;2;9;13;0;9;1;4;1;40;38;0;0;0
26;5;15;10;2;3;0;4;1;12;38;0;0;0
31;3;9;13;4;9;1;4;1;45;38;0;0;1
29;2;11;9;2;2;0;4;1;50;38;0;0;0
53;2;11;9;6;2;4;2;0;40;38;0;0;0
52;2;8;11;2;3;0;4;1;40;38;0;0;0
55;2;11;9;2;5;0;4;1;40;38;0;1;1
31;2;0;6;2;11;0;4;1;40;38;0;0;0
55;2;11;9;2;11;0;4;1;40;38;0;0;0
48;2;12;14;2;9;0;4;1;55;38;0;0;1
20;2;11;9;4;2;3;4;0;40;38;0;0;0
50;1;11;9;2;0;5;4;0;30;38;1;0;1
45;3;9;13;2;3;0;4;1;51;38;0;0;0
17;2;0;6;4;5;2;4;1;10;7;0;0;0
38;2;11;9;0;7;1;4;0;25;38;0;0;0
43;2;11;9;0;3;4;4;0;40;38;0;0;1
22;2;11;9;2;2;0;4;1;30;38;0;0;0
63;2;11;9;0;2;1;4;0;40;38;0;0;0
36;2;9;13;2;3;0;4;1;45;38;0;0;0
56;2;9;13;2;9;0;4;1;50;38;0;0;1
43;5;14;15;2;9;0;2;1;40;38;0;0;0
41;2;9;13;2;12;0;4;1;45;38;0;0;1
41;2;11;9;0;0;4;4;0;40;38;0;0;0
36;2;9;13;0;9;1;4;1;45;38;0;0;0
59;2;10;16;2;9;0;4;1;50;38;0;0;1
46;1;7;12;2;3;0;4;1;44;38;0;0;1
23;2;9;13;4;9;1;4;0;36;38;0;0;0
46;4;15;10;5;9;1;4;1;20;38;0;0;0
53;2;9;13;2;0;0;4;1;40;38;0;1;1
47;2;11;9;4;6;4;0;1;56;32;0;0;0
46;0;12;14;4;9;1;4;0;40;38;0;0;0
47;2;11;9;2;2;0;4;1;56;38;0;0;1
29;2;11;9;2;6;0;4;1;30;38;0;1;1
32;2;8;11;0;3;4;4;0;40;38;0;0;0
90;2;11;9;2;6;0;4;1;40;38;0;0;0
23;2;8;11;4;9;3;1;1;40;38;0;0;0
23;2;8;11;4;0;1;4;0;40;38;0;0;0
44;2;15;10;2;0;5;3;0;30;25;0;0;1
81;3;0;6;2;3;5;4;0;28;38;1;0;0
17;2;0;6;4;7;3;2;0;12;38;0;0;0
56;2;8;11;2;12;0;4;1;40;38;0;0;1
58;0;0;6;2;2;0;4;1;40;38;0;0;0
45;2;9;13;2;0;0;4;1;45;38;0;0;1
25;2;11;9;2;5;0;4;1;40;38;0;0;0
36;2;9;13;2;9;5;1;0;35;29;0;0;1
32;2;8;11;2;12;5;4;0;24;38;0;0;1
25;2;11;9;4;7;2;4;1;30;38;0;0;0
29;0;15;10;2;0;0;4;1;40;38;0;0;1
23;2;11;9;4;0;1;4;1;60;38;0;0;0
41;2;12;14;2;9;0;4;1;55;38;0;0;1
48;5;9;13;2;3;0;2;1;40;38;0;0;1
29;2;11;9;2;13;0;4;1;60;38;0;0;0
55;2;15;10;2;2;0;4;1;40;38;0;0;0
30;2;1;7;2;5;0;1;1;40;39;0;1;0
45;2;15;10;6;7;4;2;0;40;38;0;0;0
50;2;11;9;0;2;3;4;1;40;32;0;0;0
22;2;11;9;4;2;1;4;1;50;38;0;0;0
80;1;11;9;6;7;4;0;0;32;38;0;0;0
30;2;11;9;2;5;0;4;1;44;38;0;0;0
20;2;15;10;4;11;3;4;0;20;38;0;0;0
29;4;11;9;2;11;0;4;1;35;38;0;0;0
56;2;15;10;2;6;0;4;1;40;38;0;0;0
63;2;9;13;2;0;0;4;1;40;38;0;0;0
20;2;11;9;4;5;3;4;1;40;38;0;0;0
38;5;11;9;2;0;5;2;0;40;38;0;0;0
31;2;11;9;2;2;0;4;1;40;38;0;0;0
21;2;15;10;4;11;3;4;1;35;38;0;0;0
47;2;0;6;2;6;0;4;1;46;38;0;0;1
25;1;9;13;4;12;4;1;0;40;39;0;0;0
31;2;15;10;5;0;4;2;0;38;38;0;0;0
28;2;11;9;4;3;1;4;0;40;38;0;0;0
38;2;11;9;2;13;0;4;1;99;38;0;0;0
30;1;9;13;2;10;0;4;1;40;38;0;0;0
39;3;11;9;2;3;0;4;1;40;38;0;1;1
26;2;15;10;4;3;1;4;0;40;38;0;0;0
47;2;11;9;4;0;2;4;0;40;38;0;0;0
27;4;11;9;4;2;1;4;1;50;38;0;1;0
43;2;15;10;2;10;0;3;1;32;38;0;0;0
32;1;9;13;4;9;1;4;1;55;38;0;0;0
20;2;15;10;4;11;3;1;1;30;29;0;0;0
21;1;2;8;4;5;4;2;0;20;38;0;0;0
32;2;8;11;4;9;1;4;1;40;38;0;0;0
37;2;8;11;0;6;1;2;1;48;38;0;0;0
45;2;11;9;2;2;0;1;1;40;39;0;0;0
37;3;7;12;2;11;0;4;1;40;38;0;1;1
24;2;9;13;4;9;1;4;1;25;38;0;0;0
23;2;15;10;4;4;3;4;1;40;38;0;0;0
40;2;11;9;2;6;0;4;1;40;38;0;0;1
38;2;15;10;2;2;0;4;1;48;38;0;0;1
71;2;0;6;2;6;0;4;1;40;38;0;0;0
51;2;15;10;0;0;4;4;0;40;38;0;0;0
52;4;15;10;4;0;4;4;1;5;38;0;0;0
30;2;9;13;4;11;1;4;0;40;38;0;0;0
34;2;11;9;2;2;0;4;1;40;38;1;0;1
38;2;0;6;0;6;1;4;0;40;38;0;0;0
43;0;8;11;4;9;1;4;0;40;38;1;0;1
43;2;1;7;4;13;1;4;1;42;38;0;0;0
36;0;15;10;4;3;1;2;1;40;38;1;0;1
24;5;15;10;4;0;3;4;0;40;38;0;0;0
55;2;0;6;2;7;5;2;0;40;38;0;0;0
51;2;12;14;2;9;0;4;1;60;38;0;1;1
43;1;11;9;0;3;4;0;0;40;38;0;0;0
28;2;11;9;0;10;1;4;1;40;38;0;0;0
54;2;7;12;2;11;0;4;1;45;38;0;0;0
47;2;15;10;2;9;0;4;1;40;38;0;0;1
47;2;9;13;2;11;0;4;1;55;38;0;0;1
47;2;15;10;2;7;0;4;1;57;38;0;0;1
38;2;15;10;4;0;4;4;0;35;38;1;0;0
60;4;4;3;2;4;0;4;1;40;38;0;0;0
19;2;11;9;4;11;3;0;0;25;38;0;0;0
22;2;15;10;4;0;3;2;0;25;38;0;0;0
55;1;12;14;2;9;0;4;1;40;38;0;0;1
44;2;15;10;5;11;2;2;0;35;38;0;0;0
53;4;3;2;2;3;0;4;1;67;21;1;0;1
44;1;12;14;2;9;5;4;0;40;38;1;0;1
28;0;9;13;4;10;1;4;1;50;38;0;0;0
30;1;15;10;4;13;4;2;0;40;38;0;0;0
39;1;11;9;4;3;3;0;0;40;38;0;0;0
43;5;11;9;0;3;4;4;0;40;38;0;0;0
24;2;9;13;4;11;2;4;0;40;38;0;0;0
27;1;8;11;4;10;1;4;1;56;38;0;0;0
64;4;4;3;2;4;0;4;1;70;1;0;0;0
41;1;15;10;2;4;0;4;1;40;38;0;0;1
28;2;11;9;4;13;3;4;1;40;38;0;0;0
61;2;11;9;2;9;0;4;1;30;38;0;0;0
27;2;1;7;0;6;4;4;0;40;38;0;0;0
49;2;15;10;0;0;1;4;0;32;38;0;0;0
20;2;15;10;2;2;0;4;1;40;38;0;0;0
41;2;9;13;4;9;1;4;0;40;38;0;1;0
28;1;11;9;2;2;0;4;1;40;38;0;0;0
36;2;11;9;0;6;1;4;1;40;38;0;0;0
44;4;9;13;0;2;3;4;1;40;38;0;0;0
51;2;9;13;2;0;5;4;0;20;38;1;0;1
40;2;15;10;0;9;4;2;0;38;38;0;0;0
19;2;11;9;4;2;1;4;0;40;38;0;0;0
54;2;15;10;2;9;5;4;0;40;38;0;0;0
55;4;11;9;0;2;1;4;1;40;38;0;0;0
57;2;8;11;6;9;1;4;0;40;38;0;0;0
29;2;15;10;5;8;1;4;0;30;12;0;0;0
51;2;11;9;0;11;4;4;0;43;38;0;0;0
44;2;11;9;0;7;1;4;1;37;38;0;0;0
35;1;8;11;2;10;0;4;1;42;38;0;0;0
40;2;11;9;0;13;1;4;1;40;38;0;0;0
46;2;5;4;5;7;1;4;0;32;38;0;0;0
25;2;15;10;2;2;0;4;1;60;38;0;0;1
33;2;9;13;4;9;1;4;1;36;38;0;1;0
32;2;15;10;4;6;2;4;0;40;14;0;1;0
22;2;11;9;4;12;1;4;0;40;38;0;0;0
39;2;15;10;2;11;5;1;0;40;29;0;0;0
18;4;11;9;4;4;3;1;1;40;38;0;0;0
43;2;11;9;0;0;4;2;0;45;38;0;0;0
46;2;11;9;4;12;2;4;1;40;38;0;0;0
63;2;15;10;2;11;0;4;1;48;38;1;0;1
59;2;9;13;2;3;0;4;1;60;38;0;0;1
40;1;12;14;4;9;1;4;0;40;38;0;0;0
23;2;11;9;4;7;3;4;1;35;38;0;0;0
36;2;8;11;2;11;0;4;1;60;38;0;0;0
48;2;11;9;0;6;4;4;0;40;38;0;0;0
43;2;15;10;2;9;5;4;0;40;38;0;0;1
18;2;0;6;4;7;3;4;0;30;38;0;0;0
17;2;1;7;4;2;3;4;1;16;38;0;0;0
53;2;11;9;2;6;0;4;1;40;38;0;0;1
36;5;15;10;0;3;1;4;0;39;38;0;0;0
20;2;11;9;4;5;1;4;1;40;38;0;0;0
22;2;9;13;4;11;1;4;0;60;38;0;0;0
34;2;9;13;2;9;0;4;1;40;38;0;0;1
39;2;1;7;0;7;3;4;1;40;38;0;0;0
57;2;15;10;6;7;1;4;0;40;38;0;0;0
30;2;0;6;0;7;4;4;0;40;38;0;0;0
37;2;14;15;2;9;0;4;1;60;38;0;0;1
51;2;11;9;2;6;0;4;1;40;38;0;0;1
38;2;11;9;4;13;4;4;1;40;38;0;0;0
34;2;11;9;4;3;4;4;0;35;38;0;0;0
47;0;11;9;3;0;1;2;0;40;32;0;0;0
28;4;11;9;2;4;0;4;1;40;38;0;0;0
25;2;0;6;4;7;1;4;1;24;26;0;0;0
25;2;15;10;4;3;1;4;0;60;38;0;0;0
50;2;12;14;2;3;0;4;1;65;38;1;0;1
50;2;11;9;2;2;0;4;1;40;38;0;0;1
43;2;9;13;2;2;0;4;1;48;38;0;0;0
27;2;11;9;4;13;1;4;1;75;38;0;1;0
32;2;11;9;2;2;0;4;1;50;38;0;0;0
44;2;0;6;4;4;4;4;1;35;38;0;0;0
19;2;11;9;4;11;4;2;0;20;38;0;0;0
53;3;15;10;6;3;1;4;1;40;38;0;0;1
21;2;11;9;4;10;1;4;1;40;38;0;0;0
26;2;11;9;4;13;1;4;1;40;38;0;0;0
68;2;11;9;2;13;0;4;1;12;38;0;1;0
31;2;15;10;2;11;0;4;1;57;38;0;1;0
32;2;9;13;4;3;2;4;1;50;38;0;1;1
33;2;12;14;4;0;3;4;1;40;38;0;0;0
24;2;1;7;2;2;0;4;1;65;38;0;0;0
30;2;11;9;2;11;0;4;1;42;38;0;0;0
49;2;11;9;2;2;0;4;1;40;38;0;0;1
18;2;1;7;4;5;1;2;1;40;38;0;0;0
30;5;15;10;4;0;1;4;0;37;38;0;0;0
51;2;11;9;2;2;0;4;1;40;38;0;0;0
52;2;15;10;2;9;0;4;1;40;38;0;0;0
52;2;11;9;0;7;2;4;1;30;38;0;0;0
23;1;11;9;4;7;3;2;1;32;38;0;0;0
23;4;0;6;4;2;1;4;1;60;38;0;0;0
36;2;11;9;2;6;0;4;1;48;38;0;0;0
19;2;1;7;4;2;2;4;1;25;38;0;0;0
53;4;11;9;2;2;0;4;1;60;38;0;0;0
17;2;1;7;4;5;3;4;1;25;38;0;0;0
69;2;11;9;6;5;1;4;0;8;38;0;0;0
46;1;9;13;0;9;4;4;0;40;38;0;0;0
33;2;11;9;5;12;1;4;1;46;38;0;0;0
40;2;15;10;2;6;0;4;1;45;38;0;0;0
29;1;12;14;2;9;0;4;1;40;38;0;0;0
41;2;15;10;0;0;4;4;0;38;38;0;0;0
22;2;11;9;2;11;0;4;1;45;38;0;0;0
28;2;5;4;2;2;0;4;1;40;38;0;0;0
31;2;9;13;2;2;0;4;1;46;38;0;0;0
35;2;9;13;4;9;1;4;0;40;38;0;0;0
38;2;15;10;2;6;0;2;1;40;38;0;0;0
17;2;0;6;4;7;3;4;0;10;38;0;0;0
39;2;0;6;2;2;0;4;1;40;38;0;0;0
27;4;15;10;4;7;1;2;1;40;38;0;0;0
50;2;11;9;4;0;3;4;0;40;38;0;0;0
56;1;11;9;2;13;0;4;1;40;38;0;0;0
80;4;11;9;2;4;0;4;1;20;38;0;0;0
38;4;15;10;2;4;5;4;0;15;38;0;0;0
52;5;11;9;2;10;0;2;1;40;38;0;0;1
26;1;9;13;4;9;3;2;1;38;8;0;0;0
43;2;11;9;0;7;3;1;0;40;34;0;0;0
45;2;9;13;4;3;1;4;0;42;38;0;0;0
41;3;8;11;2;3;0;2;1;40;38;0;0;1
30;2;7;12;0;0;1;4;0;25;38;0;0;0
24;2;15;10;2;2;0;4;1;40;38;1;0;0
43;1;15;10;0;7;4;4;0;20;38;0;0;0
44;2;9;13;2;3;0;4;1;70;38;0;0;1
54;2;11;9;0;13;1;2;1;40;38;0;0;0
23;2;9;13;4;9;3;4;0;40;38;0;1;1
33;4;11;9;2;11;0;4;1;60;38;0;0;1
18;2;1;7;4;7;3;4;1;16;38;0;0;0
38;2;15;10;5;9;4;4;0;40;10;0;0;0
41;4;8;11;2;4;0;4;1;45;38;0;0;0
66;3;5;4;2;2;0;4;1;40;38;0;0;1
60;4;12;14;0;9;4;4;0;10;38;0;0;0
24;1;0;6;4;2;4;2;1;65;13;0;0;0
61;2;1;7;0;7;4;4;0;36;38;0;0;0
35;1;9;13;2;2;0;4;1;40;38;0;0;0
19;2;15;10;4;9;3;4;0;40;38;0;0;0
52;2;11;9;4;0;4;2;0;40;38;0;0;0
38;4;9;13;2;11;0;4;1;50;38;1;0;1
39;4;11;9;2;11;0;4;1;40;38;0;0;0
33;4;9;13;2;2;0;4;1;50;38;0;0;0
52;2;11;9;0;0;4;4;0;40;38;0;0;0
41;2;11;9;5;6;4;4;0;44;4;0;0;0
37;2;15;10;2;11;0;4;1;55;38;0;0;0
38;1;9;13;2;9;0;4;1;45;38;0;0;1
27;2;15;10;4;3;1;4;0;40;38;0;0;0
38;2;12;14;4;0;4;4;0;40;38;0;0;0
38;4;9;13;2;9;0;1;1;60;38;1;0;1
49;4;11;9;2;12;0;4;1;30;38;0;0;1
22;2;11;9;4;6;2;4;1;55;38;0;0;0
40;0;7;12;2;9;0;4;1;40;38;0;0;1
20;2;11;9;2;2;0;4;1;40;38;0;0;0
34;0;10;16;4;9;1;4;0;99;38;0;0;0
24;2;12;14;4;0;1;4;1;56;38;0;0;0
58;0;9;13;5;9;1;4;1;40;38;1;0;1
24;2;15;10;4;0;3;4;0;40;38;0;0;0
43;2;11;9;4;2;1;4;1;45;38;0;0;0
38;2;11;9;4;3;3;4;0;40;38;0;0;0
42;2;11;9;2;2;0;4;1;40;38;0;0;0
27;2;15;10;2;6;0;4;1;40;38;0;0;0
18;2;0;6;4;11;3;4;0;20;38;0;0;0
37;2;11;9;4;2;2;0;1;48;38;1;0;1
48;2;11;9;0;13;1;4;1;65;38;0;0;0
40;2;5;4;5;7;1;4;0;25;38;0;0;0
50;3;9;13;2;3;0;1;1;50;23;1;0;1
57;2;11;9;5;11;1;0;0;35;38;0;0;0
36;1;15;10;2;10;0;4;1;60;38;0;0;1
41;2;11;9;2;4;0;4;1;40;38;0;0;0
90;2;5;4;2;6;0;4;1;40;38;0;0;0
66;2;5;4;6;7;1;2;0;10;38;0;0;0
34;4;11;9;2;4;5;4;0;12;38;0;1;0
23;2;11;9;4;2;3;1;1;1;39;0;0;0
35;2;11;9;2;10;0;4;1;55;38;0;0;0
32;2;11;9;2;2;0;4;1;40;38;1;0;0
33;2;9;13;4;9;1;2;1;50;38;0;0;1
32;3;8;11;2;3;0;4;1;40;38;0;0;0
31;2;15;10;2;2;0;1;1;40;38;0;0;0
32;4;15;10;2;11;0;4;1;50;38;0;0;0
40;2;11;9;2;7;0;4;1;40;38;0;0;0
27;4;11;9;4;10;1;4;1;30;38;0;0;0
34;1;11;9;4;10;1;0;1;40;38;0;0;0
35;2;8;11;2;7;5;2;0;40;38;0;0;1
29;2;15;10;2;3;0;4;1;40;38;0;0;0
41;2;11;9;5;7;4;2;0;20;38;0;0;0
33;5;10;16;2;9;5;4;0;48;38;0;0;1
52;2;9;13;2;9;0;4;1;40;38;0;0;1
20;2;11;9;2;2;0;4;1;40;38;0;0;0
18;1;1;7;4;10;3;4;1;10;38;0;0;0
49;2;5;4;0;7;4;4;0;35;38;0;0;0
58;2;11;9;2;11;0;4;1;40;38;0;0;0
23;4;11;9;0;7;4;4;0;50;38;0;0;0
59;2;11;9;2;2;0;4;1;40;38;0;0;1
49;4;15;10;2;3;0;4;1;40;38;0;0;0
23;1;9;13;4;9;3;4;0;15;38;0;0;0
20;2;1;7;4;5;1;4;1;40;38;0;0;0
36;2;8;11;2;3;0;4;1;50;38;0;1;1
64;2;15;10;6;3;1;4;0;3;38;0;0;0
34;2;15;10;4;3;1;4;0;40;38;0;0;0
63;2;7;12;3;0;2;4;0;35;38;0;0;0
51;2;11;9;4;0;1;2;0;40;38;0;0;0
40;5;15;10;0;0;1;2;0;35;38;0;0;0
55;2;6;5;2;2;0;4;1;55;38;0;0;0
30;2;9;13;4;6;1;4;1;25;38;0;0;0
32;4;14;15;2;9;0;4;1;45;38;1;0;1
55;2;9;13;2;6;0;4;1;40;38;0;0;0
47;1;15;10;0;3;1;4;1;56;38;0;0;1
50;2;9;13;0;7;1;4;1;40;38;0;0;0
42;2;11;9;2;2;0;2;1;45;38;1;0;1
32;4;15;10;2;2;0;4;1;55;38;0;0;1
60;2;7;12;2;11;0;4;1;30;38;0;0;0
53;2;11;9;2;2;0;4;1;40;38;0;0;0
58;2;9;13;6;3;4;4;1;40;38;1;0;1
45;2;9;13;4;9;1;4;1;30;38;0;0;0
31;2;11;9;4;3;3;4;1;40;38;0;0;0
32;4;11;9;4;2;1;4;1;40;38;0;0;0
37;2;15;10;0;7;4;4;0;30;38;0;0;0
28;2;15;10;4;0;1;4;0;60;38;0;0;0
26;2;2;8;4;2;1;4;1;40;25;0;0;0
47;3;11;9;2;3;0;4;1;80;38;0;0;1
34;2;15;10;2;3;0;4;1;50;38;0;0;1
42;2;11;9;0;6;1;2;1;40;38;0;0;0
48;2;9;13;2;12;5;4;0;40;38;1;0;1
32;2;11;9;4;6;4;2;0;40;38;0;0;0
35;2;8;11;2;3;5;4;0;42;38;0;0;1
46;1;10;16;2;9;5;4;0;52;38;0;1;1
38;2;15;10;2;7;0;4;1;40;38;0;0;0
35;2;9;13;2;0;0;4;1;40;38;0;0;1
45;2;7;12;0;0;4;2;1;35;38;0;0;0
31;2;9;13;4;3;1;4;1;40;38;0;0;0
52;3;15;10;2;3;0;4;1;60;38;0;0;1
20;2;15;10;4;5;3;4;1;50;38;0;0;0
24;2;12;14;4;12;1;4;1;50;38;0;0;0
29;2;8;11;2;2;0;4;1;40;38;0;0;1
23;2;9;13;4;3;1;4;0;40;38;0;0;0
34;5;11;9;2;0;0;4;1;40;38;0;0;0
54;2;12;14;6;0;4;4;0;38;38;0;0;0
21;2;15;10;4;7;1;4;0;30;38;0;0;0
23;2;9;13;4;0;3;4;0;30;38;0;0;0
79;2;5;4;6;8;1;4;0;30;38;1;0;0
55;2;12;14;2;3;0;4;1;40;38;0;0;1
60;2;11;9;0;12;4;4;0;40;38;1;0;0
37;2;7;12;0;2;1;2;1;40;38;0;0;0
47;2;11;9;0;13;1;4;1;40;38;0;1;0
20;5;15;10;4;0;3;4;1;40;38;0;0;0
53;2;9;13;4;7;1;4;1;40;1;0;0;0
34;2;11;9;2;6;5;4;0;40;38;0;0;0
43;2;15;10;0;9;4;2;0;40;38;0;0;0
24;4;15;10;2;13;0;4;1;60;38;0;0;0
23;2;11;9;4;10;3;0;1;40;38;0;0;0
29;2;8;11;4;6;1;3;1;40;38;0;0;0
58;2;15;10;0;0;4;2;0;40;38;0;0;0
40;2;12;14;4;0;3;4;0;40;38;0;0;0
43;0;15;10;2;0;5;4;0;40;38;0;0;0
25;5;12;14;4;3;1;4;1;40;38;0;0;0
23;1;9;13;4;9;3;4;1;24;38;0;0;0
34;3;11;9;2;2;0;4;1;50;38;0;0;0
26;2;15;10;5;11;4;4;0;35;38;0;0;0
60;2;10;16;4;9;1;4;0;65;38;0;0;1
39;2;11;9;2;13;0;4;1;50;38;0;0;1
21;2;11;9;4;7;3;4;1;40;38;0;0;0
45;2;11;9;2;13;0;4;1;45;38;0;1;0
33;2;15;10;4;3;1;4;1;40;38;0;0;0
26;2;9;13;4;3;1;4;1;70;38;0;0;1
39;2;15;10;0;0;4;4;0;45;38;1;0;0
29;2;7;12;4;9;1;4;0;40;38;1;0;1
52;2;1;7;2;7;0;4;1;40;38;0;0;0
34;2;9;13;2;7;0;4;1;30;38;0;0;1
24;2;11;9;4;6;1;4;1;48;38;0;0;0
77;3;10;16;2;4;0;4;1;40;38;1;0;1
34;4;12;14;2;4;0;4;1;60;38;0;0;0
53;4;6;5;2;4;0;4;1;70;38;0;0;0
31;2;11;9;5;2;1;2;1;40;38;0;0;0
58;2;11;9;0;11;1;4;0;15;38;0;0;0
50;4;12;14;2;11;0;4;1;55;38;1;0;1
32;2;11;9;2;2;0;4;1;40;38;0;0;0
57;2;11;9;0;7;1;4;0;40;38;0;0;0
32;2;11;9;4;11;1;4;0;45;38;0;0;0
77;2;6;5;2;8;5;2;0;10;38;0;0;0
37;4;15;10;4;2;1;4;1;40;38;0;0;0
51;2;11;9;2;0;2;4;0;40;38;0;0;0
33;4;7;12;0;11;4;2;1;60;38;0;0;0
53;1;11;9;3;13;2;4;0;35;38;0;0;0
32;2;11;9;0;11;1;4;1;50;38;0;0;0
30;2;15;10;2;2;0;4;1;40;38;0;0;0
19;2;15;10;4;0;3;4;0;20;38;1;0;0
33;2;9;13;3;7;4;4;0;24;38;0;0;0
31;2;8;11;4;0;1;4;0;40;38;0;0;0
28;2;15;10;4;0;4;2;0;40;38;0;0;0
19;2;2;8;4;7;3;4;0;20;38;0;0;0
27;2;11;9;2;11;0;4;1;60;38;0;0;0
21;2;4;3;2;5;0;4;1;40;25;0;0;0
24;2;9;13;4;9;1;4;0;40;38;0;0;0
46;2;11;9;0;13;1;4;1;54;38;0;0;0
31;2;9;13;4;3;1;4;0;40;38;0;0;0
60;2;15;10;2;13;0;4;1;40;38;0;0;1
21;2;0;6;5;11;4;2;0;38;38;0;0;0
31;2;8;11;0;13;1;4;1;40;38;0;0;0
26;2;9;13;2;11;0;4;1;40;38;0;0;1
46;2;11;9;0;8;1;4;0;25;38;0;0;0
25;3;11;9;2;3;0;4;1;60;38;0;0;1
23;1;15;10;4;0;1;4;1;30;38;0;0;0
53;3;12;14;2;3;0;4;1;40;38;0;0;1
29;2;11;9;2;0;5;4;0;40;38;0;1;0
45;2;15;10;2;9;0;4;1;50;38;0;0;1
70;2;9;13;0;0;1;4;1;40;38;0;0;0
55;3;9;13;2;11;0;4;1;60;38;1;0;1
40;5;10;16;2;9;0;4;1;50;38;0;1;1
17;2;0;6;4;7;3;4;1;30;38;0;0;0
18;2;11;9;4;2;3;4;1;40;38;0;0;0
34;2;12;14;4;11;4;4;1;60;38;0;0;1
41;2;15;10;0;0;1;4;0;40;38;0;0;0
28;2;9;13;4;0;1;4;1;40;38;0;0;0
23;5;11;9;4;10;3;4;1;40;38;0;0;0
32;2;15;10;4;3;2;4;1;40;38;0;0;0
56;2;5;4;2;6;0;2;1;48;38;0;0;0
36;2;11;9;0;3;4;4;1;45;38;0;0;0
26;2;11;9;4;0;1;4;1;50;38;0;0;0
62;2;9;13;6;12;4;4;0;7;38;0;0;0
35;2;7;12;0;0;4;4;0;40;38;0;0;0
25;1;9;13;4;9;1;4;0;40;38;0;0;0
28;2;11;9;2;13;0;4;1;50;38;0;0;0
21;2;15;10;4;0;3;4;0;25;38;0;0;0
31;2;0;6;2;13;0;4;1;40;38;0;0;0
23;2;7;12;4;7;3;4;1;25;3;0;0;0
58;3;9;13;2;9;0;4;1;40;38;0;0;1
55;1;12;14;2;9;0;4;1;40;38;0;0;1
54;2;11;9;2;2;0;4;1;40;38;0;0;0
33;2;11;9;2;13;0;4;1;40;38;1;0;0
28;2;1;7;2;5;0;4;1;40;38;1;0;1
40;2;1;7;2;6;0;4;1;30;38;0;0;0
33;4;9;13;2;11;0;4;1;80;38;1;0;1
27;2;14;15;4;9;1;1;1;10;18;0;0;0
55;2;11;9;0;0;4;4;1;25;38;0;0;0
53;2;11;9;5;13;4;4;1;45;38;0;0;0
23;2;2;8;4;13;1;4;1;46;38;0;0;0
66;2;11;9;6;2;1;4;1;16;38;0;0;0
34;4;8;11;2;3;0;4;1;60;38;0;0;1
39;2;0;6;0;13;1;4;1;40;38;0;0;0
21;2;15;10;4;0;3;2;0;40;38;0;0;0
26;2;15;10;3;0;3;3;0;35;38;0;0;0
21;2;11;9;4;0;3;4;0;40;4;0;0;0
59;2;11;9;2;11;0;4;1;40;38;0;0;0
61;2;0;6;2;13;0;4;1;40;38;0;0;0
30;2;9;13;2;11;0;4;1;50;38;0;0;1
22;2;8;11;2;6;0;4;1;40;38;0;0;0
47;2;11;9;0;6;4;4;0;30;38;0;0;0
50;2;11;9;0;7;1;4;1;40;38;0;0;0
67;2;9;13;0;3;1;4;0;5;38;0;1;0
59;1;0;6;2;2;0;4;1;40;38;0;0;0
35;2;7;12;4;7;1;4;0;80;38;0;0;1
56;4;15;10;3;4;1;4;0;20;38;1;0;1
34;2;11;9;0;3;4;4;0;50;38;1;0;0
63;2;0;6;6;4;4;4;0;56;38;0;0;0
48;2;15;10;2;2;0;4;1;40;10;0;0;0
41;0;15;10;2;9;0;4;1;44;38;0;0;1
26;2;15;10;4;5;3;2;0;20;38;0;0;0
47;2;0;6;2;11;0;4;1;52;38;0;1;0
29;4;8;11;2;4;0;4;1;50;38;0;0;0
30;2;11;9;4;5;3;4;1;40;38;0;0;0
19;2;11;9;4;11;3;4;1;20;38;0;0;0
27;2;9;13;4;0;1;4;0;37;38;0;0;0
59;4;11;9;2;4;0;4;1;70;38;0;0;0
19;2;11;9;4;2;3;4;1;40;38;0;0;0
45;2;6;5;2;5;0;1;1;40;18;0;0;0
37;2;11;9;4;0;1;4;1;40;38;0;0;0
44;1;10;16;3;9;4;4;0;38;38;0;0;0
34;0;9;13;2;0;0;1;1;38;38;0;0;0
30;2;9;13;4;12;1;4;0;35;38;0;0;0
30;2;9;13;2;3;0;1;1;40;16;0;0;1
56;2;1;7;5;7;1;2;0;40;38;0;0;0
19;2;11;9;4;7;3;4;0;40;38;0;0;0
37;2;5;4;2;2;0;4;1;40;38;0;0;0
45;2;12;14;2;3;0;4;1;43;38;0;1;1
21;2;15;10;4;0;3;4;0;40;38;0;0;0
34;4;11;9;2;4;0;4;1;45;38;0;0;0
27;2;9;13;2;3;2;4;1;50;38;0;0;0
44;1;12;14;4;9;1;4;0;40;38;0;0;0
33;2;9;13;4;3;1;4;1;40;38;0;0;0
32;2;15;10;4;3;2;4;0;50;38;0;0;0
37;2;15;10;2;2;0;4;1;40;38;0;0;0
26;2;9;13;4;11;1;4;0;48;38;0;0;0
49;2;11;9;2;2;0;4;1;60;38;1;0;0
20;2;15;10;4;9;1;4;0;30;38;0;0;0
37;2;15;10;2;2;0;4;1;40;38;0;0;0
22;2;4;3;2;2;0;4;1;48;25;0;0;0
44;2;9;13;4;12;1;4;1;35;38;0;0;0
30;1;11;9;2;2;0;4;1;40;38;0;0;0
55;1;11;9;2;7;0;4;1;40;38;0;0;0
36;2;1;7;2;6;0;4;1;40;38;0;0;0
29;2;2;8;4;12;1;4;1;40;38;0;0;0
45;5;8;11;2;10;0;4;1;40;38;0;0;0
38;3;9;13;2;11;0;4;1;55;38;0;0;1
42;2;15;10;4;2;1;1;1;40;38;0;0;0
27;2;8;11;4;3;3;4;0;40;38;0;0;0
20;2;15;10;4;0;3;4;1;25;38;0;0;0
43;2;9;13;2;9;0;4;1;35;38;0;0;0
21;2;11;9;4;0;3;4;1;40;38;0;0;0
33;2;9;13;4;9;1;4;0;40;38;0;0;0
36;4;11;9;2;2;0;4;1;80;38;0;0;1
34;2;2;8;2;7;0;4;1;40;5;0;0;0
54;2;15;10;2;3;0;4;1;44;38;0;0;1
30;2;11;9;2;2;0;4;1;40;38;0;0;1
63;2;11;9;2;6;0;2;1;40;38;0;0;0
36;2;9;13;2;3;0;4;1;50;38;0;0;1
25;2;9;13;4;3;1;4;1;50;38;0;0;0
55;2;11;9;0;2;1;4;1;40;38;0;0;0
44;2;15;10;2;9;0;4;1;45;38;0;0;1
41;2;11;9;4;6;4;2;0;40;38;0;0;0
47;2;7;12;2;9;0;4;1;40;38;0;0;1
41;2;9;13;4;9;1;4;1;40;38;0;0;1
35;2;11;9;2;13;0;3;1;40;5;0;0;0
18;2;11;9;4;0;3;4;0;40;38;0;0;0
23;2;11;9;0;7;4;4;0;30;38;0;0;0
57;2;9;13;2;3;0;4;1;40;38;0;0;0
56;4;3;2;4;3;1;0;1;65;38;0;0;0
25;3;15;10;4;11;3;4;0;35;38;0;0;0
35;4;9;13;4;9;3;4;0;40;38;0;0;0
61;2;8;11;2;0;0;4;1;40;38;0;0;0
36;5;9;13;0;9;1;4;0;55;38;0;0;0
18;2;2;8;4;11;3;2;0;15;38;0;0;0
21;2;15;10;3;11;3;2;0;20;38;0;0;0
32;1;11;9;2;13;0;4;1;40;38;0;0;0
52;2;2;8;2;6;0;4;1;45;38;0;0;1
48;2;11;9;2;2;0;4;1;55;38;0;0;0
40;2;9;13;0;9;1;4;0;40;38;0;0;0
35;2;11;9;2;3;0;4;1;40;38;1;0;1
42;2;11;9;0;0;1;4;0;40;38;0;0;0
34;2;15;10;2;6;0;2;1;40;38;0;0;0
27;2;7;12;2;12;0;4;1;40;38;0;0;0
47;4;9;13;4;4;1;4;1;65;38;0;0;0
65;4;6;5;2;2;0;4;1;45;38;0;0;0
61;3;12;14;6;3;4;4;0;99;38;0;0;0
18;2;15;10;4;11;3;4;1;28;38;0;0;0
48;2;10;16;2;9;0;4;1;45;38;0;0;1
26;2;15;10;4;13;1;2;1;75;38;1;0;0
30;2;9;13;4;11;1;4;1;40;38;0;0;0
68;4;11;9;2;4;0;4;1;50;38;0;0;1
23;2;11;9;2;11;0;4;1;80;38;0;0;0
65;4;11;9;2;3;0;4;1;24;38;0;0;0
32;2;9;13;2;0;0;4;1;44;38;0;0;0
44;2;12;14;2;3;0;4;1;40;38;0;0;1
48;1;12;14;2;9;5;4;0;40;38;0;0;1
24;2;8;11;4;12;1;4;1;45;38;0;0;0
58;2;15;10;4;4;1;4;1;40;38;0;0;0
32;1;15;10;3;9;1;4;1;50;10;0;0;0
54;2;12;14;0;3;1;4;1;50;38;0;0;1
35;2;12;14;4;9;1;4;1;45;38;0;0;1
35;2;7;12;0;3;1;4;0;50;38;0;0;0
24;2;11;9;4;11;3;4;1;40;38;0;0;0
50;2;11;9;2;9;0;4;1;40;38;1;0;1
38;4;11;9;5;2;1;4;1;40;38;0;0;0
57;1;11;9;2;3;0;4;1;40;38;0;0;1
38;2;15;10;4;11;1;4;1;60;38;0;0;0
49;2;11;9;4;2;1;4;1;40;38;0;0;0
25;2;9;13;4;12;3;4;0;16;38;0;0;0
56;2;15;10;3;13;1;4;1;40;38;0;0;0
32;2;1;7;0;7;4;4;0;40;38;0;0;0
22;2;9;13;4;9;1;4;1;40;38;0;0;0
33;2;11;9;2;2;0;4;1;40;38;0;0;0
42;2;15;10;0;0;4;4;0;12;38;0;0;0
62;4;11;9;2;13;0;4;1;48;38;0;0;0
26;1;9;13;4;10;3;4;1;40;38;0;0;0
46;2;15;10;0;2;4;4;1;40;38;0;0;1
33;2;9;13;5;11;1;4;0;50;38;0;0;1
65;6;11;9;2;13;0;4;1;20;38;1;0;0
46;2;15;10;2;2;0;4;1;40;38;1;0;1
43;1;8;11;0;3;1;4;0;40;38;0;0;0
43;2;11;9;2;2;0;4;1;40;38;0;0;1
35;2;0;6;2;2;0;4;1;40;38;0;0;0
48;2;11;9;6;5;2;4;0;48;38;0;0;0
55;0;9;13;2;3;0;4;1;40;38;0;0;1
45;2;8;11;2;2;0;4;1;40;38;0;0;0
56;2;9;13;2;3;0;4;1;40;38;1;0;0
59;0;12;14;4;3;1;4;1;40;38;0;0;0
56;1;11;9;2;2;0;4;1;40;38;0;0;0
21;2;11;9;4;7;3;2;1;10;38;0;0;0
26;2;1;7;2;3;0;4;1;40;38;1;0;0
38;2;11;9;4;7;4;4;0;40;38;0;0;0
27;2;15;10;4;0;3;4;0;40;38;0;0;0
48;3;5;4;2;2;0;4;1;50;38;0;0;1
37;5;12;14;2;9;0;4;1;60;38;0;0;1
63;4;11;9;2;2;0;4;1;30;38;0;0;0
27;5;11;9;4;13;1;0;1;38;38;0;0;1
20;2;15;10;4;11;3;4;1;25;38;0;0;0
26;2;12;14;2;9;0;4;1;40;38;0;1;1
51;4;7;12;2;3;0;4;1;40;38;0;0;0
28;2;7;12;2;9;0;4;1;40;38;0;0;1
39;2;8;11;0;7;1;0;0;40;3;0;0;0
35;2;12;14;2;11;0;4;1;55;38;0;0;1
65;2;5;4;2;2;0;4;1;40;38;0;0;0
54;1;8;11;2;13;0;2;1;40;38;0;0;0
39;2;5;4;4;7;3;4;1;35;38;0;1;0
24;2;15;10;4;0;3;2;0;40;38;0;0;0
36;2;9;13;4;3;1;1;0;40;38;0;0;0
52;2;11;9;0;2;1;4;1;40;38;0;0;1
64;2;11;9;2;6;0;4;1;40;38;0;0;0
43;2;15;10;0;2;1;4;1;40;38;0;0;0
44;2;8;11;4;8;1;4;1;25;38;1;0;0
47;0;11;9;5;0;4;4;0;40;38;0;0;0
32;2;2;8;2;5;0;4;1;40;38;0;0;0
20;2;15;10;4;11;3;4;0;30;38;0;0;0
33;2;15;10;4;0;1;4;0;38;38;0;0;0
52;2;11;9;0;0;4;4;0;40;4;0;0;0
49;2;5;4;2;6;0;4;1;40;38;0;0;0
31;2;11;9;2;11;5;4;0;18;38;0;0;0
62;4;11;9;4;7;4;4;0;6;38;0;0;0
44;2;15;10;0;2;1;4;1;55;38;0;0;0
28;1;11;9;2;10;0;4;1;40;38;1;0;0
68;1;12;14;6;9;4;2;0;40;38;0;0;1
40;0;15;10;4;0;4;4;0;40;38;0;0;0
46;2;5;4;4;5;1;4;1;50;38;0;0;0
22;2;11;9;4;6;3;4;0;40;38;0;0;0
37;4;9;13;0;12;1;4;1;15;38;0;0;0
62;2;12;14;4;9;1;4;1;70;38;0;0;0
37;2;9;13;2;3;0;4;1;50;38;0;0;1
35;2;11;9;4;11;1;4;1;40;38;1;0;1
44;2;11;9;2;11;0;4;1;68;38;0;0;0
41;2;8;11;2;11;0;4;1;40;38;0;0;1
36;1;9;13;0;9;4;4;1;40;38;0;0;0
26;2;9;13;0;7;1;4;0;45;38;0;0;0
48;0;11;9;2;13;0;2;1;40;38;0;0;1
21;2;11;9;4;7;1;4;0;28;38;0;0;0
39;2;14;15;2;2;0;4;1;40;38;1;0;1
38;2;8;11;0;9;1;4;0;40;38;1;0;1
44;2;8;11;2;2;0;4;1;40;38;0;0;1
56;2;0;6;2;11;5;1;0;30;23;0;0;1
25;2;6;5;4;13;2;4;1;40;38;0;0;0
32;1;9;13;4;9;1;4;0;50;38;0;0;0
47;2;15;10;4;0;1;4;0;40;38;0;0;1
26;2;15;10;4;5;3;4;1;40;38;0;0;0
31;2;9;13;4;9;1;2;0;60;38;1;0;1
23;2;8;11;4;3;3;4;1;40;38;0;0;0
41;0;15;10;0;9;4;4;0;40;38;0;0;1
55;4;15;10;2;3;0;2;1;25;38;0;0;0
23;2;15;10;0;3;4;4;0;25;38;0;0;0
45;2;11;9;2;0;0;2;1;40;38;1;0;1
42;1;9;13;2;3;0;4;1;40;38;0;1;0
29;2;15;10;4;9;1;4;1;15;38;0;0;0
48;2;12;14;2;3;0;4;1;40;38;0;0;0
36;2;15;10;0;2;4;4;1;40;38;0;0;0
52;3;9;13;2;11;0;4;1;50;38;1;0;1
46;2;8;11;0;2;4;4;1;40;38;0;0;0
34;2;15;10;4;0;3;4;1;40;38;0;0;0
27;5;7;12;4;0;1;4;0;40;10;0;0;0
18;2;11;9;4;6;3;4;0;40;38;0;0;0
18;2;15;10;4;7;3;4;0;24;38;0;0;0
42;2;5;4;2;2;0;4;1;40;38;0;0;0
36;2;12;14;2;3;0;4;1;45;38;0;0;1
52;3;14;15;2;11;0;4;1;40;38;0;0;1
44;3;9;13;2;3;0;4;1;45;38;0;0;1
53;2;15;10;2;11;0;4;1;60;38;0;0;1
36;2;9;13;2;11;0;4;1;60;38;0;0;1
27;2;9;13;4;12;2;1;1;40;38;0;0;0
52;2;11;9;2;6;0;4;1;60;38;0;0;0
60;4;12;14;2;9;0;4;1;40;38;0;0;0
41;2;7;12;2;12;0;4;1;45;38;0;0;1
64;4;14;15;2;9;0;4;1;40;38;0;0;1
25;2;3;2;4;7;2;4;1;25;7;0;0;0
63;2;5;4;2;7;0;1;1;40;34;0;0;0
54;1;8;11;0;2;1;4;1;40;38;0;0;0
21;2;11;9;4;5;3;4;1;40;38;0;0;0
27;2;9;13;4;0;1;4;1;40;30;0;0;0
63;4;12;14;2;4;0;4;1;50;38;1;0;0
37;2;11;9;0;7;1;4;0;30;38;0;0;0
22;2;11;9;4;13;1;4;1;35;38;0;0;0
54;2;5;4;2;2;0;4;1;40;38;0;0;0
54;2;0;6;0;7;4;4;0;40;38;0;0;0
60;1;11;9;2;7;0;4;1;40;38;0;0;0
19;2;1;7;4;5;3;4;1;25;38;0;0;0
25;1;11;9;0;0;1;4;0;40;38;0;0;0
51;1;11;9;2;0;5;4;0;40;38;0;0;0
47;0;11;9;4;3;1;4;0;40;38;0;0;0
44;4;0;6;4;2;3;4;1;50;38;0;0;0
57;2;11;9;6;9;1;4;0;57;38;0;0;0
22;2;15;10;4;11;3;4;1;34;38;0;0;0
36;5;15;10;0;7;4;2;0;20;38;0;0;0
39;2;15;10;2;6;0;4;1;40;38;0;0;0
49;2;10;16;2;9;0;3;1;50;38;0;0;1
41;2;11;9;2;7;0;1;1;40;2;0;0;0
35;2;15;10;2;0;0;4;1;38;38;0;0;0
40;3;7;12;0;11;4;4;0;40;38;1;0;0
30;2;9;13;4;3;1;4;0;40;38;0;0;0
25;2;11;9;4;11;1;4;1;37;38;0;1;0
25;2;15;10;2;0;0;2;1;36;38;0;1;1
37;2;12;14;2;0;0;4;1;50;38;1;0;1
53;4;14;15;0;9;1;4;1;60;38;0;0;1
34;4;7;12;4;9;1;4;0;25;38;0;0;0
18;2;11;9;4;11;3;4;0;20;38;0;0;0
45;2;11;9;0;11;4;2;1;40;38;1;0;0
19;2;15;10;4;0;3;4;0;40;38;0;1;0
33;3;9;13;2;11;0;4;1;65;38;0;0;0
45;5;15;10;2;0;0;4;1;40;38;0;0;0
43;5;9;13;2;3;0;4;1;35;38;0;0;1
40;2;11;9;2;2;0;4;1;35;38;0;0;0
41;4;9;13;2;4;0;4;1;75;38;0;0;1
25;2;11;9;2;2;0;4;1;40;38;0;1;0
22;2;9;13;4;0;3;4;0;32;38;0;0;0
52;2;15;10;4;0;4;4;1;45;38;0;0;0
45;0;15;10;2;0;0;4;1;40;32;0;0;1
32;5;10;16;4;9;1;4;0;70;38;0;0;0
26;2;9;13;4;13;3;4;1;20;38;0;0;0
24;2;15;10;0;7;1;2;1;40;38;0;0;0
37;2;11;9;0;6;4;2;0;40;38;0;0;0
49;2;11;9;0;7;1;4;0;40;38;0;0;0
43;1;12;14;2;9;0;4;1;50;38;0;0;0
35;2;11;9;4;6;1;4;1;40;38;0;0;0
37;2;14;15;2;9;0;4;1;50;38;0;0;1
17;2;1;7;4;11;3;4;1;20;38;0;0;0
48;2;11;9;2;13;0;4;1;55;38;0;0;1
26;2;15;10;4;0;3;4;1;40;38;1;0;0
35;2;9;13;2;2;0;1;1;40;29;0;0;1
21;2;15;10;4;11;3;4;0;15;38;0;0;0
54;2;0;6;0;7;1;4;1;70;38;0;0;0
40;2;9;13;0;0;1;2;0;40;38;0;0;0
51;2;15;10;5;3;1;2;0;40;38;0;0;0
60;4;11;9;2;7;5;2;0;50;38;0;0;0
22;2;15;10;4;11;3;4;1;8;38;0;0;0
20;2;11;9;4;4;3;4;1;40;38;0;0;0
21;2;1;7;4;4;4;4;1;40;38;0;0;0
21;2;15;10;4;5;1;4;1;40;38;0;0;0
43;2;15;10;0;0;1;4;0;44;38;0;0;0
36;2;9;13;2;2;0;4;1;50;38;0;0;1
65;5;11;9;2;0;0;4;1;40;38;0;1;1
48;2;11;9;2;6;0;4;1;40;38;0;0;1
37;2;12;14;5;3;1;4;1;60;19;1;0;1
20;2;2;8;4;6;3;4;1;40;38;0;0;0
41;5;11;9;0;3;1;4;0;40;38;0;0;0
55;4;6;5;2;2;0;4;1;50;38;0;0;0
39;1;9;13;0;9;4;4;0;40;38;0;0;0
41;0;15;10;2;13;5;4;0;40;38;1;0;1
80;2;8;11;2;2;0;4;1;24;38;0;0;0
59;5;0;6;2;4;0;4;1;40;38;0;0;0
52;2;1;7;2;2;0;4;1;40;38;0;0;1
39;2;9;13;2;3;0;4;1;50;38;1;0;1
56;4;15;10;3;9;1;2;1;50;38;0;0;0
69;1;11;9;6;0;1;2;0;20;38;0;0;0
49;2;9;13;2;3;0;4;1;50;38;0;0;1
33;2;11;9;2;3;0;4;1;40;38;1;0;0
28;3;11;9;2;3;0;4;1;45;38;0;0;1
49;2;15;10;2;3;0;4;1;40;38;0;0;1
51;1;11;9;3;5;4;4;1;40;38;0;0;0
42;2;15;10;0;7;4;4;0;32;38;0;0;0
66;2;11;9;6;0;1;4;0;13;38;0;0;0
44;2;8;11;5;2;2;4;1;48;38;0;0;1
26;2;11;9;0;11;1;4;1;40;38;0;0;0
43;2;15;10;0;0;4;4;0;40;38;0;0;0
28;2;0;6;4;6;1;4;0;40;38;0;1;0
17;2;1;7;4;11;3;4;0;8;38;0;0;0
52;2;9;13;2;2;0;4;1;50;38;0;0;1
24;2;15;10;4;5;1;4;1;40;38;0;0;0
65;2;15;10;6;11;2;4;0;45;38;0;0;0
36;4;15;10;2;2;0;4;1;40;38;0;0;1
19;2;11;9;4;5;2;4;1;30;38;0;0;0
43;2;15;10;3;11;1;4;1;45;25;0;0;0
39;1;12;14;2;9;5;4;0;50;8;0;0;1
48;2;1;7;2;13;0;4;1;40;38;0;0;1
50;1;8;11;2;10;0;4;1;40;38;0;0;1
21;2;15;10;4;7;3;4;1;25;38;0;0;0
36;2;11;9;4;7;1;2;0;40;38;0;0;0
33;2;11;9;2;7;0;2;1;36;13;0;0;0
50;0;9;13;2;3;0;4;1;40;38;0;0;0
49;5;12;14;2;11;0;4;1;80;38;1;0;1
70;3;10;16;2;3;0;4;1;40;38;0;0;1
39;2;11;9;0;13;1;4;1;40;38;0;0;0
44;2;15;10;0;9;1;4;0;40;38;0;0;0
32;2;9;13;2;12;5;4;0;40;38;0;0;1
40;2;6;5;4;2;2;2;1;49;38;0;0;0
46;2;11;9;2;2;0;2;1;40;38;0;1;1
40;2;9;13;2;7;5;1;0;52;23;1;0;1
47;2;1;7;0;2;3;4;1;8;38;0;0;0
19;2;11;9;4;0;1;4;1;30;38;0;0;0
22;2;15;10;4;0;2;4;0;16;38;0;0;0
20;2;15;10;4;10;3;4;0;16;38;0;0;0
46;1;9;13;0;9;1;4;0;25;38;1;0;1
41;2;9;13;2;9;0;4;1;45;38;0;1;1
17;2;0;6;4;9;3;3;0;15;38;0;0;0
41;2;11;9;2;6;0;2;1;40;38;0;0;0
28;2;11;9;5;2;1;4;1;40;38;0;1;0
24;2;11;9;4;7;1;4;1;40;38;0;0;0
33;2;15;10;2;3;0;4;1;50;38;0;0;0
44;0;15;10;2;3;0;4;1;55;38;0;0;1
26;4;11;9;4;9;3;2;0;40;38;0;0;0
47;4;8;11;2;11;0;4;1;40;38;0;0;1
24;2;11;9;2;6;0;4;1;40;38;0;0;0
58;0;9;13;2;3;0;2;1;40;38;0;0;1
41;2;11;9;2;2;0;4;1;60;38;0;1;0
38;4;5;4;2;11;0;4;1;35;38;0;0;1
21;2;15;10;4;0;1;4;0;40;38;0;0;0
33;2;15;10;4;3;3;4;1;45;38;0;0;0
40;2;0;6;0;6;4;4;0;40;38;0;0;0
47;1;11;9;0;3;1;4;0;40;38;0;0;0
41;2;9;13;0;3;4;2;0;40;38;0;0;0
38;2;9;13;2;4;0;4;1;50;38;0;0;0
50;2;5;4;0;7;2;4;0;40;38;0;0;0
45;2;11;9;3;4;2;2;1;40;38;0;0;0
33;2;11;9;4;5;1;4;1;40;38;0;0;0
34;0;7;12;4;0;1;4;1;40;38;0;0;0
65;2;12;14;0;11;1;4;1;28;38;0;0;0
24;2;1;7;4;13;3;4;1;39;38;0;0;0
26;2;9;13;4;6;2;4;1;40;38;0;0;0
55;2;11;9;0;2;1;4;1;40;38;0;0;0
66;2;9;13;0;9;4;4;0;8;4;0;0;0
43;1;9;13;2;9;0;4;1;40;38;0;0;0
37;2;9;13;4;0;2;2;0;40;38;0;0;0
22;2;11;9;2;2;0;4;1;40;38;0;0;0
21;2;1;7;2;6;0;4;1;40;38;0;0;0
27;2;12;14;4;6;1;4;0;40;38;0;0;0
48;2;11;9;2;0;0;4;1;45;38;1;0;1
24;2;9;13;4;9;4;4;0;40;38;0;0;0
53;1;11;9;6;7;1;4;0;30;38;0;0;0
26;2;11;9;2;2;0;4;1;40;30;0;0;0
60;2;15;10;2;11;0;4;1;40;38;0;0;1
21;2;15;10;4;7;3;4;0;60;38;0;0;0
39;2;4;3;2;7;0;4;1;40;25;0;0;0
45;2;15;10;2;3;0;4;1;60;38;0;0;1
76;4;11;9;2;2;0;4;1;30;38;0;0;0
19;2;15;10;4;7;1;4;0;30;38;0;0;0
34;2;15;10;2;9;0;2;1;40;22;0;0;1
54;2;15;10;0;2;1;4;1;40;38;0;0;0
23;2;9;13;4;0;1;4;0;40;38;0;0;0
44;1;5;4;0;5;1;4;1;40;38;0;0;0
27;2;15;10;0;0;4;2;0;40;38;0;0;0
23;2;2;8;4;5;3;0;1;40;38;0;0;0
37;4;11;9;2;4;0;4;1;50;38;0;0;0
41;2;11;9;2;2;0;4;1;40;38;0;0;1
21;5;15;10;4;0;3;4;0;35;38;0;0;0
37;0;11;9;2;0;0;4;1;40;8;0;0;1
63;2;11;9;4;6;1;4;1;40;38;1;0;0
35;2;1;7;2;2;0;4;1;40;38;0;0;0
41;2;15;10;4;4;1;4;1;40;38;0;0;0
50;4;11;9;0;9;1;1;0;60;39;0;0;0
26;3;11;9;4;11;3;4;1;50;38;0;0;0
36;1;15;10;2;12;0;4;1;42;38;0;0;1
47;2;15;10;2;9;0;4;1;40;33;0;0;1
51;2;15;10;0;3;4;2;0;50;38;0;0;0
41;2;11;9;0;0;1;3;0;40;38;0;1;0
40;2;14;15;2;9;5;4;0;30;38;1;0;1
32;2;9;13;2;3;0;4;1;50;38;1;0;0
37;1;9;13;2;0;0;4;1;40;38;1;0;1
40;3;9;13;0;3;1;4;1;40;38;0;0;0
56;2;9;13;2;2;0;4;1;40;38;0;0;0
50;2;11;9;2;2;0;4;1;40;38;0;0;0
28;2;6;5;2;6;0;4;1;42;38;0;0;0
28;2;11;9;2;6;0;4;1;40;38;0;0;0
19;4;1;7;4;0;3;4;0;30;38;0;0;0
44;2;11;9;2;6;0;4;1;40;38;0;0;0
42;4;14;15;0;9;4;4;0;44;38;1;0;1
47;2;15;10;2;3;0;4;1;40;38;0;0;1
31;2;15;10;2;6;0;4;1;40;38;0;0;0
61;2;1;7;2;7;0;4;1;40;38;0;0;1
21;2;15;10;4;0;3;4;0;40;38;0;0;0
26;2;9;13;2;7;0;4;1;45;38;0;0;1
58;2;11;9;2;0;5;4;0;40;38;0;0;1
35;2;9;13;3;9;1;1;0;40;29;0;0;0
35;2;8;11;4;0;1;2;0;40;38;0;0;0
29;1;7;12;4;0;1;4;1;40;38;1;0;0
40;2;12;14;2;9;0;4;1;40;38;1;0;1
33;2;9;13;2;11;0;4;1;55;38;0;0;1
38;4;15;10;0;6;4;4;1;40;38;0;0;0
50;4;8;11;4;7;1;4;1;50;38;0;0;0
66;2;15;10;2;12;0;4;1;40;38;0;0;1
36;1;15;10;2;10;0;4;1;40;38;0;0;1
33;2;1;7;4;11;1;4;0;40;38;0;0;0
55;0;12;14;2;3;0;4;1;60;38;0;0;1
46;2;11;9;2;6;0;4;1;40;38;0;0;0
36;2;7;12;4;2;1;4;1;40;38;0;0;0
30;2;11;9;0;7;4;4;0;32;38;0;0;0
29;2;2;8;4;3;1;4;1;42;8;0;0;0
24;2;11;9;5;11;4;4;0;48;38;0;0;0
42;4;15;10;5;7;4;2;0;50;38;0;0;0
26;2;11;9;5;3;3;4;0;40;38;0;0;0
37;2;9;13;2;9;0;4;1;40;38;0;0;0
27;2;4;3;4;4;4;4;1;48;12;0;0;0
26;2;11;9;2;2;0;4;1;48;38;0;0;0
23;2;8;11;4;2;4;4;1;50;38;0;0;0
60;2;12;14;2;3;0;4;1;60;38;0;0;1
49;0;11;9;0;0;4;2;0;40;38;0;0;0
46;2;15;10;2;0;0;4;1;40;38;0;0;0
21;2;11;9;4;6;1;4;1;40;38;0;0;0
48;4;14;15;2;2;0;4;1;60;38;0;0;0
70;3;6;5;0;11;1;4;1;45;38;0;0;0
44;1;12;14;4;9;3;4;0;55;38;0;0;0
58;2;9;13;2;11;0;4;1;40;38;0;0;0
41;2;7;12;0;3;1;2;0;40;22;0;0;0
54;2;5;4;0;6;4;4;0;40;38;0;1;0
42;3;12;14;0;3;4;1;1;60;18;0;1;1
28;2;0;6;0;5;1;4;1;40;38;0;0;0
65;2;1;7;2;5;0;4;1;20;38;0;0;0
35;4;11;9;2;2;2;4;1;35;20;0;0;0
82;2;4;3;6;7;4;4;1;20;38;0;0;0
48;4;15;10;2;13;0;4;1;50;38;0;0;1
44;2;10;16;2;3;0;1;1;40;23;1;0;1
68;2;12;14;4;0;1;4;0;20;38;1;0;0
42;2;11;9;2;7;0;4;1;40;38;0;0;0
24;2;11;9;4;0;1;4;0;37;38;0;1;0
54;2;15;10;2;5;0;2;1;40;38;0;0;0
22;2;15;10;4;5;3;4;1;40;38;0;0;0
43;4;15;10;2;4;0;4;1;84;38;0;0;0
17;2;6;5;4;7;3;4;0;35;38;0;0;0
46;4;11;9;0;13;1;4;1;50;38;0;0;0
59;2;15;10;2;12;0;4;1;40;38;0;0;1
37;2;11;9;2;5;0;4;1;40;38;0;0;0
57;3;11;9;2;11;0;4;1;30;38;0;1;1
31;2;11;9;4;11;4;2;0;24;38;0;0;0
23;2;11;9;4;0;3;4;0;40;38;0;0;0
17;2;2;8;4;7;3;4;0;25;38;0;1;0
63;2;13;1;2;9;0;3;1;30;25;0;0;0
44;2;14;15;0;9;1;4;1;55;38;0;0;1
30;2;14;15;2;9;0;4;1;60;38;0;0;1
23;2;15;10;4;9;3;4;1;20;38;0;0;0
44;2;12;14;2;9;0;4;1;60;38;0;1;1
24;2;15;10;4;11;3;4;0;40;38;0;0;0
34;2;15;10;4;5;2;4;1;20;38;0;0;0
37;2;15;10;2;2;0;4;1;65;38;0;0;0
24;2;1;7;4;6;4;4;0;40;38;0;0;0
32;2;11;9;0;6;3;2;0;40;38;0;0;0
42;4;11;9;2;2;0;2;1;25;22;0;0;0
20;2;15;10;4;7;3;4;0;10;38;0;0;0
34;5;15;10;2;9;0;2;1;40;38;1;0;1
37;2;15;10;4;13;4;4;0;20;32;0;0;0
47;0;11;9;0;0;1;4;0;40;38;0;0;0
25;2;6;5;4;4;2;4;1;45;25;0;0;0
36;4;11;9;2;4;0;4;1;65;38;0;1;1
60;2;11;9;2;11;0;4;1;50;38;0;0;0
64;3;11;9;2;2;0;4;1;10;38;1;0;0
32;1;9;13;2;0;5;4;0;40;38;0;0;0
33;5;0;6;2;7;0;4;1;40;38;0;0;0
71;2;9;13;4;3;1;4;0;14;38;0;0;0
55;1;15;10;0;3;1;0;0;40;38;0;0;0
85;4;11;9;6;11;1;4;0;50;38;0;0;0
39;2;14;15;2;9;0;1;1;67;18;0;1;1
25;2;15;10;4;2;3;4;1;55;38;0;0;0
58;2;15;10;2;2;0;4;1;40;38;0;0;1
57;2;11;9;2;2;0;4;1;40;38;0;0;0
30;2;8;11;0;9;4;4;0;36;38;0;0;0
19;2;1;7;0;11;4;4;0;20;38;0;0;0
40;2;15;10;2;9;0;4;1;40;38;0;0;1
28;2;11;9;4;10;4;0;0;40;38;0;0;0
43;0;9;13;2;9;0;4;1;40;38;0;0;0
19;2;11;9;4;7;3;4;0;15;38;0;0;0
24;2;11;9;4;3;1;4;1;38;38;0;0;0
34;2;9;13;4;11;1;4;1;65;38;0;0;1
22;2;11;9;4;7;1;4;0;40;38;0;0;0
64;4;8;11;2;4;0;4;1;55;38;0;0;0
26;2;1;7;2;2;0;4;1;40;38;0;0;0
80;2;11;9;3;0;1;4;0;16;38;0;0;0
79;1;10;16;6;9;4;4;0;40;38;0;0;0
58;4;9;13;2;3;0;4;1;40;38;0;0;1
43;2;9;13;0;12;1;4;1;40;38;0;1;0
43;2;11;9;2;2;0;4;1;40;38;0;0;1
46;2;11;9;0;7;1;4;1;25;38;0;0;0
35;2;11;9;2;3;5;4;0;40;38;0;0;1
51;2;8;11;2;2;0;4;1;40;38;1;0;0
52;1;12;14;0;3;1;4;0;60;38;1;0;1
43;3;9;13;2;11;0;4;1;60;38;0;0;1
68;2;15;10;6;3;1;4;0;45;38;0;0;0
34;5;9;13;2;9;5;4;0;45;38;0;0;1
37;2;9;13;2;2;0;1;1;40;0;0;0;1
22;2;11;9;4;11;3;2;0;40;38;0;0;0
32;2;11;9;2;13;0;4;1;55;38;0;0;0
65;4;0;6;2;2;0;4;1;40;38;0;0;0
28;2;15;10;4;6;3;4;1;60;38;0;0;0
40;3;9;13;4;9;1;4;0;45;38;0;0;0
40;2;1;7;4;7;2;4;1;40;38;0;0;0
52;2;11;9;5;7;2;4;0;20;38;0;0;0
35;2;15;10;2;2;0;4;1;60;38;0;0;0
62;4;4;3;2;4;0;4;1;30;38;0;0;0
49;2;8;11;2;5;0;4;1;45;38;0;0;0
49;2;11;9;0;6;2;4;0;55;38;0;0;0
47;2;9;13;2;9;0;4;1;40;38;1;0;1
45;2;11;9;5;3;1;4;0;40;38;0;0;0
37;2;3;2;3;4;2;4;1;77;25;0;0;0
36;1;8;11;2;10;0;4;1;53;38;0;0;1
36;2;0;6;2;2;0;4;1;70;25;0;0;0
44;2;9;13;2;9;0;4;1;50;38;0;1;1
51;5;12;14;2;9;0;4;1;60;38;0;1;1
25;5;15;10;2;10;0;4;1;40;38;0;0;0
28;4;11;9;4;2;1;4;1;55;38;0;0;0
57;2;11;9;6;11;4;4;0;32;38;0;0;0
46;2;11;9;2;2;0;0;1;40;38;0;0;0
59;2;0;6;2;13;0;4;1;45;38;0;0;1
28;2;1;7;2;5;3;4;1;40;38;0;0;0
25;2;11;9;0;7;1;4;1;40;38;1;0;0
35;2;11;9;3;0;4;2;0;40;38;0;0;0
27;2;7;12;2;2;0;4;1;45;38;0;0;1
29;2;9;13;2;11;0;4;1;40;38;0;0;1
43;0;11;9;0;0;1;4;1;40;38;0;0;0
38;0;11;9;4;0;3;2;0;40;38;0;0;0
26;2;15;10;4;0;3;4;0;40;38;0;0;0
36;2;11;9;5;2;3;4;1;40;38;0;0;0
37;2;15;10;2;6;0;4;1;40;38;0;0;1
41;2;1;7;2;10;0;4;1;55;38;0;0;0
44;2;8;11;5;9;1;4;0;40;5;0;0;0
48;4;8;11;0;3;1;4;0;50;38;0;0;0
35;1;11;9;2;10;0;2;1;35;38;1;0;1
43;1;9;13;0;9;4;2;0;42;38;0;0;0
57;0;9;13;2;9;0;4;1;40;38;0;0;1
44;1;11;9;2;0;2;4;0;40;38;0;0;0
28;2;11;9;4;7;3;4;1;40;38;0;0;0
55;2;0;6;6;2;4;2;0;40;38;0;0;0
52;2;11;9;2;6;0;4;1;38;38;0;1;0
30;2;11;9;5;0;4;2;0;40;38;0;0;0
31;2;10;16;2;9;0;1;1;50;36;0;0;1
50;3;14;15;2;9;0;4;1;45;38;0;0;1
43;4;9;13;2;4;0;4;1;70;38;0;0;1
33;2;11;9;4;6;1;3;1;50;38;0;0;0
23;0;8;11;2;5;0;4;1;25;38;0;0;0
35;2;9;13;2;4;0;4;1;65;40;0;0;1
18;2;15;10;4;7;3;4;1;15;38;0;0;0
33;1;9;13;2;10;0;2;1;70;38;0;0;1
30;0;9;13;4;3;2;1;0;45;38;0;0;0
21;2;15;10;4;10;3;4;1;15;38;0;0;0
36;1;9;13;2;0;5;4;0;35;10;0;0;1
38;2;15;10;2;9;0;4;1;40;38;0;0;0
33;2;12;14;2;3;0;4;1;60;1;1;0;1
24;2;8;11;2;2;0;4;1;45;38;0;0;0
24;2;15;10;2;9;0;2;1;40;38;0;0;0
39;2;15;10;0;10;4;2;0;30;38;0;0;0
43;2;11;9;2;7;0;1;1;60;2;1;0;0
43;4;9;13;2;9;0;4;1;21;38;0;0;0
30;5;9;13;4;0;3;2;0;40;38;0;0;0
25;2;1;7;2;13;0;4;1;40;38;0;0;0
45;2;11;9;2;7;5;4;0;35;38;0;0;0
22;2;15;10;4;10;1;4;1;20;38;0;0;0
73;2;9;13;2;9;0;4;1;40;38;0;1;1
26;2;15;10;2;2;0;4;1;40;38;0;0;1
24;2;11;9;4;6;2;2;1;45;38;0;0;0
18;2;2;8;4;2;3;4;1;20;38;1;0;0
35;2;9;13;2;5;0;4;1;35;38;1;0;1
22;2;15;10;5;11;4;4;0;43;38;0;0;0
28;2;15;10;2;5;0;4;1;40;25;0;0;0
38;2;15;10;2;2;0;4;1;45;38;0;0;0
40;1;11;9;2;0;5;4;0;40;38;0;0;0
32;2;15;10;2;6;0;4;1;84;38;0;0;1
42;2;11;9;2;13;0;4;1;50;38;0;1;1
31;5;11;9;2;0;2;4;0;35;38;0;0;0
33;2;9;13;2;9;0;4;1;50;21;0;0;0
54;4;9;13;0;13;1;4;1;65;38;0;0;0
63;2;11;9;0;4;1;4;1;25;38;0;0;0
67;4;9;13;2;11;0;4;1;30;38;0;0;0
47;2;11;9;0;7;1;2;0;14;38;0;0;0
67;3;9;13;6;7;4;4;0;35;38;0;0;0
33;2;11;9;2;0;5;3;0;19;38;0;0;0
33;1;11;9;5;7;3;4;0;80;38;0;0;0
25;1;9;13;2;0;0;4;1;40;38;0;0;0
25;2;15;10;4;0;1;4;0;40;38;0;0;0
35;2;15;10;0;6;4;4;1;40;38;0;0;0
54;2;11;9;2;2;0;4;1;40;38;1;0;1
35;4;11;9;2;4;0;4;1;80;38;0;0;1
18;2;1;7;4;7;3;4;1;12;38;0;0;0
30;2;1;7;2;4;0;4;1;60;25;0;0;0
29;2;0;6;4;2;1;4;1;48;38;0;0;0
41;2;9;13;2;9;5;4;0;10;38;1;0;1
40;2;7;12;2;12;0;4;1;40;38;0;0;1
46;2;15;10;2;12;0;4;1;40;38;1;0;1
39;2;7;12;2;12;5;4;0;45;38;0;0;0
42;2;9;13;2;0;5;4;0;40;38;0;0;1
49;4;9;13;2;2;0;4;1;50;38;0;0;1
23;2;15;10;4;7;3;4;0;40;38;0;0;0
34;2;5;4;2;13;0;4;1;40;38;0;0;0
42;4;11;9;2;2;0;4;1;48;38;0;1;0
31;2;15;10;2;2;0;4;1;50;38;0;0;1
31;2;8;11;2;13;0;4;1;30;38;0;0;1
90;2;12;14;2;9;5;4;0;40;38;0;0;1
27;4;9;13;4;9;3;4;0;40;38;0;0;0
30;4;11;9;4;2;1;4;1;50;38;1;0;1
27;1;11;9;4;9;3;2;0;40;38;0;0;0
27;4;1;7;2;3;0;4;1;50;38;0;0;0
28;2;11;9;4;2;1;4;1;40;38;0;0;0
40;2;11;9;4;0;3;4;0;45;38;0;0;0
43;1;12;14;5;9;4;2;0;37;38;0;0;0
26;2;11;9;2;13;0;4;1;50;38;0;0;0
48;4;8;11;2;7;5;4;0;15;38;0;0;0
41;2;7;12;2;4;0;1;1;40;38;0;0;0
32;2;11;9;2;2;0;4;1;40;10;0;0;0
23;2;11;9;4;2;1;4;1;40;38;0;0;0
35;2;1;7;2;11;0;4;1;65;38;0;0;0
42;2;15;10;2;3;0;4;1;50;38;0;0;0
27;5;9;13;4;9;1;4;0;40;38;1;0;0
34;2;11;9;2;13;0;4;1;40;38;0;0;0
25;2;9;13;4;9;3;4;0;40;38;0;0;0
46;1;9;13;4;9;3;4;1;45;38;1;0;1
34;2;15;10;2;7;0;1;1;40;29;0;0;0
39;2;11;9;6;0;1;4;0;40;38;0;0;0
25;2;9;13;4;0;1;4;1;40;38;0;0;0
45;2;8;11;0;3;1;4;1;50;38;1;0;0
46;2;9;13;0;9;1;4;1;40;38;0;0;0
23;2;11;9;0;2;1;4;1;50;20;1;0;0
37;2;15;10;4;3;1;2;1;40;38;0;0;0
38;4;11;9;2;5;0;4;1;40;38;0;0;1
35;4;15;10;2;7;0;4;1;40;38;0;0;0
49;3;9;13;2;11;0;4;1;50;38;0;0;1
37;2;7;12;2;9;5;4;0;13;38;0;0;1
45;2;11;9;0;7;4;4;0;40;38;0;0;0
71;2;2;8;4;7;1;4;0;40;38;0;0;0
44;2;9;13;2;11;0;4;1;60;38;0;0;1
38;2;8;11;4;12;1;4;0;40;38;0;0;0
42;1;11;9;2;2;0;4;1;40;38;0;0;0
29;2;8;11;2;3;0;4;1;60;38;0;0;1
48;2;1;7;2;6;0;4;1;40;38;0;0;0
56;3;8;11;2;11;0;4;1;54;38;0;0;1
32;0;11;9;2;12;0;4;1;40;38;0;0;0
19;2;11;9;4;7;1;4;0;30;38;0;0;0
57;4;15;10;5;11;1;4;1;35;38;0;0;0
55;2;0;6;4;13;1;4;1;60;38;0;0;0
66;2;9;13;2;11;0;4;1;50;38;0;0;1
26;2;11;9;4;0;3;2;1;40;38;0;0;0
58;3;8;11;2;3;0;4;1;40;38;1;0;1
62;2;9;13;2;9;0;4;1;55;38;0;0;1
31;2;9;13;4;9;4;3;1;40;38;0;0;0
25;2;11;9;2;6;0;4;1;40;38;0;0;0
38;2;9;13;2;0;0;4;1;56;38;0;0;0
33;2;9;13;0;3;1;4;0;40;38;0;0;0
51;0;15;10;0;9;1;2;0;40;38;0;0;0
20;2;8;11;4;4;3;4;1;40;38;0;0;0
40;0;11;9;2;0;0;4;1;40;38;0;0;0
20;2;0;6;4;7;1;4;1;40;38;0;0;0
41;1;15;10;0;3;4;4;0;25;38;0;0;0
44;2;2;8;0;6;4;4;0;40;38;0;0;0
35;2;11;9;2;4;0;4;1;40;38;0;0;0
35;4;11;9;3;4;1;4;1;60;38;0;0;0
46;0;15;10;4;0;4;2;0;40;38;0;0;0
24;2;15;10;4;0;1;4;0;17;38;0;0;0
18;2;15;10;4;7;3;4;1;40;38;0;0;0
37;2;11;9;2;6;0;4;1;40;38;0;0;0
58;2;10;16;4;9;1;4;1;8;38;0;0;0
55;2;8;11;2;0;0;4;1;40;38;0;0;0
68;2;11;9;4;11;1;4;0;30;38;0;0;0
41;2;9;13;2;9;0;4;1;40;38;0;0;1
50;2;12;14;2;3;0;4;1;50;38;1;0;1
48;2;11;9;2;2;0;4;1;40;38;0;0;0
45;2;11;9;2;10;0;4;1;40;38;0;0;0
43;2;15;10;2;9;0;4;1;40;38;0;0;0
37;2;15;10;2;2;0;4;1;35;38;0;0;0
43;2;9;13;2;3;0;4;1;45;38;0;0;1
36;2;11;9;0;6;4;4;0;40;38;0;0;0
60;2;11;9;2;7;0;1;1;30;29;0;0;0
27;2;11;9;0;2;1;4;1;50;38;0;0;0
36;2;9;13;2;11;0;4;1;50;38;0;0;1
47;5;7;12;2;13;0;4;1;40;38;0;0;0
33;2;15;10;4;2;1;4;1;80;38;0;0;0
19;5;2;8;4;13;3;2;1;20;38;0;0;0
33;2;9;13;4;7;1;1;0;35;36;0;0;0
34;2;9;13;2;9;0;4;1;40;38;0;0;1
33;2;11;9;0;7;4;4;0;40;38;0;0;0
57;2;15;10;0;11;1;4;0;48;38;0;0;0
59;2;12;14;4;11;1;4;0;45;38;1;0;1
36;2;11;9;2;2;3;4;0;40;38;0;1;0
60;2;7;12;2;0;0;4;1;40;38;0;0;1
33;1;8;11;2;12;0;4;1;40;38;0;0;0
41;2;9;13;4;9;1;4;0;45;38;0;0;0
20;4;15;10;4;9;3;4;1;10;38;0;0;0
28;1;9;13;4;9;1;4;0;50;38;1;0;0
24;5;12;14;4;9;1;1;1;20;18;0;0;0
31;2;2;8;4;4;1;2;1;60;38;0;0;0
38;2;11;9;3;2;4;4;0;40;38;0;0;0
40;2;9;13;0;9;1;4;0;45;38;0;0;0
55;5;9;13;2;9;0;4;1;15;38;0;0;0
49;2;11;9;2;6;0;4;1;50;38;1;0;0
33;2;11;9;0;13;1;4;1;45;38;0;0;0
24;1;9;13;4;9;1;4;1;35;38;0;0;0
46;2;9;13;0;2;1;4;1;48;38;0;0;0
20;2;15;10;4;0;3;4;0;20;38;0;0;0
50;2;4;3;2;5;0;4;1;40;25;0;0;0
22;2;11;9;4;0;4;4;1;40;38;0;0;0
32;3;15;10;2;13;0;2;1;35;13;0;0;0
46;2;11;9;2;11;0;4;1;65;38;0;0;1
39;2;15;10;2;3;0;4;1;62;38;0;1;1
26;2;15;10;4;0;3;4;0;15;38;0;0;0
20;2;15;10;4;11;3;2;0;14;38;0;0;0
37;3;15;10;2;3;0;4;1;50;38;0;0;0
40;2;15;10;0;0;4;4;0;24;38;0;0;0
22;2;15;10;4;7;3;4;0;38;38;0;0;0
32;2;9;13;4;3;3;4;0;40;38;1;0;1
41;2;15;10;0;12;1;4;1;50;38;0;0;0
24;2;7;12;2;0;5;4;0;40;38;0;0;0
40;2;11;9;2;3;0;4;1;40;38;0;0;0
37;5;14;15;2;9;5;4;0;39;38;0;0;1
42;2;12;14;2;0;0;4;1;40;38;0;1;1
56;2;6;5;6;11;4;4;0;40;38;0;0;0
20;2;15;10;4;5;1;4;1;50;38;0;0;0
55;1;11;9;0;0;4;4;1;40;38;0;0;0
29;2;11;9;4;2;2;4;1;40;38;0;0;0
37;2;11;9;0;2;1;4;1;40;38;0;0;0
61;4;9;13;2;13;0;4;1;60;38;0;0;0
26;2;9;13;4;9;1;4;1;38;38;0;0;0
49;3;15;10;0;2;1;4;1;55;38;0;0;0
18;1;5;4;4;4;3;4;1;40;38;0;0;0
30;2;6;5;4;4;2;2;1;40;38;0;0;0
24;5;11;9;2;12;0;4;1;40;38;0;0;0
37;2;11;9;4;13;1;4;1;40;38;0;0;0
37;1;11;9;0;0;4;4;0;40;38;0;0;0
36;2;15;10;2;6;0;4;1;65;38;0;0;0
40;2;11;9;2;4;0;4;1;40;38;0;0;0
44;4;11;9;2;2;0;4;1;55;38;0;0;0
43;4;11;9;2;2;0;4;1;20;38;0;0;0
19;2;15;10;4;5;1;4;0;35;38;0;0;0
50;2;12;14;2;3;5;4;0;40;38;0;1;0
39;2;11;9;2;0;5;2;0;50;38;0;0;0
43;2;11;9;0;2;4;4;1;40;38;0;0;0
43;2;11;9;2;6;0;4;1;40;38;0;0;0
40;2;12;14;4;9;1;4;1;40;38;0;0;1
31;5;15;10;4;2;1;4;1;40;38;0;0;0
25;2;9;13;0;2;1;4;1;40;38;0;0;0
30;0;9;13;4;9;1;4;1;40;38;0;1;0
55;2;6;5;2;4;0;4;1;40;38;0;0;0
55;2;5;4;2;0;0;4;1;75;38;0;0;0
29;2;15;10;2;3;0;2;1;40;38;0;0;0
28;2;9;13;4;0;1;4;1;60;38;1;0;1
30;2;11;9;2;2;0;4;1;40;38;0;0;0
33;2;11;9;2;11;0;4;1;55;38;0;1;0
23;2;11;9;4;0;3;4;1;40;38;0;0;0
71;2;1;7;4;8;1;4;0;75;38;0;0;0
21;2;15;10;4;11;1;4;0;40;38;0;0;0
49;2;11;9;2;4;0;4;1;40;38;0;0;0
31;2;7;12;2;6;0;4;1;20;38;0;0;0
27;2;7;12;4;9;1;4;1;40;38;0;0;0
27;2;12;14;2;9;0;1;1;40;16;0;0;1
26;2;15;10;4;7;1;4;1;20;38;0;0;0
17;2;0;6;4;7;3;4;0;30;38;0;0;0
26;2;15;10;4;13;1;4;1;50;38;0;0;0
45;2;11;9;0;0;1;4;0;40;1;0;0;0
50;2;11;9;2;2;0;4;1;40;38;1;0;1
31;2;11;9;4;4;4;4;1;45;38;0;0;0
51;2;7;12;4;0;1;4;0;40;38;0;0;0
56;2;6;5;6;6;4;4;0;40;38;0;0;0
24;5;9;13;4;6;1;4;1;35;38;0;0;0
29;2;2;8;4;5;1;4;1;40;5;0;0;0
26;2;15;10;4;11;1;4;1;24;38;0;0;0
51;2;15;10;2;3;0;4;1;45;38;0;0;0
32;1;11;9;2;10;0;4;1;40;38;0;0;0
47;5;9;13;2;3;0;4;1;40;38;0;0;1
30;2;11;9;4;6;1;4;1;40;38;0;0;0
49;0;15;10;2;2;0;4;1;40;38;0;0;0
40;2;15;10;2;9;0;0;1;40;38;0;0;1
62;2;11;9;2;0;0;4;1;40;38;0;0;1
43;3;9;13;2;9;0;4;1;60;38;0;0;0
76;2;4;3;4;5;1;4;1;20;38;0;0;0
35;2;9;13;2;11;0;4;1;50;38;0;0;1
27;2;11;9;4;5;3;4;0;40;38;0;0;0
54;3;9;13;2;3;0;4;1;40;38;1;0;1
55;4;11;9;2;11;0;4;1;40;38;0;0;0
21;2;15;10;4;11;3;4;1;12;38;0;0;0
20;2;15;10;4;5;3;4;1;20;38;0;0;0
39;2;11;9;5;0;1;4;0;20;38;0;0;0
26;2;9;13;4;9;3;4;1;64;38;1;0;1
20;2;11;9;4;6;3;4;0;42;38;0;0;0
28;2;11;9;2;13;0;4;1;60;38;0;0;0
56;0;15;10;5;7;1;2;1;40;38;0;0;0
39;2;2;8;2;6;0;4;1;40;38;0;0;0
44;0;9;13;2;3;0;1;1;40;38;0;0;1
55;2;11;9;2;2;0;4;1;40;38;0;0;1
54;4;11;9;2;11;0;4;1;40;38;0;0;0
30;2;9;13;4;9;1;4;1;45;38;1;0;1
34;1;11;9;2;10;0;4;1;57;38;0;0;1
42;2;11;9;4;13;4;2;0;38;38;0;0;0
50;3;15;10;5;3;4;4;0;75;38;0;0;0
34;0;15;10;2;0;0;2;1;40;38;0;0;1
23;2;8;11;4;2;3;4;1;33;38;0;0;0
47;2;1;7;4;6;4;2;0;40;38;1;0;0
57;2;4;3;2;2;0;4;1;40;38;0;0;0
33;2;12;14;4;9;1;2;1;50;38;0;0;0
37;2;11;9;0;2;4;4;0;48;38;0;0;0
53;2;9;13;4;3;4;4;0;40;38;0;0;0
27;5;9;13;4;0;1;4;0;40;38;0;0;0
47;2;11;9;2;2;0;4;1;50;38;0;0;1
42;2;7;12;2;9;0;4;1;50;38;0;0;0
39;2;15;10;4;9;1;2;1;40;38;1;0;1
58;1;9;13;2;3;0;4;1;40;38;0;0;0
20;2;11;9;4;0;2;4;1;24;38;0;0;0
19;2;11;9;4;6;2;4;1;40;38;0;0;0
39;2;11;9;2;2;0;4;1;35;38;0;0;0
51;2;11;9;0;3;1;4;1;44;38;0;0;0
52;2;11;9;0;11;1;4;0;40;10;0;0;0
53;2;15;10;4;0;1;4;0;50;38;0;0;1
50;2;15;10;2;11;0;4;1;40;38;0;0;0
36;2;11;9;0;6;1;4;1;40;38;0;0;0
30;2;9;13;4;12;1;4;0;72;38;0;0;0
50;2;11;9;2;11;0;4;1;55;38;0;0;1
76;2;5;4;6;8;1;4;0;40;38;0;0;0
46;4;9;13;2;11;0;4;1;40;38;0;1;1
24;2;15;10;4;5;3;2;1;40;38;0;0;0
26;2;11;9;2;11;0;4;1;40;38;1;0;0
56;4;14;15;2;9;0;4;1;50;38;0;1;1
50;2;9;13;2;9;0;4;1;40;38;1;0;1
22;2;15;10;2;2;0;4;1;40;38;1;0;0
23;1;9;13;4;9;1;4;0;35;38;0;0;0
51;2;11;9;2;3;0;4;1;50;38;0;0;0
58;2;0;6;2;13;0;4;1;40;38;0;0;0
38;2;6;5;2;7;5;2;0;24;13;0;0;0
45;2;15;10;2;6;0;4;1;40;38;0;0;1
55;4;11;9;6;11;1;4;1;40;38;0;0;0
45;2;15;10;2;11;0;4;1;60;38;0;0;1
42;2;15;10;0;6;1;4;1;45;38;0;0;0
44;5;9;13;2;0;0;4;1;46;38;0;0;1
60;2;9;13;2;9;0;4;1;50;38;0;0;1
27;2;15;10;4;11;1;4;1;40;38;0;0;0
25;1;15;10;2;3;0;4;1;40;38;0;0;1
43;2;11;9;2;3;0;4;1;50;38;1;0;1
44;1;8;11;4;12;1;4;1;40;38;0;1;0
63;2;5;4;6;7;1;4;0;41;38;0;0;0
46;1;12;14;4;9;1;4;0;43;38;0;0;0
47;2;15;10;2;3;0;4;1;40;38;0;0;0
37;2;15;10;0;11;1;2;1;40;38;0;0;0
43;2;11;9;5;3;4;2;0;40;38;0;0;0
46;2;12;14;2;9;0;4;1;35;38;0;0;1
61;4;7;12;3;3;1;4;0;90;38;0;0;0
53;0;11;9;2;0;0;2;1;40;38;0;1;1
44;2;11;9;4;2;1;4;1;30;38;0;0;0
54;2;11;9;2;3;0;4;1;45;38;0;0;0
22;2;15;10;4;9;3;4;0;40;38;0;0;0
47;0;11;9;2;13;0;2;1;50;38;0;0;1
18;2;11;9;4;7;3;4;0;20;38;0;0;0
25;2;0;6;2;2;0;4;1;40;25;0;0;0
24;2;15;10;4;0;3;4;0;40;19;0;0;0
37;1;9;13;2;0;0;4;1;40;38;0;0;1
51;2;15;10;0;0;4;4;0;40;38;0;1;1
35;4;11;9;2;2;0;4;1;60;38;1;0;1
59;2;15;10;4;0;3;4;0;34;38;0;0;0
46;2;15;10;3;2;1;1;1;40;29;0;0;0
45;1;8;11;2;10;0;4;1;60;38;0;0;1
19;2;11;9;4;7;3;4;1;15;38;0;0;0
22;2;11;9;4;0;3;4;0;28;38;0;0;0
41;2;9;13;2;2;0;4;1;40;38;0;0;0
33;4;11;9;2;3;0;4;1;40;38;0;0;0
26;0;11;9;4;0;1;2;0;40;38;0;0;0
22;2;15;10;2;5;0;4;1;35;38;0;0;0
29;4;11;9;2;9;0;4;1;65;38;0;0;1
22;2;11;9;4;0;1;4;0;39;38;0;0;0
34;2;7;12;2;12;0;4;1;10;38;0;1;0
23;2;2;8;2;5;3;4;1;40;38;0;0;0
20;2;11;9;2;0;0;4;1;50;38;1;0;0
25;2;9;13;4;9;1;1;0;40;38;0;0;0
59;2;11;9;2;0;0;4;1;40;38;0;0;1
44;2;15;10;2;2;0;4;1;55;38;1;0;0
55;2;15;10;2;12;0;4;1;40;38;0;0;0
77;4;15;10;6;0;1;4;0;1;38;0;1;0
42;2;12;14;2;3;0;4;1;40;38;0;0;1
47;2;11;9;2;2;0;4;1;40;38;0;0;1
42;2;15;10;2;6;0;4;1;40;38;0;0;0
45;2;15;10;2;2;0;4;1;40;38;0;0;0
23;2;11;9;2;7;0;4;1;40;12;0;0;0
23;2;15;10;4;2;1;4;1;40;38;0;0;0
52;2;11;9;2;2;0;4;1;40;38;0;0;0
49;2;11;9;2;2;0;4;1;40;38;0;0;1
20;2;15;10;4;2;3;4;1;40;38;0;0;0
20;2;11;9;4;7;1;4;0;20;38;0;0;0
23;1;11;9;4;7;3;4;0;45;38;0;0;0
30;2;15;10;0;2;1;4;1;65;38;0;0;0
45;2;11;9;2;5;0;4;1;48;38;0;0;1
30;2;14;15;6;7;1;4;1;35;38;0;0;0
17;2;6;5;4;7;3;4;0;20;38;0;0;0
22;2;11;9;4;11;1;4;1;40;38;0;0;0
25;2;9;13;4;5;3;4;1;40;38;0;0;0
52;2;15;10;2;3;0;4;1;55;1;1;0;1
40;2;15;10;2;12;5;4;0;40;38;0;0;1
58;2;11;9;2;3;0;4;1;45;38;0;0;0
30;2;11;9;2;2;0;4;1;50;38;0;0;0
59;2;0;6;2;5;0;4;1;40;38;1;0;0
29;2;15;10;4;7;1;2;0;30;22;0;0;0
26;2;8;11;0;9;4;4;0;40;38;0;0;0
39;1;9;13;6;9;4;1;0;10;23;0;0;0
33;2;9;13;2;3;0;4;1;50;38;0;0;1
22;2;15;10;4;11;3;4;1;24;38;0;0;0
25;2;15;10;2;2;3;4;1;40;38;0;0;0
44;2;15;10;5;9;4;2;0;40;38;0;0;0
35;2;11;9;0;11;3;4;0;40;38;0;0;0
40;2;11;9;2;5;0;4;1;40;38;0;0;0
19;2;1;7;4;0;3;4;0;20;38;0;0;0
37;2;11;9;2;2;0;4;1;35;25;0;0;1
32;2;8;11;2;12;0;4;1;40;38;0;0;0
52;4;11;9;0;13;1;4;1;65;38;0;0;0
36;2;11;9;2;2;0;4;1;41;38;0;0;0
38;2;15;10;0;2;4;4;0;40;38;0;0;0
57;5;9;13;0;6;1;2;1;39;38;0;0;0
22;5;15;10;4;0;1;4;0;15;38;0;0;0
20;2;15;10;4;0;3;4;0;35;38;0;0;0
40;2;1;7;5;6;1;2;1;36;38;0;0;0
36;4;9;13;2;4;0;4;1;50;38;0;0;0
27;2;11;9;0;0;4;4;0;40;38;0;0;0
52;2;11;9;3;0;1;4;0;50;38;0;0;0
43;2;11;9;5;13;4;4;0;44;38;0;0;0
35;2;11;9;2;13;0;4;1;40;38;0;0;0
29;2;11;9;2;4;0;2;1;40;38;0;0;0
27;2;15;10;4;6;3;4;1;40;38;0;0;0
49;1;12;14;2;3;0;4;1;40;38;0;0;1
26;4;15;10;5;2;1;4;1;30;38;0;0;0
47;2;11;9;0;7;1;4;1;32;38;0;0;0
20;2;15;10;4;0;3;4;0;40;38;0;0;0
19;2;11;9;4;5;3;4;1;40;38;0;0;0
34;2;12;14;4;9;1;4;1;50;38;0;1;0
20;2;11;9;4;0;3;4;0;40;38;0;0;0
23;2;1;7;5;9;3;4;1;35;38;0;0;0
25;2;9;13;4;11;1;4;1;40;38;0;0;0
21;2;11;9;4;5;3;4;1;36;38;0;0;0
25;2;11;9;4;6;3;4;1;40;38;0;0;0
63;5;15;10;2;10;0;4;1;32;38;0;0;0
25;2;9;13;4;12;1;4;0;50;38;0;0;0
28;2;11;9;4;6;3;4;0;40;38;0;0;0
39;2;12;14;4;9;1;4;1;60;38;0;0;1
28;2;15;10;4;12;1;4;0;40;38;1;0;0
30;2;9;13;2;3;0;4;1;45;38;0;0;1
41;1;8;11;0;9;4;4;0;40;38;0;0;0
52;1;7;12;0;7;1;4;0;30;38;1;0;0
36;2;11;9;2;2;0;4;1;40;38;1;0;0
47;2;9;13;2;3;0;4;1;40;38;0;1;1
27;2;6;5;4;7;3;4;1;50;25;0;0;0
32;0;15;10;2;12;5;4;0;40;38;0;0;0
52;2;11;9;2;11;0;4;1;45;38;1;0;1
50;2;11;9;2;13;0;4;1;70;38;0;0;0
21;2;15;10;4;0;2;4;1;30;26;0;0;0
60;2;11;9;0;0;4;4;0;37;38;0;0;0
47;2;1;7;2;7;0;0;1;36;38;0;0;0
54;4;11;9;2;4;0;4;1;60;38;0;0;1
32;1;12;14;4;9;1;4;1;50;38;0;0;0
61;2;15;10;2;11;0;4;1;40;38;0;0;0
21;2;11;9;4;2;1;4;1;40;38;0;1;0
29;4;15;10;2;3;2;4;1;45;38;1;0;1
36;1;11;9;4;7;4;2;0;70;38;0;0;0
38;1;11;9;2;13;0;4;1;20;38;0;0;0
59;2;0;6;6;6;1;4;1;52;38;0;0;0
43;2;15;10;2;0;0;4;1;40;38;0;0;0
19;2;1;7;4;6;1;4;1;10;38;0;0;0
42;2;9;13;2;9;0;4;1;40;38;1;0;0
33;2;15;10;2;3;0;4;1;45;38;0;0;0
47;2;11;9;2;7;5;2;0;40;38;1;0;0
51;2;11;9;2;3;0;4;1;40;38;1;0;1
28;2;15;10;4;11;1;4;1;40;38;0;0;0
61;2;15;10;0;0;4;4;0;43;38;0;0;0
23;2;9;13;4;9;1;4;0;60;38;0;0;0
31;2;6;5;2;2;0;4;1;40;38;0;0;0
38;4;1;7;0;3;1;4;1;55;38;0;0;0
21;2;6;5;4;5;2;4;1;40;25;0;0;0
22;2;11;9;4;2;3;4;1;50;38;0;0;0
35;2;12;14;2;9;0;4;1;40;38;0;1;1
53;0;9;13;2;3;0;4;1;48;38;0;0;1
40;2;11;9;2;3;5;4;0;24;38;0;0;1
36;2;11;9;2;0;0;4;1;50;38;0;0;1
33;4;11;9;2;13;0;4;1;65;38;0;0;0
23;2;11;9;4;0;1;4;0;50;38;0;0;0
51;1;11;9;2;2;0;4;1;40;38;1;0;1
31;2;11;9;4;11;2;4;1;48;38;0;0;0
28;1;11;9;5;0;1;4;0;40;38;1;0;0
26;4;9;13;0;11;1;4;1;40;38;0;0;0
32;2;9;13;0;10;1;2;1;60;38;0;0;1
43;2;9;13;4;9;1;4;1;45;38;0;0;1
19;2;11;9;4;7;1;4;0;50;38;0;0;0
46;2;1;7;0;5;4;2;0;40;38;0;0;0
49;1;10;16;2;9;0;4;1;45;38;0;0;1
31;2;0;6;4;7;1;4;0;40;38;0;0;0
45;2;9;13;2;3;0;4;1;40;38;0;0;1
41;2;4;3;2;4;0;4;1;40;25;0;0;0
22;2;15;10;4;7;3;4;0;15;38;0;0;0
25;2;9;13;4;9;1;4;0;40;38;0;1;0
46;2;14;15;5;9;1;4;1;50;38;0;0;1
44;4;15;10;2;2;0;4;1;40;38;0;0;0
25;2;11;9;2;6;0;4;1;40;38;0;0;0
30;2;9;13;4;3;1;4;1;40;38;0;0;0
54;2;9;13;2;3;0;4;1;60;38;0;0;1
34;2;9;13;2;2;0;4;1;45;38;0;0;1
30;2;9;13;2;9;0;4;1;55;38;0;1;1
21;2;8;11;4;3;3;4;0;60;38;1;0;0
27;2;9;13;4;9;1;4;0;40;38;0;0;0
29;2;15;10;4;2;3;4;1;40;38;0;0;0
60;3;15;10;2;3;0;4;1;40;38;0;0;1
36;4;12;14;2;4;0;4;1;70;38;0;0;0
27;2;12;14;4;11;3;4;0;40;38;0;0;0
57;4;15;10;2;7;0;4;1;48;38;0;0;0
24;2;3;2;2;7;3;1;0;5;39;0;0;0
63;2;15;10;0;2;4;4;1;22;38;0;0;0
29;2;9;13;2;10;0;4;1;40;38;0;0;1
34;2;9;13;2;3;0;4;1;40;38;0;0;0
27;2;11;9;4;7;1;4;1;40;38;0;0;0
31;2;8;11;0;12;4;4;0;40;38;0;0;0
31;2;9;13;2;2;0;4;1;40;38;0;0;0
55;2;15;10;0;0;4;4;0;20;38;1;0;0
64;1;11;9;2;2;0;4;1;99;38;0;0;0
20;2;11;9;4;11;2;2;0;35;38;0;0;0
44;4;11;9;2;4;0;4;1;60;38;1;0;1
35;2;1;7;0;13;1;4;1;50;38;0;0;0
41;1;15;10;0;3;1;4;0;40;38;0;0;0
38;2;15;10;0;3;3;2;0;40;38;0;0;0
64;5;9;13;2;2;0;4;1;45;38;0;0;1
42;2;5;4;4;5;1;2;1;40;38;0;1;0
31;2;15;10;2;3;0;4;1;50;10;0;0;1
42;4;7;12;2;13;0;4;1;50;38;0;0;0
35;2;7;12;2;7;5;4;0;35;38;0;0;1
36;0;15;10;0;3;4;2;0;40;38;0;0;1
23;2;2;8;4;6;2;4;1;30;25;0;0;0
20;2;15;10;4;0;3;4;1;14;38;0;0;0
26;1;9;13;4;9;1;2;0;40;38;0;0;0
56;0;9;13;4;13;1;2;1;65;38;0;1;0
40;2;7;12;0;7;1;4;0;40;38;0;0;0
19;2;1;7;4;5;3;4;1;24;38;0;0;0
33;2;11;9;4;6;1;2;0;40;38;0;0;0
45;0;7;12;4;0;1;4;1;40;3;0;0;0
41;2;11;9;2;9;0;4;1;43;38;1;0;1
29;2;11;9;2;7;0;4;1;40;38;0;0;0
46;1;12;14;2;9;5;4;0;45;38;0;0;1
48;2;7;12;2;13;0;4;1;45;38;0;0;0
38;2;11;9;2;11;0;4;1;45;38;0;0;0
29;2;15;10;4;0;3;2;0;40;38;0;0;0
35;2;11;9;2;2;0;4;1;40;38;0;0;0
59;1;9;13;2;10;0;2;1;30;38;0;0;0
27;2;11;9;2;7;3;4;1;40;38;0;0;0
43;2;15;10;2;5;0;4;1;40;38;0;0;1
70;2;9;13;2;3;0;4;1;20;4;0;0;0
30;2;11;9;4;6;3;4;1;45;38;0;0;0
24;2;15;10;2;13;0;4;1;40;38;0;0;1
76;1;11;9;2;10;0;4;1;15;38;0;0;0
25;2;11;9;5;2;3;4;1;40;25;0;0;0
39;2;7;12;4;7;3;4;0;56;38;0;0;0
36;1;9;13;0;9;4;2;0;40;38;0;0;0
23;2;2;8;4;6;3;4;0;40;38;0;0;0
60;2;5;4;0;6;4;4;0;40;38;0;0;0
54;2;3;2;2;2;0;2;1;40;13;0;0;1
20;2;15;10;4;11;1;4;0;40;38;0;0;0
22;0;11;9;4;0;3;4;1;40;38;0;0;0
24;2;9;13;4;9;3;4;0;20;38;0;0;0
41;2;11;9;2;2;0;4;1;40;38;0;0;0
35;2;15;10;2;2;0;4;1;40;38;0;0;0
23;2;4;3;4;5;1;4;1;55;25;0;0;0
54;5;10;16;2;3;0;4;1;50;38;0;1;1
17;2;1;7;4;5;3;4;1;16;38;0;0;0
43;2;11;9;4;0;4;4;0;40;38;0;0;0
33;2;2;8;0;2;1;4;1;42;38;0;1;0
38;0;15;10;0;0;1;4;1;40;38;0;0;1
54;4;11;9;2;7;0;2;1;45;38;0;0;0
39;2;11;9;4;6;1;2;0;52;38;0;0;0
32;2;15;10;5;12;1;0;1;40;38;0;1;0
61;1;5;4;2;0;0;4;1;40;38;1;0;0
22;2;9;13;4;3;3;4;1;40;38;0;0;0
34;2;11;9;2;7;0;4;1;40;38;0;0;1
18;2;0;6;4;8;3;2;0;20;38;0;0;0
20;2;11;9;4;2;3;4;1;25;38;0;0;0
53;0;11;9;0;12;4;4;1;40;38;0;0;0
32;2;15;10;4;0;1;4;0;40;38;0;0;0
68;4;15;10;2;7;0;4;1;30;38;0;0;0
28;2;15;10;5;7;4;4;0;15;38;0;0;0
28;2;15;10;2;13;0;4;1;40;7;0;0;0
54;2;15;10;2;9;0;2;1;56;13;0;0;1
25;2;15;10;2;2;0;4;1;40;38;0;0;0
30;2;12;14;2;9;0;1;1;50;18;0;0;1
33;2;15;10;4;7;1;4;1;32;38;0;0;0
49;2;9;13;4;12;4;1;0;40;18;0;0;0
58;2;5;4;6;7;1;3;0;30;38;0;0;0
45;2;8;11;2;9;0;4;1;24;38;0;0;1
67;2;5;4;2;13;0;2;1;40;38;1;0;0
69;3;11;9;2;7;0;4;1;40;38;0;0;1
61;2;11;9;0;3;1;4;0;40;38;0;0;0
34;2;15;10;2;2;0;4;1;40;38;0;0;0
28;2;15;10;2;2;0;4;1;45;38;0;0;0
19;2;11;9;4;6;3;4;0;34;38;0;0;0
31;4;15;10;2;2;0;4;1;40;38;0;0;0
32;0;15;10;4;3;1;4;1;40;38;0;0;0
53;2;7;12;4;3;1;4;0;60;38;0;0;0
46;2;11;9;4;0;4;4;0;37;38;0;0;0
43;4;5;4;2;4;0;4;1;40;4;1;0;0
39;2;15;10;2;4;0;4;1;99;38;0;1;1
59;2;5;4;0;13;1;4;1;40;38;0;0;0
19;2;15;10;4;11;3;4;0;38;38;0;0;0
40;2;15;10;2;6;0;4;1;40;38;0;0;1
63;3;0;6;2;4;0;4;1;50;38;0;0;0
46;2;15;10;0;11;4;4;0;40;38;0;0;0
22;2;0;6;4;6;4;4;1;40;38;0;0;0
36;2;7;12;4;9;1;4;1;45;38;0;1;0
57;2;15;10;2;2;0;4;1;40;38;0;0;1
58;2;11;9;4;7;2;4;1;25;38;0;0;0
59;2;15;10;2;13;0;4;1;35;38;1;0;1
36;2;11;9;2;2;0;4;1;45;38;0;0;0
29;2;12;14;2;3;0;4;1;45;10;0;0;0
49;3;9;13;0;9;4;4;1;45;38;1;0;0
42;2;7;12;2;11;0;4;1;55;38;0;0;1
43;1;15;10;2;13;0;4;1;17;38;0;0;0
46;2;11;9;2;3;0;4;1;40;38;0;0;0
43;1;15;10;4;3;1;4;0;12;38;0;0;0
40;2;7;12;0;13;4;4;0;40;38;0;0;0
43;2;2;8;2;13;0;4;1;40;38;0;0;0
48;2;11;9;6;0;1;4;0;32;38;0;0;0
26;2;11;9;4;5;3;2;1;28;38;0;0;0
30;2;8;11;2;0;5;4;0;35;38;0;0;0
58;2;15;10;2;11;0;4;1;40;38;0;1;1
43;2;11;9;0;4;1;2;1;40;38;0;0;0
53;1;11;9;2;7;0;2;1;40;38;0;0;0
74;5;15;10;5;11;1;4;1;16;38;0;0;0
45;2;9;13;2;9;0;4;1;40;38;0;0;1
32;5;4;3;4;6;3;4;0;10;38;0;0;0
38;2;15;10;2;11;5;4;0;40;38;0;0;1
42;4;9;13;2;11;0;4;1;40;38;0;0;1
24;1;15;10;4;10;4;3;1;40;38;1;0;0
63;2;11;9;2;11;0;4;1;35;38;0;0;0
25;1;15;10;4;0;3;2;0;35;38;0;0;0
37;2;15;10;2;2;0;2;1;40;38;0;0;0
28;4;11;9;2;2;0;4;1;40;21;0;0;0
31;2;15;10;2;7;0;4;1;40;38;0;0;0
46;2;14;15;2;9;0;4;1;50;38;1;0;1
44;2;9;13;0;11;4;4;1;44;38;0;0;1
42;1;12;14;4;9;1;4;0;40;38;0;0;1
45;2;10;16;5;3;4;4;1;40;38;0;0;1
52;2;9;13;0;11;1;4;1;60;38;0;0;0
40;2;9;13;2;3;0;4;1;40;38;0;0;1
26;2;11;9;4;11;3;4;1;40;38;0;0;0
17;2;0;6;4;7;3;4;0;14;38;0;0;0
27;2;15;10;2;7;0;4;1;40;38;0;0;0
71;3;15;10;2;3;0;4;1;50;38;1;0;1
35;2;9;13;2;9;0;4;1;50;38;0;0;0
17;2;0;6;4;7;3;4;1;16;38;0;0;0
26;2;11;9;2;13;0;4;1;52;38;0;0;1
22;2;15;10;4;6;1;4;0;35;38;0;0;0
51;2;9;13;2;3;0;4;1;60;38;0;0;1
33;2;15;10;2;2;0;4;1;40;38;0;0;0
41;1;7;12;2;3;0;2;1;50;38;0;0;1
50;2;12;14;2;3;0;4;1;50;38;0;0;1
26;2;11;9;2;0;5;4;0;40;38;0;0;0
21;2;11;9;4;5;1;2;0;40;38;0;0;0
53;2;11;9;2;6;0;4;1;40;38;0;0;1
32;3;11;9;2;3;0;4;1;40;38;0;0;1
19;2;15;10;4;11;3;4;0;20;38;0;0;0
22;2;9;13;4;0;3;4;0;35;38;0;0;0
58;2;11;9;2;3;0;4;1;60;38;1;0;1
47;0;9;13;3;3;1;4;1;60;38;0;0;1
51;3;15;10;2;3;0;4;1;45;38;0;0;1
42;5;9;13;2;3;0;4;1;48;38;0;0;1
28;2;9;13;4;3;3;4;1;40;38;0;0;0
29;2;11;9;2;0;5;1;0;35;39;0;0;0
50;2;11;9;2;3;0;4;1;50;38;0;0;1
22;2;15;10;4;7;1;4;0;30;38;0;0;0
47;4;15;10;0;7;1;4;0;45;38;0;0;0
60;2;15;10;6;11;4;4;0;27;38;0;0;0
46;4;11;9;2;11;3;4;0;40;38;1;0;1
58;3;9;13;2;9;0;4;1;60;38;0;0;1
62;2;15;10;6;0;1;4;0;40;38;0;0;0
59;2;11;9;6;6;1;4;0;40;38;0;0;0
41;2;11;9;5;7;4;4;0;40;25;0;0;0
31;2;11;9;2;0;5;4;0;37;38;0;0;0
18;2;11;9;4;0;3;4;0;40;38;0;0;0
64;4;11;9;2;2;0;4;1;50;38;0;0;0
51;4;11;9;2;13;0;4;1;65;38;0;0;0
47;4;9;13;4;11;1;4;1;35;38;0;0;0
68;2;9;13;6;11;1;4;1;35;38;0;0;1
32;2;11;9;2;7;5;3;0;40;38;0;0;0
39;2;6;5;2;5;0;4;1;43;25;0;0;0
37;2;7;12;0;3;1;4;0;48;38;0;0;0
29;2;11;9;4;7;3;4;0;40;38;0;0;0
44;2;11;9;2;4;0;3;1;40;38;0;0;0
46;2;14;15;2;9;0;4;1;40;38;0;0;1
40;4;6;5;2;2;0;4;1;40;38;0;0;1
52;1;9;13;2;0;5;4;0;40;38;0;0;1
40;2;9;13;2;3;0;4;1;40;38;0;0;1
61;2;6;5;0;7;1;4;1;40;38;0;0;0
30;2;11;9;2;3;0;4;1;50;38;0;0;0
61;4;1;7;2;7;0;4;1;40;38;0;0;0
33;2;8;11;2;13;0;4;1;84;38;0;0;1
32;1;9;13;2;9;0;4;1;65;38;0;0;1
32;2;7;12;4;0;1;4;0;40;38;0;0;0
32;4;9;13;0;9;2;4;1;35;38;0;0;1
37;2;11;9;0;11;1;4;1;40;38;0;0;0
53;2;1;7;2;2;0;4;1;45;38;0;0;0
51;3;12;14;2;11;0;4;1;40;38;0;0;1
29;2;8;11;4;11;1;2;1;45;38;0;0;0
48;2;11;9;2;6;0;4;1;40;38;0;0;0
69;2;11;9;4;13;1;4;1;40;38;1;0;1
28;2;12;14;4;12;1;4;0;40;38;0;0;0
55;1;9;13;6;9;1;4;0;40;38;0;0;1
45;2;8;11;2;2;0;4;1;40;38;1;0;1
18;2;15;10;4;7;3;4;0;20;38;0;0;0
60;2;5;4;2;2;0;4;1;40;38;0;0;0
19;2;15;10;4;0;3;4;1;10;38;0;0;0
18;2;1;7;4;2;3;4;1;25;38;0;0;0
33;2;15;10;2;7;0;4;1;40;38;0;0;0
33;2;15;10;0;12;4;4;0;40;38;0;0;0
29;2;12;14;4;9;1;4;0;45;38;0;0;0
37;2;15;10;2;11;0;4;1;45;38;0;0;0
50;2;11;9;2;13;0;4;1;50;38;0;0;1
28;2;0;6;6;0;4;4;0;35;38;0;1;0
23;2;15;10;4;7;3;4;0;35;38;0;0;0
47;2;5;4;2;2;0;4;1;40;38;0;0;0
21;2;15;10;4;12;3;4;1;35;38;0;0;0
19;2;15;10;4;7;3;4;0;12;38;0;0;0
47;1;9;13;2;9;5;4;0;50;38;0;0;1
36;0;12;14;2;9;0;4;1;40;38;0;0;1
62;3;9;13;2;4;0;4;1;60;38;0;1;1
65;2;11;9;2;12;0;4;1;40;38;0;0;1
46;4;14;15;2;9;0;4;1;45;38;0;1;1
35;2;1;7;4;2;3;4;1;40;38;1;0;0
50;2;6;5;2;6;0;4;1;40;38;0;0;0
20;2;15;10;4;11;3;4;0;6;38;0;0;0
17;2;1;7;4;0;3;4;0;16;38;0;0;0
33;2;15;10;2;2;0;4;1;40;38;0;1;0
53;4;9;13;2;9;0;4;1;50;38;0;0;0
47;3;9;13;2;11;0;4;1;40;38;0;0;1
62;3;12;14;2;11;0;4;1;35;38;0;0;0
35;2;11;9;0;7;1;2;1;40;38;0;0;0
27;2;9;13;4;0;1;4;0;43;38;0;0;0
23;2;11;9;4;12;3;4;1;50;38;0;0;0
27;2;12;14;4;9;1;4;0;45;38;0;1;0
39;2;8;11;0;0;4;4;0;40;38;0;0;0
25;2;9;13;2;0;5;2;0;38;38;0;0;0
24;2;15;10;4;3;1;2;0;20;38;0;0;0
23;2;11;9;2;7;0;4;1;40;38;0;0;0
29;2;9;13;2;9;5;4;0;35;38;0;0;1
30;2;9;13;2;9;5;4;0;38;38;0;0;0
34;2;11;9;5;2;1;4;1;45;31;0;0;0
32;2;0;6;5;2;4;4;0;40;38;0;0;0
18;2;1;7;4;7;3;2;1;23;38;0;1;0
20;2;8;11;4;11;1;2;0;35;38;0;0;0
38;5;9;13;2;9;0;4;1;45;38;0;0;1
18;2;2;8;4;7;3;4;0;20;38;0;0;0
41;2;6;5;2;2;0;4;1;40;38;0;0;0
21;2;8;11;4;7;1;4;0;50;38;0;0;0
36;5;11;9;2;10;0;4;1;48;38;0;0;1
61;2;15;10;0;7;1;4;0;30;38;0;0;0
30;2;15;10;2;6;0;4;1;48;38;0;0;0
26;2;15;10;2;0;0;4;1;40;38;0;0;1
27;2;9;13;2;12;5;4;0;40;38;0;0;1
45;2;11;9;2;6;0;4;1;45;38;0;0;1
47;2;11;9;0;0;1;4;0;38;38;0;0;0
19;2;15;10;4;0;3;4;0;10;38;0;0;0
29;2;11;9;4;0;1;4;0;55;38;0;0;0
51;3;11;9;2;3;0;4;1;70;38;0;0;1
34;1;7;12;2;9;0;4;1;60;38;0;0;0
42;4;11;9;2;11;0;4;1;45;38;1;0;0
26;2;4;3;4;4;2;2;1;40;25;0;0;0
20;5;15;10;4;5;1;4;1;15;38;0;0;0
43;2;7;12;4;9;1;4;1;50;38;0;0;1
20;2;15;10;4;7;3;4;0;20;38;0;0;0
27;2;11;9;2;3;0;4;1;50;38;0;0;0
46;0;15;10;2;2;0;4;1;40;38;0;0;1
39;2;11;9;4;13;3;4;1;40;38;0;0;0
33;2;15;10;4;0;1;4;1;49;38;0;0;0
42;2;8;11;2;0;0;4;1;32;38;0;0;0
23;2;11;9;4;0;3;4;1;25;38;0;0;0
29;2;9;13;2;3;5;4;0;42;38;0;0;1
27;2;11;9;4;13;3;4;1;60;38;0;0;0
43;4;11;9;0;2;3;4;1;35;38;0;0;0
23;2;15;10;4;5;1;4;1;40;38;0;0;0
40;1;12;14;0;9;4;4;0;44;38;0;0;0
35;1;15;10;2;10;0;4;1;61;38;0;0;1
30;2;11;9;4;11;2;4;1;40;38;0;0;0
59;2;1;7;2;13;0;0;1;40;38;0;0;0
65;4;15;10;2;3;0;4;1;40;38;1;0;0
28;2;12;14;2;9;0;4;1;60;38;0;0;0
79;2;9;13;2;11;0;4;1;40;38;0;0;0
43;1;12;14;2;9;5;2;0;35;38;0;0;1
54;2;5;4;2;6;0;4;1;40;38;0;0;0
27;2;11;9;2;5;0;4;1;62;38;0;0;0
30;2;9;13;2;9;0;4;1;35;38;1;0;1
34;2;11;9;3;7;4;4;0;65;38;0;0;0
18;2;1;7;4;9;2;4;1;3;38;0;0;0
40;4;8;11;2;9;5;4;0;15;38;0;1;1
28;2;6;5;2;11;0;4;1;40;38;1;0;0
18;2;11;9;4;0;3;4;0;40;38;0;0;0
46;2;15;10;2;2;0;4;1;40;38;0;0;0
23;2;11;9;4;0;3;4;0;35;38;0;0;0
41;0;12;14;2;3;0;4;1;40;38;0;1;1
48;2;15;10;0;3;1;4;1;50;38;0;0;1
29;2;9;13;4;9;1;4;1;50;38;0;0;0
41;2;1;7;0;5;4;4;0;40;38;0;0;0
41;2;6;5;5;7;1;4;1;40;38;0;0;0
34;2;7;12;2;9;0;4;1;55;38;0;0;0
49;4;7;12;0;11;1;4;1;50;38;0;0;0
49;2;11;9;5;11;4;4;1;50;38;0;0;0
30;2;11;9;4;5;1;4;1;40;38;0;0;0
28;2;9;13;4;11;1;4;1;40;38;0;0;0
62;5;9;13;2;3;0;4;1;40;38;0;0;0
41;2;15;10;2;9;0;4;1;52;38;0;0;0
20;2;15;10;4;2;1;4;1;40;38;0;0;0
61;2;13;1;3;7;1;1;1;40;2;0;0;0
30;2;9;13;4;12;1;4;1;60;17;0;0;0
29;0;14;15;4;9;1;4;0;55;38;0;0;0
50;2;12;14;0;11;1;4;0;45;38;0;1;0
44;0;11;9;2;2;0;4;1;40;38;0;0;1
25;2;9;13;2;9;0;4;1;45;38;0;0;1
62;2;8;11;0;11;1;4;0;40;38;0;0;0
57;2;15;10;6;6;4;4;0;40;38;0;0;0
35;2;9;13;4;3;1;4;1;45;38;0;0;0
26;2;9;13;4;11;1;4;0;40;38;0;0;0
60;2;5;4;2;6;5;4;0;40;38;0;0;0
22;2;15;10;2;2;0;4;1;40;38;0;0;0
26;2;11;9;4;2;1;4;1;40;38;0;0;0
26;2;15;10;4;0;3;4;1;20;38;0;0;0
44;2;9;13;2;11;0;4;1;40;38;1;0;1
32;2;9;13;4;3;1;4;1;40;38;0;0;0
66;4;9;13;2;11;0;4;1;50;38;0;0;0
24;2;13;1;4;6;3;4;0;30;38;0;0;0
19;2;15;10;4;7;3;4;1;25;38;0;0;0
54;3;9;13;2;3;0;4;1;50;38;0;0;1
37;2;11;9;4;6;1;4;1;40;38;0;0;0
38;2;9;13;2;3;0;4;1;50;38;0;0;1
34;2;15;10;2;11;0;4;1;25;38;0;0;0
35;4;11;9;0;2;3;0;1;15;38;0;0;0
42;0;12;14;2;9;0;4;1;40;38;0;0;0
47;0;9;13;2;3;5;4;0;40;38;0;0;1
29;3;9;13;0;9;1;4;0;80;38;0;0;0
34;2;11;9;4;12;1;4;1;40;38;0;0;0
38;3;9;13;2;9;0;4;1;70;38;0;0;1
62;3;11;9;0;3;1;2;1;40;38;0;0;0
35;2;11;9;2;2;0;4;1;40;38;0;0;0
37;2;11;9;2;0;5;4;0;40;38;0;0;0
47;2;11;9;2;4;0;4;1;40;38;0;0;0
37;2;15;10;2;2;0;4;1;40;38;0;0;0
22;2;8;11;4;8;1;4;0;30;38;0;0;0
60;3;1;7;2;13;0;4;1;40;38;0;0;1
31;2;15;10;2;2;0;4;1;40;38;0;0;0
63;2;11;9;2;2;0;4;1;40;38;0;0;0
30;2;1;7;2;6;0;4;1;40;38;0;0;0
40;3;14;15;2;9;0;4;1;40;38;1;0;1
35;4;15;10;2;7;0;4;1;60;38;0;0;0
50;1;15;10;2;2;0;4;1;40;38;0;0;0
18;2;15;10;4;11;3;4;0;10;38;0;0;0
33;2;8;11;2;10;0;4;1;40;38;0;0;0
59;4;5;4;2;4;0;4;1;70;38;0;0;0
17;2;1;7;4;7;3;4;1;20;38;0;0;0
47;2;11;9;2;13;0;0;1;40;38;0;0;1
26;2;9;13;4;9;1;4;1;40;38;0;0;0
32;1;15;10;2;10;5;4;0;40;9;0;0;1
55;2;11;9;2;2;0;4;1;40;38;0;0;0
36;5;15;10;4;12;4;2;0;40;38;0;0;0
54;2;11;9;2;0;0;4;1;40;38;0;0;1
32;2;12;14;4;3;1;4;0;45;38;0;0;1
52;1;10;16;2;3;0;4;1;40;38;0;0;1
39;2;11;9;3;11;4;2;0;28;22;0;0;0
39;0;11;9;4;3;4;4;0;45;38;0;0;0
59;4;11;9;2;3;0;4;1;50;38;0;0;1
55;0;9;13;0;9;4;4;1;40;38;0;0;0
54;4;11;9;2;13;0;4;1;60;38;0;0;1
31;2;11;9;2;7;0;4;1;40;38;0;0;0
30;2;11;9;2;0;3;0;0;40;38;0;0;0
47;0;9;13;3;3;1;4;0;40;38;0;0;0
31;2;7;12;0;3;1;4;1;40;38;0;0;0
32;4;9;13;0;2;4;1;1;47;19;0;0;0
33;2;8;11;4;6;4;2;0;40;38;0;0;0
31;2;11;9;0;2;4;4;1;40;38;0;0;0
32;2;11;9;2;6;0;4;1;40;38;0;0;0
46;2;11;9;3;7;1;4;1;35;25;0;0;0
29;2;11;9;3;7;1;4;0;20;9;0;0;0
41;5;11;9;2;13;0;2;1;40;38;0;0;0
39;2;11;9;2;3;0;4;1;60;38;0;0;1
34;2;11;9;2;0;5;4;0;20;38;0;0;1
23;2;9;13;4;0;3;2;1;24;38;0;0;0
53;3;12;14;2;11;0;4;1;65;38;0;0;1
45;4;11;9;3;2;1;1;1;40;36;0;0;0
47;2;11;9;0;11;1;4;0;40;38;0;0;0
42;2;12;14;0;12;4;2;0;35;38;1;0;1
53;2;15;10;2;6;0;4;1;40;38;1;0;0
38;3;11;9;0;11;4;4;1;55;38;0;0;0
26;2;11;9;4;13;1;4;1;70;38;0;0;0
18;2;1;7;4;5;3;4;1;20;38;0;0;0
43;2;0;6;5;7;1;2;0;40;38;0;0;0
26;2;9;13;4;0;3;2;0;32;38;0;0;0
47;2;9;13;0;0;1;4;0;40;38;0;0;0
26;2;8;11;2;2;0;4;1;65;38;0;0;1
32;5;15;10;0;10;4;4;0;38;38;0;1;0
48;3;10;16;2;9;0;4;1;55;38;1;0;1
39;2;12;14;0;3;4;2;0;60;38;1;0;1
58;3;9;13;2;9;0;4;1;40;38;0;0;0
55;4;5;4;4;7;2;4;0;60;38;0;0;0
40;2;11;9;4;4;1;4;1;55;38;0;0;0
33;2;11;9;0;2;4;4;1;40;38;0;0;0
74;4;10;16;3;9;1;4;1;25;38;0;0;1
49;4;11;9;6;4;1;4;1;55;38;0;0;0
56;4;1;7;6;7;4;4;0;65;11;0;0;1
29;2;9;13;4;9;1;4;0;40;38;1;0;1
25;2;7;12;4;6;3;2;1;48;38;0;0;0
57;2;2;8;2;0;0;2;1;40;38;0;0;0
29;2;11;9;2;9;0;4;1;40;38;0;0;0
28;2;11;9;4;2;4;4;1;40;38;1;0;0
59;2;11;9;2;2;0;4;1;40;38;0;0;1
30;2;9;13;4;3;1;4;1;60;38;1;0;1
19;2;15;10;4;7;3;4;0;20;38;0;0;0
40;2;15;10;4;11;4;2;0;45;38;0;0;0
28;2;15;10;4;0;4;2;0;40;38;0;0;0
20;2;15;10;4;12;1;4;0;10;1;0;0;0
58;2;9;13;2;9;5;4;0;35;38;1;0;1
19;2;15;10;4;3;3;2;1;30;38;0;0;0
24;0;9;13;4;9;1;4;0;30;38;0;0;0
31;2;11;9;2;6;0;4;1;45;38;0;0;0
28;4;11;9;0;2;1;4;1;35;38;0;0;0
41;2;11;9;2;2;0;4;1;45;38;0;0;0
23;0;15;10;4;11;1;4;0;35;38;0;0;0
46;2;11;9;2;6;0;4;1;43;38;0;0;1
33;2;2;8;4;2;3;2;1;40;38;0;0;0
34;2;15;10;2;7;0;4;1;50;38;0;0;0
47;1;9;13;0;9;1;4;1;50;38;0;0;0
81;2;11;9;2;3;0;4;1;26;38;0;1;1
45;2;11;9;6;6;4;3;1;40;3;0;0;0
35;2;11;9;4;6;1;1;1;40;0;0;0;0
59;4;9;13;6;9;1;4;0;50;38;0;0;1
46;1;9;13;2;3;0;4;1;48;38;0;0;1
39;2;11;9;2;2;0;4;1;35;38;0;0;0
23;2;15;10;4;6;3;2;1;40;38;0;0;0
25;2;7;12;4;0;4;4;0;40;38;0;0;0
37;2;3;2;4;7;1;4;1;40;38;0;0;0
49;3;15;10;2;3;0;4;1;50;38;1;0;1
25;2;11;9;2;11;0;4;1;48;38;0;0;0
32;2;9;13;2;11;0;4;1;60;38;0;0;1
34;1;15;10;4;2;1;4;1;40;38;0;0;0
40;2;9;13;2;3;0;4;1;40;38;0;0;1
33;2;11;9;0;0;4;4;0;40;38;0;0;0
31;2;9;13;2;12;0;4;1;43;38;0;0;1
61;2;15;10;0;7;1;4;1;25;38;0;0;0
22;2;11;9;2;2;0;4;1;40;38;0;0;0
29;2;8;11;2;2;0;1;1;40;24;0;0;0
37;2;11;9;5;2;2;2;1;40;38;0;0;0
35;2;1;7;0;6;4;4;0;40;38;0;0;0
52;3;12;14;2;3;0;4;1;60;38;1;0;1
18;2;1;7;4;13;3;4;1;20;38;0;0;0
37;2;0;6;2;2;0;4;1;48;38;0;0;0
46;2;14;15;2;9;0;2;1;40;38;0;0;1
47;0;9;13;2;3;0;4;1;40;38;0;0;1
55;2;9;13;2;9;0;4;1;60;38;0;0;1
25;3;15;10;0;0;3;4;0;50;38;0;0;0
50;5;11;9;6;12;4;2;0;40;38;0;0;0
18;2;2;8;4;5;3;2;1;20;38;0;0;0
25;2;6;5;4;2;1;4;1;40;25;0;0;0
23;2;9;13;4;9;1;4;0;40;38;0;0;0
47;4;11;9;2;4;0;4;1;65;38;1;0;0
37;2;11;9;4;2;4;4;1;40;38;0;0;0
37;2;15;10;0;0;4;4;0;25;38;1;0;1
19;2;1;7;4;11;3;4;0;25;38;0;0;0
52;1;2;8;2;2;0;4;1;40;38;0;0;0
25;4;8;11;2;7;5;4;0;45;38;0;0;0
21;2;11;9;4;0;3;4;0;40;38;0;0;0
41;4;8;11;2;4;0;4;1;60;38;0;0;0
55;2;11;9;2;2;0;4;1;40;38;1;0;1
24;2;15;10;2;12;0;4;1;40;38;0;0;0
41;0;9;13;2;9;0;4;1;38;38;0;0;1
23;2;15;10;4;11;3;4;0;35;38;0;0;0
33;2;11;9;2;3;5;4;0;40;38;0;0;0
29;2;9;13;4;3;1;4;0;45;38;0;0;1
50;5;15;10;3;0;4;0;0;40;38;0;0;0
48;2;8;11;2;2;0;4;1;40;38;1;0;1
19;0;15;10;4;0;3;4;0;10;38;0;0;0
40;2;15;10;0;2;1;4;1;40;38;0;0;0
30;2;11;9;4;13;4;4;0;70;38;0;1;0
65;2;1;7;2;7;0;4;1;20;38;0;0;0
44;0;9;13;2;3;0;2;1;48;38;0;0;0
32;2;9;13;0;11;1;4;1;45;38;0;0;0
41;2;15;10;2;11;0;4;1;65;38;0;0;1
28;2;5;4;2;9;0;4;1;55;38;0;0;0
44;0;8;11;2;10;0;4;1;48;38;1;0;1
39;1;7;12;0;7;4;4;0;55;38;0;0;0
59;2;11;9;6;0;4;4;0;40;38;0;0;0
31;2;12;14;2;3;0;4;1;60;9;0;0;1
34;2;11;9;0;6;1;4;1;40;38;0;0;0
20;2;11;9;4;5;3;4;1;40;38;0;0;0
33;2;9;13;2;9;0;4;1;40;38;0;0;0
52;2;10;16;2;9;0;4;1;65;38;0;0;1
31;2;7;12;0;12;1;4;0;44;38;0;0;0
39;2;11;9;2;6;0;4;1;43;38;0;0;0
35;2;11;9;2;3;0;4;1;45;38;0;0;0
37;4;11;9;2;2;0;4;1;40;38;0;1;0
44;4;14;15;2;9;0;4;1;32;38;0;0;1
28;2;7;12;4;11;1;4;1;65;38;0;0;0
17;2;1;7;4;11;3;4;0;15;38;0;0;0
23;2;9;13;4;11;3;4;0;60;38;0;0;0
35;2;11;9;2;13;0;4;1;80;38;1;0;1
19;2;15;10;4;11;3;4;1;20;38;0;0;0
30;2;11;9;2;5;0;4;1;40;38;0;0;0
27;2;9;13;4;0;1;4;0;40;38;0;0;0
27;2;8;11;4;3;1;4;1;65;11;1;0;1
37;2;11;9;2;3;0;4;1;45;38;1;0;1
44;2;8;11;2;9;0;4;1;50;38;0;0;1
34;2;9;13;2;3;0;4;1;55;38;1;0;1
43;2;11;9;5;6;1;4;0;40;38;0;0;0
41;2;11;9;0;13;1;4;1;40;38;0;0;0
34;4;11;9;4;2;1;4;1;50;38;0;0;0
23;2;15;10;4;0;1;4;1;45;38;0;0;0
51;2;11;9;2;0;5;4;0;20;38;0;0;0
24;2;7;12;4;3;3;4;1;40;38;0;0;0
38;4;11;9;2;11;5;4;0;24;38;0;0;1
24;2;11;9;2;13;0;2;1;40;38;0;0;0
53;3;10;16;2;9;0;4;1;40;38;0;0;1
33;2;15;10;2;3;0;4;1;56;38;0;0;1
24;2;11;9;4;2;3;4;1;40;38;0;0;0
45;2;12;14;2;3;0;2;1;40;38;0;0;1
31;2;1;7;0;4;1;4;1;50;38;0;0;0
38;1;15;10;6;13;1;2;0;47;38;0;0;0
28;2;9;13;2;3;5;4;0;50;38;0;0;1
38;2;8;11;2;2;0;4;1;50;38;0;0;1
25;2;9;13;4;3;1;4;1;50;38;0;0;0
29;2;15;10;4;7;1;4;1;40;38;0;0;0
29;2;11;9;4;9;1;4;0;50;38;0;0;0
48;2;11;9;2;13;0;4;1;50;38;0;0;1
24;2;8;11;4;0;3;1;0;40;29;0;0;0
31;2;11;9;4;7;1;4;0;30;38;0;0;0
36;2;15;10;0;3;1;4;1;45;38;0;0;0
62;2;9;13;2;9;0;4;1;50;38;0;0;1
25;2;9;13;4;11;3;4;0;40;38;0;0;0
55;2;11;9;0;0;4;4;0;40;38;0;0;0
21;2;15;10;4;11;2;4;0;40;30;0;0;0
60;2;6;5;2;4;0;4;1;45;38;0;0;0
41;2;7;12;0;2;3;4;1;40;38;0;0;0
43;5;11;9;2;2;0;4;1;40;38;0;0;0
30;2;11;9;2;6;0;4;1;40;38;0;0;1
47;2;15;10;2;9;0;4;1;40;38;0;0;0
50;2;11;9;2;6;0;4;1;40;38;0;0;0
41;3;11;9;2;11;0;4;1;55;38;0;1;1
23;2;11;9;4;2;1;4;1;40;32;0;0;0
30;2;7;12;4;11;1;4;1;40;8;0;0;0
35;2;11;9;0;12;4;4;0;40;38;0;0;0
25;2;15;10;0;9;4;4;0;35;38;0;0;0
61;2;14;15;2;3;0;4;1;20;38;0;0;0
35;5;11;9;0;9;4;4;0;40;38;0;0;0
35;0;11;9;0;9;4;4;0;40;38;0;0;0
38;2;11;9;2;10;0;4;1;40;33;0;0;0
27;4;8;11;4;2;3;4;1;40;38;0;0;0
51;2;3;2;6;7;4;4;0;35;31;0;0;0
55;4;7;12;0;11;1;4;0;40;38;0;0;0
45;2;9;13;2;11;0;4;1;55;38;0;1;0
33;2;8;11;2;0;5;2;0;40;38;0;0;0
25;5;15;10;4;12;1;2;1;40;38;0;0;0
52;2;10;16;2;3;0;4;1;38;38;0;0;1
46;2;15;10;0;6;3;4;0;17;38;0;0;0
34;2;15;10;2;11;5;4;0;20;38;1;0;0
52;5;9;13;2;9;0;4;1;40;38;0;0;0
47;2;15;10;0;7;4;4;0;40;38;0;0;0
46;2;9;13;0;9;1;2;0;40;38;0;0;0
36;3;15;10;2;11;0;4;1;60;38;0;0;1
34;2;15;10;2;3;5;4;0;40;38;1;0;1
36;2;11;9;4;2;1;4;1;65;38;0;0;0
31;2;11;9;4;0;1;4;1;40;38;1;0;0
31;4;11;9;2;7;5;4;0;40;38;0;1;1
38;1;9;13;2;2;0;4;1;40;38;0;1;0
57;1;15;10;0;3;4;4;0;35;38;0;0;0
24;2;7;12;4;11;3;4;1;20;38;0;0;0
37;2;11;9;0;4;4;4;1;45;38;0;0;0
69;4;15;10;2;2;0;4;1;72;38;1;0;1
39;2;12;14;2;9;0;4;1;40;38;0;0;1
38;2;8;11;0;2;4;4;1;40;38;0;0;0
34;5;11;9;4;5;1;2;1;40;38;0;0;0
21;2;11;9;4;11;3;4;0;40;38;0;0;0
21;2;15;10;4;7;1;4;0;20;38;0;0;0
61;2;11;9;2;13;0;4;1;40;38;0;0;0
35;2;11;9;2;0;0;4;1;45;38;0;0;0
29;2;15;10;4;11;1;2;1;55;27;0;0;0
41;1;11;9;0;3;3;4;1;45;38;0;0;0
52;2;12;14;0;9;1;4;0;40;38;0;0;1
38;2;2;8;4;7;4;4;0;17;38;0;0;0
51;4;11;9;2;4;0;4;1;50;38;0;0;0
55;2;11;9;2;7;2;1;1;40;29;0;0;0
20;2;15;10;4;6;3;4;0;40;38;0;0;0
23;2;15;10;4;3;1;4;1;40;38;0;0;0
24;2;7;12;2;2;0;4;1;40;38;0;0;0
48;2;9;13;0;3;2;4;1;40;38;0;0;0
22;2;11;9;4;7;1;4;0;40;38;0;0;0
22;5;15;10;4;7;3;4;0;15;38;0;0;0
28;2;15;10;4;0;4;2;0;40;38;0;0;0
28;2;12;14;2;11;0;4;1;45;9;0;0;1
34;2;9;13;2;3;0;4;1;55;38;1;0;1
25;2;11;9;4;0;1;2;1;40;38;0;0;0
48;2;11;9;0;2;1;4;1;50;38;0;0;0
32;1;11;9;2;10;0;4;1;43;38;0;0;0
31;2;6;5;4;2;3;0;1;35;38;0;0;0
56;1;15;10;0;0;1;4;0;35;38;0;0;0
22;4;8;11;4;4;1;0;1;75;38;0;0;0
27;2;9;13;4;12;2;4;1;50;38;0;0;0
27;0;11;9;4;0;1;2;0;40;38;0;0;0
30;1;12;14;2;9;0;4;1;45;38;0;0;0
33;2;15;10;4;11;1;4;0;40;38;0;0;0
50;2;9;13;2;9;0;4;1;43;38;0;0;1
19;2;15;10;4;11;3;4;0;22;38;0;0;0
42;2;11;9;2;11;0;4;1;40;38;1;0;0
37;0;11;9;2;0;0;2;1;40;38;0;0;0
26;2;11;9;4;0;3;4;1;40;38;0;0;0
43;2;15;10;5;9;4;4;0;40;38;0;0;0
47;2;11;9;0;0;4;4;0;40;38;0;0;0
26;2;9;13;2;0;5;4;0;40;38;0;0;1
24;2;15;10;4;0;1;4;0;40;38;0;0;0
34;2;1;7;0;7;1;4;0;70;38;0;0;0
33;4;11;9;2;13;0;4;1;45;38;0;0;0
35;2;12;14;4;9;1;1;0;40;35;0;0;1
57;2;11;9;2;2;0;4;1;50;38;0;0;1
45;2;11;9;2;0;0;4;1;7;38;0;0;0
42;2;15;10;5;6;4;2;0;40;38;0;0;0
25;2;9;13;4;3;3;4;1;35;38;0;0;0
56;2;11;9;2;3;0;4;1;40;38;0;0;1
25;2;11;9;4;2;3;4;1;40;38;0;0;0
23;2;9;13;4;6;3;4;1;50;38;0;0;0
35;1;15;10;2;10;0;4;1;50;38;0;0;0
28;2;6;5;4;7;2;4;1;52;38;0;0;0
41;2;7;12;2;2;0;4;1;60;38;0;0;1
26;2;11;9;4;2;1;4;1;40;38;0;0;0
37;2;11;9;0;7;1;2;0;30;38;0;0;0
22;2;11;9;4;7;4;3;1;20;32;0;0;0
30;2;9;13;0;7;1;4;1;40;38;0;0;0
42;2;9;13;5;12;1;4;1;40;38;0;0;0
38;2;8;11;0;7;1;4;0;30;38;0;0;0
27;2;9;13;2;11;0;4;1;60;38;0;0;1
43;0;11;9;2;0;5;4;0;40;38;0;0;1
41;2;11;9;2;2;0;4;1;40;38;0;1;0
25;2;11;9;4;0;1;4;1;40;38;0;0;0
23;2;9;13;4;7;3;4;1;40;38;0;0;0
68;2;9;13;2;9;0;4;1;40;20;0;0;1
17;2;0;6;4;7;3;4;1;25;38;0;0;0
45;4;9;13;4;3;1;4;0;40;38;0;0;0
45;2;8;11;0;3;1;4;1;40;38;0;0;1
30;2;15;10;2;11;0;4;1;40;38;0;0;1
49;5;15;10;0;9;1;4;0;20;38;0;0;0
42;2;15;10;2;2;0;4;1;45;38;1;0;1
29;2;11;9;4;7;2;4;0;40;38;0;0;0
21;1;15;10;4;7;1;4;0;40;38;0;1;0
20;2;15;10;4;7;3;4;0;19;38;0;0;0
59;2;1;7;0;7;1;2;0;35;38;0;0;0
26;2;0;6;2;2;0;4;1;55;38;0;0;0
25;2;12;14;4;7;1;4;0;37;38;0;0;0
33;2;11;9;2;13;0;4;1;55;38;0;0;1
35;2;11;9;0;7;4;4;0;40;38;0;0;0
45;0;11;9;2;2;0;4;1;40;38;0;0;1
66;2;15;10;2;11;0;4;1;28;38;0;0;0
33;2;7;12;4;11;1;3;1;36;38;0;0;0
38;2;11;9;2;13;0;3;1;40;32;0;0;0
72;2;11;9;2;11;0;4;1;12;38;0;0;0
21;2;15;10;4;0;3;4;0;12;38;0;0;0
39;2;15;10;2;4;0;4;1;60;38;0;0;0
41;2;11;9;2;2;0;4;1;40;38;0;1;1
22;2;15;10;4;9;1;4;1;12;38;0;0;0
49;3;15;10;2;3;0;4;1;50;38;1;0;1
24;2;9;13;4;0;1;4;1;32;38;0;0;0
25;2;1;7;2;6;0;4;1;40;38;0;0;0
26;2;15;10;2;0;0;4;1;40;38;0;0;0
50;2;11;9;0;2;1;4;1;40;38;0;0;0
23;2;11;9;4;7;1;4;0;40;38;0;0;0
41;2;0;6;0;11;1;4;1;48;38;0;0;0
60;2;11;9;0;10;1;4;1;40;38;0;0;0
77;1;9;13;2;0;0;4;1;14;38;1;0;0
62;2;15;10;0;7;1;4;0;60;38;0;0;0
22;2;15;10;4;2;3;4;1;35;38;0;0;0
37;2;15;10;0;0;1;4;0;40;38;0;0;0
17;2;1;7;4;5;3;4;1;10;38;0;0;0
52;0;12;14;4;0;1;4;0;40;38;0;0;1
31;2;11;9;4;2;1;4;1;35;38;0;0;0
23;0;9;13;4;9;1;4;1;40;38;0;0;0
27;3;11;9;4;2;2;4;1;50;25;0;0;0
38;3;15;10;2;3;5;4;0;45;38;0;0;0
23;2;0;6;4;7;1;4;0;40;38;0;0;0
22;5;15;10;4;0;4;2;0;40;38;0;0;0
61;4;11;9;2;4;0;4;1;40;38;0;0;0
55;2;4;3;2;6;0;4;1;40;25;0;0;0
23;2;15;10;4;7;3;4;0;40;38;1;0;0
39;2;4;3;3;7;4;1;0;40;29;0;0;0
38;1;10;16;2;3;0;4;1;50;38;0;1;1
25;2;15;10;4;0;3;4;0;40;38;0;0;0
25;2;9;13;4;11;4;1;1;44;29;0;0;0
66;2;15;10;2;11;0;4;1;24;38;0;0;0
30;2;15;10;2;0;5;4;0;40;38;0;0;0
32;2;11;9;4;4;3;4;1;40;38;0;0;0
43;2;15;10;2;11;0;4;1;40;38;0;0;1
18;2;5;4;4;11;3;4;1;30;25;0;0;0
20;2;1;7;4;2;1;4;1;60;38;0;0;0
20;2;11;9;4;13;2;2;1;45;38;0;0;0
34;2;12;14;0;3;4;2;0;40;38;0;0;0
33;2;7;12;3;6;4;4;1;40;38;0;0;0
40;2;11;9;2;11;0;4;1;60;38;0;0;0
33;2;11;9;2;11;0;4;1;60;38;0;0;1
30;2;11;9;4;6;1;4;1;42;38;0;1;0
41;1;13;1;4;5;3;4;0;30;38;0;0;0
20;2;15;10;4;0;3;4;0;12;38;0;0;0
40;4;9;13;2;11;0;4;1;50;38;0;0;1
44;4;9;13;0;3;1;4;1;40;38;0;0;0
50;2;4;3;2;6;5;1;0;35;29;0;0;0
30;1;11;9;2;5;2;4;1;25;38;0;0;0
45;2;15;10;0;11;1;4;1;40;38;1;0;0
25;2;9;13;4;9;3;4;0;40;38;0;0;0
25;2;15;10;2;6;0;4;1;40;38;0;0;0
55;5;11;9;2;4;0;4;1;40;38;0;0;1
26;2;15;10;4;7;1;4;0;30;38;0;0;0
22;2;15;10;4;6;1;4;1;40;38;0;0;0
41;4;11;9;0;2;1;4;1;40;38;0;0;0
21;2;8;11;4;10;1;4;1;40;38;0;0;0
39;2;11;9;2;6;0;4;1;40;38;0;0;0
18;2;1;7;4;11;3;4;1;15;38;0;0;0
60;2;1;7;0;10;1;4;1;40;38;0;0;0
22;2;15;10;4;5;3;4;1;20;38;0;0;0
39;1;15;10;4;10;1;2;0;40;38;0;0;1
34;2;11;9;2;0;0;4;1;40;38;0;0;0
53;2;15;10;0;0;1;4;0;40;38;0;0;0
27;2;11;9;4;11;3;2;1;60;38;0;0;0
37;2;15;10;2;5;0;2;1;50;38;0;0;0
25;2;11;9;2;7;0;4;1;50;25;0;0;0
33;2;15;10;2;13;0;4;1;60;28;0;0;0
34;5;9;13;2;9;0;4;1;55;38;0;0;0
35;2;8;11;4;7;1;4;0;65;38;0;0;0
51;2;15;10;2;3;0;4;1;45;38;0;0;1
33;2;0;6;2;4;0;4;1;40;38;0;0;0
57;4;11;9;2;4;0;4;1;60;38;0;0;1
56;2;5;4;2;5;0;4;1;40;38;0;0;0
34;2;9;13;0;3;1;4;1;85;8;0;0;1
36;2;9;13;4;9;1;4;1;40;38;0;0;0
46;2;11;9;2;2;0;4;1;40;38;0;0;1
55;2;11;9;2;4;0;4;1;45;38;0;0;1
88;4;14;15;2;3;0;4;1;40;38;0;0;0
60;4;15;10;2;3;0;4;1;35;3;0;0;0
40;4;12;14;5;3;4;4;0;20;38;0;0;0
21;2;15;10;4;11;3;4;0;55;38;0;0;0
46;2;11;9;2;6;5;2;0;36;38;0;0;0
56;2;10;16;2;9;0;4;1;50;38;0;0;0
36;4;11;9;0;13;1;4;1;60;38;0;0;0
67;4;15;10;2;11;0;4;1;40;38;0;0;0
35;2;15;10;2;2;0;4;1;60;38;0;0;0
20;2;15;10;4;4;1;4;0;40;38;0;0;0
34;2;11;9;2;2;0;4;1;40;38;0;1;0
23;2;11;9;4;2;3;1;1;40;29;0;0;0
19;2;15;10;4;4;1;4;0;15;38;0;0;0
25;2;15;10;4;5;3;4;1;40;38;0;0;0
53;2;11;9;2;2;0;4;1;40;38;0;0;0
31;4;11;9;2;4;0;4;1;91;38;0;0;0
33;2;5;4;2;5;0;4;1;40;25;0;0;0
33;0;15;10;0;7;1;2;1;40;38;0;0;0
45;3;14;15;0;9;4;4;1;36;38;1;0;1
35;2;15;10;0;7;4;2;0;40;38;0;0;0
36;2;1;7;2;13;0;4;1;40;38;0;0;0
36;2;11;9;2;6;0;4;1;85;38;0;0;0
51;4;11;9;2;3;0;4;1;30;38;0;0;0
45;5;14;15;0;9;4;2;1;36;38;1;0;1
24;2;4;3;4;6;2;4;1;40;25;0;0;0
28;2;8;11;4;12;3;4;0;36;38;1;0;0
63;2;1;7;2;11;0;4;1;22;38;0;0;0
35;2;11;9;2;2;0;2;1;60;38;0;0;1
25;4;9;13;2;3;5;4;0;40;38;0;0;0
36;2;8;11;2;3;5;4;0;55;38;1;0;1
44;2;11;9;4;7;1;4;1;30;38;0;0;0
49;4;11;9;0;4;1;4;0;28;38;0;0;0
52;2;3;2;2;4;0;4;1;40;38;0;0;0
27;2;9;13;4;5;1;2;1;40;38;0;0;0
35;2;15;10;4;0;4;2;1;40;38;0;0;0
51;2;9;13;2;9;0;4;1;50;38;0;0;1
49;2;5;4;2;2;0;4;1;40;38;0;0;0
35;1;9;13;2;11;0;1;1;40;29;1;0;1
28;2;15;10;0;3;1;4;0;40;38;0;0;0
37;2;15;10;0;2;1;4;1;50;38;0;0;0
65;2;9;13;0;0;1;4;0;40;38;0;0;0
24;2;9;13;4;7;3;4;0;40;38;0;0;0
30;0;7;12;4;9;1;4;0;40;38;0;0;0
38;2;11;9;2;2;0;4;1;65;38;0;0;0
58;4;11;9;2;11;0;4;1;55;38;0;0;1
57;2;12;14;2;3;0;2;1;40;38;0;1;1
40;2;9;13;2;3;5;4;0;45;38;0;0;1
42;2;15;10;0;0;1;2;0;40;38;0;0;0
31;4;11;9;2;3;0;4;1;40;38;0;0;1
17;2;2;8;4;5;3;4;1;20;38;0;0;0
42;2;15;10;0;6;1;4;0;40;38;0;0;0
25;2;12;14;4;9;1;4;0;40;38;0;0;0
40;2;15;10;2;9;0;4;1;40;38;1;0;1
29;2;12;14;4;3;1;4;0;45;38;0;0;0
31;2;9;13;2;9;0;4;1;40;38;0;0;1
71;1;12;14;6;3;1;4;1;20;38;1;0;0
34;2;9;13;4;0;3;4;0;40;38;0;0;0
25;2;11;9;2;0;2;4;1;40;38;0;0;0
40;2;11;9;2;7;0;4;1;30;38;0;0;0
67;2;15;10;6;0;1;4;0;25;38;0;0;0
40;2;11;9;2;2;0;4;1;40;38;0;0;1
18;2;11;9;4;11;3;2;0;18;38;0;0;0
38;2;9;13;2;9;0;4;1;50;38;1;0;1
38;2;1;7;2;2;0;4;1;40;12;0;0;0
42;2;11;9;2;7;0;2;1;40;13;0;0;0
36;5;11;9;5;7;3;4;0;32;38;0;0;0
23;4;3;2;2;11;2;4;1;40;38;0;0;0
56;2;11;9;2;13;0;2;1;40;38;0;0;0
36;2;15;10;2;3;0;4;1;52;38;0;0;1
22;2;15;10;4;2;4;4;1;40;38;0;0;0
39;2;2;8;0;0;4;4;0;40;38;0;0;0
36;5;14;15;0;9;3;1;0;40;29;0;0;0
44;2;15;10;2;2;0;4;1;56;38;0;0;1
38;2;1;7;0;6;4;2;0;52;38;0;0;0
37;2;0;6;2;13;0;4;1;55;38;0;0;0
57;1;11;9;0;0;1;4;0;16;38;0;0;0
54;2;2;8;2;2;0;4;1;40;38;0;0;0
18;4;15;10;4;4;3;4;1;30;38;0;0;0
63;4;5;4;2;2;0;4;1;40;38;0;0;0
38;3;11;9;2;7;5;4;0;20;30;0;0;0
26;2;1;7;2;7;2;4;1;25;38;0;0;0
40;2;1;7;0;7;2;4;0;20;38;0;0;0
20;2;11;9;4;6;1;4;1;40;38;0;0;0
39;2;0;6;2;6;0;4;1;40;38;1;0;0
28;2;11;9;4;5;1;4;1;42;38;0;0;0
30;2;15;10;2;9;5;1;0;5;38;0;0;1
42;2;11;9;0;6;4;4;0;40;38;0;0;0
42;2;11;9;0;13;1;4;1;50;38;0;0;0
21;2;11;9;4;6;1;4;0;40;38;0;0;0
40;2;15;10;0;2;4;4;1;40;38;0;0;0
36;2;1;7;4;6;4;4;0;40;38;0;0;0
67;2;15;10;0;0;1;4;1;35;38;1;0;0
65;2;15;10;0;0;1;4;0;40;38;0;0;0
50;1;9;13;0;9;4;4;0;50;38;0;0;0
18;2;0;6;4;4;3;4;1;27;38;0;0;0
31;2;11;9;4;7;1;2;0;38;38;0;0;0
36;3;15;10;2;3;0;4;1;50;38;0;0;1
20;2;11;9;4;0;3;4;0;40;38;0;0;0
34;2;11;9;2;13;0;4;1;40;38;0;0;0
24;2;11;9;2;7;0;4;1;39;38;0;0;0
38;0;11;9;0;9;4;4;0;40;38;0;0;0
17;2;0;6;4;0;3;4;0;20;38;0;0;0
52;6;11;9;2;0;5;4;0;30;38;0;0;0
34;2;12;14;4;9;1;4;0;40;38;0;0;1
49;2;14;15;2;9;0;4;1;48;38;0;0;0
45;2;6;5;4;7;1;4;0;15;38;0;0;0
46;2;9;13;2;0;0;1;1;35;29;0;1;1
34;3;9;13;2;11;0;4;1;50;38;0;0;1
21;4;2;8;2;0;5;4;0;30;31;1;0;0
17;2;1;7;4;7;3;4;0;30;38;0;0;0
23;2;15;10;4;7;3;2;1;40;38;0;0;0
32;2;15;10;2;5;0;4;1;40;38;0;0;0
22;2;15;10;4;2;1;4;1;40;38;0;0;0
48;5;11;9;2;0;0;4;1;35;38;0;0;1
27;5;9;13;4;9;4;4;1;50;38;0;0;0
43;2;12;14;4;0;1;4;1;40;38;0;0;0
44;2;11;9;2;7;5;1;0;50;29;0;0;0
55;2;15;10;2;3;0;4;1;60;38;0;0;1
31;2;11;9;4;6;1;2;1;40;38;0;0;0
34;2;11;9;4;2;1;4;1;48;38;0;0;0
34;2;11;9;0;4;1;4;1;40;38;0;0;0
37;2;9;13;0;7;1;4;1;40;38;0;0;0
21;2;15;10;4;9;3;4;1;10;38;0;0;0
35;2;8;11;2;0;0;2;1;40;38;0;0;0
28;2;15;10;0;7;1;4;0;30;38;0;0;0
62;2;11;9;0;6;1;4;0;40;38;1;0;0
40;0;15;10;2;4;0;4;1;40;38;0;0;0
34;2;9;13;4;6;1;4;0;39;38;0;0;0
32;2;12;14;4;9;1;4;0;40;38;0;1;0
70;2;15;10;6;11;1;4;0;34;38;0;0;0
23;2;11;9;2;7;0;4;1;50;38;0;0;0
30;2;11;9;4;2;3;4;1;48;38;0;0;0
57;2;11;9;2;2;0;1;1;40;38;0;0;0
34;4;14;15;2;9;0;4;1;35;38;0;0;1
24;2;0;6;2;7;0;4;1;40;25;0;0;0
41;1;9;13;2;9;0;4;1;35;38;0;0;1
38;4;5;4;2;11;0;4;1;40;25;0;0;0
48;2;7;12;0;0;1;4;0;40;38;0;0;0
43;2;9;13;2;6;0;2;1;40;38;0;0;0
18;2;15;10;4;7;1;4;0;40;38;0;0;0
35;2;9;13;2;3;0;4;1;40;38;0;0;1
42;2;11;9;0;6;4;4;1;48;38;0;0;0
30;2;15;10;0;7;4;4;0;35;38;0;0;0
42;2;9;13;2;12;0;4;1;45;38;0;0;1
48;2;15;10;0;5;2;2;1;40;38;0;0;0
70;2;11;9;0;7;1;4;0;28;38;0;0;0
37;2;6;5;0;2;3;4;1;35;38;0;0;0
51;2;8;11;5;9;4;4;0;40;38;0;0;0
35;2;11;9;2;5;0;4;1;40;25;0;0;0
59;4;9;13;2;9;0;4;1;43;38;1;0;1
57;2;9;13;2;3;0;4;1;50;38;0;0;1
26;2;11;9;4;2;3;4;1;20;38;0;0;0
26;2;4;3;5;2;1;3;1;35;25;0;0;0
19;2;11;9;4;5;3;4;1;35;38;0;0;0
34;2;11;9;0;6;4;4;0;40;38;0;0;0
56;2;9;13;4;3;1;4;0;55;38;1;0;1
25;2;9;13;4;0;3;1;0;40;38;0;0;0
46;4;14;15;2;9;0;4;1;80;38;0;1;1
22;2;11;9;2;7;0;4;1;20;38;0;0;0
72;4;15;10;2;11;0;4;1;40;38;0;0;0
36;2;11;9;2;2;0;4;1;40;38;0;0;0
28;2;11;9;2;3;5;4;0;45;38;0;0;1
37;2;11;9;2;9;0;4;1;40;38;0;0;0
42;2;9;13;2;3;0;4;1;50;38;0;0;1
44;2;15;10;2;6;0;4;1;44;38;0;0;0
33;2;15;10;2;9;5;4;0;21;38;1;0;1
53;5;10;16;2;9;0;4;1;40;38;0;0;0
28;2;15;10;4;3;1;4;1;50;38;0;0;0
69;2;9;13;2;5;0;4;1;20;38;0;0;0
20;2;15;10;4;7;3;4;1;27;38;0;0;0
33;2;15;10;4;11;1;4;1;50;38;0;0;0
47;2;11;9;2;7;0;2;1;60;38;0;0;1
50;1;11;9;2;2;0;4;1;35;38;0;1;1
22;2;15;10;4;9;1;4;1;45;38;0;0;0
20;2;11;9;4;2;3;4;1;40;38;0;0;0
42;1;9;13;4;9;1;4;1;50;38;0;0;0
23;2;11;9;4;12;2;1;1;40;39;0;0;0
32;2;15;10;0;3;1;4;0;45;38;0;0;0
41;2;9;13;6;11;4;2;1;50;38;0;0;0
35;2;11;9;2;2;0;4;1;40;38;0;0;0
40;2;12;14;2;3;0;4;1;50;38;0;0;1
25;2;15;10;4;6;3;2;1;40;38;0;0;0
34;5;10;16;2;12;0;1;1;20;2;0;0;0
23;2;8;11;4;13;3;1;1;40;34;0;0;0
30;1;12;14;2;9;0;4;1;40;38;0;0;1
55;1;12;14;6;9;4;4;0;45;38;0;0;0
26;2;12;14;4;9;1;4;0;40;38;0;1;0
39;2;12;14;4;9;1;4;1;60;38;0;0;0
52;2;11;9;2;13;0;0;1;40;38;0;0;1
42;2;15;10;5;3;1;4;1;60;1;0;0;0
25;2;9;13;4;11;1;4;1;48;38;1;0;0
27;2;9;13;4;11;3;4;1;35;38;0;0;0
30;4;5;4;4;2;3;4;1;40;38;0;0;0
23;5;9;13;4;9;1;4;1;40;38;1;0;1
47;4;9;13;2;11;0;4;1;40;38;0;1;1
18;2;11;9;4;7;3;4;0;20;38;0;0;0
52;2;15;10;0;0;4;4;0;35;38;0;0;0
24;2;11;9;4;11;1;4;0;48;38;0;0;0
58;3;11;9;2;11;0;4;1;55;38;0;0;1
35;2;11;9;4;0;1;4;1;40;38;0;0;0
31;2;8;11;4;4;3;4;1;40;38;0;0;0
46;2;15;10;2;2;0;4;1;60;38;1;0;1
43;2;12;14;2;9;0;4;1;40;38;1;0;1
21;2;11;9;4;7;2;4;0;35;38;0;0;0
52;2;15;10;2;3;0;4;1;60;38;0;1;0
24;2;9;13;4;11;3;4;0;35;38;0;0;0
22;2;11;9;4;6;1;4;0;48;38;0;0;0
39;2;15;10;2;0;0;1;1;25;25;0;0;0
34;5;11;9;2;13;0;2;1;40;38;0;0;0
58;2;9;13;2;9;0;4;1;40;38;0;0;1
26;2;9;13;4;0;3;4;1;25;38;0;0;0
29;2;11;9;2;5;0;0;1;40;38;0;0;0
28;2;7;12;2;0;5;2;0;35;13;0;0;0
62;1;15;10;2;6;0;4;1;40;38;0;0;0
54;2;4;3;2;13;0;4;1;40;38;0;0;1
36;2;15;10;2;3;0;4;1;65;38;0;0;0
18;2;2;8;4;5;3;4;1;18;38;0;0;0
25;2;8;11;2;2;0;4;1;40;38;0;0;0
48;2;15;10;4;2;1;2;0;40;38;0;0;0
30;2;14;15;4;12;3;4;0;24;38;0;0;0
41;1;11;9;0;3;4;4;0;40;38;0;0;0
59;2;11;9;0;12;4;4;1;60;38;0;0;1
36;2;1;7;2;2;0;4;1;40;38;0;0;0
30;2;11;9;0;11;4;4;0;54;38;0;0;0
27;2;11;9;4;5;3;4;1;40;38;0;0;0
30;2;9;13;4;7;1;1;1;15;2;0;0;0
47;2;8;11;0;11;4;2;0;25;38;0;0;0
39;2;11;9;2;11;0;4;1;40;38;0;0;1
31;2;11;9;2;0;0;1;1;40;38;0;0;0
44;2;7;12;0;0;4;4;0;40;38;0;0;0
37;2;11;9;4;7;1;4;0;40;38;0;0;0
28;2;15;10;2;2;0;4;1;63;38;0;0;0
38;2;11;9;2;2;0;4;1;40;38;0;0;0
26;2;11;9;0;6;1;4;0;40;38;0;0;0
44;2;15;10;2;3;0;4;1;40;38;0;0;1
40;2;15;10;2;11;0;4;1;50;38;1;0;0
53;5;11;9;2;7;5;0;0;28;38;0;0;1
31;2;15;10;2;3;3;4;1;50;38;0;0;0
18;2;11;9;4;0;3;4;0;40;38;0;0;0
43;3;11;9;2;4;0;4;1;45;38;0;0;0
30;2;11;9;4;2;3;4;1;35;38;0;0;0
19;5;11;9;4;0;3;4;0;40;38;0;0;0
36;2;11;9;2;2;0;4;1;40;38;0;0;0
25;2;12;14;4;9;3;4;0;60;38;0;0;0
36;2;1;7;2;2;0;4;1;60;38;0;0;0
22;2;15;10;4;7;4;4;0;50;38;0;0;0
42;0;9;13;2;9;0;4;1;40;38;0;0;0
33;5;15;10;4;12;1;4;0;40;38;0;0;0
38;2;11;9;4;2;1;4;1;40;38;0;0;0
33;5;11;9;2;7;0;4;1;40;38;0;0;0
52;4;11;9;0;2;1;2;1;40;38;0;0;0
30;2;15;10;4;11;3;4;1;30;38;0;0;0
18;5;15;10;4;0;3;4;1;10;38;0;0;0
17;2;0;6;4;7;2;4;1;40;25;0;0;0
48;2;15;10;4;0;1;4;0;40;38;0;0;0
46;1;15;10;0;12;1;4;0;40;38;0;0;0
55;2;11;9;0;3;1;4;1;60;38;0;0;1
28;2;9;13;4;11;1;4;0;40;38;0;0;0
33;2;11;9;0;7;4;4;0;40;38;0;0;0
44;2;11;9;2;11;0;4;1;24;38;0;0;0
43;2;11;9;0;3;4;4;0;40;38;0;0;0
42;2;15;10;4;3;1;4;0;40;38;0;0;0
39;2;8;11;0;3;4;2;0;40;38;0;0;0
23;2;0;6;4;5;4;4;1;50;38;0;0;0
20;5;15;10;4;7;3;4;0;20;38;0;0;0
29;2;15;10;0;2;4;4;1;35;38;0;0;1
54;4;15;10;2;11;0;4;1;65;38;0;0;0
34;2;8;11;4;0;1;4;0;40;38;0;0;0
30;2;9;13;2;11;0;4;1;40;38;0;0;1
59;2;1;7;2;11;0;4;1;60;38;0;0;0
40;2;5;4;0;4;4;4;0;40;38;0;0;0
37;2;11;9;5;2;3;4;1;40;38;0;0;0
45;2;11;9;2;2;0;4;1;40;38;0;0;0
55;4;12;14;2;9;0;4;1;40;38;1;0;1
49;1;15;10;2;10;0;4;1;44;38;0;0;1
49;4;7;12;0;3;1;4;1;25;38;0;0;0
30;0;11;9;2;0;0;4;1;40;38;0;0;1
56;0;15;10;0;0;1;2;0;40;38;0;0;0
29;2;15;10;4;9;1;4;0;40;38;0;0;0
33;2;11;9;2;2;0;4;1;40;38;0;0;0
25;2;15;10;4;11;3;4;1;42;38;0;0;0
28;2;8;11;2;12;0;4;1;70;38;0;0;1
23;2;11;9;4;6;1;4;1;40;38;0;0;0
39;4;11;9;2;4;5;4;0;50;38;0;0;0
37;4;9;13;2;12;0;4;1;40;38;0;0;1
39;2;12;14;4;9;1;4;0;40;38;0;0;1
32;0;9;13;2;0;0;4;1;35;38;0;0;1
26;2;9;13;4;3;1;4;0;45;38;0;0;0
57;0;15;10;0;0;3;4;1;40;38;0;0;0
36;2;6;5;2;11;3;4;1;50;38;0;0;1
30;2;9;13;2;11;0;4;1;50;38;0;0;1
27;2;11;9;2;2;0;4;1;50;38;0;0;0
21;2;15;10;4;2;1;4;1;55;38;0;0;0
22;2;11;9;2;6;0;4;1;40;38;0;0;0
43;1;11;9;2;2;0;4;1;40;38;0;0;0
20;2;15;10;4;0;3;4;1;40;38;0;0;0
30;2;11;9;2;3;0;4;1;65;38;0;0;1
57;2;12;14;2;12;0;4;1;40;38;0;0;1
42;2;8;11;5;9;4;4;0;40;38;0;0;0
29;2;8;11;0;7;4;4;0;45;3;0;0;0
44;1;11;9;2;10;0;4;1;52;38;0;0;1
28;2;7;12;0;3;1;4;0;43;38;0;0;0
42;2;11;9;2;5;0;4;1;40;38;0;0;1
26;2;9;13;4;7;3;4;1;40;38;0;0;0
29;2;15;10;0;9;3;4;0;36;38;0;0;0
42;2;9;13;0;0;4;4;1;30;38;0;0;0
30;2;11;9;2;13;0;4;1;50;38;0;0;0
21;5;15;10;4;7;3;4;0;10;38;0;0;0
59;2;11;9;2;3;0;4;1;30;38;0;0;1
56;2;11;9;0;13;1;4;1;40;38;0;0;0
39;2;13;1;4;7;1;4;0;12;38;0;0;0
21;2;15;10;4;0;3;2;1;50;38;0;0;0
48;2;9;13;3;9;1;4;1;37;38;0;0;1
35;5;11;9;2;10;0;2;1;40;38;0;0;0
43;2;9;13;5;3;4;4;1;60;38;0;0;1
23;2;8;11;4;7;3;4;0;15;38;0;0;0
41;2;9;13;2;3;0;1;1;40;23;0;0;1
35;3;12;14;2;0;0;4;1;50;38;0;0;0
22;2;15;10;4;11;3;4;1;35;38;0;0;0
53;2;11;9;0;0;1;4;0;40;38;0;0;0
42;2;15;10;4;6;1;4;0;40;38;0;0;0
36;2;11;9;5;0;4;2;0;40;38;0;0;0
44;1;9;13;2;9;0;4;1;50;38;0;0;0
27;2;9;13;2;0;5;4;0;40;4;0;0;1
39;4;11;9;2;3;0;4;1;40;38;0;0;0
59;2;6;5;2;6;0;4;1;40;38;0;0;0
34;1;15;10;4;7;1;4;1;48;38;0;0;0
17;2;2;8;4;11;3;4;0;23;38;0;0;0
31;2;11;9;2;2;0;4;1;40;38;0;0;0
59;2;15;10;2;3;0;4;1;12;38;0;0;0
39;2;15;10;3;0;4;0;0;40;38;0;0;0
46;5;9;13;2;9;0;2;1;40;38;0;0;1
31;2;11;9;3;7;1;4;0;80;21;0;0;0
27;2;9;13;4;11;1;4;1;45;38;0;1;0
18;2;1;7;4;5;3;4;1;12;38;0;0;0
46;2;15;10;2;3;0;4;1;60;38;0;0;1
55;2;9;13;2;0;0;4;1;40;38;0;0;1
48;2;9;13;0;5;1;4;1;43;38;0;0;0
53;2;11;9;2;11;5;4;0;26;38;0;0;0
44;4;9;13;2;3;0;1;1;48;34;0;0;1
43;2;15;10;2;13;0;4;1;50;38;0;0;0
50;2;11;9;5;0;2;4;0;40;38;0;0;0
56;2;5;4;0;6;1;4;0;20;40;0;0;0
27;2;11;9;2;6;0;4;1;40;25;0;0;0
20;2;11;9;4;0;3;2;0;40;38;0;0;0
18;1;0;6;4;10;3;4;0;6;38;0;0;0
34;2;11;9;2;2;0;4;1;50;38;0;1;1
38;2;15;10;0;0;4;4;0;40;38;0;0;0
40;3;9;13;2;2;0;4;1;15;38;0;0;0
55;2;15;10;0;10;1;4;1;40;38;0;0;0
35;4;11;9;2;2;5;2;0;40;38;0;0;1
26;2;11;9;4;6;3;4;1;40;38;0;0;0
54;5;9;13;2;3;0;4;1;40;32;0;0;1
22;2;11;9;4;0;3;4;1;40;38;0;0;0
52;1;11;9;0;0;4;2;0;40;38;0;0;0
33;2;0;6;5;5;1;4;1;40;38;0;0;0
42;2;12;14;2;9;0;4;1;40;38;0;0;1
19;6;11;9;4;4;3;4;1;10;38;0;0;0
45;2;15;10;0;2;4;4;1;99;38;0;0;0
53;4;11;9;2;2;0;2;1;72;38;1;0;0
46;2;11;9;0;0;4;4;0;43;38;0;1;0
25;2;15;10;2;2;0;4;1;40;38;0;0;0
90;2;9;13;4;9;1;1;1;40;38;0;0;0
33;2;11;9;4;11;3;2;0;40;38;0;0;0
45;2;15;10;0;10;1;4;1;70;38;0;0;0
47;2;11;9;2;11;0;2;1;40;38;0;0;1
38;1;12;14;4;9;1;4;1;43;38;0;0;0
37;2;11;9;2;4;0;4;1;30;38;0;0;0
53;5;12;14;2;3;0;4;1;70;38;0;0;1
56;2;9;13;2;9;0;4;1;40;38;0;0;1
18;2;1;7;4;5;3;4;1;15;38;0;0;0
50;2;15;10;0;12;1;4;0;36;38;0;0;0
26;2;9;13;4;0;1;2;1;20;38;0;0;0
36;2;15;10;4;12;1;4;0;40;38;0;0;0
37;2;1;7;0;5;1;4;0;40;38;0;0;0
32;2;9;13;4;3;1;4;0;40;38;0;0;0
38;4;7;12;2;11;0;4;1;60;38;0;0;0
62;2;11;9;0;7;1;4;0;84;38;0;0;0
46;2;11;9;2;2;0;4;1;40;38;0;0;0
41;2;11;9;4;6;1;4;1;41;38;1;0;0
37;2;11;9;2;4;0;4;1;15;38;0;0;0
38;2;7;12;2;0;0;4;1;40;38;0;0;0
35;2;2;8;4;11;1;2;0;40;38;0;0;0
34;2;9;13;4;3;3;0;0;40;38;0;0;0
50;2;11;9;2;5;0;2;1;40;38;0;0;0
28;2;15;10;2;0;5;4;0;32;38;1;0;1
67;1;9;13;0;0;4;2;0;35;38;1;0;0
34;4;15;10;2;3;0;4;1;30;38;0;0;0
19;2;15;10;4;11;3;4;0;25;38;0;0;0
23;2;11;9;4;0;3;4;1;30;38;0;0;0
50;2;11;9;2;6;0;4;1;45;38;0;0;1
45;1;12;14;2;3;0;4;1;50;38;1;0;1
17;2;2;8;4;7;3;4;1;16;38;0;0;0
25;2;11;9;4;0;1;4;0;48;38;0;0;0
21;2;15;10;4;9;1;4;0;40;38;0;0;0
50;2;14;15;2;9;0;4;1;50;38;0;0;1
17;2;0;6;4;11;3;4;0;20;38;0;0;0
63;2;11;9;6;0;1;4;0;40;38;0;0;0
31;1;12;14;4;9;1;4;1;43;38;0;0;0
45;2;11;9;0;13;1;4;1;40;38;0;0;0
25;2;11;9;4;6;3;4;1;40;38;0;0;0
20;2;2;8;4;4;3;4;1;40;38;0;0;0
42;2;10;16;2;9;0;4;1;40;9;0;0;0
56;2;15;10;2;2;0;4;1;40;38;0;0;1
47;2;11;9;4;4;4;4;0;46;38;0;0;0
69;2;11;9;0;7;1;4;0;32;38;0;0;0
42;2;9;13;2;9;5;4;0;55;38;0;0;0
19;2;11;9;4;5;2;3;0;60;12;0;0;0
56;4;15;10;2;4;0;4;1;50;38;0;0;0
33;2;9;13;2;0;0;4;1;50;38;0;1;1
61;0;12;14;6;9;4;4;0;40;38;0;0;0
38;2;11;9;0;7;1;4;0;35;38;0;0;0
50;4;11;9;2;2;0;4;1;50;38;1;0;1
39;2;15;10;0;3;1;4;1;50;38;0;0;1
35;4;11;9;2;13;0;4;1;50;38;0;0;0
27;2;15;10;0;0;4;4;0;44;38;0;0;0
40;3;15;10;2;4;0;4;1;40;38;0;0;1
59;5;10;16;2;9;0;4;1;40;38;0;0;1
42;0;11;9;2;12;0;4;1;30;38;0;0;1
59;2;15;10;5;0;4;4;1;40;38;0;0;0
54;3;10;16;2;9;0;4;1;60;38;0;0;1
38;2;15;10;2;3;0;4;1;50;38;0;1;1
53;2;9;13;2;11;0;4;1;30;38;0;0;0
20;2;15;10;4;3;3;4;0;30;38;0;0;0
54;0;15;10;2;3;0;4;1;40;38;0;0;1
41;4;12;14;4;3;1;1;1;45;38;0;0;1
33;1;11;9;0;12;1;4;0;55;38;0;0;0
35;2;11;9;6;3;4;4;0;30;38;0;0;0
22;2;11;9;4;5;3;4;1;50;31;0;0;0
45;4;9;13;2;4;0;4;1;70;38;0;1;1
29;2;12;14;4;9;1;4;1;40;38;0;0;0
56;4;12;14;0;11;4;4;0;60;38;0;1;0
23;2;9;13;4;9;1;4;0;25;38;0;0;0
30;2;11;9;4;7;1;4;0;35;38;0;0;0
17;2;1;7;4;8;3;4;0;25;38;0;0;0
35;1;15;10;5;0;4;0;0;40;38;0;0;0
25;2;3;2;4;8;1;4;0;40;12;0;0;0
42;5;8;11;2;10;0;4;1;40;38;0;0;1
42;2;11;9;4;7;2;2;1;40;38;0;0;0
19;2;11;9;4;5;3;4;1;30;38;0;0;0
32;2;7;12;4;0;1;4;0;45;38;0;0;0
44;2;15;10;0;0;4;4;0;40;38;0;0;0
53;2;15;10;2;2;0;4;1;36;38;0;0;1
47;4;9;13;6;3;4;1;0;60;36;0;0;0
24;2;15;10;4;5;3;4;1;40;38;0;0;0
30;5;15;10;2;9;5;2;0;40;38;0;0;1
42;2;11;9;5;11;4;4;0;45;38;0;0;0
19;2;11;9;4;7;3;2;0;40;38;0;0;0
37;4;1;7;4;4;3;4;1;37;38;0;0;0
26;4;0;6;2;4;0;4;1;99;38;0;0;0
25;1;11;9;4;4;3;4;1;16;38;0;1;0
52;2;15;10;2;11;0;4;1;40;38;0;0;0
50;1;11;9;2;13;0;4;1;40;38;0;0;0
32;2;11;9;3;5;2;4;1;40;38;0;0;0
37;2;11;9;2;13;0;4;1;40;38;0;0;0
42;1;12;14;4;9;1;4;0;35;38;0;1;0
47;2;11;9;2;2;0;4;1;40;38;0;0;0
47;2;15;10;2;5;0;4;1;40;38;0;0;0
28;2;9;13;2;3;5;4;0;40;38;0;0;1
27;2;9;13;2;3;5;1;0;40;34;0;0;0
61;4;11;9;2;13;0;2;1;40;38;0;0;0
47;2;4;3;2;5;0;4;1;40;25;0;0;0
30;2;7;12;4;6;4;2;0;40;38;0;0;0
54;2;11;9;2;6;5;4;0;40;38;0;0;1
56;1;14;15;2;0;0;1;1;40;29;0;0;1
69;2;15;10;6;0;1;4;0;24;38;0;0;0
30;2;11;9;2;13;0;4;1;40;38;0;0;1
36;2;15;10;2;2;0;4;1;40;1;0;0;1
42;4;1;7;2;4;0;4;1;60;38;0;0;0
45;0;9;13;2;9;0;4;1;45;38;0;0;1
39;2;9;13;2;9;5;4;0;20;38;1;0;1
26;2;1;7;0;0;3;4;0;40;38;0;0;0
28;1;9;13;2;10;0;2;1;42;38;0;0;1
31;2;12;14;2;11;0;4;1;40;38;0;0;1
32;2;4;3;5;4;2;4;1;60;25;0;0;0
51;2;11;9;4;3;2;4;0;40;38;0;0;0
29;2;11;9;2;11;0;4;1;60;38;0;0;0
38;1;12;14;4;9;1;4;0;60;38;0;1;0
64;2;15;10;6;3;1;4;0;10;38;0;0;0
26;5;15;10;4;10;3;4;1;40;38;0;0;0
68;2;4;3;3;11;1;4;1;22;38;0;0;0
32;2;11;9;2;2;0;4;1;48;38;0;0;0
29;2;15;10;4;11;3;4;0;40;38;0;0;0
21;2;11;9;4;6;3;4;1;40;38;0;0;0
26;2;11;9;4;6;1;4;1;40;38;0;0;0
52;2;11;9;2;6;0;4;1;40;38;1;0;0
31;2;11;9;2;2;0;4;1;55;38;0;0;0
29;1;11;9;4;10;4;4;1;45;38;0;0;0
19;2;15;10;4;7;3;4;0;27;38;0;0;0
51;2;11;9;2;6;5;4;0;40;38;0;0;0
45;2;6;5;5;7;4;3;0;40;37;0;0;0
20;2;11;9;2;11;3;2;1;32;38;0;0;0
40;2;15;10;4;5;1;4;1;48;38;0;0;0
43;2;10;16;2;9;0;4;1;55;38;1;0;1
52;1;15;10;2;13;0;4;1;40;38;0;0;0
46;2;15;10;0;0;1;4;0;24;38;0;0;0
24;2;11;9;2;6;0;4;1;40;38;0;0;0
20;2;6;5;4;13;1;4;1;50;38;0;0;0
38;4;9;13;2;3;0;4;1;60;38;0;0;0
44;2;9;13;4;9;1;4;0;45;25;0;0;0
24;2;9;13;4;0;1;4;0;40;38;0;0;0
32;5;14;15;2;9;0;4;1;75;38;0;0;1
49;2;5;4;4;7;2;4;1;35;38;0;0;0
36;2;12;14;4;9;1;4;0;40;38;0;0;0
31;2;11;9;5;0;1;4;1;45;38;0;0;0
46;2;15;10;0;3;1;4;0;40;38;0;0;0
46;1;15;10;2;10;0;4;1;70;38;0;0;1
29;2;11;9;3;7;1;3;0;40;3;0;0;0
37;2;11;9;2;2;0;4;1;40;38;0;0;0
28;4;9;13;4;10;3;4;1;40;38;0;0;0
48;2;11;9;6;0;4;4;0;40;38;0;0;0
52;2;1;7;0;6;1;2;0;20;38;0;0;0
19;2;11;9;4;4;2;4;1;35;38;0;0;0
31;4;9;13;2;9;0;4;1;40;38;0;0;1
47;2;9;13;2;3;0;4;1;55;38;1;0;1
37;2;11;9;2;2;0;4;1;40;38;0;0;0
46;2;7;12;2;2;0;4;1;44;38;0;0;1
51;4;11;9;2;4;0;4;1;60;38;1;0;1
50;2;12;14;2;2;0;4;1;45;38;0;1;1
38;2;5;4;2;4;0;4;1;84;31;1;0;0
40;1;11;9;2;2;0;2;1;35;38;0;0;0
58;2;15;10;0;6;1;3;1;40;25;0;0;0
36;2;11;9;2;2;0;4;1;40;38;0;0;1
26;1;9;13;4;9;3;2;0;35;38;0;0;0
49;2;0;6;0;7;1;4;1;48;38;0;0;0
39;5;12;14;2;9;5;4;0;38;38;1;0;1
46;2;9;13;2;0;0;4;1;45;38;0;0;1
26;2;11;9;5;11;4;2;0;37;38;0;0;0
40;0;12;14;4;12;1;4;0;40;38;0;0;0
53;5;10;16;2;9;0;4;1;40;38;0;0;1
60;4;15;10;2;3;0;4;1;50;38;0;0;0
28;2;11;9;2;5;0;2;1;40;38;0;0;0
31;2;11;9;2;5;0;4;1;55;38;0;0;0
45;2;11;9;0;3;1;4;1;50;38;1;0;1
34;2;11;9;0;9;4;4;1;40;25;0;0;0
27;5;12;14;4;3;1;4;1;40;33;0;0;0
40;2;15;10;0;13;1;2;0;40;38;0;0;0
68;2;11;9;6;6;1;4;0;32;38;0;0;0
51;2;11;9;2;2;0;4;1;50;38;0;0;0
55;2;11;9;2;12;0;4;1;20;38;0;0;0
43;2;7;12;2;3;0;4;1;45;38;0;0;1
23;5;9;13;4;9;3;4;0;27;38;0;0;0
48;2;11;9;2;7;0;4;1;40;38;0;0;0
42;3;15;10;2;9;0;0;1;30;38;1;0;0
51;3;11;9;4;3;1;4;1;40;38;1;0;1
32;2;11;9;2;6;0;4;1;55;38;1;0;0
34;2;15;10;2;11;0;4;1;45;38;0;0;1
31;1;11;9;2;2;0;4;1;70;38;0;0;1
17;2;0;6;4;7;3;4;1;8;38;0;0;0
37;2;11;9;2;0;5;4;0;40;38;0;0;1
26;2;2;8;2;8;5;3;0;40;5;0;0;0
17;2;1;7;4;11;3;4;0;15;38;0;0;0
34;2;9;13;2;13;0;1;1;40;38;0;0;1
46;2;1;7;2;2;0;4;1;40;38;0;1;1
41;1;12;14;2;3;0;4;1;40;38;0;0;1
59;2;0;6;3;10;1;1;1;40;18;0;0;0
50;4;11;9;2;3;0;4;1;50;38;1;0;1
46;2;11;9;2;6;0;2;1;40;38;0;0;0
45;2;12;14;0;9;1;4;1;40;38;0;0;0
27;2;11;9;4;6;1;4;0;40;38;0;0;0
31;2;9;13;2;9;0;4;1;50;38;0;0;0
32;2;11;9;0;12;4;4;0;38;38;1;0;0
28;2;11;9;2;2;0;4;1;50;38;0;0;0
32;2;9;13;2;3;0;4;1;40;38;0;0;1
36;2;7;12;4;3;4;4;1;50;38;0;0;0
39;3;8;11;2;2;0;4;1;40;38;0;1;1
23;2;11;9;4;2;1;4;1;40;38;0;0;0
44;2;11;9;2;13;0;4;1;40;38;0;0;1
37;2;15;10;2;13;0;4;1;40;38;0;0;0
36;2;5;4;3;6;4;4;0;40;32;1;0;0
45;2;1;7;3;6;4;1;0;40;34;0;0;0
43;0;11;9;2;4;0;4;1;40;38;1;0;1
49;2;14;15;4;9;1;4;0;55;38;0;0;1
37;2;11;9;2;13;0;4;1;40;38;0;0;1
26;2;11;9;4;13;3;2;1;40;38;0;0;0
34;2;14;15;2;9;0;4;1;55;38;0;1;1
51;2;15;10;2;2;0;4;1;60;38;0;0;1
24;2;15;10;4;0;1;4;0;40;38;0;0;0
67;4;9;13;2;13;0;4;1;40;38;0;0;0
40;2;11;9;2;11;0;4;1;45;38;1;0;1
32;2;11;9;2;11;5;4;0;40;38;0;0;1
21;2;15;10;4;7;3;4;0;16;38;0;0;0
39;4;15;10;2;7;5;4;0;15;38;0;0;1
33;2;1;7;2;2;0;4;1;40;38;0;0;0
48;2;11;9;0;11;1;4;1;60;38;0;0;0
21;2;15;10;4;9;3;4;0;30;38;0;0;0
68;3;8;11;6;11;1;4;0;50;38;1;0;1
24;2;11;9;4;2;1;2;1;40;38;0;0;0
24;2;1;7;4;4;4;4;1;40;38;1;0;0
23;2;9;13;4;3;3;4;0;45;38;0;0;0
40;2;11;9;2;5;0;4;1;63;38;0;0;0
48;2;9;13;3;3;1;4;0;50;38;0;0;1
42;4;11;9;2;11;0;4;1;60;38;0;0;0
45;0;9;13;4;10;1;2;0;40;38;0;0;0
31;2;11;9;2;11;0;4;1;50;38;0;0;1
53;2;8;11;2;3;0;4;1;45;38;0;0;0
25;2;9;13;4;9;3;2;0;55;38;0;0;0
32;2;15;10;2;7;0;2;1;50;38;0;0;0
41;3;9;13;2;3;0;4;1;35;38;0;0;1
57;1;11;9;0;0;4;4;0;40;38;0;0;0
25;2;0;6;4;4;4;0;1;40;38;0;0;0
40;2;15;10;2;6;0;4;1;40;38;0;1;0
17;2;1;7;4;11;3;4;0;13;38;0;0;0
17;2;6;5;4;2;3;4;1;40;38;0;0;0
82;3;15;10;6;11;1;4;1;20;38;0;0;0
40;2;7;12;0;9;4;4;0;32;38;0;0;0
26;2;15;10;4;11;1;2;1;35;38;0;0;0
37;2;15;10;0;13;1;4;1;40;38;0;0;0
25;2;0;6;2;13;0;4;1;40;38;0;0;0
65;2;0;6;2;5;0;4;1;22;38;0;0;1
39;2;9;13;0;11;1;1;1;40;2;0;0;0
36;4;11;9;2;2;0;4;1;40;38;0;0;0
37;4;11;9;2;11;0;4;1;45;38;0;0;0
23;2;11;9;4;11;3;4;1;40;38;0;0;0
34;2;11;9;2;2;0;4;1;40;38;0;0;1
63;4;9;13;2;9;0;4;1;20;38;0;0;0
59;2;11;9;6;7;1;4;0;35;38;0;0;0
49;4;15;10;2;2;0;4;1;40;38;0;0;0
17;2;1;7;4;11;3;4;0;9;38;0;0;0
28;2;0;6;2;5;0;4;1;30;25;0;0;0
45;0;9;13;2;5;0;4;1;40;38;0;0;0
40;3;9;13;2;9;0;4;1;60;38;0;0;0
45;2;11;9;2;6;0;4;1;40;38;0;0;0
20;2;6;5;4;6;3;4;1;40;38;0;0;0
59;1;9;13;2;3;5;4;0;22;38;0;0;1
41;2;11;9;0;13;4;4;1;40;38;1;0;0
49;1;15;10;0;3;4;4;1;48;38;0;0;1
37;2;8;11;0;11;1;4;1;45;38;0;0;1
31;4;11;9;2;2;0;4;1;45;38;0;0;0
21;2;15;10;4;5;3;4;1;40;38;0;0;0
27;2;9;13;4;12;1;4;0;15;38;0;0;0
51;2;11;9;0;7;1;4;0;40;38;0;0;0
46;2;3;2;2;5;0;4;1;40;25;0;0;0
48;2;15;10;2;2;0;4;1;60;38;0;0;1
39;1;12;14;0;9;1;4;0;40;38;0;0;0
50;2;7;12;2;5;0;2;1;45;38;1;0;1
41;2;11;9;2;2;0;4;1;40;38;0;0;1
21;2;15;10;4;9;1;4;0;25;38;0;0;0
54;3;7;12;2;11;0;4;1;50;38;0;0;1
40;2;11;9;2;0;5;4;0;40;38;0;0;1
44;2;11;9;2;2;0;4;1;41;38;0;0;0
50;2;11;9;2;13;0;4;1;50;38;0;0;1
42;2;15;10;0;3;4;4;0;45;38;0;0;0
34;2;11;9;4;2;1;4;1;40;38;0;0;0
46;2;15;10;2;0;0;4;1;40;38;0;0;0
35;2;11;9;2;2;0;4;1;40;38;0;0;0
38;2;7;12;2;9;0;4;1;40;38;0;0;1
37;2;14;15;0;9;1;4;1;36;38;1;0;1
30;2;11;9;2;2;0;4;1;40;38;0;0;0
22;2;9;13;4;3;3;4;0;40;38;0;0;0
21;2;11;9;4;0;3;4;1;40;38;0;0;0
40;2;13;1;3;0;3;4;1;40;38;0;0;0
56;4;11;9;2;2;0;4;1;55;38;0;0;0
48;2;6;5;2;6;0;4;1;40;30;0;0;0
21;2;8;11;4;7;3;4;0;36;38;0;0;0
52;2;1;7;6;2;1;4;1;40;38;0;0;0
60;1;12;14;2;3;0;4;1;50;38;0;0;1
45;2;10;16;2;9;0;4;1;50;38;0;0;1
30;2;11;9;2;6;0;4;1;45;38;0;0;0
31;2;11;9;2;11;0;4;1;40;38;1;0;0
36;2;6;5;2;2;0;4;1;35;12;0;0;0
42;2;14;15;2;9;0;4;1;60;38;0;0;0
28;1;12;14;2;9;5;4;0;35;38;1;0;1
62;2;14;15;2;2;0;4;1;45;38;0;0;1
45;2;8;11;2;2;0;4;1;40;1;0;0;1
47;2;9;13;2;3;0;4;1;38;38;0;0;1
43;2;7;12;2;11;0;4;1;40;38;0;0;0
24;2;15;10;4;7;1;4;1;35;38;0;0;0
44;2;11;9;5;7;4;4;0;39;38;0;0;0
25;2;11;9;4;3;3;4;1;25;38;0;0;0
21;2;15;10;4;3;1;4;1;40;38;0;0;0
29;2;8;11;2;9;0;4;1;43;38;0;0;0
21;2;15;10;4;7;1;4;1;40;38;0;0;0
41;3;14;15;2;9;0;4;1;45;7;0;0;1
55;4;15;10;2;13;0;4;1;99;38;0;0;0
42;2;11;9;2;2;0;4;1;40;38;0;0;0
63;4;11;9;2;4;0;4;1;35;38;0;0;0
21;2;15;10;4;11;3;4;1;24;38;0;0;0
45;2;11;9;2;11;5;4;0;35;38;0;0;0
21;2;11;9;4;7;3;4;0;40;38;0;0;0
34;2;12;14;2;9;5;1;0;40;2;0;0;1
53;2;2;8;4;7;1;3;0;35;38;0;0;0
45;2;11;9;2;6;0;4;1;40;38;0;0;0
47;2;11;9;0;8;1;4;0;4;38;0;0;0
41;2;1;7;0;3;4;4;0;36;38;0;0;0
35;2;9;13;2;3;5;4;0;30;38;0;1;1
43;3;12;14;2;3;0;4;1;50;38;0;0;1
53;1;3;2;2;7;0;4;1;32;25;0;0;0
34;2;15;10;4;3;1;4;1;45;38;0;0;0
46;0;8;11;2;0;0;4;1;40;38;1;0;1
59;2;7;12;6;3;1;4;0;40;38;0;0;1
53;2;9;13;0;3;4;1;1;50;38;0;0;0
33;2;5;4;5;5;1;2;1;35;13;0;0;0
45;2;11;9;2;13;0;4;1;50;38;0;0;0
48;3;12;14;2;11;0;4;1;40;38;0;0;1
42;2;15;10;0;0;4;4;0;40;38;0;0;0
55;2;11;9;2;13;0;4;1;72;38;1;0;1
46;4;11;9;2;13;0;4;1;50;38;0;0;0
17;2;1;7;4;11;3;4;0;16;38;0;0;0
23;2;15;10;4;5;4;0;0;35;38;0;0;0
21;2;11;9;4;13;1;4;1;60;38;0;0;0
53;0;11;9;0;2;1;2;1;40;38;0;0;0
61;3;11;9;2;3;0;4;1;20;38;0;0;1
58;5;11;9;0;7;3;2;1;40;38;0;0;0
36;2;11;9;2;2;0;4;1;50;38;0;0;0
45;1;15;10;0;0;4;2;0;38;38;0;0;0
39;2;9;13;2;2;5;4;0;30;38;0;0;1
39;2;9;13;0;3;1;4;0;50;38;1;0;1
48;3;10;16;2;3;5;4;0;40;38;0;0;1
41;2;9;13;2;12;0;4;1;38;38;0;0;0
30;2;7;12;2;9;0;4;1;40;38;0;1;0
50;2;7;12;0;2;1;2;1;45;38;0;0;0
51;4;11;9;2;2;0;4;1;48;38;1;0;1
23;2;15;10;5;11;4;4;0;40;38;0;0;0
41;2;15;10;2;2;0;4;1;60;38;0;0;0
47;0;11;9;2;0;0;4;1;70;38;0;0;0
51;2;9;13;2;3;0;4;1;55;38;0;0;0
60;3;11;9;2;7;0;4;1;40;38;0;0;0
51;2;9;13;0;12;4;4;0;40;38;0;0;0
20;1;15;10;4;7;1;4;1;40;38;0;0;0
29;1;11;9;4;13;3;4;0;37;38;0;0;0
42;5;15;10;2;10;0;2;1;48;38;0;0;0
32;2;11;9;0;7;1;2;0;16;38;0;0;0
19;2;2;8;4;11;2;4;1;40;38;1;0;0
34;2;8;11;2;0;0;2;1;45;38;0;0;1
48;2;11;9;6;6;1;4;0;48;38;0;0;0
38;2;15;10;2;2;0;4;1;40;21;0;0;0
38;2;14;15;4;9;1;4;0;50;38;0;0;1
40;4;9;13;2;2;0;4;1;50;38;0;0;0
39;2;12;14;4;3;1;4;1;50;38;0;0;1
26;2;9;13;4;11;1;4;0;40;38;0;0;0
23;5;15;10;4;9;3;4;1;10;38;0;0;0
20;2;4;3;4;5;2;4;1;40;12;0;0;0
49;2;9;13;3;0;1;0;1;40;29;0;0;0
23;2;11;9;4;0;3;2;0;40;38;0;0;0
47;2;9;13;2;3;0;4;1;45;1;0;0;1
43;2;15;10;2;10;0;4;1;40;38;0;0;0
56;2;15;10;0;7;1;4;1;30;38;0;0;0
60;4;1;7;2;4;0;4;1;35;38;0;0;0
29;2;11;9;0;11;3;4;1;40;38;0;0;0
25;2;9;13;4;3;1;2;0;38;38;0;0;0
39;2;8;11;4;6;1;4;1;40;38;0;0;0
37;2;8;11;4;0;1;3;0;35;38;1;0;0
38;2;9;13;4;3;1;4;1;45;38;1;0;0
47;2;11;9;0;12;1;4;0;36;38;0;0;0
50;4;14;15;0;11;1;4;1;50;38;0;0;1
64;4;11;9;2;4;0;4;1;40;38;0;0;1
35;2;15;10;2;2;0;4;1;40;38;0;0;0
42;2;9;13;2;9;0;4;1;44;38;0;0;1
51;2;9;13;5;9;1;4;1;40;38;0;0;0
21;2;11;9;4;7;1;4;1;40;38;0;0;0
53;4;12;14;0;3;1;4;1;50;38;0;0;1
29;2;8;11;0;0;1;4;0;40;38;0;0;0
37;2;12;14;2;9;0;4;1;50;38;0;0;1
20;2;2;8;4;0;3;4;0;40;38;0;0;0
18;2;15;10;4;3;1;4;1;50;38;0;0;0
57;2;15;10;2;3;0;4;1;45;38;1;0;1
27;2;15;10;2;0;0;4;1;40;38;1;0;0
23;3;8;11;4;2;1;4;1;50;38;0;0;0
36;3;9;13;0;11;1;4;1;60;38;0;0;0
48;2;11;9;0;0;2;4;0;40;38;0;0;0
40;2;15;10;2;6;0;4;1;43;38;0;0;0
51;2;9;13;0;9;1;4;0;16;38;0;0;0
59;2;6;5;2;7;0;4;1;40;38;0;0;0
32;2;15;10;2;11;2;1;0;40;11;0;0;0
39;2;15;10;0;7;1;4;1;40;38;0;0;0
32;2;11;9;2;5;0;4;1;40;38;0;0;0
38;2;11;9;2;0;5;4;0;40;38;0;0;1
44;5;9;13;4;0;1;4;0;38;38;0;0;0
51;2;11;9;2;12;0;4;1;40;38;0;0;0
54;2;11;9;4;7;2;4;0;20;17;0;0;0
22;2;15;10;4;11;1;4;0;30;38;0;0;0
19;2;11;9;4;4;3;4;0;40;38;0;0;0
31;0;7;12;2;12;0;4;1;45;38;0;0;0
53;2;11;9;2;2;0;4;1;40;38;0;0;0
28;2;9;13;2;3;0;4;1;45;38;0;0;0
19;2;11;9;4;10;1;4;1;32;38;0;0;0
40;0;15;10;2;0;0;2;1;40;38;0;0;1
21;2;15;10;4;0;3;4;1;10;38;0;0;0
39;2;9;13;2;3;0;4;1;60;21;0;0;1
40;1;12;14;2;9;0;4;1;35;38;1;0;1
36;2;11;9;2;9;0;1;1;40;0;0;0;0
18;2;6;5;4;11;3;4;0;42;38;0;0;0
32;3;9;13;2;11;0;4;1;55;25;1;0;1
50;2;11;9;2;9;0;4;1;40;38;0;0;0
18;2;1;7;4;11;3;4;1;15;38;0;0;0
19;2;11;9;4;6;3;4;1;43;38;0;0;0
53;2;15;10;0;2;1;4;1;40;38;0;0;1
49;2;11;9;0;7;4;2;0;32;38;0;0;0
31;2;15;10;4;3;3;4;1;40;38;0;0;0
47;4;11;9;2;4;0;4;1;35;38;0;0;0
35;1;15;10;2;7;0;4;1;40;38;0;0;0
47;1;15;10;4;7;3;4;0;20;38;0;0;0
43;4;12;14;0;9;1;4;0;20;38;0;0;0
51;2;15;10;4;6;1;4;1;21;38;0;0;0
54;2;12;14;2;9;0;4;1;40;38;0;0;1
76;1;6;5;2;7;0;4;1;30;38;0;0;0
33;2;5;4;4;11;1;4;1;43;25;0;0;0
19;2;2;8;4;13;3;4;1;15;38;0;0;0
49;2;8;11;2;2;0;4;1;40;38;1;0;0
26;2;11;9;2;13;0;4;1;40;38;0;0;0
23;2;15;10;4;7;3;4;0;15;38;0;0;0
49;2;11;9;2;2;0;4;1;40;38;1;0;1
24;2;15;10;4;11;1;4;1;65;38;0;0;0
48;2;11;9;4;11;3;4;1;40;38;0;0;0
36;5;15;10;2;10;0;4;1;40;38;0;0;0
33;2;2;8;5;0;4;4;0;40;38;1;0;0
31;2;9;13;2;9;0;1;1;48;29;1;0;1
53;2;9;13;2;3;0;4;1;44;38;0;0;1
22;2;9;13;4;0;3;4;0;10;38;0;0;0
43;2;11;9;2;2;0;4;1;40;38;0;0;0
31;2;7;12;2;0;0;4;1;40;21;0;0;0
53;5;12;14;0;9;1;4;0;40;38;0;0;0
36;0;9;13;2;3;0;4;1;45;38;0;0;0
47;1;11;9;2;3;0;4;1;40;38;0;0;1
52;2;15;10;2;9;0;4;1;40;10;0;0;1
39;2;11;9;0;6;4;4;0;40;38;0;0;0
24;2;9;13;4;11;3;4;1;40;38;0;0;0
17;1;0;6;4;10;3;4;0;40;38;0;1;0
53;1;12;14;2;9;5;4;0;40;38;1;0;1
21;2;15;10;4;11;3;4;1;40;38;0;0;0
29;2;9;13;4;9;3;1;1;64;29;0;0;1
34;5;9;13;2;9;0;4;1;40;38;0;0;0
28;2;15;10;4;0;1;4;0;40;38;0;0;0
61;2;9;13;2;11;0;4;1;40;38;0;0;1
20;2;11;9;2;5;0;4;1;60;38;0;0;0
47;5;11;9;2;12;0;4;1;40;38;0;0;0
40;2;9;13;2;11;0;4;1;45;38;0;0;1
26;1;15;10;4;7;3;2;0;10;22;0;0;0
53;2;15;10;2;2;0;4;1;40;38;0;0;1
26;2;9;13;4;11;1;4;1;50;38;0;0;0
39;2;14;15;2;11;0;4;1;99;38;0;1;1
17;1;1;7;4;9;3;2;1;15;38;0;0;0
46;2;10;16;4;9;1;4;1;40;38;0;0;1
34;2;9;13;2;11;0;4;1;40;38;1;0;1
45;4;9;13;0;9;1;4;1;45;9;0;0;0
23;2;11;9;4;0;3;4;0;16;38;0;0;0
41;2;11;9;2;2;0;4;1;40;38;0;0;0
26;2;9;13;4;11;1;4;0;40;38;0;0;0
28;4;9;13;4;9;1;4;0;4;38;0;0;0
18;3;1;7;4;11;3;4;1;15;38;0;0;0
38;2;11;9;4;9;1;4;1;40;38;0;0;1
28;2;9;13;2;11;0;4;1;40;38;0;0;1
49;2;12;14;4;9;1;4;1;40;38;0;0;1
29;2;9;13;4;11;1;4;1;40;38;0;0;0
43;1;12;14;2;3;5;0;0;50;38;0;0;1
34;5;12;14;4;9;4;4;0;40;38;0;0;0
30;2;8;11;2;11;0;4;1;45;38;0;0;1
25;2;9;13;2;3;0;4;1;40;38;0;0;1
27;2;9;13;2;3;0;4;1;40;38;0;0;0
25;2;11;9;4;11;3;2;1;40;38;0;0;0
22;2;15;10;4;0;3;4;0;40;38;0;0;0
49;2;11;9;2;10;0;4;1;40;38;0;0;0
44;4;11;9;2;2;0;4;1;50;38;1;0;0
37;4;7;12;2;4;0;4;1;50;38;1;0;0
39;2;9;13;4;3;2;2;1;45;38;0;0;0
33;2;11;9;0;13;4;4;0;40;38;0;0;0
41;4;12;14;2;11;5;4;0;35;38;0;1;1
65;2;9;13;2;3;0;4;1;40;38;1;0;1
40;2;9;13;4;11;1;4;1;53;38;0;0;0
31;2;15;10;4;10;1;4;1;40;38;0;0;0
28;2;15;10;4;3;1;4;0;40;38;0;0;0
71;2;11;9;2;11;0;4;1;52;38;0;1;0
25;1;9;13;4;0;1;4;0;40;38;0;0;0
25;2;5;4;2;2;0;4;1;60;38;0;0;0
36;4;14;15;2;2;0;4;1;60;38;0;0;0
56;2;11;9;2;6;0;4;1;40;38;0;0;0
34;2;15;10;2;6;0;4;1;40;38;0;0;0
39;2;9;13;2;2;0;4;1;40;38;0;0;1
31;2;14;15;0;9;1;4;0;45;38;0;0;1
22;2;11;9;4;0;3;4;0;20;38;0;0;0
44;2;15;10;4;2;1;4;1;38;38;0;0;0
60;4;11;9;2;11;0;4;1;45;38;0;0;0
65;2;1;7;0;6;2;4;1;40;38;0;0;0
44;2;15;10;2;11;0;4;1;50;8;0;0;1
53;1;11;9;0;3;1;4;1;40;38;0;0;0
28;2;11;9;2;13;0;4;1;40;38;0;0;0
41;2;9;13;0;3;4;4;0;45;38;0;0;0
35;2;1;7;2;11;5;4;0;40;38;0;0;0
41;3;6;5;2;11;5;4;0;70;5;0;0;0
28;2;11;9;2;2;0;4;1;35;1;0;0;0
53;2;11;9;2;2;0;4;1;40;25;0;0;0
26;2;15;10;4;7;3;4;0;45;38;0;0;0
28;1;11;9;4;13;3;2;0;40;38;0;0;0
27;2;15;10;0;2;4;4;0;40;38;0;0;0
27;2;11;9;4;0;1;0;0;8;38;0;0;0
26;2;11;9;2;2;0;4;1;40;38;0;0;1
53;2;11;9;6;11;1;4;0;35;38;0;0;0
34;2;11;9;2;2;0;4;1;40;10;0;0;1
50;3;12;14;4;9;1;2;1;50;37;0;0;0
30;2;11;9;0;0;4;2;0;62;38;0;0;0
47;2;11;9;5;2;4;2;1;40;38;0;0;0
55;0;15;10;2;0;0;4;1;40;38;0;0;0
35;2;15;10;4;13;3;4;1;40;38;0;0;0
39;3;12;14;2;3;0;4;1;60;38;0;0;1
30;2;9;13;2;3;0;4;1;55;38;0;0;0
39;2;11;9;2;13;0;2;1;40;38;0;1;1
19;2;15;10;4;11;3;4;0;20;38;0;0;0
57;4;11;9;2;7;0;4;1;60;38;0;0;0
21;2;15;10;4;9;2;1;0;20;34;0;0;0
25;4;15;10;4;7;1;4;0;22;38;0;0;0
32;2;8;11;2;13;0;4;1;45;38;0;0;1
26;2;11;9;5;2;4;2;0;40;38;0;1;0
42;2;15;10;2;6;0;4;1;40;38;0;0;0
39;4;15;10;0;11;4;4;1;47;38;0;0;0
48;2;9;13;0;8;1;4;0;44;10;0;0;0
24;2;15;10;4;7;4;2;0;35;38;0;0;0
46;2;8;11;2;2;0;2;1;40;38;0;0;1
53;2;15;10;2;11;0;4;1;25;38;0;0;0
36;0;15;10;2;0;0;4;1;70;38;0;0;0
34;2;11;9;0;2;4;4;1;45;38;0;0;0
25;2;11;9;4;13;3;4;1;70;38;0;0;0
33;2;15;10;4;0;3;4;0;30;38;1;0;1
45;2;9;13;2;9;0;4;1;40;38;0;0;1
31;0;7;12;4;0;1;4;1;40;38;0;0;0
21;2;11;9;4;6;3;4;1;20;38;0;0;0
33;2;6;5;0;2;4;4;1;55;38;1;0;0
44;2;15;10;0;0;4;4;0;40;38;0;0;0
34;2;8;11;2;3;5;4;0;40;32;0;0;1
30;2;15;10;0;0;4;4;0;10;38;0;0;0
32;1;15;10;4;0;4;2;0;40;38;0;0;0
29;2;9;13;2;9;0;4;1;40;38;0;0;1
20;2;15;10;4;7;3;4;1;20;38;0;0;0
35;5;11;9;0;10;4;4;0;40;38;0;0;0
35;2;11;9;5;9;2;2;0;40;38;0;0;0
29;2;11;9;4;7;1;4;0;38;38;0;0;0
21;2;11;9;4;6;2;4;1;40;38;0;0;0
43;0;9;13;2;9;0;4;1;40;29;0;0;1
33;2;11;9;2;6;0;4;1;40;38;0;0;0
61;0;14;15;2;9;0;4;1;50;38;0;0;1
42;2;12;14;4;9;1;4;0;40;38;0;0;0
33;2;2;8;2;0;5;4;0;40;38;0;0;0
35;5;15;10;4;9;3;2;0;40;38;0;0;0
22;2;15;10;4;11;3;4;0;20;38;0;0;0
61;2;11;9;0;3;1;4;0;40;38;0;0;0
28;2;8;11;4;7;1;4;0;35;38;1;0;0
24;2;11;9;4;7;3;2;1;40;38;0;0;0
58;1;12;14;4;9;1;4;1;35;38;0;0;0
42;2;11;9;2;5;0;4;1;40;38;0;0;0
56;2;15;10;2;11;0;4;1;45;38;0;0;1
25;2;11;9;5;5;4;2;0;40;38;0;0;0
59;2;11;9;2;0;5;4;0;40;38;0;0;0
65;4;9;13;2;11;0;4;1;10;38;1;0;0
57;2;12;14;0;3;1;4;1;50;38;0;1;1
36;2;7;12;2;3;0;4;1;44;38;0;0;1
42;2;15;10;2;11;0;4;1;50;38;0;1;1
18;2;1;7;2;2;0;4;1;40;38;0;0;0
28;2;11;9;2;2;0;4;1;40;38;0;0;1
20;2;11;9;2;0;5;4;0;20;38;0;0;0
19;2;15;10;4;12;3;4;1;30;38;0;0;0
28;2;9;13;0;7;4;4;0;48;8;0;0;1
37;2;8;11;2;0;0;4;1;40;38;0;0;0
23;2;15;10;4;13;1;4;1;40;38;0;0;0
60;2;15;10;0;2;1;4;1;47;38;0;0;0
17;1;2;8;4;0;3;4;0;12;38;0;0;0
37;1;9;13;4;9;1;4;0;45;38;1;0;0
29;5;8;11;0;0;3;4;1;40;38;0;0;0
34;2;11;9;5;13;1;2;1;20;38;0;0;0
37;4;15;10;2;3;5;4;0;15;38;0;0;0
47;5;9;13;2;7;0;4;1;40;38;0;0;0
22;2;11;9;4;7;1;4;0;40;38;0;0;0
61;2;11;9;2;7;0;4;1;40;38;0;0;0
57;2;4;3;2;4;0;4;1;45;25;0;0;0
33;0;10;16;2;9;0;4;1;40;38;0;1;1
54;2;11;9;2;2;0;4;1;40;38;0;0;1
40;2;12;14;4;9;1;4;0;40;38;0;1;0
40;2;2;8;2;2;0;4;1;50;38;0;0;1
40;1;11;9;4;10;1;4;1;42;38;0;0;0
35;2;1;7;2;2;0;4;1;40;38;0;1;0
32;2;1;7;4;13;3;4;1;40;38;0;0;0
49;4;15;10;2;11;0;4;1;50;38;0;0;0
31;2;11;9;4;0;1;4;0;40;38;0;0;0
58;2;9;13;2;0;0;1;1;40;29;0;0;0
26;3;9;13;4;3;1;4;1;50;38;0;0;0
35;4;5;4;2;4;0;4;1;40;38;0;0;0
25;2;15;10;4;6;3;4;1;40;18;0;0;0
43;2;2;8;2;0;0;2;1;40;38;0;0;0
32;2;15;10;4;0;1;4;1;35;38;0;0;0
45;2;9;13;2;9;0;4;1;60;38;0;0;1
48;2;11;9;4;6;1;2;1;40;38;0;0;0
31;2;4;3;4;7;3;4;1;40;25;0;0;0
28;2;11;9;4;12;1;4;1;40;38;0;0;0
50;4;9;13;0;9;1;4;0;60;38;0;0;0
22;2;11;9;4;0;2;2;1;40;38;0;0;0
19;2;15;10;4;11;3;4;0;20;38;0;0;0
38;2;9;13;2;3;0;4;1;63;38;0;0;1
23;2;11;9;4;13;3;4;1;40;38;0;0;0
24;3;9;13;4;3;3;4;1;40;38;0;0;0
26;2;8;11;2;3;5;4;0;40;38;0;0;0
45;5;11;9;0;12;4;4;0;40;38;0;0;0
88;2;15;10;0;0;4;4;0;40;38;0;0;0
19;2;1;7;4;0;3;0;0;15;34;0;0;0
24;2;11;9;4;3;1;4;1;50;38;0;0;0
48;2;0;6;2;4;0;2;1;40;38;0;0;0
46;2;15;10;2;2;0;1;1;40;39;0;0;0
31;3;11;9;2;2;0;4;1;50;38;0;0;0
58;2;11;9;6;0;4;0;1;40;38;0;0;0
35;1;11;9;2;2;0;4;1;40;38;0;0;0
36;2;11;9;4;2;3;2;1;40;38;0;0;0
36;2;14;15;2;9;0;4;1;55;38;0;0;1
47;1;12;14;2;9;0;4;1;40;38;0;0;1
30;2;15;10;3;3;4;4;0;45;38;0;0;0
30;1;12;14;2;9;0;4;1;40;38;0;0;0
30;3;9;13;4;3;3;4;1;43;38;0;0;0
23;1;15;10;4;10;3;4;1;40;38;0;0;1
41;4;14;15;2;9;0;4;1;50;38;0;0;1
52;2;15;10;0;3;1;4;1;60;38;0;0;0
27;2;7;12;4;0;1;4;1;40;38;0;0;0
59;2;11;9;2;2;0;4;1;45;38;0;0;0
21;2;11;9;4;11;3;4;0;36;38;0;0;0
60;2;11;9;6;6;1;4;0;40;38;0;0;0
69;5;14;15;2;0;0;4;1;34;38;0;0;1
24;2;11;9;4;11;3;4;1;40;38;0;0;0
19;2;11;9;4;11;3;2;1;25;38;0;0;0
60;5;7;12;2;9;0;4;1;20;25;0;0;0
64;2;15;10;6;12;1;4;0;35;38;0;0;0
39;3;8;11;2;3;0;4;1;60;38;0;0;1
51;2;7;12;2;3;0;4;1;45;38;0;0;1
51;2;0;6;0;2;1;2;0;35;38;0;0;0
25;2;15;10;0;12;1;4;0;40;38;0;0;0
37;2;15;10;0;12;4;4;0;40;38;0;0;0
74;4;11;9;6;4;1;4;0;14;38;0;0;0
26;5;9;13;2;3;0;2;1;40;38;0;0;1
23;2;11;9;4;7;1;2;1;30;38;0;0;0
57;3;14;15;2;9;0;4;1;36;38;0;0;1
20;2;1;7;4;13;3;4;1;15;38;0;0;0
37;2;11;9;2;4;0;4;1;40;38;0;0;0
46;2;9;13;2;11;0;4;1;40;38;0;0;0
39;2;15;10;0;9;1;4;0;45;38;0;0;1
40;2;11;9;6;6;3;4;0;30;38;0;0;0
50;5;11;9;2;5;0;4;1;40;38;0;0;0
25;2;13;1;4;4;1;4;1;35;25;0;0;0
44;2;11;9;2;0;0;4;1;45;38;0;0;0
41;2;11;9;2;13;0;4;1;40;38;0;0;0
30;4;11;9;2;9;0;4;1;15;38;0;1;1
38;2;8;11;2;5;0;4;1;50;38;0;0;0
54;2;0;6;2;5;0;4;1;40;38;0;0;0
40;0;11;9;0;0;1;2;0;52;38;0;0;0
37;2;1;7;2;5;0;2;1;40;38;1;0;1
46;0;9;13;2;3;0;4;1;40;38;1;0;1
38;2;11;9;0;9;1;4;1;45;38;0;0;0
20;2;15;10;4;3;3;4;0;10;38;0;0;0
35;2;15;10;2;4;0;4;1;40;25;0;0;0
62;2;9;13;2;3;0;4;1;40;38;0;0;1
34;2;9;13;4;9;1;4;0;45;4;0;0;0
56;4;11;9;2;13;0;4;1;90;38;0;0;0
30;5;12;14;2;9;0;1;1;20;35;0;0;0
17;2;1;7;4;0;3;4;0;20;38;0;0;0
18;4;1;7;4;7;3;4;0;4;38;1;0;0
35;2;1;7;2;4;0;4;1;40;38;0;0;0
21;2;11;9;4;6;3;2;1;1;38;0;0;0
46;4;11;9;0;2;3;4;1;50;38;0;0;0
33;4;15;10;2;2;0;4;1;60;38;0;0;0
27;2;15;10;4;11;1;4;0;40;38;0;0;0
36;2;15;10;2;2;0;4;1;40;38;0;0;1
42;2;5;4;2;13;0;4;1;40;38;0;0;0
35;2;11;9;2;13;0;4;1;50;38;0;0;0
25;2;9;13;5;3;1;4;1;40;38;0;0;0
47;0;9;13;2;9;0;4;1;40;38;0;0;1
44;5;14;15;2;9;0;4;1;75;38;1;0;1
51;0;11;9;2;13;0;4;1;40;38;1;0;1
53;2;11;9;2;9;0;4;1;42;38;0;0;1
47;2;11;9;2;10;0;4;1;40;38;0;0;0
20;2;1;7;4;5;3;2;1;40;38;0;0;0
32;2;15;10;5;6;4;2;0;70;38;0;0;0
28;2;11;9;2;2;0;4;1;50;38;0;0;0
52;2;11;9;0;11;1;4;0;40;38;0;0;0
35;2;12;14;5;9;1;4;1;40;38;0;0;1
30;2;15;10;2;2;0;4;1;40;38;0;0;0
33;2;15;10;4;0;1;4;0;50;38;1;0;0
21;2;15;10;4;7;3;4;0;20;38;0;0;0
56;2;9;13;2;9;0;4;1;65;38;0;1;1
45;2;9;13;2;2;0;4;1;40;38;1;0;1
20;2;15;10;4;3;3;4;0;20;38;0;0;0
62;1;11;9;2;7;0;4;1;40;38;0;0;1
24;2;9;13;4;11;1;4;0;30;38;0;0;0
52;0;9;13;5;0;4;2;0;40;38;0;0;0
23;2;11;9;2;11;0;4;1;40;38;0;0;0
36;2;12;14;2;3;0;4;1;40;38;0;0;1
40;2;15;10;4;2;1;4;1;40;38;0;0;0
30;2;15;10;2;6;0;4;1;40;26;0;0;0
41;2;6;5;2;13;0;4;1;35;38;0;0;0
59;2;11;9;2;13;0;4;1;40;38;0;0;1
27;2;12;14;4;3;1;4;1;37;38;0;0;0
41;2;15;10;4;3;1;4;1;50;38;0;0;0
27;2;9;13;4;5;4;4;1;35;38;0;0;0
50;2;11;9;6;6;4;4;0;40;38;0;0;0
29;2;4;3;4;7;3;4;0;40;7;0;0;0
38;2;9;13;2;3;0;4;1;55;38;0;0;1
30;2;11;9;4;6;3;4;1;60;38;0;0;0
48;2;9;13;2;9;0;4;1;55;38;0;0;0
39;1;7;12;2;2;0;2;1;40;38;1;0;1
40;2;8;11;2;9;0;4;1;40;38;0;0;0
27;1;1;7;2;2;0;4;1;40;25;0;0;0
59;4;12;14;2;2;0;4;1;40;38;0;0;1
34;2;11;9;2;0;0;4;1;50;38;0;0;1
47;3;14;15;4;7;1;4;1;60;38;0;0;1
64;3;3;2;2;11;0;4;1;20;38;0;0;0
29;2;6;5;2;6;0;4;1;40;25;0;0;0
38;1;11;9;4;13;1;4;1;40;38;0;0;0
42;2;9;13;2;11;0;4;1;40;38;0;1;1
49;2;9;13;2;11;0;4;1;60;38;0;0;1
53;2;15;10;2;12;0;4;1;40;38;0;0;0
35;2;15;10;2;0;0;4;1;50;38;0;0;1
38;2;11;9;2;2;0;4;1;40;38;0;0;0
36;2;9;13;0;11;2;1;0;40;34;0;0;0
34;4;9;13;2;11;0;1;1;55;18;0;0;0
24;2;9;13;4;9;1;4;1;10;17;0;0;0
23;2;15;10;4;0;1;4;0;40;38;0;0;0
21;2;15;10;4;0;3;4;0;35;38;0;0;0
47;2;15;10;6;0;4;4;0;40;38;0;0;0
59;2;5;4;4;4;4;4;1;40;38;1;0;0
33;0;7;12;0;3;4;4;1;50;38;0;0;1
63;4;15;10;2;6;0;4;1;35;38;0;0;1
18;1;11;9;4;7;3;4;1;60;38;0;0;0
32;2;9;13;4;9;1;4;0;50;38;0;0;0
19;2;11;9;4;5;2;4;1;40;38;0;0;0
27;1;11;9;4;9;3;4;1;40;38;0;0;0
40;2;15;10;0;13;1;4;1;48;38;0;0;1
38;4;7;12;2;13;0;4;1;40;38;0;0;0
20;2;11;9;4;4;3;4;1;47;38;0;0;0
35;4;11;9;5;13;1;4;1;70;38;0;0;0
22;2;15;10;4;0;3;4;0;40;38;0;0;0
40;2;12;14;2;9;0;4;1;50;38;0;0;1
34;2;15;10;2;12;0;4;1;40;38;1;0;1
23;2;0;6;4;5;1;4;1;40;38;0;0;0
26;2;9;13;4;0;1;4;1;40;38;0;0;0
53;3;15;10;2;4;0;4;1;60;38;0;0;0
34;2;15;10;2;2;0;4;1;40;38;0;0;1
39;2;11;9;2;2;0;4;1;40;38;0;0;0
25;2;6;5;2;2;0;4;1;40;25;0;0;0
18;2;1;7;4;11;3;4;1;20;38;0;0;0
65;2;9;13;4;3;1;4;1;40;38;0;0;0
49;4;9;13;4;3;3;4;0;40;38;0;0;0
64;2;0;6;2;7;0;2;1;40;38;0;0;0
68;2;9;13;2;3;0;4;1;40;38;0;0;1
56;4;15;10;0;7;1;4;0;40;38;0;0;0
68;0;11;9;0;9;1;4;0;40;38;0;1;0
35;2;9;13;2;9;0;4;1;48;38;0;0;1
50;0;11;9;4;0;4;2;0;12;38;0;0;0
45;2;11;9;0;0;4;4;0;28;38;0;0;0
43;2;9;13;2;3;0;4;1;40;38;0;0;0
39;2;15;10;5;0;4;2;0;40;38;0;0;0
37;2;11;9;0;2;4;4;1;40;38;1;0;0
45;2;9;13;2;12;0;4;1;50;38;0;0;1
36;2;7;12;4;12;4;4;0;45;38;0;0;0
26;2;15;10;4;0;1;4;0;40;38;0;0;0
36;2;9;13;4;9;1;4;0;32;38;0;0;0
47;2;9;13;4;0;1;4;1;60;38;0;0;0
34;2;11;9;4;6;1;2;1;40;38;0;1;0
53;2;15;10;6;11;4;4;0;30;38;0;0;0
32;2;9;13;0;6;1;4;0;42;38;0;1;0
44;4;4;3;2;2;0;4;1;40;38;0;0;0
25;2;11;9;4;5;2;4;1;40;25;0;0;0
35;2;4;3;4;4;4;4;1;36;38;0;0;0
34;2;7;12;0;9;1;4;0;40;38;0;0;0
42;2;15;10;2;2;0;4;1;40;38;0;0;0
47;2;11;9;0;7;1;4;0;4;38;0;0;0
23;2;11;9;4;2;3;4;1;37;25;0;0;0
56;1;11;9;0;3;1;4;0;40;38;0;0;0
50;2;10;16;2;9;0;4;1;50;38;1;0;1
38;2;11;9;2;13;0;4;1;60;38;0;0;0
46;2;8;11;2;3;0;4;1;40;38;0;0;1
47;2;7;12;5;0;4;4;0;57;38;0;0;0
38;4;11;9;2;7;0;4;1;80;21;1;0;0
42;2;11;9;2;13;0;4;1;46;38;0;0;0
48;2;11;9;2;11;0;4;1;40;38;0;0;0
27;2;11;9;4;3;1;4;0;50;38;0;0;0
40;2;8;11;2;9;5;4;0;36;38;0;0;0
53;2;10;16;2;9;5;4;0;37;38;1;0;1
75;4;8;11;6;3;1;4;0;30;38;0;0;0
39;2;9;13;2;9;0;4;1;48;38;0;0;1
46;0;7;12;0;0;4;4;0;40;38;0;0;0
51;2;11;9;6;6;1;2;0;40;38;0;0;0
34;2;11;9;0;7;3;4;1;40;38;0;0;0
23;2;15;10;2;11;0;4;1;40;38;0;0;0
32;2;8;11;4;7;1;4;1;45;38;0;0;0
45;4;15;10;4;11;1;4;1;55;38;0;0;0
21;2;15;10;4;7;3;4;1;40;38;0;0;0
36;2;11;9;2;2;0;4;1;44;38;0;0;0
40;2;0;6;2;2;0;4;1;50;38;0;0;0
68;2;6;5;0;4;1;2;1;20;38;0;0;0
40;2;9;13;2;11;0;4;1;40;38;0;0;1
20;2;15;10;4;0;3;4;0;24;38;0;0;0
48;1;12;14;0;9;1;4;0;40;38;0;0;1
27;2;9;13;4;11;1;4;1;45;38;0;0;0
57;0;8;11;4;12;1;4;1;40;38;0;0;0
54;3;11;9;2;3;0;4;1;98;38;0;0;1
47;2;11;9;0;7;1;4;0;40;38;0;0;0
30;1;15;10;2;2;0;4;1;40;38;0;0;0
35;2;15;10;2;2;0;3;1;45;38;0;0;1
56;1;2;8;4;5;1;4;1;40;38;0;0;0
20;2;11;9;4;5;3;4;1;28;38;0;0;0
38;1;9;13;2;9;0;4;1;38;38;0;0;0
19;2;15;10;4;11;3;4;0;25;38;0;0;0
31;2;15;10;4;0;1;4;1;40;10;0;0;0
44;1;9;13;4;9;3;4;1;60;38;0;0;0
21;5;15;10;4;11;3;2;0;12;38;0;1;0
41;2;15;10;2;2;0;4;1;40;38;0;0;0
18;2;1;7;4;7;3;4;0;16;38;0;0;0
23;2;6;5;4;13;3;4;1;40;38;0;0;0
37;1;15;10;2;7;0;0;1;32;38;0;0;0
43;4;9;13;0;11;4;4;1;45;38;0;0;0
31;2;3;2;2;6;0;4;1;40;25;0;0;0
40;2;15;10;0;13;4;4;1;40;38;0;0;1
27;2;14;15;0;9;1;4;0;12;38;0;0;0
64;1;15;10;4;13;4;4;1;40;38;0;0;0
31;0;8;11;4;9;3;4;1;40;38;0;0;0
48;2;12;14;2;3;0;2;1;45;38;0;0;0
37;4;9;13;2;11;0;4;1;20;1;0;0;1
28;2;15;10;0;12;1;4;1;24;38;0;0;0
42;2;15;10;2;2;0;4;1;40;38;0;0;0
60;3;5;4;2;11;0;4;1;60;38;0;0;0
17;2;1;7;4;7;3;4;0;20;38;0;0;0
46;2;0;6;0;0;3;2;1;40;38;0;0;0
18;2;11;9;4;0;3;4;0;40;38;0;0;0
22;2;11;9;4;7;1;4;1;27;38;0;0;0
44;4;9;13;0;3;1;4;1;60;38;0;0;0
36;2;11;9;2;11;0;4;1;40;38;0;0;0
65;2;8;11;0;3;1;4;0;40;38;0;0;0
26;2;11;9;4;7;1;4;1;40;25;0;0;0
21;2;0;6;2;7;0;4;1;25;38;0;0;0
41;2;11;9;0;2;1;4;1;40;38;0;1;0
28;2;15;10;4;7;4;4;0;35;38;0;0;0
27;2;15;10;4;6;1;4;0;40;38;0;0;0
19;5;15;10;4;7;1;2;1;12;38;0;0;0
40;2;15;10;2;13;0;4;1;40;38;0;0;0
19;2;11;9;4;5;3;4;1;15;38;0;0;0
40;2;8;11;2;13;0;4;1;40;38;1;0;0
37;2;11;9;4;2;4;4;1;40;38;0;0;0
33;2;15;10;2;0;0;2;1;40;38;0;0;1
34;2;11;9;2;7;0;4;1;40;38;0;0;0
44;1;7;12;4;10;1;4;1;40;38;0;0;0
33;2;15;10;0;0;4;2;0;40;38;0;0;0
72;1;11;9;2;3;0;4;1;10;38;1;0;0
19;2;11;9;4;11;3;4;0;40;38;0;0;0
59;2;8;11;0;9;1;4;0;36;38;0;0;0
40;2;11;9;0;10;1;2;0;40;38;0;0;0
35;2;11;9;0;9;4;4;0;40;38;0;0;0
22;2;7;12;4;0;1;4;1;45;38;0;0;0
41;2;12;14;4;9;1;4;0;40;38;0;0;0
59;2;15;10;2;12;0;4;1;50;38;0;0;1
50;2;2;8;0;5;4;4;1;40;38;0;0;0
21;2;7;12;4;0;1;4;0;10;38;0;0;0
40;3;11;9;2;3;0;4;1;40;38;0;0;0
22;2;11;9;4;11;1;4;1;40;38;0;0;0
43;2;4;3;5;6;1;4;0;40;25;0;0;0
17;2;1;7;4;13;3;4;0;16;38;0;0;0
42;1;5;4;0;7;1;4;1;40;38;0;0;0
37;2;15;10;2;6;0;2;1;40;38;0;0;1
43;2;4;3;2;6;0;3;1;40;25;0;0;0
46;2;6;5;5;2;4;4;0;40;38;0;0;0
50;1;14;15;2;0;0;1;1;40;24;0;0;1
47;4;5;4;2;11;0;4;1;40;32;0;0;0
31;2;11;9;4;4;1;4;1;99;38;1;0;0
33;2;5;4;2;0;0;4;1;45;38;0;0;0
27;2;11;9;2;6;0;4;1;40;38;1;0;1
59;4;11;9;2;4;0;4;1;35;38;0;0;0
39;1;11;9;2;2;0;4;1;40;38;0;0;1
29;2;15;10;2;2;0;4;1;40;38;0;0;0
26;2;9;13;6;3;1;4;0;55;38;0;0;0
24;2;11;9;4;2;3;4;1;40;38;0;0;0
25;2;15;10;4;0;1;4;1;40;38;0;1;0
30;2;15;10;4;0;2;4;0;20;38;0;0;0
52;5;1;7;2;13;0;4;1;40;38;0;0;0
51;0;12;14;2;9;0;4;1;40;38;0;0;1
30;2;9;13;4;11;1;4;1;60;38;0;0;1
23;2;15;10;4;12;3;4;1;60;38;0;0;0
37;5;10;16;2;9;0;4;1;45;38;0;0;0
25;5;15;10;2;0;0;2;1;38;38;0;0;0
49;4;14;15;2;9;0;4;1;65;38;1;0;1
30;2;11;9;2;9;0;4;1;55;38;0;0;0
40;2;15;10;0;0;4;4;0;40;38;0;0;0
20;2;11;9;4;6;2;3;1;32;38;0;0;0
35;4;8;11;2;4;0;4;1;55;38;1;0;0
24;2;9;13;4;3;3;4;1;45;38;0;0;0
32;2;11;9;5;2;4;2;1;40;38;0;0;0
35;2;11;9;5;7;3;2;0;30;38;0;0;0
20;2;11;9;4;7;1;4;0;40;38;0;0;0
29;5;11;9;2;2;0;4;1;40;38;0;0;1
25;2;11;9;4;2;3;4;1;28;38;0;0;0
50;1;5;4;2;13;0;4;1;40;38;0;0;0
24;2;11;9;4;0;1;4;1;50;38;0;0;0
30;1;11;9;0;10;3;4;0;32;38;0;0;0
37;2;15;10;2;0;0;4;1;40;38;0;0;0
50;2;11;9;2;6;5;4;0;40;7;1;0;0
20;2;11;9;4;5;3;4;1;30;38;0;0;0
49;4;11;9;2;2;0;4;1;50;38;1;0;0
55;2;5;4;2;13;0;4;1;50;38;0;0;0
61;2;2;8;6;6;4;4;0;40;21;0;0;0
22;2;11;9;3;7;3;4;0;3;38;0;0;0
23;2;7;12;4;0;1;4;1;12;38;0;0;0
43;2;11;9;4;9;1;4;1;40;38;1;0;0
39;2;9;13;0;0;1;1;0;24;29;0;0;0
21;2;15;10;4;11;3;4;1;35;38;0;0;0
52;3;11;9;2;3;0;4;1;40;38;0;0;1
30;2;8;11;2;11;0;4;1;40;38;1;0;0
42;2;9;13;0;0;4;4;1;45;38;1;0;1
50;4;9;13;2;2;0;4;1;50;38;0;0;0
51;4;7;12;0;3;4;4;0;99;38;0;0;0
47;2;0;6;0;3;1;0;0;45;38;0;0;0
45;2;11;9;2;6;0;4;1;40;38;0;0;0
48;0;15;10;6;7;4;2;0;40;38;0;0;0
36;2;9;13;2;3;0;4;1;50;38;0;0;1
61;2;11;9;2;13;0;4;1;40;38;0;0;0
72;2;9;13;0;11;1;4;1;30;38;0;0;0
19;2;15;10;4;11;3;4;0;15;38;0;0;0
39;2;11;9;0;7;4;0;0;40;38;1;0;0
24;2;1;7;4;6;1;4;0;40;38;0;0;0
44;2;15;10;3;5;4;4;1;40;30;0;0;0
19;2;11;9;4;5;3;4;1;20;38;0;0;0
20;2;11;9;4;11;1;4;1;48;38;0;0;0
23;2;11;9;4;2;3;4;0;40;38;0;0;0
58;2;11;9;2;4;0;4;1;53;38;0;0;1
20;2;2;8;4;2;3;4;1;40;38;0;0;0
62;2;11;9;2;3;0;4;1;12;38;0;0;0
25;2;11;9;4;0;3;2;0;40;32;1;0;0
67;2;9;13;2;9;0;4;1;2;38;0;0;0
37;1;7;12;2;3;0;4;1;40;9;0;0;1
36;2;11;9;0;3;3;4;0;40;38;1;0;0
38;2;8;11;5;12;4;4;0;20;38;0;0;0
23;2;11;9;0;7;4;4;0;80;38;0;0;0
28;2;11;9;2;11;5;4;0;40;38;0;0;0
25;2;11;9;0;3;3;4;1;40;38;0;0;0
41;4;10;16;2;9;0;4;1;55;38;1;0;1
63;2;9;13;2;11;0;4;1;40;38;0;1;1
60;4;11;9;2;2;0;4;1;30;38;0;0;0
31;3;11;9;2;3;0;4;1;50;38;0;0;0
29;4;11;9;2;2;0;4;1;37;38;0;0;0
37;2;9;13;2;3;5;4;0;45;38;1;0;1
51;2;6;5;2;11;0;4;1;40;38;0;0;0
45;2;15;10;2;3;0;4;1;40;38;1;0;1
27;2;11;9;2;2;0;4;1;40;38;0;0;0
18;2;15;10;4;7;3;4;1;20;38;0;0;0
34;2;11;9;0;6;4;4;0;40;38;0;0;0
66;4;10;16;2;11;0;4;1;25;38;0;1;1
36;2;11;9;2;2;0;4;1;35;38;0;0;0
35;2;9;13;0;3;4;4;0;40;38;0;0;0
27;2;11;9;2;11;0;4;1;45;38;0;0;0
29;2;15;10;0;3;3;4;0;40;38;1;0;0
25;2;11;9;4;0;3;4;0;40;38;0;0;0
22;2;15;10;4;7;3;4;1;32;38;0;0;1
41;2;15;10;2;2;0;4;1;48;38;0;0;1
20;2;7;12;4;13;3;4;1;20;38;0;0;0
52;2;11;9;2;6;0;4;1;40;38;0;0;0
34;2;15;10;5;7;4;2;0;37;38;0;0;0
44;2;14;15;0;9;1;4;1;45;38;0;0;1
50;2;12;14;0;11;1;4;0;40;38;0;0;1
49;3;9;13;2;3;0;4;1;50;38;0;0;1
71;5;14;15;2;7;0;4;1;28;38;0;0;0
20;2;11;9;4;7;2;2;1;25;38;0;0;0
59;3;11;9;2;11;0;4;1;60;38;0;0;1
41;2;4;3;2;4;0;4;1;40;25;1;0;0
38;2;15;10;0;3;1;4;0;42;38;0;0;0
55;1;11;9;2;13;0;4;1;40;38;0;0;0
17;2;6;5;4;7;4;4;0;20;38;0;0;0
45;2;9;13;2;3;0;4;1;55;38;0;0;1
43;4;11;9;0;2;4;0;1;30;38;0;0;0
19;2;2;8;4;7;3;4;1;25;38;0;0;0
33;2;11;9;0;7;3;4;0;40;38;0;0;0
63;2;11;9;4;3;1;4;1;40;38;0;0;0
39;4;11;9;0;4;1;4;1;50;38;1;0;1
34;2;11;9;2;13;0;4;1;40;38;0;0;0
31;2;7;12;4;6;4;4;1;40;38;0;0;0
21;2;2;8;2;2;0;4;1;40;38;0;0;0
23;2;8;11;4;0;2;4;0;36;38;0;0;0
20;2;15;10;4;5;3;4;0;8;38;0;0;0
45;2;9;13;0;11;1;4;1;60;38;0;0;1
59;2;11;9;2;13;0;4;1;50;38;0;0;0
58;2;12;14;2;3;0;4;1;40;11;1;0;1
66;1;11;9;6;0;4;4;0;35;38;0;0;1
37;2;8;11;2;9;5;4;0;35;38;0;1;1
29;2;15;10;0;2;3;4;1;40;38;0;0;0
32;5;9;13;0;3;1;1;0;40;38;0;0;0
39;2;9;13;2;9;0;4;1;50;38;0;1;1
57;2;11;9;6;3;4;4;0;45;38;0;0;0
57;2;12;14;2;9;0;4;1;40;38;0;0;1
50;3;11;9;3;11;1;4;1;60;38;0;0;0
44;3;9;13;2;4;0;4;1;65;38;1;0;1
56;2;8;11;2;2;0;2;1;40;38;0;0;1
26;2;12;14;4;3;1;4;0;48;38;0;0;0
26;4;8;11;4;4;3;4;1;65;38;0;0;0
33;2;9;13;2;9;0;4;1;40;38;0;0;1
36;4;8;11;2;4;0;4;1;60;38;0;0;1
45;2;15;10;2;11;0;4;1;40;38;0;0;1
56;1;10;16;0;9;1;4;0;38;38;0;1;0
23;2;15;10;4;11;3;4;1;36;19;0;0;0
23;2;15;10;4;7;1;2;1;25;38;0;0;0
35;1;9;13;0;9;1;4;1;40;38;0;0;0
39;2;9;13;2;9;5;4;0;32;38;1;0;1
45;2;11;9;0;2;1;4;1;40;38;0;0;0
21;2;15;10;4;11;3;4;0;25;38;0;0;0
56;5;11;9;2;0;0;4;1;40;38;0;0;0
31;0;11;9;4;5;3;4;0;40;38;0;0;0
44;2;2;8;4;13;1;2;1;36;38;0;0;0
31;2;11;9;2;5;0;4;1;40;38;1;0;0
20;2;11;9;4;5;3;4;1;38;38;0;0;0
44;0;11;9;2;0;0;4;1;40;38;0;0;1
19;2;15;10;4;7;3;4;0;23;38;0;0;0
23;2;15;10;4;11;1;4;0;40;38;0;0;0
21;2;11;9;4;2;3;4;1;40;25;0;0;0
29;5;12;14;2;9;0;4;1;15;38;0;0;0
33;2;15;10;5;7;1;4;0;30;38;0;0;0
46;2;11;9;0;3;1;4;1;48;38;0;0;1
36;3;15;10;2;11;0;4;1;60;38;1;0;1
70;4;12;14;2;9;0;4;1;30;38;1;0;1
19;2;11;9;4;5;1;4;0;37;38;0;0;0
29;2;15;10;2;3;3;2;0;40;38;0;0;0
34;2;7;12;4;11;4;4;1;50;38;0;0;0
26;2;15;10;4;3;1;4;1;40;38;0;0;0
30;2;9;13;4;3;1;4;0;40;38;0;0;0
34;2;15;10;4;0;1;4;0;40;38;0;0;0
28;2;11;9;4;11;3;4;1;48;38;0;0;0
76;2;9;13;2;0;0;4;1;50;38;1;0;1
19;2;2;8;4;5;3;4;1;40;38;0;0;0
45;2;0;6;2;2;0;4;1;40;38;1;0;0
24;4;15;10;4;9;1;1;1;30;38;0;0;1
37;2;9;13;2;2;0;4;1;40;38;0;0;1
24;2;9;13;2;9;0;4;1;30;38;0;0;0
24;2;9;13;4;0;1;4;0;42;38;0;0;0
40;2;11;9;2;6;0;4;1;45;38;0;0;1
20;2;15;10;4;5;3;4;1;20;38;0;0;0
23;1;1;7;2;5;0;4;1;40;38;0;0;0
25;2;15;10;4;7;1;3;0;40;38;0;0;0
64;2;7;12;4;9;2;4;0;30;38;0;0;0
53;1;12;14;2;9;0;4;1;55;38;0;1;1
28;2;15;10;2;0;3;4;0;40;38;0;0;0
52;1;12;14;2;9;0;2;1;40;38;0;0;1
28;2;14;15;4;9;1;2;1;50;38;0;0;0
31;2;7;12;2;3;0;4;1;55;38;0;0;1
77;2;9;13;4;9;1;4;0;10;38;0;0;0
22;2;11;9;4;12;3;4;1;40;38;0;0;0
38;2;9;13;4;3;1;4;1;55;38;0;0;0
25;1;15;10;4;0;4;2;0;40;38;0;0;0
50;2;11;9;2;2;0;4;1;40;38;0;0;1
53;1;11;9;2;3;0;4;1;60;38;0;0;0
24;2;11;9;4;4;1;4;1;40;38;0;0;0
33;2;11;9;2;0;0;4;1;50;38;0;0;1
57;0;12;14;2;3;0;2;1;40;38;1;0;1
39;2;14;15;2;3;5;4;0;48;38;1;0;1
30;2;15;10;0;13;1;4;1;30;38;0;0;0
31;0;11;9;2;0;0;4;1;40;38;0;0;1
39;5;15;10;4;13;3;2;1;40;38;0;0;0
30;2;9;13;4;11;3;4;0;65;38;0;0;0
48;2;15;10;5;0;4;4;0;44;38;0;0;0
39;2;11;9;2;6;0;4;1;45;38;0;0;1
34;2;11;9;4;13;3;4;1;40;38;0;1;0
45;2;12;14;2;3;0;4;1;50;38;0;0;1
32;2;1;7;0;6;4;4;0;40;38;0;0;0
40;0;15;10;4;0;1;4;0;50;38;0;0;0
17;2;0;6;4;7;3;4;0;15;38;0;0;0
25;2;11;9;2;12;0;4;1;84;38;0;0;0
42;2;15;10;2;13;0;4;1;57;38;0;0;0
66;2;9;13;2;8;2;4;1;99;38;0;0;0
63;4;11;9;6;11;1;4;1;70;38;0;0;0
43;2;5;4;2;7;0;4;1;25;38;0;0;0
26;2;11;9;4;5;1;4;1;20;25;0;0;0
23;2;11;9;2;6;5;4;0;40;38;0;0;1
39;2;14;15;2;3;0;4;1;55;38;0;0;1
47;3;11;9;2;3;0;4;1;40;38;0;0;1
36;2;11;9;4;6;1;2;0;48;38;0;0;0
35;2;11;9;2;2;0;4;1;40;38;0;0;0
25;2;11;9;4;4;1;4;1;40;38;0;0;0
21;5;15;10;4;0;3;4;0;15;38;0;0;0
46;2;11;9;2;8;5;4;0;40;38;0;0;0
43;2;0;6;2;5;0;2;1;40;38;0;0;0
31;5;10;16;2;9;0;4;1;70;38;0;1;1
41;2;11;9;0;2;4;4;0;60;38;0;0;0
50;2;11;9;6;0;4;4;0;35;38;0;0;0
36;2;1;7;5;3;1;4;0;32;38;0;0;0
45;4;5;4;2;3;0;4;1;65;38;0;0;1
50;2;1;7;2;3;0;4;1;50;38;0;0;1
52;2;5;4;2;3;5;4;0;50;38;0;0;0
40;2;10;16;2;9;0;4;1;40;38;0;0;1
55;2;9;13;2;3;0;4;1;55;38;1;0;1
51;3;14;15;2;9;0;4;1;40;38;0;0;1
30;2;15;10;2;9;0;4;1;40;38;1;0;1
56;5;12;14;0;9;1;4;0;39;38;0;0;0
35;2;11;9;2;3;0;4;1;48;38;0;0;0
55;4;0;6;2;11;0;4;1;35;38;0;0;0
30;2;11;9;4;12;4;4;0;40;38;0;0;0
34;2;11;9;4;2;1;4;1;40;38;0;0;0
36;2;8;11;2;9;5;4;0;40;38;0;0;1
43;3;11;9;2;2;0;4;1;60;38;0;0;0
24;1;15;10;4;10;1;4;1;50;38;0;0;0
30;2;0;6;2;7;0;2;1;40;38;0;0;0
33;1;8;11;4;10;1;4;1;70;38;0;0;0
29;0;9;13;4;9;1;4;0;40;38;0;0;0
50;2;11;9;2;6;0;4;1;47;38;1;0;0
18;2;1;7;4;9;3;4;1;15;38;0;0;0
20;2;1;7;4;11;3;4;0;25;38;0;0;0
45;5;12;14;2;9;0;4;1;45;38;0;0;1
45;2;14;15;2;3;0;4;1;40;38;0;0;1
41;2;11;9;2;6;0;4;1;40;38;0;0;0
42;1;5;4;3;7;1;4;0;35;32;0;0;0
24;2;9;13;4;11;1;4;1;40;38;0;0;0
22;2;11;9;4;5;4;4;1;35;38;0;0;0
28;2;11;9;2;3;0;4;1;45;38;0;0;1
23;2;15;10;4;5;3;4;1;35;38;0;0;0
21;2;5;4;4;4;3;4;0;38;38;0;0;0
23;2;9;13;4;0;1;1;0;20;38;0;0;0
45;2;15;10;0;0;4;4;0;48;38;0;0;0
41;2;11;9;0;11;4;4;0;40;38;0;0;0
49;0;11;9;2;0;0;4;1;40;38;0;0;1
38;2;15;10;4;7;3;2;0;40;38;0;0;0
37;2;11;9;4;5;1;4;1;40;38;0;0;0
70;2;9;13;6;6;2;1;1;32;29;0;0;0
24;2;11;9;4;0;1;4;0;40;38;1;0;0
28;1;9;13;4;9;1;4;0;40;38;0;0;0
24;2;8;11;4;0;3;1;0;20;38;0;0;0
83;3;0;6;2;4;0;4;1;50;38;1;0;1
69;2;10;16;2;9;0;4;1;40;2;0;0;1
37;2;11;9;4;0;4;2;0;40;38;0;0;0
28;2;9;13;4;3;1;4;0;40;38;0;0;0
54;2;15;10;0;0;1;4;0;40;38;0;0;0
71;2;11;9;2;3;0;4;1;45;38;0;1;1
56;5;11;9;6;0;4;1;0;40;38;0;0;0
42;4;12;14;2;11;0;4;1;80;38;1;0;1
21;2;11;9;4;11;3;4;1;44;38;0;0;0
29;2;8;11;2;9;0;4;1;40;38;0;0;0
32;2;9;13;4;9;1;4;1;50;38;0;0;1
31;2;15;10;4;0;1;4;1;40;38;0;0;0
38;2;15;10;5;7;1;4;0;72;38;1;0;0
55;5;10;16;2;9;0;1;1;40;18;0;0;1
48;2;11;9;2;13;0;4;1;45;38;0;0;0
58;4;11;9;6;4;1;4;1;80;38;0;0;0
23;2;15;10;4;0;1;4;0;40;38;0;0;0
28;5;15;10;4;0;1;4;0;50;38;0;0;0
49;1;15;10;2;3;0;4;1;46;38;0;0;0
51;2;11;9;3;7;4;4;0;40;38;0;0;0
23;2;11;9;5;2;3;4;1;53;38;0;0;0
40;4;11;9;0;3;1;2;1;50;38;0;0;0
59;2;11;9;0;7;1;1;1;40;2;0;0;0
47;2;9;13;0;2;1;4;0;50;38;0;0;0
37;2;11;9;2;13;0;4;1;50;38;0;0;0
39;2;7;12;0;3;4;4;1;40;38;1;0;0
43;2;15;10;2;2;0;4;1;60;38;0;0;0
40;2;8;11;2;4;0;4;1;60;38;0;0;0
48;2;0;6;2;13;0;4;1;40;38;0;0;1
29;2;6;5;4;11;1;4;0;48;38;0;0;0
48;2;15;10;2;11;0;4;1;50;38;0;0;1
37;2;9;13;4;4;1;4;1;30;38;0;0;0
19;2;11;9;4;11;1;4;1;48;38;1;0;0
28;2;0;6;4;7;3;2;0;30;38;0;0;0
56;2;4;3;2;2;0;2;1;40;37;0;0;0
45;2;11;9;0;13;3;4;1;60;38;0;0;0
60;5;15;10;2;10;0;4;1;40;38;0;0;0
53;5;12;14;2;3;0;4;1;42;38;0;0;1
37;5;11;9;2;0;0;4;1;40;38;0;0;0
31;2;11;9;2;7;0;4;1;40;38;0;0;0
29;2;8;11;1;4;0;4;1;44;38;0;0;1
39;2;11;9;2;13;0;2;1;40;4;0;0;0
31;1;9;13;2;9;0;4;1;40;38;0;0;1
42;2;9;13;2;3;0;4;1;45;38;1;0;1
17;2;1;7;4;5;3;4;0;16;38;0;0;0
19;2;11;9;4;7;3;4;0;20;38;0;0;0
24;2;9;13;4;7;1;1;1;32;38;0;0;0
62;2;11;9;2;4;0;4;1;40;38;1;0;1
34;2;3;2;4;7;2;4;0;40;12;0;0;0
47;3;12;14;2;3;0;4;1;55;38;1;0;1
58;2;9;13;4;9;1;4;0;62;1;0;0;0
23;2;8;11;4;9;1;4;0;36;38;0;0;0
33;2;11;9;4;7;4;2;0;40;38;0;0;0
76;2;11;9;6;0;1;4;1;6;38;0;0;0
40;2;11;9;0;3;4;4;0;50;38;0;0;0
28;2;5;4;0;7;4;4;0;50;38;0;0;0
41;2;15;10;2;12;5;4;0;40;38;0;0;0
46;1;11;9;2;10;0;4;1;96;38;1;0;1
22;0;15;10;4;0;1;4;0;40;38;0;0;0
29;2;8;11;2;5;0;4;1;40;38;0;0;0
26;2;11;9;4;7;4;4;1;40;38;0;0;0
31;2;9;13;4;0;1;4;1;40;38;1;0;1
22;2;11;9;4;7;1;4;0;25;38;0;0;0
41;2;15;10;4;13;1;2;1;43;38;0;0;0
29;2;11;9;4;13;2;3;1;40;5;0;0;0
60;2;8;11;2;12;0;4;1;40;38;1;0;1
72;0;11;9;2;0;0;4;1;40;38;0;0;1
41;3;15;10;2;4;0;4;1;65;38;0;0;0
19;2;15;10;4;7;3;4;0;25;38;0;0;0
25;2;9;13;4;7;3;4;1;40;38;0;0;0
24;2;9;13;4;3;1;4;1;45;38;0;0;0
59;2;6;5;2;7;0;4;1;30;38;0;0;0
17;2;1;7;4;2;3;4;1;30;38;0;0;0
25;2;15;10;2;11;0;4;1;43;38;1;0;0
29;2;11;9;5;7;1;4;0;40;38;0;0;0
43;2;11;9;2;2;0;4;1;55;38;0;0;0
29;1;15;10;4;7;3;4;0;10;38;0;0;0
29;5;15;10;0;0;4;2;1;40;38;0;0;0
32;1;15;10;2;10;0;4;1;40;38;0;0;1
50;4;11;9;2;3;0;4;1;45;38;0;0;1
43;2;15;10;2;3;0;4;1;50;38;0;0;0
41;2;11;9;4;6;4;4;0;40;38;0;0;0
32;2;9;13;2;3;5;4;0;40;38;0;0;1
54;5;12;14;4;9;1;4;0;45;38;0;0;1
65;2;11;9;2;3;0;4;1;40;38;0;0;1
70;3;15;10;2;3;0;4;1;40;38;0;0;1
53;2;12;14;2;3;0;4;1;55;38;0;0;1
37;2;9;13;2;3;0;4;1;60;38;0;1;1
21;2;15;10;4;13;3;4;1;30;38;0;0;0
20;2;11;9;4;6;3;4;1;40;38;0;0;0
47;5;11;9;0;0;4;4;1;38;38;0;0;0
26;2;11;9;2;3;0;4;1;45;38;1;0;0
31;2;14;15;4;9;1;4;1;50;38;0;0;0
45;4;15;10;2;13;0;4;1;40;38;0;0;0
35;2;11;9;5;0;4;4;0;40;38;0;0;0
55;2;9;13;2;3;0;4;1;45;38;0;0;1
49;2;12;14;2;9;0;4;1;50;38;0;0;1
33;3;11;9;4;7;4;1;1;40;39;0;0;0
19;2;15;10;4;7;3;4;1;15;38;0;0;0
48;3;9;13;2;3;0;4;1;60;38;0;0;1
41;2;15;10;0;2;1;4;1;40;38;0;0;1
29;2;9;13;2;12;0;4;1;35;38;0;0;1
47;1;12;14;2;9;0;4;1;48;38;0;0;1
53;1;12;14;2;3;0;2;1;40;38;0;0;1
19;2;15;10;4;0;3;4;0;10;38;0;0;0
71;2;11;9;0;7;1;4;0;16;38;0;0;0
29;2;15;10;4;11;4;4;0;25;38;0;0;0
43;1;15;10;2;7;0;4;1;40;38;0;0;0
23;2;9;13;4;3;1;4;0;30;38;0;0;0
52;2;15;10;0;0;1;4;0;40;38;0;0;0
56;2;9;13;2;11;0;4;1;40;38;0;0;1
28;2;0;6;4;2;1;4;1;40;38;0;0;0
44;4;9;13;2;9;0;4;1;80;38;0;0;0
37;0;9;13;4;9;1;4;0;40;38;0;0;0
30;2;8;11;2;3;0;4;1;50;38;0;0;1
31;1;11;9;2;2;0;4;1;40;38;0;0;0
20;2;15;10;4;11;3;4;0;25;38;0;0;0
64;2;11;9;2;11;0;4;1;65;38;0;0;1
45;2;11;9;2;7;0;4;1;40;38;0;0;0
40;2;15;10;4;3;1;4;1;50;38;0;0;1
19;2;11;9;4;5;3;4;1;52;38;0;0;0
54;2;9;13;0;3;4;4;1;45;38;0;0;1
61;3;10;16;2;3;0;1;1;40;35;0;0;1
18;2;1;7;4;7;3;4;0;20;38;0;0;0
33;2;8;11;4;2;1;4;1;40;38;0;0;0
51;2;11;9;5;7;1;2;0;37;38;0;0;0
54;2;11;9;2;2;0;4;1;40;38;0;0;0
24;2;15;10;2;10;2;4;1;24;38;0;0;0
54;2;15;10;0;3;4;4;0;40;10;0;0;0
42;2;9;13;2;3;0;4;1;45;38;0;0;1
51;0;12;14;6;11;4;4;1;50;7;0;0;1
41;2;15;10;2;0;5;2;0;40;38;0;0;1
47;1;7;12;5;3;1;4;1;40;38;0;1;0
31;5;15;10;0;0;4;4;0;40;38;0;0;0
21;2;8;11;4;2;3;2;1;40;38;0;0;0
52;2;15;10;0;3;4;4;0;40;38;0;0;0
20;2;15;10;4;9;3;4;0;15;38;0;0;0
18;2;11;9;4;11;3;4;0;25;38;0;0;0
58;2;11;9;2;8;2;1;0;60;29;0;0;0
23;2;11;9;4;0;4;4;0;40;38;0;0;0
21;2;15;10;4;11;1;4;0;20;38;0;0;0
43;5;8;11;2;10;0;4;1;40;38;0;0;0
53;2;11;9;0;6;3;4;1;40;38;0;0;0
18;2;11;9;2;3;5;4;0;40;38;0;0;0
44;2;9;13;2;3;0;4;1;40;38;0;0;1
31;2;9;13;4;9;1;4;1;50;38;0;0;0
48;2;3;2;2;7;0;4;1;40;38;0;0;0
55;3;12;14;0;9;1;4;0;35;38;0;0;0
24;2;15;10;4;0;3;2;0;20;38;0;0;0
41;5;12;14;2;9;0;4;1;40;38;0;0;1
35;2;11;9;2;2;0;4;1;40;38;0;0;1
47;1;8;11;0;0;1;4;0;40;38;0;0;0
54;2;15;10;2;11;0;4;1;32;38;0;0;0
40;2;9;13;5;11;1;4;1;40;38;0;0;0
56;4;15;10;0;11;4;4;0;48;38;0;0;0
23;2;8;11;4;12;1;4;1;40;38;0;0;0
34;4;11;9;2;2;0;4;1;60;38;0;0;0
27;1;11;9;4;2;4;2;1;40;38;0;0;0
32;2;9;13;4;9;1;4;1;40;38;0;0;1
72;4;15;10;2;4;0;4;1;74;38;0;0;0
43;1;2;8;2;13;0;4;1;40;38;0;1;0
32;2;7;12;0;9;4;2;0;35;38;0;0;0
53;2;15;10;5;0;3;4;1;40;4;0;0;0
18;2;2;8;4;7;3;4;1;10;38;0;0;0
38;2;0;6;6;13;4;2;1;40;38;1;0;0
41;0;8;11;0;0;3;2;0;40;38;0;0;0
29;2;11;9;4;2;3;4;1;45;38;0;0;0
47;2;15;10;2;0;5;4;0;40;38;0;0;0
56;1;15;10;2;0;5;4;0;15;38;0;0;0
28;2;11;9;2;2;0;2;1;40;38;1;0;0
55;5;14;15;2;9;0;4;1;40;38;1;0;1
50;5;9;13;3;9;1;4;1;40;38;1;0;0
47;2;1;7;0;0;4;4;0;40;38;0;0;0
42;3;11;9;2;3;0;4;1;40;38;0;0;0
22;2;15;10;4;6;3;4;1;25;38;0;0;0
42;2;4;3;2;7;0;4;1;44;25;0;0;0
42;0;15;10;0;3;4;1;0;40;38;0;0;0
46;2;11;9;0;3;1;4;0;40;38;0;0;0
45;2;15;10;2;11;0;2;1;99;38;1;0;1
55;2;11;9;2;3;0;1;1;55;38;0;0;0
57;2;9;13;2;10;0;4;1;40;38;0;0;1
25;2;2;8;4;2;3;4;1;40;38;0;0;0
43;2;11;9;2;13;0;4;1;30;5;0;0;0
34;3;9;13;0;4;1;4;1;60;38;0;0;0
27;1;9;13;0;9;2;4;0;40;38;0;0;0
25;2;11;9;4;6;3;4;0;40;38;1;0;0
37;2;15;10;4;3;1;4;0;40;38;0;0;0
48;2;15;10;0;11;4;4;1;45;38;0;0;0
38;2;11;9;2;7;0;4;1;45;38;0;0;0
17;2;0;6;4;2;1;4;1;30;38;1;0;0
70;2;8;11;2;6;0;4;1;50;38;1;0;1
37;2;11;9;0;0;4;4;0;37;38;0;0;0
45;2;11;9;2;2;0;4;1;46;38;0;0;0
56;2;11;9;2;11;0;4;1;55;38;0;0;1
64;2;11;9;2;6;0;4;1;40;38;0;0;0
35;1;15;10;0;0;3;4;0;38;38;0;0;0
23;2;11;9;4;11;3;4;1;40;38;0;0;0
42;1;11;9;2;10;0;4;1;90;38;0;0;0
23;2;15;10;4;5;3;4;1;30;38;0;0;0
56;1;11;9;2;13;0;4;1;40;38;0;0;1
41;2;9;13;2;9;0;4;1;40;38;0;1;1
47;4;4;3;2;11;0;4;1;50;25;0;1;0
21;2;15;10;4;5;3;4;1;40;38;0;0;0
29;2;11;9;4;2;3;2;1;40;38;0;0;0
32;5;15;10;3;4;3;4;1;50;38;0;0;0
72;2;6;5;6;7;4;2;0;20;38;0;0;0
69;4;14;15;2;9;0;4;1;40;38;1;0;1
19;2;15;10;4;0;2;4;1;25;38;0;0;0
25;1;9;13;4;2;3;4;1;25;38;0;0;0
56;2;15;10;2;11;0;4;1;50;38;0;1;1
42;2;12;14;4;9;1;4;0;50;38;1;0;1
58;2;9;13;0;3;4;4;0;35;38;0;0;0
24;2;9;13;4;12;3;4;1;40;38;0;0;0
41;2;8;11;2;12;5;4;0;38;38;0;0;1
40;2;0;6;2;3;0;4;1;40;38;0;0;1
25;2;7;12;0;0;4;4;0;40;38;0;0;0
43;3;9;13;2;11;3;1;0;40;29;0;0;1
36;2;11;9;4;2;3;4;1;40;38;0;0;0
41;2;11;9;2;6;0;4;1;40;38;0;0;0
31;2;9;13;4;9;1;4;0;40;38;0;0;0
22;2;11;9;4;3;3;4;0;40;38;0;0;0
36;2;8;11;2;2;0;4;1;40;38;0;0;0
42;2;0;6;2;6;0;4;1;40;38;0;0;0
29;2;11;9;2;2;0;4;1;60;38;0;0;0
25;2;11;9;4;0;4;4;0;46;38;0;0;0
23;2;9;13;4;3;1;4;1;40;38;0;0;0
34;2;11;9;5;11;4;2;0;20;38;0;0;0
27;2;11;9;2;0;0;4;1;45;38;1;0;0
32;2;9;13;2;11;0;2;1;50;38;1;0;1
33;2;15;10;3;9;1;4;1;40;38;0;0;0
38;2;9;13;0;3;1;4;0;55;38;0;0;0
39;2;8;11;2;2;0;4;1;40;38;0;0;0
50;2;9;13;2;3;0;4;1;40;38;0;0;1
32;2;15;10;4;0;1;4;1;30;38;0;0;0
40;0;11;9;2;3;0;4;1;40;38;0;0;1
58;0;15;10;2;3;0;4;1;40;38;1;0;1
20;2;11;9;4;0;3;4;0;20;38;0;0;0
56;2;9;13;2;0;0;4;1;50;38;0;0;0
30;1;9;13;2;10;0;4;1;40;38;0;0;0
39;2;15;10;0;3;4;4;0;39;38;0;0;0
25;2;7;12;4;9;1;4;1;50;38;0;0;1
33;2;11;9;2;6;0;4;1;40;38;0;0;1
41;5;9;13;4;9;1;4;1;40;38;0;0;0
50;2;15;10;0;2;1;4;1;40;38;0;0;0
44;2;15;10;2;13;0;4;1;40;38;0;0;0
27;2;9;13;4;3;1;4;1;40;38;0;0;0
27;2;9;13;4;9;1;1;1;40;38;1;0;1
58;2;4;3;2;6;0;4;1;40;21;0;0;0
25;2;15;10;4;12;3;4;1;15;25;0;0;0
31;2;11;9;2;6;5;0;0;40;38;0;0;0
39;2;11;9;2;3;0;4;1;50;38;0;0;1
55;2;8;11;2;2;0;4;1;40;38;0;0;1
22;2;8;11;4;7;3;4;0;12;38;0;0;0
44;2;7;12;5;3;1;4;1;40;38;0;0;0
44;2;2;8;0;13;1;4;0;40;38;0;0;0
61;2;5;4;2;4;0;4;1;54;38;0;0;0
32;2;8;11;2;6;0;4;1;40;38;0;0;0
35;2;9;13;2;3;0;4;1;45;38;0;0;1
28;2;15;10;2;2;0;4;1;40;38;0;0;0
57;2;9;13;2;3;0;1;1;40;29;0;0;1
32;2;10;16;2;9;0;4;1;65;38;0;0;1
46;5;5;4;4;7;1;2;0;40;38;0;0;0
26;4;11;9;2;7;5;4;0;20;38;0;1;0
43;3;11;9;2;2;0;4;1;40;38;0;0;0
62;1;11;9;0;7;1;4;0;35;38;0;0;0
60;5;12;14;2;9;0;1;1;38;2;0;0;1
67;2;11;9;0;11;1;4;0;20;38;0;0;0
19;2;11;9;4;11;4;2;0;30;38;0;0;0
48;2;0;6;2;2;0;4;1;65;38;0;0;1
19;5;11;9;4;0;1;4;0;20;38;0;0;0
19;2;15;10;4;7;1;4;0;30;38;0;0;0
43;2;11;9;0;3;4;4;0;40;38;0;0;0
31;2;10;16;2;9;5;4;0;90;38;0;0;0
65;2;15;10;2;3;5;4;0;45;38;0;0;0
32;2;11;9;4;6;1;4;0;40;38;0;0;0
36;5;12;14;2;9;0;4;1;40;38;0;0;1
41;2;11;9;2;6;0;4;1;40;25;0;0;0
33;1;15;10;2;10;0;4;1;40;38;1;0;0
34;2;9;13;2;11;0;4;1;50;38;0;1;1
27;2;15;10;4;2;1;4;1;45;38;0;0;0
75;3;1;7;4;3;1;4;1;50;38;0;0;0
51;2;11;9;2;2;0;4;1;40;38;0;1;1
47;2;11;9;2;4;0;4;1;40;38;0;0;0
31;2;15;10;4;9;1;4;1;40;38;0;0;0
40;2;12;14;4;3;1;4;0;40;38;0;0;1
48;2;11;9;0;11;1;4;0;30;38;0;0;0
36;1;9;13;4;10;1;2;1;40;38;0;0;0
18;2;11;9;4;7;3;4;1;20;38;0;0;0
33;2;11;9;4;3;1;4;0;40;38;0;0;0
34;2;12;14;2;11;0;4;1;40;38;0;0;0
51;2;15;10;2;2;0;4;1;48;38;1;0;1
39;5;7;12;0;9;1;4;0;40;38;0;0;0
20;2;11;9;4;7;3;4;1;35;38;0;0;0
67;1;15;10;0;0;1;2;0;20;38;0;0;0
42;2;8;11;4;0;1;4;0;60;38;0;0;0
59;2;1;7;2;6;0;4;1;40;38;0;0;0
31;1;11;9;4;10;1;2;1;40;38;0;0;0
19;2;15;10;4;7;4;2;0;30;38;1;0;0
47;2;15;10;0;3;1;4;0;48;38;0;0;0
68;2;5;4;2;7;0;4;1;30;38;0;0;0
30;2;15;10;2;5;0;4;1;40;38;0;0;0
34;2;11;9;4;5;1;4;1;60;38;0;0;0
49;2;5;4;2;6;0;4;1;40;38;0;0;0
38;2;15;10;2;2;0;4;1;40;38;0;0;1
60;2;15;10;2;11;0;4;1;40;38;1;0;1
24;2;9;13;4;0;1;4;1;40;38;0;0;0
18;2;15;10;4;5;3;2;0;35;38;0;1;0
24;2;9;13;4;3;3;4;0;40;38;0;0;0
21;2;4;3;2;7;0;4;1;40;25;0;0;0
48;1;11;9;2;12;5;4;0;40;38;0;1;1
52;1;6;5;2;7;5;4;0;40;38;0;0;0
48;2;11;9;0;5;1;4;1;40;38;0;0;0
40;0;9;13;2;9;0;4;1;66;38;1;0;1
20;2;15;10;4;12;3;4;0;20;38;0;0;0
31;2;11;9;0;11;4;4;0;25;38;0;0;0
30;2;15;10;2;3;0;4;1;50;38;0;0;0
51;2;11;9;4;5;3;4;0;40;38;0;0;0
29;2;8;11;0;3;1;4;0;40;38;0;0;0
56;4;12;14;4;11;1;4;1;16;38;0;0;0
46;2;9;13;5;12;4;4;0;40;38;0;0;0
41;2;15;10;5;9;3;4;0;40;38;0;1;0
29;2;4;3;4;7;2;4;0;40;7;0;0;0
48;4;11;9;2;3;0;1;1;30;34;0;0;0
34;3;11;9;0;11;1;4;0;50;38;0;0;0
42;4;8;11;2;3;0;4;1;50;38;0;0;0
25;2;11;9;4;7;4;4;0;30;3;0;0;0
47;2;1;7;0;7;4;2;0;40;38;0;0;0
23;2;11;9;4;11;3;4;1;40;38;0;0;0
43;1;8;11;2;13;0;4;1;22;38;0;0;0
19;1;15;10;4;7;3;2;0;35;38;0;0;0
22;2;11;9;4;5;3;4;1;40;38;0;0;0
40;1;9;13;0;9;4;4;0;70;38;0;0;0
41;4;8;11;2;2;0;4;1;40;40;0;0;0
71;3;9;13;2;3;0;4;1;60;38;0;1;1
42;2;11;9;2;0;0;4;1;45;38;0;0;0
31;5;9;13;4;0;1;4;1;47;38;0;0;0
58;4;11;9;2;4;0;4;1;70;38;0;0;0
36;2;1;7;6;7;4;2;0;12;38;0;0;0
31;2;11;9;2;13;0;4;1;65;38;0;0;0
41;2;11;9;4;0;1;4;0;40;38;0;0;0
35;2;15;10;2;2;0;4;1;40;38;0;0;0
28;2;9;13;4;9;3;4;0;15;38;0;0;0
27;2;2;8;2;4;3;4;1;55;38;0;0;0
17;2;1;7;4;5;3;4;1;40;1;0;0;0
35;4;11;9;0;11;1;4;1;50;38;0;0;1
45;4;15;10;2;7;5;4;0;99;38;0;0;0
44;2;9;13;0;0;4;4;0;40;38;0;0;0
27;2;8;11;4;7;1;1;0;40;29;0;0;0
51;2;6;5;2;2;0;4;1;40;38;0;0;0
49;2;11;9;6;7;1;4;0;45;38;0;0;0
64;4;0;6;2;9;0;4;1;10;38;0;0;1
54;4;5;4;0;13;1;4;1;45;4;0;0;0
43;2;11;9;2;2;0;3;1;40;25;0;0;0
32;2;11;9;0;2;4;4;1;35;38;0;0;0
36;2;7;12;4;11;1;2;1;43;38;1;0;1
26;4;11;9;4;11;2;1;1;50;38;0;0;1
37;2;9;13;2;3;0;4;1;50;38;0;0;1
38;2;7;12;0;0;4;4;0;40;38;0;0;0
26;2;2;8;2;2;0;4;1;40;38;0;0;0
50;2;9;13;2;2;0;4;1;50;38;0;1;1
47;2;15;10;2;2;0;4;1;40;38;1;0;1
42;2;11;9;0;6;1;4;0;40;38;0;0;0
66;1;11;9;6;13;1;2;0;40;38;0;0;0
43;2;11;9;5;0;1;2;0;32;38;0;0;0
37;2;9;13;2;9;0;4;1;45;38;0;0;1
37;2;0;6;0;3;4;4;0;35;38;0;0;0
25;2;15;10;4;12;3;4;0;40;38;0;0;0
29;2;9;13;2;2;0;4;1;50;38;0;0;1
50;4;7;12;2;6;0;4;1;40;38;1;0;1
42;5;12;14;4;9;1;4;1;70;38;0;0;0
32;2;11;9;4;2;3;4;1;40;38;0;0;0
42;5;15;10;2;10;0;4;1;40;38;0;0;1
41;4;11;9;2;3;0;4;1;50;38;0;0;0
25;2;9;13;4;11;1;4;1;40;38;1;0;0
65;3;11;9;2;11;0;4;1;50;38;0;0;0
32;2;15;10;2;6;0;4;1;50;38;0;0;0
32;2;11;9;4;2;4;4;1;10;38;0;0;0
24;2;15;10;2;2;0;4;1;60;38;0;0;0
51;0;11;9;0;3;1;4;0;40;38;0;0;0
28;2;1;7;3;7;4;4;0;35;38;0;0;0
32;3;15;10;2;3;0;4;1;55;38;0;0;1
77;2;14;15;2;3;0;4;1;40;38;0;0;0
47;2;11;9;0;0;4;4;0;20;38;0;0;0
26;2;11;9;4;5;1;4;1;40;38;0;0;0
20;2;15;10;4;5;3;4;1;20;38;0;0;0
57;5;15;10;2;9;0;2;1;35;38;0;0;1
40;2;10;16;2;9;0;4;1;45;38;0;0;0
50;2;12;14;2;11;0;4;1;40;38;0;0;1
19;2;5;4;2;5;3;4;1;45;25;0;0;0
54;0;2;8;2;0;0;4;1;40;38;0;0;0
51;1;15;10;2;10;0;4;1;40;38;0;0;1
51;1;9;13;2;0;0;4;1;50;38;0;0;1
38;5;15;10;2;10;0;4;1;40;38;1;0;1
17;2;2;8;4;11;3;4;0;20;38;0;0;0
32;2;9;13;4;3;1;4;1;40;38;0;0;0
29;2;15;10;2;2;0;4;1;45;38;0;0;0
42;2;15;10;0;11;4;4;1;40;38;0;0;0
40;2;11;9;0;3;4;4;0;40;38;0;0;0
27;2;15;10;2;2;0;4;1;40;38;0;0;0
22;5;9;13;4;9;3;4;0;20;38;0;0;0
58;2;1;7;6;7;1;4;0;40;38;0;0;0
61;2;9;13;2;11;0;4;1;45;38;0;0;1
42;2;9;13;2;2;5;2;0;35;38;0;0;1
49;2;12;14;3;10;1;1;1;40;18;0;0;0
43;2;11;9;0;6;1;2;0;40;38;0;0;0
46;2;9;13;0;11;4;4;1;40;38;0;0;1
28;2;11;9;2;13;0;4;1;45;38;0;0;1
39;4;15;10;2;11;0;4;1;50;38;1;0;1
50;1;15;10;2;2;0;4;1;40;38;1;0;1
57;2;15;10;3;0;1;4;1;40;38;0;0;0
47;2;11;9;2;7;5;4;0;38;38;0;0;0
79;4;11;9;2;4;0;4;1;40;38;0;0;0
40;2;11;9;2;8;5;4;0;45;38;0;0;0
35;0;9;13;2;9;0;1;1;40;39;0;0;0
35;1;9;13;2;3;0;4;1;80;38;0;1;0
30;2;9;13;2;7;0;4;1;60;38;0;0;1
26;2;0;6;4;4;1;2;1;40;38;0;0;0
49;2;11;9;4;13;4;2;0;40;38;1;0;0
48;2;11;9;2;2;0;4;1;40;38;0;0;0
22;2;15;10;4;7;1;4;1;45;38;0;0;0
22;2;1;7;4;7;3;4;0;30;38;0;0;0
50;2;0;6;5;0;1;2;0;47;22;0;0;0
47;4;11;9;2;4;0;4;1;60;38;0;0;0
36;2;11;9;2;13;0;4;1;50;38;0;0;0
44;2;7;12;2;2;0;4;1;40;38;0;0;1
73;2;6;5;6;7;4;4;0;9;38;0;0;0
34;2;9;13;2;9;0;4;1;40;38;0;0;1
37;2;15;10;2;2;0;1;1;40;16;0;0;0
46;2;15;10;2;0;5;4;0;40;38;0;0;1
29;2;4;3;2;4;0;4;1;40;25;0;0;0
24;2;8;11;2;2;0;4;1;40;38;0;0;0
29;5;15;10;4;9;1;4;1;35;38;0;0;0
18;2;2;8;4;0;3;4;0;20;38;0;0;0
41;2;9;13;0;3;4;2;0;90;38;0;0;1
59;2;11;9;2;2;0;4;1;40;38;0;0;1
27;2;4;3;4;4;4;4;1;50;38;0;0;0
50;2;7;12;2;2;0;4;1;45;38;0;0;0
25;2;3;2;4;6;1;4;1;24;25;0;0;0
42;2;9;13;0;3;4;4;0;45;38;0;0;0
36;2;15;10;2;2;0;4;1;40;23;0;0;0
62;2;15;10;2;0;0;4;1;60;38;0;0;1
71;2;8;11;4;0;1;4;0;40;38;0;0;0
38;2;9;13;0;3;1;4;1;55;38;0;0;1
44;2;11;9;3;0;4;2;0;40;38;0;0;0
49;4;15;10;2;4;0;4;1;60;38;0;0;0
60;3;9;13;2;9;0;4;1;40;38;1;0;1
28;4;11;9;2;3;0;4;1;40;30;0;0;0
26;2;9;13;4;11;1;4;0;55;38;0;0;0
18;2;1;7;4;5;3;4;1;12;38;0;0;0
43;2;8;11;2;2;0;4;1;50;38;0;0;1
65;1;2;8;6;3;1;4;1;44;38;1;0;0
23;2;0;6;4;2;3;4;1;44;38;0;0;0
21;2;15;10;4;7;3;4;0;35;38;0;0;0
20;4;11;9;4;4;3;4;1;40;38;0;0;0
19;2;15;10;4;11;3;1;0;18;29;0;0;0
77;2;11;9;6;0;1;4;0;32;38;0;0;0
32;2;8;11;2;12;0;4;1;40;38;0;0;0
37;1;15;10;2;13;0;4;1;30;38;0;0;0
29;4;11;9;2;13;0;4;1;45;38;0;0;0
59;2;10;16;2;9;0;4;1;45;38;0;1;1
22;2;15;10;4;2;3;4;1;40;38;0;0;0
31;2;11;9;2;2;0;4;1;48;38;0;0;1
59;4;11;9;2;11;0;4;1;60;38;0;0;0
29;0;15;10;4;7;1;4;0;40;38;0;0;1
56;2;11;9;2;2;0;4;1;50;38;0;0;1
19;2;15;10;4;0;3;4;0;20;38;0;0;0
37;2;11;9;2;4;0;4;1;40;38;0;0;0
58;5;12;14;2;3;0;4;1;40;38;0;0;1
41;2;12;14;2;3;0;4;1;40;38;0;0;1
29;2;11;9;4;11;4;4;1;38;38;0;0;0
38;4;11;9;2;3;0;4;1;50;38;0;0;0
36;2;12;14;2;9;0;4;1;50;38;0;1;1
19;2;15;10;4;2;3;4;1;40;38;1;0;0
46;2;11;9;2;3;5;4;0;28;38;0;0;1
42;2;12;14;2;9;5;4;0;45;38;0;0;1
29;2;15;10;4;11;1;4;0;40;38;0;0;0
42;2;9;13;2;9;0;4;1;40;38;1;0;1
29;2;7;12;2;0;0;4;1;40;38;0;0;0
47;2;12;14;0;9;4;4;0;40;38;0;0;0
37;2;1;7;2;2;0;4;1;40;38;0;0;1
39;2;11;9;2;4;0;4;1;45;38;0;0;0
46;2;9;13;0;11;4;2;0;35;38;0;0;1
28;2;7;12;2;13;0;4;1;40;38;0;0;0
36;2;15;10;2;4;0;4;1;56;38;0;0;1
39;2;11;9;0;0;3;4;0;40;38;0;0;0
44;2;15;10;2;9;0;4;1;40;38;0;0;0
60;5;11;9;2;7;0;4;1;40;38;0;0;0
35;2;9;13;4;3;1;4;0;50;38;0;0;1
59;2;9;13;2;2;0;2;1;48;38;0;0;1
21;2;15;10;4;11;3;4;0;60;38;0;0;0
22;2;7;12;4;9;3;4;0;16;38;0;0;0
31;2;15;10;2;3;0;4;1;50;38;1;0;1
40;2;9;13;2;3;0;4;1;50;38;0;1;1
33;2;11;9;2;11;0;4;1;45;38;0;0;1
41;1;12;14;2;9;0;4;1;60;38;0;0;0
31;4;7;12;2;7;5;4;0;35;38;0;0;1
62;2;8;11;0;7;1;4;1;40;38;0;0;0
43;2;11;9;2;9;5;4;0;35;38;0;0;0
28;1;9;13;4;9;1;2;0;60;38;0;0;0
43;2;0;6;2;6;0;2;1;40;38;0;1;1
55;4;12;14;2;11;0;4;1;55;38;1;0;1
42;2;11;9;5;7;4;4;0;25;38;0;0;0
23;2;9;13;4;9;1;4;0;40;38;0;0;0
55;0;15;10;2;0;0;4;1;40;38;0;0;1
44;3;9;13;2;3;0;4;1;45;38;1;0;1
19;2;1;7;4;11;3;3;0;32;26;0;0;0
23;2;11;9;4;6;3;4;1;40;38;0;0;0
41;2;11;9;0;2;4;4;0;50;38;0;0;0
51;2;11;9;5;5;4;4;0;40;38;0;0;0
49;2;11;9;0;13;1;4;1;90;38;0;0;0
29;5;12;14;4;9;4;1;0;20;35;0;0;0
25;2;15;10;4;9;1;4;1;40;38;1;0;1
44;4;14;15;2;9;0;4;1;50;38;1;0;1
17;2;1;7;4;5;3;4;1;30;38;0;0;0
42;3;12;14;2;3;0;4;1;40;38;0;0;1
21;2;1;7;4;12;3;4;0;35;38;0;0;0
26;2;15;10;4;13;1;4;1;40;38;0;0;0
24;2;15;10;4;9;1;4;1;40;38;0;0;0
30;2;9;13;2;3;0;4;1;42;38;0;0;1
19;2;11;9;4;5;3;4;1;28;38;0;0;0
65;5;5;4;6;7;2;4;0;24;38;0;0;0
52;4;15;10;2;12;0;4;1;60;38;0;0;1
17;2;0;6;4;5;3;4;1;20;38;0;0;0
27;2;11;9;4;7;3;4;1;22;38;0;0;0
53;2;14;15;4;9;1;4;0;40;38;0;0;0
24;2;9;13;4;11;1;4;0;40;38;0;0;0
37;2;15;10;2;2;0;4;1;40;38;0;0;1
34;2;8;11;2;0;5;4;0;18;38;0;0;0
40;1;7;12;0;3;1;4;1;50;38;1;0;1
49;1;11;9;2;2;0;4;1;40;38;0;0;1
86;2;12;14;4;0;1;4;0;40;38;0;0;0
49;2;8;11;2;9;5;4;0;60;38;1;0;1
43;4;1;7;2;5;0;4;1;60;38;0;0;0
47;2;15;10;3;3;4;4;0;35;32;0;0;0
32;2;11;9;2;13;0;4;1;50;38;0;0;1
30;4;8;11;2;4;0;4;1;60;38;0;0;0
25;1;11;9;4;2;3;4;1;40;38;0;0;0
42;2;9;13;2;11;0;4;1;40;38;0;0;1
60;2;15;10;2;2;0;4;1;65;38;0;0;0
46;2;15;10;2;2;0;4;1;38;38;1;0;1
39;1;15;10;2;10;0;4;1;40;38;0;0;1
28;2;7;12;2;12;0;4;1;70;38;0;1;1
26;2;0;6;4;2;1;4;1;55;32;0;0;0
27;2;15;10;4;0;3;4;0;40;38;0;0;0
59;2;15;10;0;9;4;4;1;40;38;0;0;0
64;5;11;9;2;4;0;4;1;40;38;0;0;0
90;4;11;9;4;3;1;4;1;12;38;1;0;0
51;2;15;10;0;11;1;4;0;45;38;0;0;1
36;2;11;9;2;13;0;4;1;40;38;0;1;0
39;2;5;4;3;6;4;3;0;40;5;0;0;0
47;4;12;14;2;9;0;4;1;40;38;0;0;1
32;2;12;14;2;3;0;4;1;60;38;0;0;1
24;2;7;12;2;0;5;4;0;40;38;0;0;0
23;2;11;9;4;11;3;4;1;30;38;0;0;0
62;2;11;9;2;7;0;4;1;20;38;0;0;0
35;4;9;13;5;2;1;4;1;65;38;0;0;0
27;2;9;13;4;9;3;1;1;40;38;0;0;0
49;2;15;10;0;6;1;4;0;35;38;0;0;0
18;2;0;6;4;11;1;4;1;20;38;0;0;0
19;2;15;10;4;7;3;4;0;30;38;0;0;0
63;3;7;12;2;11;0;4;1;40;38;0;0;1
54;2;11;9;2;7;5;2;0;40;38;0;0;0
24;2;15;10;2;9;5;4;0;40;38;0;0;1
61;2;0;6;2;13;0;4;1;50;38;0;0;1
50;3;11;9;2;11;0;4;1;48;38;0;0;1
36;2;9;13;2;11;0;4;1;40;38;0;0;1
21;2;15;10;4;0;3;4;1;50;38;0;0;0
38;3;14;15;2;9;0;4;1;50;38;1;0;1
30;2;15;10;2;3;2;4;1;40;38;0;0;0
22;2;11;9;4;2;3;4;1;40;38;1;0;0
33;2;15;10;0;0;1;1;0;52;38;0;0;0
39;1;11;9;2;6;0;4;1;38;38;0;0;1
42;2;11;9;2;2;0;4;1;50;38;0;0;1
42;1;9;13;0;13;1;4;1;33;38;0;0;0
29;2;9;13;2;3;0;4;1;40;38;0;0;0
35;2;9;13;4;11;1;4;1;55;38;0;0;0
23;2;15;10;4;7;3;4;0;30;38;0;0;0
28;2;15;10;2;2;0;0;1;60;38;0;0;0
34;2;11;9;0;0;3;4;0;40;38;0;0;0
40;2;15;10;4;0;1;2;0;40;38;0;0;0
67;4;11;9;6;7;1;4;0;30;38;0;0;0
49;2;11;9;2;7;0;4;1;40;38;0;0;0
34;2;11;9;4;0;1;4;0;40;38;0;0;0
26;2;9;13;4;3;3;4;1;35;38;1;0;0
25;2;11;9;4;6;3;4;1;40;38;0;0;0
40;2;15;10;0;3;4;4;0;30;38;1;0;0
56;4;11;9;2;4;0;4;1;40;38;0;0;0
35;3;7;12;2;11;0;4;1;45;38;0;1;1
54;2;11;9;2;2;0;4;1;40;38;0;1;0
25;2;9;13;4;3;1;4;0;40;38;1;0;0
28;2;9;13;2;11;0;4;1;40;38;0;0;0
31;2;9;13;4;3;1;4;1;40;38;0;0;0
45;2;11;9;0;0;4;4;0;40;38;0;0;0
52;5;11;9;2;2;0;4;1;40;38;1;0;0
39;4;12;14;4;9;1;4;0;50;3;0;0;0
19;2;11;9;4;11;1;4;1;40;38;0;0;0
23;2;2;8;4;0;4;4;1;40;38;0;0;0
23;2;5;4;4;2;1;4;1;40;25;0;0;0
52;2;8;11;2;9;0;4;1;40;38;1;0;1
33;4;14;15;2;9;0;4;1;60;38;0;0;1
35;2;9;13;4;5;1;1;0;50;13;0;0;0
58;2;11;9;2;2;0;4;1;40;38;0;0;0
61;2;11;9;2;2;0;4;1;45;38;0;0;1
39;2;9;13;2;3;0;4;1;70;38;1;0;1
38;2;1;7;2;2;0;4;1;40;38;0;0;0
59;2;11;9;2;3;0;4;1;40;38;0;1;1
41;2;9;13;0;3;1;4;1;50;38;0;0;1
19;2;1;7;4;13;2;4;1;10;38;0;0;0
22;2;15;10;4;5;3;4;1;20;38;0;0;0
59;2;7;12;6;3;4;4;0;40;38;0;0;0
37;2;11;9;2;2;0;4;1;45;38;1;0;1
31;2;2;8;2;2;0;4;1;43;38;0;0;0
18;2;1;7;4;5;1;4;1;40;38;0;0;0
20;2;15;10;4;11;3;4;0;35;38;0;0;0
28;2;11;9;4;13;1;4;1;60;38;0;0;0
28;2;15;10;4;7;3;4;0;30;38;0;0;0
49;2;9;13;2;3;0;4;1;40;38;0;0;0
38;1;11;9;2;10;0;4;1;40;38;0;0;1
19;2;11;9;4;11;3;4;1;20;38;0;0;0
43;2;9;13;2;3;0;4;1;40;38;1;0;1
28;2;11;9;2;3;0;2;1;40;38;1;0;1
41;2;15;10;0;0;1;2;0;24;7;0;0;0
50;2;12;14;2;3;0;4;1;65;38;0;0;1
46;2;9;13;0;0;1;4;1;40;31;0;0;0
20;2;15;10;4;4;3;4;1;40;38;0;0;0
45;2;9;13;2;3;0;4;1;60;38;0;0;1
28;2;15;10;4;3;1;4;0;50;38;0;0;0
37;2;15;10;2;7;5;4;0;40;38;0;0;0
46;4;10;16;2;9;0;4;1;50;38;0;1;1
66;2;11;9;2;5;0;4;1;40;38;0;0;0
38;2;9;13;2;0;5;4;0;50;38;0;0;1
25;2;1;7;4;5;3;4;1;45;38;0;0;0
55;0;14;15;2;3;0;4;1;40;38;1;0;1
48;1;5;4;2;13;0;4;1;40;38;0;1;0
56;2;15;10;6;2;4;4;0;38;38;0;0;0
47;4;12;14;2;3;0;4;1;45;38;0;0;0
55;4;9;13;2;3;0;4;1;40;38;0;0;1
41;5;7;12;2;10;0;4;1;40;38;0;0;0
47;2;15;10;2;11;0;4;1;65;38;0;0;1
40;2;11;9;4;3;1;0;1;43;38;1;0;0
41;2;9;13;2;11;0;4;1;40;38;0;0;0
21;2;15;10;4;11;3;3;0;20;38;0;0;0
52;2;11;9;4;11;1;4;1;40;38;0;0;0
62;2;10;16;0;9;4;4;1;50;38;1;0;1
46;2;1;7;2;5;0;4;1;45;38;0;0;1
35;4;9;13;2;9;0;4;1;40;38;0;0;0
29;2;11;9;3;0;3;4;0;40;38;0;0;0
21;2;0;6;2;7;0;4;1;40;38;1;0;0
35;2;11;9;5;2;1;4;1;50;38;0;0;0
46;2;9;13;2;11;0;4;1;50;18;0;0;1
35;2;10;16;2;9;0;1;1;40;35;0;1;1
34;2;15;10;0;2;1;4;1;60;38;0;0;0
21;2;8;11;4;6;1;4;1;30;38;0;0;0
29;2;11;9;2;4;0;4;1;60;38;0;0;0
41;3;12;14;2;3;0;4;1;60;38;0;0;1
51;4;11;9;2;11;0;4;1;40;38;0;0;0
22;2;11;9;4;0;3;4;0;40;38;0;0;0
47;2;9;13;4;3;1;4;1;40;38;0;0;0
42;3;14;15;2;9;0;4;1;65;38;1;0;1
19;2;11;9;4;7;3;4;0;40;7;0;0;0
46;2;9;13;2;13;0;4;1;40;38;1;0;1
23;2;15;10;4;5;3;2;1;40;38;0;0;0
49;2;11;9;2;2;0;2;1;40;38;0;0;0
58;4;9;13;0;9;1;4;0;40;38;0;0;0
41;5;9;13;2;0;0;4;1;50;38;0;0;1
50;2;9;13;2;12;0;4;1;40;38;0;0;1
77;2;11;9;6;0;1;4;0;10;38;0;0;0
27;2;8;11;2;7;0;4;1;60;38;0;0;0
29;3;11;9;2;2;0;4;1;60;38;0;0;0
54;2;13;1;2;2;0;1;1;40;18;0;0;0
39;5;15;10;5;9;4;2;0;37;38;0;0;0
32;2;15;10;2;12;0;4;1;50;38;0;0;0
36;0;9;13;2;9;0;1;1;40;38;0;0;0
24;1;9;13;4;9;3;4;0;20;38;0;0;0
50;4;12;14;2;11;0;4;1;45;38;1;0;1
32;4;11;9;0;4;1;4;1;65;38;0;0;0
26;2;9;13;4;3;1;4;0;40;38;0;0;0
38;2;8;11;2;9;0;4;1;42;38;0;0;0
47;2;9;13;6;2;4;2;0;40;38;1;0;0
31;2;15;10;2;3;0;4;1;40;38;0;0;1
38;2;11;9;2;2;0;4;1;55;38;0;0;0
50;2;15;10;2;11;0;4;1;40;38;0;0;1
18;2;1;7;4;5;3;4;1;40;38;0;0;0
59;3;12;14;2;11;0;4;1;40;38;0;0;0
56;4;15;10;2;2;0;4;1;50;38;0;0;1
34;2;11;9;4;0;3;4;1;50;38;0;0;0
32;2;9;13;2;9;0;4;1;40;38;0;0;0
29;2;9;13;4;7;1;4;1;35;38;0;0;0
42;2;9;13;2;12;0;4;1;45;38;0;0;1
37;2;15;10;0;7;4;2;0;40;38;0;0;0
36;2;11;9;0;3;1;4;0;40;38;0;0;0
59;2;12;14;6;3;1;4;0;40;38;0;0;1
32;2;9;13;2;11;0;4;1;50;38;1;0;1
52;1;11;9;2;10;0;4;1;56;38;0;0;1
29;5;11;9;4;7;1;1;1;40;36;0;0;0
39;2;14;15;4;9;1;4;0;35;38;1;0;1
39;2;15;10;4;0;1;4;1;40;38;0;0;0
69;2;9;13;6;3;1;4;0;15;38;1;0;0
43;2;11;9;2;7;5;4;0;35;38;0;0;0
39;2;8;11;2;2;0;4;1;48;38;0;1;0
19;2;15;10;4;7;3;4;0;30;38;0;0;0
60;1;8;11;2;3;0;4;1;60;38;0;0;1
51;2;11;9;2;6;0;2;1;40;38;1;0;0
75;2;15;10;6;9;1;4;0;8;38;0;0;0
37;5;8;11;4;9;4;2;0;40;38;1;0;0
20;2;1;7;4;7;3;2;1;20;38;1;0;0
58;0;11;9;2;13;0;4;1;70;38;0;0;0
21;5;12;14;4;13;3;4;1;15;38;0;0;0
28;2;11;9;5;10;2;4;1;40;38;0;0;0
40;2;0;6;2;6;0;4;1;40;38;0;0;0
45;4;11;9;2;13;0;4;1;50;38;0;0;0
40;4;14;15;2;9;5;4;0;40;38;1;0;1
41;2;15;10;4;2;1;4;0;40;38;0;0;0
58;2;11;9;0;3;4;4;0;40;38;0;0;0
44;1;8;11;2;2;0;4;1;40;38;1;0;1
26;2;11;9;2;11;0;4;1;65;38;0;0;0
29;2;7;12;4;11;1;4;1;45;25;0;0;0
45;2;12;14;4;9;1;4;0;40;38;0;0;0
23;2;7;12;4;7;1;4;1;40;38;0;0;0
39;5;11;9;0;0;4;4;0;40;38;0;0;0
45;4;10;16;2;9;0;4;1;40;38;1;0;1
51;1;12;14;2;9;0;4;1;40;38;1;0;1
22;2;11;9;4;5;3;4;1;40;38;0;0;0
28;2;11;9;2;0;0;4;1;40;38;0;0;0
23;2;15;10;4;7;4;4;0;25;38;0;0;0
33;2;11;9;2;7;0;2;1;35;38;0;0;0
37;2;8;11;2;12;0;4;1;43;38;0;0;0
19;2;15;10;4;0;3;4;0;40;38;0;0;0
35;2;1;7;2;4;0;4;1;40;38;0;0;0
62;2;5;4;0;12;4;4;0;38;3;0;0;0
25;2;11;9;4;7;1;4;1;40;38;0;0;0
21;2;11;9;4;2;2;4;1;40;38;0;0;0
32;2;15;10;4;7;3;4;1;35;38;0;0;0
32;1;9;13;2;9;5;4;0;45;38;1;0;0
70;1;11;9;6;0;1;4;0;12;38;0;0;0
57;2;1;7;2;2;0;4;1;40;38;0;0;0
31;2;15;10;4;2;1;4;1;40;38;0;0;0
37;2;9;13;2;3;0;4;1;60;38;0;0;1
34;2;11;9;0;7;4;4;0;36;38;0;0;0
26;4;15;10;2;4;0;4;1;78;38;0;0;0
44;2;15;10;2;11;0;4;1;48;38;0;0;0
66;2;5;4;2;2;0;4;1;40;38;0;0;0
39;1;11;9;0;2;4;4;0;40;38;0;0;0
31;2;11;9;2;6;0;4;1;40;38;0;0;1
53;2;8;11;2;12;0;4;1;40;38;0;0;1
36;2;11;9;2;6;5;4;0;50;38;0;0;0
61;2;6;5;2;2;0;4;1;40;38;0;0;0
43;2;9;13;2;11;0;4;1;40;38;0;0;1
38;2;15;10;2;3;0;4;1;40;38;0;0;0
26;2;11;9;4;0;1;4;1;50;25;0;0;0
27;2;11;9;2;5;0;0;1;8;38;0;0;0
58;1;6;5;0;7;1;4;0;40;38;0;0;0
37;5;11;9;0;0;4;4;0;12;32;0;0;0
56;2;5;4;2;2;0;4;1;26;38;0;0;0
36;2;15;10;5;3;1;4;1;60;38;0;0;1
29;2;11;9;4;2;1;2;1;40;38;0;0;0
28;2;0;6;4;13;4;4;1;30;38;0;0;0
61;4;10;16;2;9;0;4;1;40;38;0;0;1
66;4;6;5;2;4;0;4;1;25;38;0;0;1
31;2;15;10;2;4;0;4;1;50;38;1;0;1
21;2;7;12;4;7;3;4;0;40;38;0;0;0
67;4;11;9;2;13;0;4;1;58;38;1;0;1
26;2;11;9;6;13;1;4;1;40;38;0;0;0
21;2;15;10;4;2;1;4;1;50;38;0;0;0
33;2;11;9;2;6;0;4;1;40;38;0;0;0
33;2;11;9;0;7;4;4;0;32;38;0;0;0
59;5;9;13;2;3;0;4;1;50;38;1;0;1
82;3;5;4;2;4;0;4;1;50;38;0;0;0
34;5;10;16;2;9;5;4;0;50;38;0;0;1
29;2;9;13;2;3;0;4;1;50;9;0;0;1
19;2;15;10;0;7;3;4;0;40;38;0;0;0
57;4;11;9;2;3;0;4;1;1;38;0;0;0
41;2;15;10;2;3;0;4;1;50;38;1;0;1
55;2;0;6;2;7;0;2;1;40;38;1;0;0
27;2;15;10;4;5;1;2;1;40;38;0;0;0
33;2;11;9;4;2;1;4;1;45;38;0;0;0
43;5;15;10;0;0;1;2;1;50;38;0;0;1
72;0;15;10;6;12;1;4;0;16;38;0;0;0
68;4;11;9;2;11;0;4;1;40;38;0;0;0
29;2;11;9;5;0;3;4;0;40;38;0;0;0
41;2;9;13;2;9;0;4;1;60;38;0;0;0
30;2;11;9;2;10;0;4;1;40;38;0;0;0
31;2;9;13;0;7;1;1;1;70;38;1;0;1
54;2;4;3;3;7;4;2;0;30;13;0;0;0
32;2;7;12;5;3;4;4;0;50;38;1;0;1
56;2;11;9;6;11;1;4;0;40;38;0;1;0
41;5;8;11;2;9;0;4;1;35;38;0;0;1
48;2;11;9;0;0;1;4;0;40;38;0;0;0
66;4;5;4;2;4;0;4;1;48;38;0;0;0
25;3;9;13;4;11;1;4;0;50;38;0;0;0
31;2;11;9;2;6;0;4;1;40;38;0;1;0
32;2;7;12;0;11;1;4;1;48;38;1;0;0
51;2;9;13;2;3;0;4;1;40;38;1;0;1
42;2;11;9;4;0;2;2;0;40;37;0;1;0
31;2;14;15;2;9;0;4;1;60;38;0;0;1
43;4;11;9;2;3;5;4;0;40;38;0;0;0
42;2;15;10;4;13;4;2;0;40;38;0;0;0
20;5;11;9;4;7;2;3;1;40;38;0;0;0
40;2;9;13;2;9;0;4;1;40;38;0;0;1
65;2;11;9;6;0;1;4;0;20;38;0;0;0
53;2;9;13;2;9;0;4;1;52;38;0;0;1
56;2;15;10;2;2;0;4;1;60;38;0;1;1
51;5;10;16;2;3;0;4;1;55;38;1;0;1
44;2;12;14;2;3;0;4;1;50;38;0;0;1
49;3;11;9;2;3;0;4;1;60;38;0;1;1
47;2;11;9;0;2;1;2;1;44;38;1;0;1
22;2;7;12;2;9;5;4;0;40;38;0;0;0
53;2;15;10;5;2;1;4;1;45;38;0;1;1
41;1;15;10;0;10;1;4;1;20;38;0;0;0
19;2;11;9;4;0;3;4;1;40;38;0;1;0
27;1;9;13;4;9;1;0;0;43;38;1;0;0
48;4;8;11;2;3;5;4;0;25;38;0;0;1
52;2;5;4;4;7;3;4;0;7;38;0;0;0
61;5;14;15;2;9;0;4;1;40;38;0;1;1
45;4;9;13;2;3;0;1;1;45;2;0;0;1
29;2;6;5;2;6;0;4;1;40;38;0;0;0
41;2;15;10;0;7;1;4;1;21;38;0;0;0
38;2;15;10;0;3;4;2;1;60;38;0;0;0
32;2;15;10;2;9;5;4;0;40;38;0;0;1
37;2;11;9;2;7;0;4;1;40;38;0;0;0
55;2;0;6;2;6;0;4;1;40;38;0;0;0
62;1;11;9;2;13;0;4;1;40;38;0;0;0
48;2;11;9;2;6;0;4;1;40;38;0;0;0
43;2;15;10;2;3;0;4;1;50;38;0;0;1
25;2;11;9;4;11;3;2;1;24;38;0;0;0
47;2;11;9;5;7;1;4;0;40;38;0;0;0
49;4;9;13;2;4;0;4;1;70;38;0;0;0
55;2;11;9;2;7;0;4;1;40;38;0;0;0
42;2;11;9;0;0;4;4;0;40;38;0;0;0
40;2;11;9;0;0;3;4;1;40;38;0;0;0
34;2;8;11;2;3;0;4;1;40;38;0;0;0
38;2;11;9;5;11;4;4;0;10;38;0;0;0
39;2;11;9;2;2;0;4;1;40;38;0;0;1
45;2;7;12;0;2;1;4;0;55;38;0;0;0
43;2;7;12;4;11;3;4;1;40;38;0;0;0
32;0;11;9;4;3;1;2;0;40;38;0;0;0
18;2;15;10;4;7;3;4;0;20;25;0;0;0
27;2;12;14;4;9;1;4;1;40;38;0;0;0
57;2;7;12;0;12;1;4;0;40;38;0;0;0
38;2;11;9;2;0;5;4;0;60;38;0;0;0
67;2;9;13;2;9;0;4;1;40;38;0;0;1
26;2;1;7;5;7;4;4;0;20;38;0;0;0
21;2;11;9;4;6;3;4;1;40;38;0;0;0
17;2;0;6;4;7;3;4;1;15;38;0;0;0
31;2;11;9;2;2;0;4;1;40;25;0;0;0
51;4;7;12;5;11;1;2;1;30;38;0;0;0
29;2;9;13;2;3;0;4;1;40;38;0;0;1
28;2;9;13;4;2;3;4;1;40;38;0;0;1
32;2;7;12;2;9;0;4;1;45;38;0;0;1
31;1;15;10;2;10;0;4;1;45;38;1;0;0
26;2;15;10;2;5;0;4;1;40;38;0;0;1
28;1;9;13;0;9;1;4;0;40;38;0;0;0
40;2;12;14;4;9;1;4;0;40;38;0;0;0
51;2;5;4;4;5;3;4;1;19;38;0;0;0
62;2;15;10;2;13;0;2;1;20;38;0;0;0
54;2;0;6;2;6;0;4;1;60;38;0;0;0
55;2;11;9;5;7;1;4;0;16;38;0;0;0
24;2;11;9;4;5;1;4;1;20;38;0;0;0
27;2;12;14;4;0;3;4;1;45;38;0;0;0
18;2;11;9;4;13;3;4;1;30;38;0;0;0
22;2;9;13;4;9;1;0;0;40;38;1;0;1
21;2;11;9;4;11;1;4;0;40;38;0;0;0
44;4;15;10;2;11;0;1;1;80;29;0;0;1
38;2;9;13;2;9;0;4;1;40;38;0;0;1
39;2;9;13;2;9;0;4;1;50;38;0;0;1
27;2;11;9;2;2;0;4;1;40;38;0;0;0
35;2;1;7;0;2;1;2;1;40;38;0;0;0
51;2;15;10;2;2;0;4;1;60;38;0;1;1
60;2;15;10;2;7;0;4;1;40;38;0;0;0
38;2;11;9;2;6;0;4;1;40;38;0;0;0
37;2;15;10;5;5;1;2;1;35;38;0;0;0
43;2;15;10;0;0;3;4;0;40;38;0;0;0
49;5;15;10;0;0;4;4;0;50;38;0;0;0
17;2;0;6;4;7;3;4;0;25;38;0;0;0
32;2;11;9;4;7;1;4;1;60;38;0;0;0
23;2;9;13;4;9;1;4;0;38;38;0;0;0
28;2;9;13;2;9;0;4;1;40;38;0;1;1
83;3;9;13;2;3;0;4;1;55;38;0;1;1
25;2;9;13;4;0;3;4;0;40;38;0;0;0
42;2;9;13;2;3;0;4;1;60;38;0;1;0
46;1;1;7;4;7;1;4;1;40;38;0;0;0
29;2;9;13;4;9;1;3;0;50;38;0;0;0
44;2;12;14;2;3;0;4;1;45;38;0;0;1
60;4;14;15;2;11;0;4;1;45;38;0;0;1
30;1;8;11;0;10;4;0;0;40;38;0;0;0
24;2;15;10;4;11;3;4;0;17;38;0;0;0
17;2;0;6;4;7;3;4;0;10;38;0;0;0
31;2;7;12;4;12;3;4;0;40;38;0;0;0
52;2;15;10;2;2;0;4;1;40;38;0;0;1
39;2;9;13;4;3;3;1;0;35;38;0;0;0
73;3;9;13;2;11;0;4;1;50;38;0;0;1
38;2;11;9;4;7;4;2;0;24;38;0;0;0
48;2;11;9;0;7;1;2;0;20;38;0;0;0
60;2;0;6;6;11;1;4;0;40;38;0;0;0
26;2;11;9;4;13;1;4;1;40;38;0;0;0
20;2;11;9;4;7;2;4;1;40;38;0;0;0
54;5;10;16;4;3;1;4;0;40;38;0;0;1
50;1;11;9;2;7;0;2;1;40;38;0;0;0
20;2;15;10;4;0;3;4;0;40;38;0;0;0
23;2;15;10;4;0;2;2;1;22;38;0;0;0
35;2;8;11;2;2;0;4;1;40;38;0;0;1
43;2;0;6;4;6;1;2;1;40;38;0;0;0
50;2;11;9;2;0;0;4;1;32;38;0;0;0
58;2;3;2;5;4;1;2;1;50;38;0;0;0
55;5;7;12;0;0;3;1;1;40;38;0;0;0
29;2;9;13;2;3;0;4;1;45;38;0;0;1
47;2;15;10;0;6;1;4;0;40;38;0;0;0
39;2;11;9;2;9;5;2;0;40;38;0;0;0
63;1;11;9;2;0;5;4;0;35;38;0;0;1
27;2;11;9;4;13;1;4;1;60;38;0;0;0
38;2;15;10;4;3;3;4;0;40;38;0;0;0
25;2;11;9;4;5;1;4;1;65;38;0;0;0
31;2;11;9;2;7;0;4;1;52;25;0;0;0
40;0;15;10;4;0;3;4;0;40;38;0;0;0
42;2;10;16;4;9;1;4;1;50;38;0;0;0
52;2;11;9;2;11;0;4;1;40;38;0;0;1
46;2;9;13;2;0;0;4;1;40;38;0;0;1
31;2;15;10;5;7;4;4;0;50;25;0;0;0
33;2;11;9;0;7;4;4;0;40;38;0;0;0
58;2;11;9;4;0;4;4;0;40;38;0;0;0
52;1;11;9;0;12;4;4;1;36;38;1;0;1
25;4;9;13;4;3;1;4;1;35;38;1;0;1
54;2;9;13;2;11;0;4;1;40;38;0;0;1
46;2;12;14;2;0;0;4;1;60;38;0;1;0
28;2;11;9;2;2;0;4;1;40;38;0;0;0
24;4;5;4;2;2;0;4;1;40;38;0;0;0
39;2;9;13;4;3;1;4;0;40;38;0;0;0
60;0;15;10;2;12;0;4;1;40;38;0;0;0
22;2;11;9;4;7;4;4;0;40;38;0;0;0
27;2;9;13;4;3;3;4;0;40;38;0;0;0
35;2;9;13;2;11;0;4;1;45;38;0;0;1
47;2;9;13;2;9;0;4;1;50;38;0;0;0
33;4;9;13;2;9;5;4;0;50;38;0;0;1
40;3;9;13;2;3;0;4;1;45;38;0;0;1
38;2;9;13;2;3;0;4;1;40;38;1;0;1
26;2;7;12;5;2;1;3;0;40;38;0;0;0
54;4;9;13;2;11;0;4;1;50;38;0;0;1
60;2;5;4;0;6;1;4;1;40;38;0;0;0
32;2;12;14;4;3;1;4;0;40;38;0;0;0
19;5;15;10;4;0;3;4;0;15;38;0;0;0
31;2;1;7;4;0;4;4;0;48;38;0;0;0
29;2;11;9;5;11;4;4;0;25;38;0;0;0
39;2;11;9;4;11;4;2;0;40;38;0;0;0
26;2;11;9;0;7;4;4;0;35;38;0;0;0
27;2;8;11;4;3;3;4;1;40;38;0;0;0
52;2;6;5;6;0;4;4;0;40;38;0;0;0
50;1;15;10;0;7;4;2;0;40;38;0;0;0
51;2;11;9;2;6;0;4;1;45;38;0;0;1
51;0;11;9;2;0;0;4;1;40;38;0;0;1
40;2;11;9;2;11;0;4;1;40;38;0;0;1
61;2;5;4;6;4;1;2;1;40;38;0;0;0
35;2;11;9;0;2;4;4;1;40;38;0;0;0
31;2;12;14;2;3;0;4;1;40;38;0;0;1
43;2;11;9;2;2;0;4;1;40;38;0;1;1
20;2;11;9;4;5;3;4;1;40;38;0;0;0
35;2;15;10;5;2;1;4;1;40;38;0;0;0
30;2;15;10;2;11;0;4;1;45;38;0;1;0
42;4;14;15;2;9;0;4;1;40;38;0;1;1
51;2;11;9;2;5;0;4;1;40;38;0;0;1
39;3;12;14;0;3;1;1;1;99;23;0;0;1
69;4;6;5;2;4;0;4;1;25;38;0;0;0
29;0;15;10;4;0;4;2;0;40;38;1;0;0
21;2;15;10;4;11;3;4;1;20;38;0;0;0
24;2;9;13;4;12;1;4;1;55;38;0;0;0
55;2;11;9;2;7;0;2;1;40;38;0;0;0
42;4;11;9;2;2;0;4;1;45;38;0;0;0
48;2;1;7;2;7;5;4;0;40;38;0;0;0
31;2;9;13;4;12;1;4;0;42;38;0;0;0
52;2;8;11;2;3;0;4;1;40;38;0;0;1
30;2;15;10;4;7;1;4;0;40;38;0;0;0
29;2;11;9;4;2;1;4;1;40;38;0;0;0
32;2;15;10;2;5;0;4;1;40;38;0;0;0
47;2;15;10;2;9;0;4;1;40;38;1;0;1
56;2;6;5;2;2;0;4;1;40;38;0;0;0
40;2;15;10;2;13;0;4;1;40;38;0;0;0
20;2;15;10;4;9;3;4;0;10;38;0;0;0
36;2;15;10;5;2;1;4;1;40;38;0;0;0
45;2;9;13;4;9;1;4;1;40;38;0;0;0
38;2;6;5;2;0;0;4;1;40;38;0;0;0
60;5;14;15;2;9;0;4;1;40;38;0;0;1
70;4;12;14;2;3;0;2;1;40;38;0;0;0
21;2;15;10;4;7;3;4;0;30;38;0;0;0
57;2;11;9;6;0;1;4;0;40;38;0;0;0
33;2;11;9;2;6;0;4;1;48;38;0;0;0
37;2;11;9;2;2;0;4;1;50;38;0;1;0
50;4;14;15;2;3;0;4;1;50;38;1;0;1
68;2;15;10;2;11;0;4;1;55;38;0;1;1
28;2;1;7;2;0;5;4;0;40;25;0;0;0
32;2;15;10;2;2;0;4;1;40;38;0;0;0
30;2;14;15;0;9;1;4;1;50;38;1;0;1
18;2;1;7;4;5;3;4;1;30;38;0;0;0
45;2;15;10;0;9;4;4;0;20;38;0;0;0
22;2;11;9;4;0;4;4;0;40;25;0;0;0
38;2;9;13;4;6;1;4;0;8;38;0;0;0
37;2;8;11;0;9;1;4;0;40;38;0;0;0
23;2;9;13;4;4;1;4;1;40;38;0;0;0
59;2;5;4;2;2;0;4;1;40;38;0;0;0
48;3;14;15;2;9;0;4;1;40;38;1;0;1
53;3;15;10;2;3;0;4;1;50;38;1;0;1
18;2;11;9;4;0;3;4;1;25;38;0;0;0
30;2;9;13;4;11;1;4;0;40;25;0;0;0
50;2;15;10;2;11;0;4;1;45;38;0;0;1
38;4;11;9;2;2;0;4;1;40;38;1;0;0
48;2;6;5;0;11;1;4;0;40;38;0;0;0
60;2;11;9;2;2;0;4;1;40;38;0;0;0
46;2;11;9;5;5;4;4;0;50;28;0;0;0
39;2;9;13;2;11;0;4;1;60;38;0;0;1
55;1;15;10;2;9;0;4;1;40;38;0;0;1
17;2;1;7;4;11;3;4;1;15;38;0;0;0
46;2;9;13;2;11;0;4;1;55;38;0;0;1
50;2;11;9;0;11;4;4;0;65;38;0;0;0
32;2;9;13;4;10;1;2;1;30;38;0;0;0
18;2;11;9;4;7;3;4;0;40;38;0;0;0
34;2;11;9;5;7;1;2;1;40;38;0;0;0
50;2;9;13;0;9;1;4;1;45;38;0;0;1
32;2;1;7;2;3;0;4;1;55;38;0;0;0
23;1;9;13;4;9;1;2;0;40;38;0;0;0
26;2;9;13;4;9;1;4;1;50;38;0;0;0
46;2;7;12;0;9;1;4;0;50;38;0;0;0
43;3;15;10;2;11;0;4;1;55;38;0;0;0
32;2;11;9;2;13;0;4;1;60;38;0;0;1
37;5;7;12;0;9;4;4;0;38;38;0;0;0
48;2;15;10;2;13;0;4;1;45;38;0;0;1
28;2;9;13;4;0;1;4;1;40;38;0;1;0
43;2;11;9;2;6;0;4;1;40;38;0;0;0
51;1;0;6;6;7;1;4;0;24;38;0;0;0
30;2;11;9;4;6;1;4;1;50;5;0;0;0
34;5;12;14;2;9;0;4;1;50;38;0;0;1
34;2;11;9;2;2;2;0;1;40;38;0;0;0
41;2;9;13;2;3;0;4;1;60;38;0;0;1
53;2;0;6;0;0;4;4;0;48;38;0;0;0
42;2;13;1;2;2;0;4;1;40;26;0;0;0
18;2;11;9;4;7;3;4;0;30;38;0;0;0
81;2;9;13;6;11;1;4;1;50;38;0;0;1
40;2;8;11;2;9;0;4;1;40;38;0;0;0
26;2;9;13;4;12;3;4;0;35;38;0;0;0
20;2;15;10;4;12;3;4;0;15;38;0;0;0
41;2;11;9;4;11;1;4;0;50;38;0;0;0
49;5;12;14;2;9;0;4;1;45;38;0;0;1
22;2;15;10;4;7;1;4;0;20;38;0;0;0
46;2;9;13;0;9;1;4;1;45;38;0;0;1
56;2;15;10;0;3;1;4;0;40;38;0;1;0
35;2;11;9;2;3;5;4;0;40;38;0;0;1
34;2;9;13;5;3;1;4;0;35;38;0;0;0
29;1;12;14;2;9;5;4;0;40;38;0;0;1
35;2;9;13;4;7;1;4;1;37;38;0;0;0
29;2;15;10;2;3;0;4;1;40;38;0;0;0
21;2;15;10;4;0;1;4;0;30;3;0;0;0
52;4;15;10;2;3;0;4;1;95;38;0;0;1
45;2;11;9;2;2;0;4;1;40;38;0;0;0
43;2;11;9;2;2;0;2;1;40;38;0;0;0
35;2;0;6;4;7;3;4;1;40;38;0;0;0
30;2;11;9;2;0;0;4;1;40;38;0;0;0
45;2;11;9;4;6;4;4;0;40;1;0;0;0
29;2;15;10;4;7;2;4;0;20;38;0;0;0
29;5;0;6;4;7;3;2;0;40;38;0;0;0
33;2;9;13;4;3;1;4;0;40;38;0;0;0
17;2;0;6;4;7;3;2;1;15;38;0;0;0
52;2;11;9;0;11;4;4;0;25;38;0;0;0
24;2;15;10;5;0;4;4;0;35;38;0;0;0
32;5;11;9;2;13;0;4;1;40;38;0;0;1
40;2;9;13;4;3;1;4;0;48;38;1;0;0
33;2;9;13;4;11;1;4;0;40;38;0;0;0
30;2;5;4;4;2;1;4;1;38;38;0;0;0
28;2;11;9;4;0;1;4;1;40;38;0;0;0
62;6;7;12;2;4;0;4;1;50;38;0;0;0
46;1;9;13;2;10;0;4;1;40;38;1;0;1
32;2;8;11;4;12;1;4;0;64;38;0;0;0
26;2;11;9;2;2;0;4;1;40;38;0;0;1
41;3;9;13;2;9;0;4;1;40;38;1;0;1
57;0;15;10;2;0;0;4;1;40;38;0;0;1
52;2;15;10;2;11;0;4;1;45;38;1;0;1
35;4;9;13;2;3;0;4;1;50;38;0;0;1
19;2;11;9;4;5;3;4;1;16;38;0;0;0
49;2;9;13;4;3;1;4;1;45;38;0;0;1
38;2;1;7;2;0;5;4;0;32;38;0;0;0
30;2;11;9;4;6;3;4;1;40;38;0;0;0
32;2;1;7;2;5;0;4;1;40;3;0;0;0
32;2;11;9;2;3;5;4;0;50;38;0;0;1
46;2;8;11;4;3;3;4;0;40;38;0;0;0
22;2;11;9;4;4;1;4;1;50;38;0;0;0
47;1;15;10;2;10;0;4;1;50;38;0;0;0
57;4;15;10;2;11;5;4;0;25;38;0;0;1
47;2;15;10;0;0;4;2;0;40;38;0;0;0
41;2;9;13;2;9;0;4;1;56;38;0;0;1
36;1;11;9;2;13;0;4;1;40;38;0;0;0
32;2;9;13;2;4;0;4;1;60;38;0;0;0
37;2;1;7;3;7;2;4;1;40;7;0;0;0
36;3;11;9;2;4;0;4;1;45;38;0;0;0
64;2;11;9;2;2;0;4;1;40;38;1;0;0
17;2;0;6;4;7;3;4;1;15;38;0;0;0
23;2;15;10;4;0;3;4;0;15;38;0;0;0
40;2;15;10;0;0;4;4;0;40;38;1;0;0
42;5;9;13;2;3;0;4;1;50;38;1;0;1
37;4;11;9;2;7;0;4;1;42;38;0;0;0
35;0;15;10;4;5;4;4;0;40;38;0;0;0
56;4;11;9;0;7;1;4;1;50;38;0;0;0
52;2;9;13;2;2;0;1;1;40;38;0;0;0
37;1;9;13;2;12;0;4;1;45;38;0;0;1
48;5;10;16;2;9;0;4;1;65;38;0;0;1
24;2;11;9;0;7;3;4;0;40;23;0;0;0
33;2;8;11;2;2;0;4;1;40;38;0;0;0
39;2;8;11;2;12;0;1;1;40;29;0;0;0
34;2;11;9;0;0;1;2;1;42;38;0;0;0
23;2;15;10;4;3;3;3;1;24;28;0;0;0
49;2;11;9;2;11;0;4;1;65;38;1;0;1
18;2;11;9;4;7;1;4;1;25;38;0;0;0
20;2;2;8;4;6;3;4;1;40;38;0;0;0
54;2;12;14;2;11;0;4;1;55;38;0;0;1
19;2;15;10;4;0;3;4;1;40;38;0;0;0
53;2;11;9;2;2;0;4;1;46;38;0;0;1
28;2;11;9;4;2;3;4;1;40;38;0;0;0
35;2;11;9;2;6;0;4;1;40;38;0;0;0
20;2;15;10;4;11;1;4;0;20;38;0;0;0
31;2;15;10;0;0;1;4;0;50;38;0;0;0
37;2;10;16;5;9;4;4;0;40;38;0;0;0
64;2;2;8;2;2;0;4;1;40;3;0;0;0
42;2;15;10;2;12;0;4;1;40;38;0;0;1
27;2;15;10;0;11;1;4;1;50;38;0;0;0
36;4;15;10;4;7;4;4;0;50;38;0;0;0
36;2;15;10;2;2;0;4;1;40;38;0;0;1
23;2;11;9;4;5;3;2;1;40;38;0;0;0
46;2;11;9;2;2;0;4;1;40;38;1;0;0
24;2;1;7;4;2;1;2;1;35;22;0;0;0
22;2;11;9;4;0;3;4;0;40;38;0;0;0
62;2;9;13;2;3;0;4;1;40;38;0;0;1
19;2;11;9;4;7;3;4;1;40;32;0;0;0
20;2;11;9;4;7;3;4;1;30;38;0;0;0
57;2;11;9;4;0;3;4;0;40;38;0;0;0
19;2;11;9;4;6;3;4;1;35;38;0;0;0
37;1;12;14;2;9;5;4;0;45;38;0;0;1
35;3;11;9;2;11;0;4;1;65;38;0;0;1
17;2;2;8;4;11;3;4;0;20;38;0;0;0
36;1;15;10;0;0;4;4;0;35;38;0;0;0
50;2;15;10;2;13;0;4;1;40;38;0;0;1
35;2;11;9;2;9;5;4;0;35;38;1;0;0
27;5;10;16;4;9;1;4;1;77;38;0;0;0
28;2;11;9;2;2;0;4;1;30;38;0;1;0
29;4;14;15;0;9;1;4;1;60;38;1;0;1
25;2;11;9;5;2;1;2;1;40;38;0;0;0
47;3;7;12;6;3;1;4;0;67;38;0;0;0
29;5;12;14;2;9;5;4;0;45;38;0;0;1
19;2;11;9;4;0;1;4;0;40;38;0;0;0
49;2;15;10;2;13;0;4;1;40;38;0;0;0
31;2;14;15;2;9;0;4;1;25;38;0;0;1
43;0;7;12;2;9;5;2;0;40;38;0;0;0
56;4;1;7;2;2;0;4;1;40;38;0;0;0
42;2;11;9;0;2;4;4;0;40;38;0;0;0
45;0;15;10;2;9;0;4;1;56;38;0;0;1
40;2;9;13;6;3;4;4;0;40;38;0;0;0
44;2;15;10;0;0;4;4;0;38;38;0;0;0
36;2;11;9;0;0;4;4;0;40;38;0;0;0
19;2;15;10;4;11;3;4;0;20;38;0;0;0
53;1;11;9;2;0;5;4;0;40;38;0;0;1
72;4;15;10;2;2;0;4;1;35;38;0;0;0
46;2;8;11;2;13;0;0;1;60;38;0;0;0
33;2;15;10;5;9;4;4;0;37;38;0;0;0
22;2;6;5;4;5;3;1;1;40;29;0;0;0
46;2;6;5;2;6;0;4;1;43;38;0;0;0
33;2;11;9;4;11;3;4;0;20;38;0;0;0
32;2;13;1;2;6;0;4;1;40;25;0;0;0
52;4;11;9;0;2;1;4;1;40;38;0;0;0
27;2;11;9;4;0;3;4;0;40;38;0;0;0
48;5;11;9;2;10;0;4;1;72;38;0;0;1
22;2;15;10;4;0;1;4;0;35;38;0;0;0
25;2;11;9;0;7;1;4;1;50;38;0;0;0
38;2;8;11;2;11;0;4;1;40;38;0;0;0
37;2;11;9;2;13;0;4;1;50;38;0;0;0
49;2;15;10;0;0;4;4;0;40;38;0;0;0
40;4;9;13;2;2;0;4;1;30;38;0;0;0
48;2;11;9;2;6;0;4;1;46;38;1;0;1
31;2;15;10;4;0;4;2;0;40;38;0;0;0
40;4;11;9;2;7;0;4;1;45;38;0;0;0
25;2;11;9;0;11;4;4;0;37;38;0;0;0
68;2;9;13;2;3;0;4;1;45;38;1;0;1
19;2;2;8;4;4;3;4;0;30;38;0;0;0
35;3;11;9;4;13;1;4;1;60;38;0;0;0
28;2;11;9;0;0;4;4;0;50;38;0;0;0
53;2;11;9;0;11;1;4;0;40;38;1;0;0
33;2;15;10;2;13;0;4;1;41;38;0;0;0
20;2;11;9;4;5;3;4;1;40;38;0;0;0
45;4;9;13;4;11;1;4;0;35;38;0;0;0
36;2;9;13;2;3;0;4;1;50;38;0;0;1
34;2;15;10;2;3;0;4;1;45;38;0;0;0
32;2;15;10;4;0;3;4;0;40;38;0;0;0
19;2;15;10;4;13;3;4;1;25;38;0;0;0
24;2;11;9;4;0;3;4;0;40;38;0;0;0
34;2;15;10;2;6;0;4;1;40;38;0;0;1
32;2;11;9;4;0;2;4;0;35;38;0;0;0
37;2;11;9;2;2;0;4;1;45;38;0;0;1
31;2;15;10;5;11;4;4;0;40;25;0;0;0
21;2;15;10;4;7;3;4;0;35;38;0;0;0
47;2;11;9;2;13;0;4;1;85;38;0;0;1
23;2;15;10;2;2;0;4;1;40;38;0;0;0
33;2;12;14;2;3;0;4;1;40;38;0;0;1
17;2;11;9;4;0;3;4;1;20;38;0;0;0
67;2;11;9;2;5;0;4;1;24;38;0;0;0
57;2;12;14;2;9;0;4;1;55;38;0;0;1
17;2;1;7;4;5;3;4;1;20;28;0;0;0
53;2;11;9;2;2;0;4;1;40;38;0;0;0
25;4;15;10;2;2;0;4;1;50;38;1;0;1
24;5;11;9;2;13;0;4;1;49;38;0;0;1
48;4;15;10;2;13;0;4;1;40;38;0;0;0
51;2;12;14;2;3;0;4;1;47;38;0;1;1
38;2;11;9;5;10;1;2;1;40;38;0;0;0
51;2;11;9;2;9;0;4;1;46;38;0;0;1
18;2;11;9;4;12;3;4;0;10;38;0;0;0
23;2;15;10;5;11;4;4;0;40;38;0;0;0
42;2;15;10;2;2;0;4;1;60;38;0;0;1
39;2;11;9;4;6;4;4;1;40;38;0;0;0
39;2;15;10;4;7;4;2;0;40;38;0;0;0
21;4;15;10;4;4;3;4;1;40;38;0;0;0
26;2;5;4;4;2;1;4;1;40;25;0;0;0
54;0;15;10;2;2;0;4;1;40;38;0;0;0
34;2;15;10;0;11;1;4;0;40;38;0;0;0
32;5;11;9;4;13;3;4;1;40;38;0;0;0
59;4;5;4;2;13;0;4;1;40;38;0;0;0
54;2;9;13;6;11;4;4;0;40;38;0;0;0
54;2;9;13;2;3;0;4;1;40;38;0;0;0
67;2;11;9;6;11;1;4;0;18;38;1;0;0
33;2;11;9;2;9;0;4;1;60;38;0;0;0
37;2;11;9;2;0;5;4;0;40;38;0;0;0
47;2;9;13;0;7;1;4;0;25;10;0;0;0
51;2;11;9;0;7;1;4;0;40;38;0;0;0
45;2;11;9;2;13;0;4;1;40;38;0;0;0
19;2;11;9;4;7;1;4;0;30;38;0;0;0
58;3;10;16;2;9;0;4;1;24;38;0;0;1
27;2;11;9;4;2;1;2;1;40;38;1;0;0
36;2;15;10;4;7;1;4;0;40;38;0;1;0
51;2;11;9;4;0;1;4;0;40;38;0;0;0
45;4;12;14;4;9;1;4;0;60;38;0;0;0
32;2;11;9;0;0;4;4;1;40;38;1;0;0
59;2;11;9;0;7;1;2;0;40;38;0;0;0
45;4;9;13;2;9;0;4;1;40;38;0;0;1
54;2;0;6;0;9;4;4;1;68;38;1;0;1
29;1;9;13;4;9;3;2;0;42;38;0;0;0
28;2;1;7;4;7;1;2;0;40;22;0;0;0
18;4;1;7;4;11;3;4;0;40;38;0;0;0
49;2;9;13;0;9;1;4;0;50;38;0;0;0
46;2;11;9;0;2;1;4;1;30;38;0;0;0
56;2;9;13;4;9;1;4;0;45;25;0;0;0
41;2;7;12;0;3;4;2;0;50;38;0;0;0
50;3;14;15;2;9;0;4;1;60;38;0;1;1
74;4;15;10;2;9;0;4;1;35;38;0;1;0
30;2;11;9;2;3;0;4;1;40;38;0;0;0
62;2;11;9;6;2;4;2;0;40;38;0;0;0
19;2;11;9;4;6;3;4;0;40;38;0;0;0
29;2;11;9;2;0;5;2;0;40;38;0;0;0
36;2;5;4;2;4;0;4;1;35;25;0;0;0
36;2;11;9;4;7;1;4;1;40;38;0;0;0
51;1;7;12;2;0;5;4;0;30;38;0;1;0
37;4;15;10;2;3;0;4;1;50;38;1;0;1
29;4;11;9;2;2;0;4;1;40;38;0;0;0
17;2;0;6;4;5;3;4;1;20;38;0;0;0
18;2;11;9;4;0;3;4;0;20;38;0;0;0
40;3;9;13;4;9;3;4;1;40;38;0;0;0
26;3;9;13;4;0;1;4;0;40;38;0;0;0
42;4;15;10;2;2;0;4;1;45;38;0;0;0
32;2;11;9;0;2;1;4;1;40;38;0;0;0
33;2;6;5;2;13;2;4;1;40;25;0;0;0
43;2;9;13;2;6;0;4;1;40;38;0;1;1
47;2;11;9;2;2;0;4;1;40;38;0;0;0
37;2;15;10;4;12;3;2;0;40;38;0;0;0
37;2;11;9;2;7;0;4;1;30;25;0;0;0
50;2;15;10;2;0;2;4;0;35;38;0;0;1
19;2;11;9;4;11;3;4;1;50;38;0;0;0
32;1;15;10;2;7;0;4;1;40;38;0;0;0
44;1;8;11;0;12;4;1;1;40;38;0;0;0
20;2;15;10;4;7;3;4;0;16;38;0;0;0
29;2;15;10;4;12;1;4;0;40;38;0;0;0
34;2;8;11;4;9;4;4;0;40;10;0;0;0
44;1;9;13;2;3;0;4;1;52;38;0;0;0
18;2;1;7;4;7;3;4;0;20;38;0;0;0
22;2;15;10;4;12;2;4;0;40;38;0;0;0
39;5;10;16;0;9;1;4;0;40;38;0;0;1
26;1;15;10;4;10;1;4;1;40;28;0;0;0
21;2;15;10;4;7;3;4;1;40;38;0;0;0
49;1;9;13;2;9;0;4;1;50;38;0;0;0
24;2;7;12;4;6;3;4;1;20;38;0;0;0
25;2;15;10;4;10;1;4;1;60;38;0;0;0
30;2;7;12;2;9;0;4;1;40;38;0;0;0
52;2;9;13;2;9;0;4;1;38;38;0;0;1
30;2;11;9;2;2;0;4;1;40;38;0;0;0
20;2;11;9;4;0;1;4;1;40;38;0;0;0
31;2;11;9;0;5;1;4;1;40;38;0;0;0
44;2;9;13;2;3;0;4;1;40;38;0;0;1
46;3;15;10;2;11;0;4;1;60;38;0;0;1
31;2;11;9;4;4;3;4;0;40;38;0;0;0
57;2;5;4;6;7;1;4;0;10;38;0;0;0
58;2;11;9;2;2;0;4;1;40;38;0;0;0
41;2;11;9;2;2;0;4;1;40;38;0;0;0
23;2;11;9;4;0;1;4;0;40;38;0;0;0
47;2;11;9;0;7;4;4;0;40;38;0;0;0
72;4;14;15;2;9;0;4;1;28;38;0;1;1
26;4;9;13;0;3;1;4;1;38;38;0;1;0
45;0;15;10;4;0;3;4;1;40;38;0;0;0
48;2;14;15;2;3;0;4;1;50;38;1;0;1
23;2;15;10;4;5;1;4;1;40;38;0;0;0
20;1;11;9;4;7;4;2;0;40;38;0;0;0
18;2;1;7;4;7;3;4;1;15;28;0;0;0
27;2;9;13;4;3;1;4;0;40;38;0;0;0
25;2;11;9;4;5;1;4;1;35;38;0;0;0
45;2;11;9;4;8;4;2;0;30;38;0;0;0
53;2;15;10;4;3;1;2;0;40;38;0;0;0
54;2;15;10;2;2;0;4;1;45;38;0;0;1
41;2;11;9;2;11;0;4;1;40;38;0;1;1
23;2;6;5;4;6;2;4;1;35;25;0;0;0
17;2;0;6;4;7;3;4;1;18;38;0;0;0
42;2;11;9;2;2;0;4;1;40;38;0;0;0
61;2;2;8;3;9;1;4;1;40;38;0;0;0
57;2;15;10;6;0;4;4;0;38;38;0;1;1
21;5;15;10;4;2;3;4;1;35;38;0;0;0
44;2;15;10;2;11;0;4;1;40;38;0;0;1
48;2;7;12;0;7;1;4;1;44;38;0;0;0
46;2;14;15;0;4;4;4;1;48;38;0;0;0
37;4;11;9;4;4;1;4;1;86;38;0;0;0
35;2;11;9;4;3;1;4;0;54;38;0;0;0
27;1;9;13;4;13;1;4;0;40;38;0;0;0
28;2;15;10;4;11;1;3;1;40;18;0;0;0
19;2;11;9;4;5;3;4;1;10;38;0;0;0
63;4;9;13;2;11;0;4;1;50;38;0;0;1
36;5;8;11;3;10;3;4;0;40;10;0;0;0
20;2;2;8;4;7;3;4;1;35;38;0;0;0
28;5;9;13;2;10;0;4;1;50;38;0;0;0
58;2;11;9;2;11;5;4;0;38;38;0;0;0
48;2;11;9;2;11;0;4;1;40;38;0;0;0
39;2;15;10;0;3;4;4;0;56;38;0;0;0
38;2;11;9;2;2;0;4;1;44;38;0;1;0
50;1;7;12;0;9;1;4;0;40;38;0;0;0
35;2;9;13;4;9;1;4;0;40;38;0;0;0
45;4;9;13;0;3;4;4;1;50;38;0;0;0
38;3;15;10;2;2;0;4;1;38;38;0;0;0
54;2;7;12;0;3;4;4;0;55;38;0;0;1
42;2;9;13;4;9;3;4;0;12;8;0;0;0
63;2;15;10;2;11;0;4;1;30;38;0;0;0
21;2;6;5;4;6;1;4;1;48;25;0;0;0
46;1;9;13;2;10;0;4;1;40;38;0;0;1
43;2;15;10;4;0;4;2;0;40;38;0;0;0
35;4;11;9;2;3;0;4;1;60;38;0;0;0
37;2;6;5;2;13;0;4;1;40;38;0;0;0
51;2;11;9;4;2;4;4;0;45;25;0;0;0
45;2;9;13;2;3;0;4;1;72;1;0;0;1
19;2;2;8;4;7;3;4;1;20;38;0;1;0
61;2;6;5;6;3;1;2;1;65;38;0;0;0
21;2;11;9;4;11;1;4;0;40;38;0;0;0
45;2;11;9;2;13;0;4;1;40;38;0;0;0
38;2;9;13;2;3;0;4;1;50;38;0;0;1
28;2;9;13;2;9;5;4;0;40;38;0;0;1
40;1;9;13;2;9;0;4;1;35;38;0;0;0
32;2;11;9;4;6;4;2;0;40;38;0;0;0
55;1;15;10;3;0;4;2;0;35;38;0;0;0
64;2;11;9;6;9;1;4;0;23;38;0;0;0
34;2;11;9;5;0;4;4;1;40;38;0;0;0
58;2;15;10;0;7;4;2;0;40;38;0;0;0
46;2;7;12;2;2;0;4;1;55;38;0;1;0
44;2;8;11;2;3;0;4;1;40;38;0;0;0
31;2;15;10;5;7;4;2;0;40;38;0;0;0
31;0;11;9;4;6;4;4;0;40;38;0;0;0
39;2;15;10;2;11;5;4;0;45;38;0;0;1
19;2;2;8;4;11;3;4;0;18;38;0;0;0
56;2;11;9;0;7;4;4;0;40;38;0;0;0
53;1;6;5;2;3;0;4;1;40;38;0;0;0
69;2;11;9;6;7;1;4;0;18;38;1;0;0
62;2;15;10;2;11;0;4;1;40;38;0;0;1
62;5;11;9;2;7;0;4;1;40;38;0;0;0
39;2;11;9;0;7;4;4;0;40;38;0;0;0
45;0;7;12;4;3;1;4;1;40;38;0;0;0
29;2;15;10;2;0;0;2;1;50;38;0;0;0
33;2;15;10;2;7;0;4;1;40;38;0;0;0
34;2;15;10;2;6;0;2;1;40;38;1;0;1
29;2;11;9;4;6;1;4;0;40;38;0;0;0
65;3;1;7;2;3;0;4;1;35;38;1;0;1
18;2;15;10;4;11;3;4;0;35;38;0;0;0
22;2;11;9;4;4;3;4;1;40;38;0;0;0
30;2;9;13;2;0;0;4;1;40;38;0;1;1
44;2;9;13;2;6;0;4;1;40;38;0;0;1
48;2;15;10;0;9;4;4;0;20;38;0;0;0
52;0;11;9;0;0;1;4;1;45;38;0;0;0
53;4;9;13;2;3;0;1;1;20;2;1;0;1
48;0;11;9;3;0;4;4;0;40;38;1;0;0
25;2;9;13;4;0;3;4;0;40;38;0;0;0
41;2;9;13;2;11;0;4;1;50;38;1;0;1
37;2;11;9;4;2;1;4;1;40;38;0;0;0
55;2;0;6;2;13;0;2;1;45;38;0;0;0
67;2;11;9;4;0;1;4;0;38;38;0;0;0
36;2;15;10;0;0;1;4;1;45;38;0;0;0
47;2;11;9;5;11;1;4;0;52;38;0;0;0
25;2;9;13;4;11;1;4;0;16;38;0;0;0
19;2;6;5;4;4;2;4;1;16;25;0;0;0
24;2;5;4;5;6;3;4;1;40;38;0;0;0
30;4;15;10;4;11;3;4;1;25;38;0;0;0
17;2;1;7;4;0;3;4;1;16;38;0;0;0
28;2;9;13;4;0;3;4;1;40;38;0;0;0
34;2;8;11;2;0;0;4;1;45;38;1;0;0
35;2;15;10;2;11;0;4;1;46;38;0;0;0
24;1;15;10;2;10;0;2;1;40;38;0;0;0
43;2;11;9;2;0;5;4;0;35;38;0;0;1
55;2;12;14;0;3;4;4;1;40;38;0;0;1
22;2;15;10;4;0;3;2;0;35;38;0;0;0
20;2;15;10;4;7;3;4;1;50;38;0;0;0
44;2;11;9;0;7;4;4;0;40;38;0;0;0
38;2;7;12;4;2;1;4;1;40;38;0;0;0
53;2;6;5;6;11;4;2;0;25;38;0;0;0
26;2;15;10;5;11;3;0;1;48;38;1;0;0
58;2;15;10;2;10;0;4;1;40;38;0;1;1
23;2;11;9;4;3;1;4;1;40;38;0;0;0
53;2;3;2;2;13;0;4;1;50;38;0;0;0
35;2;11;9;0;2;4;4;1;40;38;1;0;0
41;3;11;9;2;11;0;4;1;62;38;0;0;0
31;2;11;9;2;6;0;4;1;40;38;0;0;0
50;2;11;9;6;9;4;2;0;40;38;0;0;0
57;2;6;5;2;11;0;2;1;55;38;0;0;1
25;2;1;7;2;12;0;4;1;40;38;0;0;0
23;2;11;9;2;6;0;4;1;40;38;0;0;0
48;2;9;13;4;3;1;4;1;50;38;0;0;0
34;2;15;10;0;11;1;4;0;60;38;0;0;0
43;3;9;13;2;11;2;1;1;45;18;0;0;0
20;2;15;10;4;11;2;4;1;20;38;1;0;0
40;1;9;13;2;9;0;4;1;75;38;1;0;1
27;2;15;10;2;0;5;4;0;40;38;0;1;0
35;2;0;6;2;2;0;4;1;40;38;0;0;0
33;2;9;13;4;11;1;4;0;40;38;0;0;0
57;5;15;10;0;2;1;4;0;40;38;0;0;0
43;2;7;12;2;12;0;1;1;40;38;0;0;0
40;2;7;12;2;3;0;4;1;55;38;0;1;1
54;2;15;10;0;13;1;4;1;55;38;0;0;0
28;2;15;10;0;0;1;4;0;40;38;0;0;0
32;2;11;9;2;2;0;4;1;40;38;0;0;0
49;2;11;9;2;11;0;4;1;50;38;0;0;1
52;2;11;9;2;2;0;4;1;40;38;0;0;0
41;2;0;6;2;13;0;4;1;60;38;0;0;0
19;2;11;9;4;4;3;4;1;40;38;0;0;0
33;2;11;9;0;2;3;4;0;42;38;0;0;0
25;2;9;13;2;9;5;4;0;32;38;0;0;0
44;2;1;7;0;11;4;4;0;44;38;0;0;0
20;2;15;10;4;9;3;4;1;40;38;0;0;0
46;2;0;6;3;7;1;1;1;37;2;0;0;0
39;2;11;9;2;11;0;4;1;50;38;0;0;0
34;2;11;9;4;5;1;4;1;40;38;0;0;0
19;2;11;9;4;5;3;4;1;35;38;0;0;0
27;2;11;9;2;2;0;4;1;40;38;1;0;1
53;2;6;5;2;13;0;4;1;40;38;0;0;0
46;2;8;11;0;6;4;4;1;40;38;0;0;0
39;2;15;10;4;6;2;1;1;40;29;0;0;0
30;2;11;9;2;5;0;4;1;40;38;0;0;0
53;2;12;14;2;3;0;4;1;45;38;0;0;1
33;2;6;5;2;5;0;4;1;40;38;0;0;0
22;2;15;10;2;3;5;4;0;40;38;0;0;0
44;2;15;10;0;7;4;2;0;35;38;0;0;0
30;2;15;10;0;11;4;0;0;40;38;0;0;0
66;2;15;10;0;0;1;4;0;20;38;0;0;0
39;2;9;13;2;2;0;4;1;40;38;0;0;0
37;2;11;9;2;9;0;4;1;50;38;0;0;1
34;2;11;9;2;5;5;4;0;40;38;0;0;0
17;2;1;7;4;2;3;4;1;20;38;0;0;0
43;2;9;13;4;11;1;4;1;60;38;0;0;1
46;2;9;13;2;9;0;4;1;50;38;0;0;1
17;2;1;7;4;7;1;4;1;20;38;0;0;0
60;2;5;4;2;6;0;4;1;40;30;1;0;0
63;2;12;14;2;12;0;4;1;40;38;1;0;0
42;2;7;12;2;11;0;4;1;40;38;0;0;0
30;2;6;5;2;2;0;3;1;40;25;0;0;0
33;2;11;9;2;13;0;4;1;40;38;0;0;0
43;2;15;10;2;11;0;0;1;40;38;0;0;0
20;2;6;5;4;3;2;4;0;40;25;0;0;0
30;2;15;10;4;4;2;2;1;72;38;0;0;0
37;2;11;9;2;13;0;4;1;45;38;0;0;0
49;4;9;13;2;9;0;4;1;40;38;0;0;1
65;2;11;9;6;7;4;4;0;17;38;0;0;0
35;2;14;15;2;9;0;4;1;55;38;0;0;1
27;2;9;13;2;2;0;4;1;40;38;0;0;0
33;2;11;9;2;11;0;4;1;45;38;0;1;1
18;2;2;8;4;11;3;4;0;20;38;0;0;0
41;1;12;14;2;9;0;4;1;50;38;0;0;0
38;2;9;13;4;3;1;4;1;40;38;0;1;0
45;2;11;9;2;6;0;4;1;40;38;0;0;0
33;2;15;10;5;7;4;4;0;38;7;0;0;0
47;2;11;9;0;9;4;0;0;40;38;0;0;0
30;2;7;12;2;0;5;2;0;20;38;0;0;0
36;2;7;12;2;9;0;4;1;40;38;0;0;0
21;2;11;9;4;11;3;4;1;30;38;0;0;0
44;2;9;13;4;9;1;4;1;40;38;0;0;0
33;2;11;9;3;11;1;4;1;20;38;0;0;0
29;2;15;10;2;2;0;4;1;40;38;0;0;0
45;2;15;10;2;2;0;4;1;40;38;0;0;1
29;1;8;11;4;10;1;4;1;56;38;0;1;1
27;2;9;13;4;9;3;4;0;40;38;0;0;0
21;2;15;10;2;6;0;4;1;20;38;0;0;0
49;3;15;10;2;2;0;4;1;45;38;0;0;1
35;2;15;10;2;3;0;4;1;50;38;0;0;0
47;2;11;9;2;2;0;4;1;40;38;1;0;1
37;1;15;10;2;13;0;4;1;40;38;0;0;0
37;2;8;11;2;9;0;4;1;48;38;0;0;1
26;2;11;9;0;2;1;4;1;40;38;0;0;0
55;0;15;10;2;2;0;4;1;45;38;0;0;0
47;2;7;12;2;11;0;4;1;50;38;1;0;1
59;2;11;9;5;2;4;0;0;40;38;0;0;0
70;2;11;9;6;0;4;4;0;5;38;0;0;0
53;0;11;9;2;12;0;4;1;40;9;0;0;1
39;2;11;9;0;9;4;4;0;40;38;0;0;0
38;2;6;5;2;5;0;4;1;40;38;0;0;0
33;2;15;10;5;12;4;4;0;50;3;0;0;0
28;2;11;9;4;0;1;4;1;40;38;0;0;0
74;2;0;6;0;7;1;4;0;1;38;0;0;0
40;2;9;13;2;0;0;4;1;40;38;0;0;1
35;2;8;11;0;11;1;4;1;40;38;0;0;0
35;4;11;9;0;2;1;4;1;50;38;0;0;0
41;2;15;10;2;11;0;4;1;40;38;0;0;1
38;2;15;10;4;11;1;4;1;50;38;0;0;0
29;4;0;6;2;2;0;4;1;35;38;0;0;1
46;4;11;9;2;3;0;4;1;50;38;0;0;0
46;2;11;9;0;2;1;4;0;40;38;0;0;0
40;2;9;13;2;9;0;4;1;60;38;0;0;1
29;0;9;13;2;3;0;4;1;40;38;1;0;1
39;2;7;12;2;10;0;2;1;60;38;0;0;0
31;2;11;9;4;3;3;4;1;60;38;0;0;0
50;1;12;14;0;3;1;4;0;70;38;1;0;0
31;5;9;13;4;9;1;4;0;40;38;0;0;0
27;2;15;10;2;2;0;4;1;45;38;0;0;0
27;2;15;10;4;5;1;2;1;25;38;0;0;0
28;2;9;13;4;9;1;4;0;20;38;0;0;0
21;2;11;9;4;7;3;2;0;30;38;0;0;0
57;1;9;13;0;3;1;4;1;40;38;0;0;0
56;1;12;14;0;9;1;4;0;40;38;0;0;0
48;2;13;1;5;7;4;4;0;40;7;0;0;0
36;3;15;10;0;11;4;1;1;55;38;0;0;0
51;2;2;8;2;13;0;4;1;40;38;0;0;0
39;1;7;12;4;13;1;4;1;48;38;0;0;0
43;2;11;9;2;13;0;4;1;70;38;0;0;1
51;1;11;9;2;6;0;4;1;40;38;0;0;0
43;5;11;9;2;9;0;4;1;40;38;0;0;0
44;2;12;14;2;9;0;4;1;40;38;1;0;1
35;2;11;9;0;3;4;4;0;50;38;0;0;0
40;2;11;9;2;9;0;4;1;40;38;0;1;1
39;2;0;6;5;7;3;2;0;12;38;0;0;0
23;2;13;1;4;7;3;4;0;15;38;0;0;0
26;2;1;7;2;6;0;4;1;40;38;0;0;0
25;1;11;9;4;9;3;2;0;40;38;0;0;0
29;2;15;10;5;5;1;2;1;42;38;0;0;0
30;2;11;9;4;6;1;4;1;45;38;0;0;0
57;5;9;13;2;0;0;1;1;40;2;0;1;0
37;3;8;11;2;11;0;4;1;40;38;0;0;1
39;2;9;13;2;11;0;4;1;48;38;1;0;1
37;2;12;14;4;3;1;4;0;40;38;0;0;1
21;2;15;10;4;11;3;4;0;16;38;0;0;0
25;5;15;10;2;0;5;2;0;40;38;0;0;0
61;5;11;9;6;0;4;0;0;40;38;0;0;0
59;2;11;9;2;0;0;4;1;15;38;1;0;0
28;2;11;9;4;5;3;4;1;40;38;0;0;0
24;2;15;10;4;0;4;4;0;40;38;0;0;0
47;2;11;9;2;6;0;4;1;40;4;0;0;1
29;2;11;9;1;13;0;4;1;80;38;0;0;0
49;4;6;5;0;7;1;4;0;20;38;0;0;0
41;1;9;13;0;9;4;4;0;35;38;0;0;0
33;2;15;10;4;3;1;2;0;40;38;0;0;0
40;2;10;16;2;9;5;4;0;20;38;0;1;1
32;2;15;10;0;5;1;4;1;16;38;0;0;0
48;2;9;13;0;11;1;2;1;40;38;0;0;1
24;2;15;10;4;11;3;4;0;40;38;0;0;0
50;2;8;11;2;12;0;4;1;38;38;0;0;1
31;5;11;9;4;10;2;1;1;40;38;0;0;0
23;2;8;11;2;2;0;4;1;55;38;0;0;1
35;2;11;9;2;7;0;4;1;40;38;0;0;0
50;1;11;9;2;10;0;4;1;40;38;0;0;0
39;2;6;5;0;5;1;4;1;50;38;0;0;0
52;2;5;4;2;7;0;4;1;48;4;0;0;0
44;2;11;9;2;4;0;4;1;80;38;0;0;0
43;2;9;13;2;9;0;4;1;50;38;0;0;1
39;2;11;9;2;9;0;4;1;40;38;0;0;0
33;2;5;4;4;4;1;4;1;40;25;0;0;1
31;2;12;14;4;3;1;4;1;40;38;0;1;1
40;4;15;10;2;9;5;4;0;40;38;0;0;1
28;1;14;15;2;9;0;4;1;40;38;0;0;0
19;2;2;8;4;9;1;1;0;25;36;0;0;0
35;2;8;11;2;2;0;4;1;50;38;0;0;0
44;2;9;13;2;9;0;4;1;60;38;0;0;0
40;4;9;13;2;0;0;4;1;40;8;0;0;0
20;2;15;10;4;0;3;4;0;35;38;0;0;0
55;2;11;9;0;2;4;2;1;48;38;0;0;1
30;2;5;4;5;13;1;4;1;35;38;0;0;0
38;2;11;9;2;11;0;4;1;55;38;0;0;1
75;2;11;9;2;11;0;4;1;20;38;1;0;0
17;2;1;7;4;7;3;4;1;15;38;0;0;0
20;2;15;10;4;11;3;4;1;30;38;0;0;0
25;2;7;12;4;12;1;4;1;30;38;0;0;0
27;2;9;13;2;11;0;4;1;45;38;0;0;0
19;2;15;10;4;11;3;4;0;20;38;0;0;0
21;2;15;10;2;11;5;0;0;40;38;0;0;0
19;2;15;10;4;7;3;4;1;20;38;0;0;0
42;2;15;10;4;7;1;4;1;40;38;0;0;0
28;2;0;6;2;2;0;4;1;36;38;0;0;0
47;4;15;10;2;2;0;4;1;40;19;0;0;1
59;2;15;10;0;7;4;4;0;32;38;0;0;0
50;2;11;9;2;2;0;4;1;40;38;0;0;1
48;3;11;9;2;3;0;4;1;80;38;0;0;0
33;1;11;9;2;10;0;4;1;40;38;0;0;0
27;2;7;12;4;11;1;4;0;40;38;0;0;0
45;2;10;16;4;9;1;4;1;30;38;1;0;1
24;2;5;4;4;11;3;4;1;40;38;0;0;0
31;2;11;9;2;0;5;4;0;40;38;0;0;1
24;2;4;3;4;4;2;2;1;40;25;0;0;0
29;2;11;9;4;3;1;4;1;40;38;0;0;0
24;2;11;9;4;6;3;4;1;30;38;0;0;0
24;2;9;13;4;0;1;4;0;30;38;0;0;0
28;2;15;10;4;3;1;2;0;45;22;0;0;0
36;0;15;10;2;5;0;4;1;50;38;0;0;0
58;5;5;4;2;13;0;4;1;40;38;0;0;0
51;2;15;10;0;3;1;4;0;36;38;0;0;0
42;2;15;10;2;2;0;4;1;50;38;0;0;1
39;2;15;10;2;6;0;4;1;40;38;0;0;0
26;2;9;13;4;9;3;1;0;40;38;0;0;0
39;2;15;10;4;2;1;4;1;40;38;0;0;0
28;2;9;13;4;9;1;4;1;45;38;0;0;0
51;2;9;13;2;9;0;0;1;40;38;1;0;1
45;2;9;13;3;3;4;4;1;40;38;0;0;0
45;2;8;11;2;2;0;4;1;40;38;0;0;0
23;5;9;13;4;9;1;4;0;40;38;0;0;0
38;2;15;10;4;7;1;4;1;40;38;0;1;0
38;2;1;7;3;13;3;4;1;36;25;0;0;0
39;2;15;10;2;6;0;4;1;40;38;0;0;0
52;2;8;11;4;4;1;4;1;50;38;0;0;0
17;2;2;8;4;11;3;4;0;6;38;0;0;0
31;2;9;13;2;3;0;4;1;50;38;0;0;0
22;2;11;9;4;13;3;2;1;24;38;0;0;0
47;5;11;9;0;0;4;4;0;38;38;1;0;0
28;2;15;10;4;0;1;4;0;40;38;0;0;0
41;2;11;9;2;13;0;4;1;50;38;0;0;1
29;2;12;14;4;9;1;2;1;42;38;0;0;0
42;4;14;15;0;9;4;4;1;60;38;0;0;1
52;0;15;10;2;0;0;4;1;40;38;0;0;0
35;2;9;13;4;9;1;4;0;40;38;0;0;0
28;2;7;12;4;0;3;4;0;40;38;0;0;0
46;2;12;14;2;9;0;4;1;46;38;1;0;1
45;1;11;9;3;0;4;2;0;40;38;0;0;0
21;2;11;9;4;13;3;4;1;40;38;0;0;0
74;2;0;6;2;0;0;4;1;20;38;0;0;0
29;2;11;9;2;13;2;4;1;40;38;0;0;0
39;1;11;9;0;0;4;4;0;40;38;0;0;0
44;2;15;10;2;2;0;4;1;45;38;1;0;1
23;3;9;13;4;4;1;4;1;40;38;0;0;0
32;1;7;12;0;3;1;2;0;40;38;0;0;0
43;2;11;9;0;3;1;4;0;30;38;0;0;1
23;2;13;1;4;7;1;1;0;40;24;0;0;0
18;2;15;10;4;0;3;4;0;38;38;0;0;0
38;2;11;9;2;5;0;4;1;40;38;0;0;0
33;2;9;13;5;9;1;4;1;35;38;1;0;0
19;3;15;10;4;7;3;1;0;35;34;0;0;0
23;2;15;10;4;13;1;4;1;40;38;1;0;0
37;2;11;9;0;12;3;4;1;45;38;0;0;0
25;2;11;9;4;4;3;4;1;40;38;0;0;0
45;2;2;8;2;0;5;2;0;40;38;1;0;1
32;2;9;13;4;0;1;4;0;48;38;0;0;0
18;4;1;7;4;2;3;4;1;40;38;0;0;0
25;2;11;9;4;13;4;4;1;40;25;0;0;0
53;2;15;10;2;2;0;4;1;40;38;0;0;0
33;2;10;16;2;9;0;4;1;60;38;0;0;1
27;2;9;13;4;2;1;4;1;45;38;0;0;0
24;5;11;9;2;10;0;4;1;40;38;0;0;0
54;4;5;4;2;6;0;4;1;50;38;0;0;0
23;2;15;10;4;11;1;4;0;30;38;0;0;0
45;2;8;11;6;0;1;1;0;40;38;0;0;0
36;2;15;10;2;3;5;4;0;35;38;0;0;1
36;2;1;7;2;2;0;4;1;40;38;1;0;1
44;1;12;14;4;9;1;4;0;40;38;0;1;0
24;2;11;9;4;13;4;2;1;40;38;0;0;0
39;2;15;10;0;11;3;4;1;70;38;0;1;0
50;2;11;9;3;5;4;4;0;40;38;0;0;0
38;2;11;9;2;3;5;4;0;40;38;1;0;1
58;2;9;13;6;3;4;4;0;40;38;0;0;0
44;3;11;9;2;7;0;2;1;48;38;0;0;0
24;2;9;13;4;11;3;1;1;55;38;0;0;0
52;3;11;9;2;3;0;4;1;40;38;1;0;1
46;2;9;13;0;11;1;4;1;40;38;1;0;1
50;3;10;16;2;9;0;4;1;60;38;1;0;1
34;2;7;12;2;2;0;4;1;44;38;0;0;0
40;2;7;12;4;12;1;2;1;40;38;0;0;0
53;2;9;13;0;0;4;4;0;40;38;0;0;0
24;2;11;9;4;0;3;4;0;40;38;0;0;0
26;2;15;10;2;2;0;4;1;45;38;0;0;0
22;2;7;12;4;5;3;4;1;40;38;0;0;0
36;2;11;9;2;2;0;4;1;40;38;0;0;0
36;2;9;13;2;9;0;4;1;45;10;0;0;1
43;1;9;13;2;9;5;4;0;28;38;0;0;0
60;2;5;4;2;5;0;4;1;40;38;0;0;0
49;1;12;14;2;9;0;4;1;40;38;1;0;1
34;4;5;4;4;5;4;2;1;10;38;0;0;0
46;2;15;10;2;0;0;4;1;40;38;0;0;0
46;1;9;13;2;13;0;2;1;40;38;0;0;0
69;2;11;9;2;7;0;4;1;20;38;0;0;0
32;2;0;6;2;2;0;4;1;40;38;0;0;1
40;1;9;13;4;9;1;4;1;50;38;0;0;1
61;2;4;3;2;5;0;4;1;45;38;1;0;0
56;2;15;10;2;3;0;4;1;40;38;0;0;1
47;2;11;9;2;12;0;4;1;40;38;0;0;0
29;2;11;9;2;6;0;2;1;40;38;0;0;0
37;2;11;9;2;6;0;4;1;46;38;0;0;0
51;2;14;15;4;9;1;4;0;50;38;0;1;1
44;5;12;14;2;3;0;4;1;40;38;0;1;1
33;2;11;9;5;7;4;4;0;40;38;0;0;0
51;4;14;15;0;9;1;4;1;80;38;0;0;1
24;2;8;11;2;6;0;4;1;40;38;0;0;0
37;4;8;11;4;7;3;4;0;40;38;0;0;0
40;2;15;10;0;3;1;4;1;40;38;0;0;0
34;2;12;14;4;3;3;4;1;40;38;0;0;0
69;0;1;7;6;0;1;4;0;20;38;0;0;0
41;4;8;11;0;7;4;4;0;10;38;0;0;0
40;2;11;9;2;2;0;4;1;40;38;0;0;0
57;2;15;10;4;5;3;2;1;40;38;0;0;0
26;2;9;13;2;3;0;4;1;55;38;0;0;0
53;2;11;9;2;2;0;4;1;46;38;0;0;1
39;2;9;13;0;3;1;4;1;55;38;0;0;0
51;0;9;13;6;0;1;4;0;40;38;0;0;0
56;0;9;13;2;3;0;4;1;40;32;0;0;1
51;2;0;6;5;0;4;2;0;40;38;0;0;0
17;2;2;8;4;9;3;4;1;20;38;0;0;0
42;2;15;10;0;3;1;4;0;50;38;0;1;0
42;2;15;10;0;0;3;4;0;40;38;0;0;0
29;2;14;15;4;9;4;4;1;45;10;1;0;1
33;2;9;13;2;9;0;4;1;40;38;0;0;1
43;2;15;10;0;6;1;4;1;40;38;0;0;0
64;4;14;15;2;9;0;4;1;9;38;0;0;1
40;2;11;9;0;13;1;4;1;60;38;0;0;1
21;2;4;3;4;5;1;4;1;40;25;0;0;0
31;2;15;10;2;3;0;4;1;40;38;0;0;0
60;2;8;11;6;3;4;1;0;40;38;0;0;1
32;2;2;8;2;11;0;4;1;40;38;0;0;1
27;2;11;9;4;2;3;2;1;20;38;0;0;0
40;2;11;9;2;3;5;4;0;40;38;0;0;0
27;2;11;9;2;7;5;4;0;40;38;0;0;1
18;2;15;10;4;7;3;4;1;30;38;0;0;0
43;2;11;9;5;7;1;2;0;40;38;0;0;0
52;2;11;9;2;6;0;4;1;48;38;0;0;1
31;2;11;9;4;7;1;4;1;85;38;0;0;0
28;2;11;9;2;13;0;4;1;60;38;0;0;0
44;2;12;14;4;9;1;4;0;35;38;0;0;0
37;4;15;10;2;4;0;4;1;84;38;0;0;0
35;2;9;13;2;3;0;4;1;50;38;0;0;1
42;2;6;5;5;2;4;2;1;40;38;0;0;0
18;2;0;6;4;7;3;2;1;10;38;0;0;0
46;3;12;14;2;11;0;4;1;60;38;0;1;1
54;0;11;9;2;0;0;4;1;40;38;0;0;1
54;2;11;9;2;11;0;4;1;50;38;0;1;0
56;2;15;10;0;0;1;4;0;45;10;0;0;0
27;2;15;10;4;11;4;4;1;50;38;0;0;0
26;2;9;13;4;0;3;4;0;40;25;0;0;0
41;1;15;10;2;2;0;4;1;40;38;0;0;0
32;2;15;10;0;6;4;4;0;40;38;0;0;0
18;2;11;9;4;0;3;4;0;30;38;0;0;0
36;2;11;9;2;5;0;4;1;65;38;0;0;0
37;2;0;6;4;5;1;4;1;40;38;0;0;0
31;2;4;3;4;4;3;4;1;25;25;0;0;0
46;2;9;13;2;3;0;4;1;51;38;0;0;0
24;2;11;9;0;6;1;4;1;40;38;0;0;0
25;3;9;13;4;3;3;1;1;35;35;0;0;0
55;2;4;3;2;2;0;4;1;50;38;0;0;0
64;1;11;9;6;3;1;4;1;40;38;0;0;0
30;1;9;13;4;9;1;4;0;40;38;0;0;0
65;2;12;14;4;9;1;4;1;99;38;0;0;0
46;0;9;13;0;9;1;4;1;40;38;0;0;0
45;2;12;14;2;3;0;4;1;60;38;1;0;1
18;2;15;10;4;11;3;4;0;25;38;0;0;0
32;2;9;13;2;3;0;4;1;40;38;0;0;0
34;5;10;16;2;9;0;4;1;45;10;0;0;1
35;2;11;9;2;2;0;4;1;40;38;1;0;0
26;2;11;9;4;2;3;4;1;40;38;1;0;0
24;2;15;10;4;11;2;4;1;35;38;0;0;0
45;4;11;9;2;11;0;4;1;80;38;1;0;1
36;2;0;6;4;5;1;4;0;34;38;0;0;0
44;2;5;4;2;6;0;3;1;40;26;0;0;0
23;2;15;10;4;0;1;4;0;60;38;0;0;0
57;2;11;9;2;2;0;4;1;55;38;0;0;0
41;4;15;10;2;11;0;4;1;60;25;0;0;1
20;1;11;9;2;10;0;2;1;30;32;0;0;0
32;2;15;10;2;2;0;4;1;36;38;0;0;0
60;2;11;9;2;7;5;4;0;40;38;1;0;1
38;3;9;13;4;2;1;4;0;20;38;0;0;0
29;2;11;9;4;13;1;4;0;45;38;0;0;0
22;2;11;9;4;2;3;4;1;40;38;0;0;0
21;2;15;10;4;11;3;1;1;30;18;0;0;0
40;1;11;9;2;7;2;4;1;40;38;1;0;0
59;2;15;10;2;3;0;4;1;45;38;0;1;1
45;5;12;14;0;3;1;4;1;45;38;0;0;0
76;1;11;9;6;7;1;4;0;13;38;0;0;0
45;2;9;13;2;6;0;4;1;40;38;0;0;1
49;1;12;14;5;9;4;4;0;70;38;0;0;0
36;1;8;11;4;10;1;2;0;60;38;0;0;1
22;2;1;7;4;2;3;4;1;35;38;0;0;0
47;2;8;11;0;9;4;4;0;44;38;0;0;0
26;2;11;9;1;11;0;4;1;55;38;0;0;0
21;2;15;10;0;2;3;4;1;40;38;0;0;0
27;2;11;9;4;13;3;4;0;15;38;0;0;0
26;2;9;13;4;7;1;4;1;40;38;0;0;0
20;2;8;11;4;12;3;4;0;25;38;0;0;0
31;4;12;14;4;9;1;4;1;45;8;0;0;0
57;1;12;14;0;7;4;2;0;40;38;0;0;0
39;2;1;7;0;11;2;4;0;40;38;0;0;0
36;2;7;12;4;12;1;2;1;40;8;1;0;1
66;2;15;10;2;3;0;4;1;45;38;0;0;0
34;1;15;10;2;2;0;4;1;40;38;0;0;0
21;2;11;9;4;7;2;4;0;40;38;0;0;0
40;2;9;13;2;3;0;4;1;32;38;0;1;1
49;1;7;12;0;0;1;4;0;30;38;0;0;0
48;4;15;10;0;11;1;4;0;60;38;1;0;0
19;5;15;10;4;7;1;4;1;24;38;1;0;0
42;2;1;7;2;13;0;2;1;40;38;0;0;0
59;2;11;9;2;13;0;4;1;45;38;0;0;0
63;2;15;10;0;7;1;4;0;40;38;0;0;0
26;2;11;9;4;2;2;4;1;40;38;0;0;0
41;2;6;5;0;7;2;4;0;35;38;0;0;0
42;2;15;10;2;0;0;4;1;40;38;0;1;0
19;2;11;9;4;7;3;4;1;20;38;0;0;0
45;1;1;7;2;7;5;4;0;25;38;0;0;0
47;2;11;9;2;7;5;4;0;30;38;0;0;1
47;2;11;9;0;0;1;4;0;40;38;0;0;0
34;2;8;11;2;2;0;4;1;40;8;0;0;0
49;4;9;13;2;11;0;4;1;40;38;1;0;1
36;2;11;9;0;13;1;4;1;40;38;0;0;0
53;2;11;9;6;2;4;4;1;40;38;0;0;1
39;2;11;9;0;5;1;4;1;40;38;0;0;0
52;4;8;11;2;2;0;4;1;40;38;0;0;0
18;2;15;10;4;11;3;4;0;35;38;1;0;0
59;2;8;11;4;2;1;1;1;40;38;0;0;0
50;2;11;9;2;2;0;4;1;50;38;0;0;1
31;2;9;13;2;12;0;1;1;40;38;0;0;1
41;4;15;10;2;3;0;4;1;40;38;0;0;1
45;2;7;12;6;12;4;4;1;40;38;0;0;1
54;1;12;14;0;9;1;4;0;40;38;0;0;0
22;2;11;9;4;4;1;4;1;25;38;0;0;0
50;2;11;9;2;13;0;4;1;40;38;1;0;1
43;2;11;9;0;0;1;4;0;40;38;0;0;0
48;1;9;13;2;9;0;4;1;40;38;0;0;0
24;2;9;13;4;3;1;4;1;45;38;1;0;0
54;2;15;10;2;11;0;4;1;40;38;1;0;1
26;2;11;9;2;0;0;4;1;40;38;0;0;0
53;2;9;13;2;2;0;4;1;40;38;0;0;1
51;3;10;16;2;9;0;4;1;40;38;1;0;1
54;2;12;14;2;3;0;4;1;44;38;0;1;1
32;5;11;9;2;2;0;4;1;49;38;0;0;1
46;2;11;9;2;2;0;2;1;40;38;0;0;0
52;1;11;9;0;0;1;4;0;45;38;0;0;0
44;2;11;9;0;0;1;4;0;40;38;0;0;0
56;3;15;10;2;3;0;4;1;40;38;0;1;0
57;2;11;9;2;3;0;4;1;40;38;0;0;0
35;2;11;9;4;7;4;2;0;40;38;0;0;0
30;2;7;12;4;12;1;4;0;40;38;0;0;0
29;2;15;10;4;5;1;4;1;35;38;0;0;0
49;2;9;13;2;3;0;4;1;66;38;1;0;1
28;2;0;6;4;5;1;4;1;40;38;0;0;0
30;2;15;10;5;0;4;2;0;40;38;0;0;0
45;2;11;9;0;7;1;4;1;40;38;0;1;0
17;2;0;6;4;7;3;4;1;12;38;0;0;0
54;1;0;6;2;0;0;4;1;40;38;0;0;0
31;2;15;10;2;0;0;4;1;40;38;0;0;0
54;2;10;16;2;3;0;4;1;50;38;0;1;1
37;2;6;5;2;5;0;4;1;50;38;0;0;0
34;2;11;9;0;2;1;0;1;48;38;0;0;1
38;2;9;13;2;9;0;4;1;40;1;0;0;0
51;2;15;10;2;3;0;4;1;45;38;0;0;0
41;2;11;9;4;3;1;1;1;60;38;0;0;0
24;2;15;10;4;5;1;4;1;40;38;0;0;0
56;3;9;13;2;3;0;4;1;50;38;1;0;1
33;2;11;9;4;2;3;1;1;40;38;0;0;0
31;2;0;6;2;6;0;4;1;40;38;0;0;0
27;2;15;10;4;5;1;2;1;50;38;0;0;0
32;4;9;13;2;11;2;4;1;45;38;0;0;0
35;2;7;12;2;3;0;4;1;40;32;0;0;0
43;2;15;10;2;2;0;4;1;45;38;0;0;1
40;2;11;9;0;7;4;4;0;36;38;0;0;0
19;4;11;9;4;7;3;4;1;53;38;0;0;0
23;2;7;12;4;5;3;4;1;32;38;0;0;0
40;2;11;9;5;6;4;4;1;40;38;0;0;0
59;2;11;9;0;2;1;4;1;38;38;0;0;1
43;2;11;9;2;2;0;4;1;40;38;0;0;0
53;2;11;9;6;6;1;4;0;40;38;0;0;0
26;2;11;9;2;11;0;4;1;40;38;0;0;0
68;3;15;10;2;3;0;4;1;20;38;1;0;1
41;2;9;13;2;11;0;4;1;48;38;0;0;1
32;4;11;9;0;2;4;4;1;40;38;0;0;0
25;5;9;13;4;3;1;4;1;40;38;0;0;0
20;2;11;9;4;7;3;4;1;40;38;0;0;0
22;2;15;10;4;7;1;4;1;15;38;0;0;0
33;2;0;6;2;2;0;4;1;40;38;0;0;0
26;1;15;10;2;7;2;4;1;40;38;0;0;0
29;2;11;9;4;7;4;2;0;25;38;0;0;0
20;2;11;9;4;11;3;4;0;23;38;0;0;0
58;2;15;10;0;9;4;4;0;40;38;0;0;0
32;2;11;9;0;6;1;4;1;40;38;0;0;0
23;2;7;12;4;7;1;4;0;25;38;0;0;0
30;2;6;5;2;7;0;4;1;40;25;0;0;0
67;5;15;10;2;4;0;4;1;8;38;0;0;0
26;2;7;12;4;0;4;4;0;32;38;0;0;0
53;4;11;9;2;3;0;4;1;35;38;0;0;0
27;1;11;9;2;13;0;4;1;60;38;0;0;0
29;6;15;10;2;4;3;4;1;65;38;0;0;0
38;5;10;16;2;9;0;4;1;40;38;0;0;1
17;2;6;5;4;7;3;2;0;40;38;0;0;0
48;2;12;14;2;12;0;4;1;40;38;0;0;1
28;2;7;12;2;3;5;4;0;40;38;0;0;0
18;2;15;10;4;11;3;4;1;15;38;0;0;0
28;2;15;10;0;11;1;4;1;30;38;0;0;0
34;2;15;10;2;2;0;4;1;40;38;0;0;0
62;2;11;9;2;9;0;4;1;40;38;0;0;1
46;2;4;3;2;6;0;4;1;40;25;0;0;0
30;2;15;10;0;0;4;4;0;40;38;0;0;0
20;2;15;10;4;13;3;4;1;40;38;0;0;0
29;2;11;9;4;3;1;4;1;50;38;1;0;0
55;2;15;10;2;0;0;2;1;25;38;0;0;0
20;2;15;10;4;9;3;4;1;24;38;0;0;0
54;2;0;6;2;13;0;2;1;40;38;0;0;0
27;2;0;6;4;2;1;4;1;30;38;0;0;0
43;2;15;10;4;0;1;4;1;55;38;0;0;0
48;5;12;14;0;10;1;4;1;72;38;0;0;0
34;2;9;13;4;3;3;4;1;40;38;0;0;0
29;2;9;13;4;9;1;4;0;40;38;0;0;0
37;2;8;11;0;11;4;4;0;40;38;0;0;0
56;2;15;10;2;9;0;4;1;40;38;0;0;1
58;2;0;6;2;2;0;4;1;40;38;0;0;1
54;3;9;13;2;11;0;2;1;40;22;0;0;0
45;2;15;10;5;2;1;4;1;41;38;0;0;0
29;3;11;9;2;7;0;4;1;40;38;0;0;0
26;2;7;12;2;0;5;4;0;40;38;0;0;0
43;2;11;9;2;0;0;2;1;40;38;0;0;1
33;1;11;9;2;7;0;4;1;40;38;0;0;0
45;4;15;10;2;7;0;4;1;42;38;1;0;0
25;2;15;10;4;11;1;4;1;30;38;0;0;0
25;2;11;9;2;2;0;4;1;40;38;0;0;0
37;2;7;12;2;0;0;4;1;40;38;0;0;0
20;2;11;9;4;3;1;4;1;25;38;0;0;0
39;2;12;14;2;9;5;4;0;24;38;0;1;1
17;2;0;6;4;11;3;4;0;20;38;0;0;0
27;1;11;9;4;4;3;4;1;40;38;0;0;0
26;2;11;9;4;7;2;2;0;40;38;0;0;0
55;2;4;3;2;6;0;4;1;40;25;0;0;0
39;2;1;7;2;9;0;4;1;60;38;0;0;0
41;2;11;9;5;7;1;4;0;40;38;0;0;0
34;2;3;2;2;2;0;4;1;40;25;0;0;0
51;2;8;11;2;3;0;4;1;50;38;0;0;1
40;2;15;10;0;6;3;4;1;40;38;0;0;0
58;2;7;12;2;2;0;4;1;40;38;0;1;0
23;2;11;9;4;11;1;4;0;40;38;0;0;0
45;1;12;14;2;9;0;4;1;50;38;0;0;1
51;2;9;13;2;11;0;4;1;50;38;1;0;1
43;5;15;10;0;3;4;4;1;40;38;0;0;0
25;5;9;13;4;7;1;4;0;50;38;1;0;0
36;4;9;13;2;3;0;4;1;40;38;1;0;0
58;2;11;9;2;2;0;4;1;50;38;0;0;0
33;2;11;9;0;6;1;4;1;40;38;0;0;0
60;1;8;11;2;7;0;4;1;40;38;0;0;0
24;2;11;9;4;11;3;1;1;40;34;0;0;0
45;2;11;9;0;3;1;4;0;46;38;0;0;0
49;2;11;9;0;0;1;4;0;40;38;0;0;0
19;2;2;8;4;0;1;4;0;40;38;0;0;0
34;5;15;10;3;0;4;1;0;38;29;0;0;0
42;5;9;13;0;0;1;4;1;40;38;0;0;0
25;2;11;9;4;8;1;4;0;50;38;0;0;0
59;4;4;3;2;7;0;4;1;15;7;1;0;0
28;2;11;9;2;6;0;4;1;40;38;1;0;0
19;2;1;7;4;7;2;4;1;30;38;0;0;0
31;5;9;13;4;9;1;4;0;40;38;0;0;0
58;0;9;13;4;9;1;4;1;48;38;0;0;0
47;4;11;9;2;3;0;4;1;50;38;0;0;1
30;2;9;13;4;11;1;4;1;40;38;0;0;1
41;2;5;4;2;2;0;1;1;40;2;0;0;0
43;2;15;10;5;13;4;4;1;51;38;1;0;1
48;2;11;9;5;0;1;4;0;40;38;0;1;0
44;2;9;13;2;11;0;4;1;50;38;0;0;1
44;2;15;10;4;0;1;2;0;40;38;0;0;0
24;2;9;13;4;3;3;2;0;40;38;0;0;0
28;2;11;9;2;2;0;4;1;43;38;0;0;0
50;2;11;9;3;3;4;4;0;10;38;0;0;0
33;2;15;10;2;2;0;4;1;40;38;0;0;1
23;1;9;13;4;9;2;4;0;50;38;0;0;0
46;2;0;6;2;5;0;4;1;40;38;0;0;0
21;5;15;10;4;12;3;4;1;10;38;0;0;0
52;2;6;5;5;7;1;2;0;30;38;0;0;0
26;2;9;13;4;9;1;4;1;50;38;0;0;0
27;5;9;13;4;12;1;4;1;12;38;0;0;0
28;2;1;7;4;6;4;4;0;40;26;0;0;0
50;3;9;13;2;11;0;4;1;60;38;0;0;1
28;2;11;9;2;2;0;4;1;35;38;0;0;0
61;4;1;7;2;3;0;4;1;20;38;0;0;0
32;2;5;4;5;11;4;4;0;35;38;0;0;0
30;0;15;10;4;2;1;4;1;40;38;0;0;0
51;1;9;13;0;0;1;4;0;40;38;0;0;0
40;1;15;10;4;10;1;4;1;40;38;0;1;1
36;2;11;9;4;3;1;4;1;70;38;0;1;0
28;2;15;10;0;7;2;2;1;24;38;0;0;0
49;2;7;12;2;9;0;4;1;45;38;0;0;1
61;4;5;4;2;13;0;4;1;30;38;0;0;0
41;4;9;13;2;3;0;4;1;60;38;0;0;1
55;2;11;9;6;7;4;4;0;30;38;0;0;0
36;2;9;13;2;9;5;4;0;40;38;0;0;0
21;2;15;10;4;0;3;4;0;40;38;0;0;0
57;4;15;10;2;13;0;4;1;45;38;0;0;1
49;3;14;15;2;9;0;4;1;37;38;1;0;1
59;2;1;7;2;0;0;4;1;40;38;0;0;0
41;2;15;10;5;11;1;4;1;80;38;0;0;1
59;2;15;10;2;2;0;4;1;40;38;0;0;0
20;2;11;9;4;7;3;4;1;25;38;0;0;0
42;2;15;10;0;0;1;2;0;40;38;0;0;0
41;1;12;14;0;9;4;4;0;60;38;0;0;0
45;0;9;13;2;3;0;4;1;50;38;0;0;1
42;1;7;12;2;3;5;4;0;45;38;0;0;1
25;2;9;13;2;9;0;4;1;40;38;0;0;0
45;2;11;9;2;2;0;4;1;40;38;0;1;1
58;4;11;9;2;11;0;4;1;40;38;1;0;1
39;2;11;9;2;2;0;4;1;40;38;0;0;0
34;2;11;9;2;2;0;4;1;40;38;0;0;1
22;4;15;10;4;2;1;4;1;40;38;0;0;0
44;2;11;9;0;12;1;4;1;50;38;0;0;1
53;3;15;10;6;11;4;4;0;40;38;0;0;0
27;2;6;5;2;10;0;4;1;40;12;0;0;0
60;2;11;9;5;7;1;4;0;25;38;0;0;0
46;2;9;13;2;9;0;4;1;40;38;1;0;1
56;3;14;15;2;9;0;4;1;40;38;1;0;1
36;2;9;13;4;3;1;4;1;40;38;1;0;1
56;2;11;9;0;0;4;4;0;32;38;0;0;0
29;3;9;13;2;3;0;4;1;70;38;0;1;0
19;2;0;6;4;5;3;4;1;39;38;0;0;0
38;2;11;9;2;7;0;4;1;40;38;0;0;0
40;0;15;10;2;12;0;4;1;40;38;0;0;1
52;2;7;12;2;3;0;4;1;55;38;0;0;1
22;2;15;10;2;3;5;4;0;40;38;0;0;0
32;5;11;9;0;7;1;4;0;25;38;0;0;0
27;2;9;13;4;3;3;4;0;40;38;0;0;0
25;2;9;13;4;9;3;4;0;40;12;0;0;0
36;2;12;14;2;9;0;3;1;40;19;0;0;1
22;2;2;8;4;5;3;0;1;40;38;0;0;0
32;4;11;9;2;2;0;4;1;45;38;0;0;0
37;2;9;13;5;3;4;2;0;40;38;0;0;0
22;2;11;9;4;9;3;4;1;54;38;0;0;0
29;2;11;9;2;0;5;4;0;40;38;0;0;1
42;2;13;1;4;5;1;4;1;25;38;0;0;0
45;2;8;11;4;11;1;4;0;38;38;0;0;0
33;2;9;13;0;0;1;4;0;45;38;0;0;0
39;2;15;10;5;9;4;4;0;40;38;0;0;0
27;2;2;8;4;6;1;4;1;45;38;0;0;0
53;1;9;13;2;9;5;4;0;50;38;0;0;1
30;2;9;13;4;7;1;4;0;40;38;0;0;0
52;4;15;10;6;2;1;2;1;35;38;0;0;0
43;3;9;13;2;11;0;4;1;60;38;1;0;1
47;1;12;14;4;9;1;4;1;35;38;0;0;1
61;2;11;9;2;10;0;2;1;40;18;0;0;0
39;1;12;14;0;9;1;2;1;40;5;0;0;0
47;2;15;10;0;11;4;4;1;50;38;0;0;0
19;2;11;9;2;2;0;4;1;25;38;0;0;0
37;2;15;10;2;6;0;4;1;40;38;1;0;0
31;2;11;9;2;2;0;4;1;51;38;0;0;0
69;4;8;11;2;11;0;4;1;8;38;0;0;0
29;2;11;9;2;6;0;4;1;40;38;0;0;0
24;2;15;10;4;6;3;3;1;14;38;0;0;0
42;2;11;9;5;5;4;4;1;40;30;0;0;0
30;1;9;13;2;10;0;4;1;72;38;0;0;1
28;2;12;14;3;11;1;4;0;80;38;0;0;1
27;2;8;11;4;5;1;4;1;40;38;0;0;0
53;2;11;9;0;3;1;2;0;40;38;0;0;0
35;5;11;9;2;2;0;4;1;40;38;0;1;0
22;2;2;8;2;13;0;4;1;40;38;0;0;0
25;2;11;9;5;10;3;2;1;40;38;0;0;0
38;1;9;13;2;9;5;2;0;40;38;0;1;1
27;2;9;13;4;0;4;4;0;35;38;0;0;0
30;2;6;5;2;7;0;4;1;37;38;0;0;0
27;2;9;13;0;9;3;4;0;50;38;0;0;0
25;2;9;13;4;9;1;4;1;40;38;0;0;0
32;2;11;9;4;6;1;4;0;40;38;0;0;0
70;2;0;6;6;2;4;4;1;45;38;0;0;0
50;2;11;9;2;3;0;4;1;40;38;0;0;0
40;2;15;10;2;7;5;4;0;35;38;0;0;0
34;2;1;7;3;2;1;2;1;55;38;0;0;0
57;4;11;9;2;2;0;4;1;50;38;0;0;0
39;2;12;14;4;7;1;4;0;32;38;0;0;0
49;2;15;10;0;7;4;4;0;40;38;0;0;0
43;2;15;10;2;9;0;4;1;40;38;1;0;1
26;2;11;9;4;0;1;4;0;45;38;0;0;0
31;2;15;10;0;0;4;2;0;40;23;0;0;0
60;4;15;10;2;11;0;4;1;50;38;0;0;0
46;2;12;14;2;9;0;4;1;50;38;1;0;1
26;2;15;10;2;13;0;4;1;55;38;1;0;1
27;2;14;15;4;9;3;4;0;40;38;0;0;0
31;2;15;10;2;0;5;2;0;40;38;0;0;0
59;2;11;9;6;3;4;4;0;50;38;0;0;0
18;2;15;10;4;7;3;4;0;24;38;0;0;0
22;2;15;10;2;3;0;4;1;45;38;0;0;0
24;2;7;12;2;11;3;4;0;20;38;0;0;0
53;5;0;6;2;13;0;4;1;40;38;0;0;1
43;2;11;9;2;5;0;4;1;42;38;0;0;1
24;2;15;10;2;12;0;4;1;50;38;0;0;1
60;2;0;6;6;12;4;4;0;40;38;0;0;0
24;2;11;9;2;2;0;4;1;40;38;0;0;0
52;0;11;9;4;0;1;2;1;40;38;0;0;0
32;2;8;11;2;13;0;4;1;99;38;0;0;1
34;2;0;6;5;7;1;4;0;35;38;0;0;0
35;1;7;12;2;10;0;4;1;40;38;0;0;1
38;2;6;5;3;5;1;4;1;40;25;0;0;0
34;4;11;9;2;4;0;4;1;90;38;1;0;0
53;1;14;15;4;9;1;4;0;50;38;0;0;1
23;2;11;9;4;0;1;4;0;40;38;0;0;0
40;2;15;10;2;0;0;4;1;40;38;0;0;0
40;2;11;9;2;2;0;4;1;40;38;0;0;0
50;2;11;9;2;4;0;4;1;60;38;0;0;1
17;2;0;6;4;11;3;4;0;20;38;0;0;0
53;1;9;13;0;9;1;4;0;54;38;0;1;0
32;2;9;13;0;2;1;4;1;50;38;0;0;1
18;2;1;7;4;11;3;4;1;16;38;0;0;0
62;2;0;6;0;7;3;4;0;40;38;0;0;0
45;2;12;14;2;7;0;4;1;40;38;0;0;0
46;2;10;16;2;9;0;4;1;70;38;0;0;0
73;4;5;4;2;4;0;4;1;40;38;0;0;0
64;2;10;16;2;9;0;4;1;60;38;0;0;1
26;2;9;13;2;9;5;4;0;45;38;0;0;1
23;2;11;9;4;11;1;4;1;48;38;0;0;0
30;2;11;9;4;6;2;4;1;40;39;0;0;0
51;2;15;10;0;0;4;4;0;40;38;0;0;0
35;4;9;13;0;3;4;4;0;55;38;0;0;0
39;2;15;10;4;0;1;4;0;45;38;1;0;1
35;3;12;14;2;9;0;1;1;40;18;0;0;1
41;2;11;9;6;6;1;4;0;40;38;0;0;0
31;2;15;10;0;2;3;4;1;40;38;1;0;0
40;2;9;13;2;11;0;4;1;50;38;0;0;1
46;1;14;15;2;9;0;1;1;40;29;0;0;1
31;2;11;9;4;7;1;4;0;30;38;0;0;0
41;3;15;10;0;6;1;4;0;40;15;0;0;0
42;2;9;13;2;3;0;4;1;40;38;1;0;0
23;2;11;9;4;11;3;4;1;40;38;0;0;0
49;2;15;10;2;0;0;4;1;45;38;0;0;1
53;2;8;11;0;12;1;2;1;40;38;0;0;0
38;1;9;13;4;10;1;4;0;43;38;1;0;1
36;2;7;12;0;3;4;1;0;40;35;0;0;0
32;2;15;10;4;2;4;4;1;72;25;0;0;0
20;2;1;7;4;13;2;4;1;40;12;0;0;0
22;2;15;10;4;12;2;1;0;32;38;0;0;0
25;2;8;11;4;2;4;0;1;40;38;0;0;0
58;2;11;9;2;2;0;4;1;40;38;0;1;0
24;2;15;10;4;4;1;4;1;20;38;0;0;0
48;5;11;9;0;2;3;4;1;40;38;1;0;1
20;2;3;2;4;4;1;4;1;30;7;0;0;0
60;4;15;10;2;3;0;4;1;40;38;0;0;1
20;2;11;9;4;7;2;4;1;30;38;0;0;0
52;2;15;10;2;3;0;4;1;45;38;0;0;1
36;2;11;9;2;13;5;4;0;40;38;0;0;1
46;1;9;13;2;9;0;1;1;40;29;0;0;1
22;2;1;7;4;11;4;4;0;25;38;0;0;0
19;2;15;10;4;3;3;4;0;35;38;0;0;0
37;2;11;9;4;11;4;4;1;40;38;0;0;0
30;2;8;11;0;11;1;4;0;40;38;0;0;1
44;2;7;12;4;2;1;4;1;25;38;0;0;0
22;2;11;9;4;11;1;4;1;45;1;0;0;0
31;3;9;13;2;11;0;4;1;50;38;1;0;0
17;2;1;7;4;0;3;4;1;40;38;0;0;0
21;2;11;9;4;5;1;4;1;40;38;0;0;0
67;2;12;14;2;3;0;4;1;40;38;0;0;1
46;2;5;4;0;3;1;4;1;40;38;0;0;0
29;2;11;9;0;5;3;4;1;50;38;0;0;0
20;2;15;10;4;5;3;4;0;6;38;0;0;0
27;2;15;10;4;7;3;4;1;24;38;0;0;0
35;2;15;10;2;2;0;4;1;40;38;0;0;1
19;2;15;10;4;0;3;4;0;30;38;0;0;0
36;2;2;8;5;7;4;4;0;40;25;0;0;0
43;2;9;13;2;3;0;4;1;50;38;1;0;1
62;5;9;13;0;9;1;4;1;40;38;0;0;0
28;2;14;15;4;9;1;4;1;40;1;0;1;0
18;2;1;7;4;7;3;4;0;15;38;0;0;0
59;2;14;15;2;13;0;2;1;50;38;1;0;1
37;2;9;13;0;3;1;4;1;40;38;0;0;0
27;2;15;10;4;2;1;2;1;40;38;0;0;0
46;1;12;14;0;9;4;4;0;43;38;0;0;0
29;2;1;7;5;11;1;4;0;42;38;0;1;0
33;2;9;13;2;3;5;4;0;40;38;0;0;1
62;2;11;9;2;2;0;4;1;40;38;0;0;0
46;2;10;16;2;9;0;4;1;55;38;0;1;1
28;2;0;6;2;6;0;4;1;40;38;0;0;0
22;2;15;10;4;11;3;4;0;35;38;0;0;0
46;0;12;14;2;1;0;4;1;40;38;0;1;1
54;3;15;10;2;11;0;4;1;40;38;0;1;1
34;2;11;9;2;2;0;4;1;72;38;0;0;0
62;2;9;13;2;11;0;4;1;20;38;0;0;1
30;2;15;10;2;5;0;4;1;40;30;0;0;0
19;2;11;9;4;7;3;4;1;20;38;0;0;0
27;2;8;11;4;6;4;4;1;45;38;0;0;0
36;2;15;10;2;2;0;4;1;50;38;0;0;1
52;2;9;13;2;6;0;4;1;40;38;0;0;1
47;2;2;8;3;3;1;4;0;55;38;0;0;0
57;1;11;9;0;10;1;4;0;40;38;0;0;0
64;2;15;10;3;3;4;4;0;40;38;0;0;0
53;2;1;7;6;7;3;4;0;47;38;0;0;0
53;2;9;13;2;2;0;4;1;44;38;0;0;1
31;2;15;10;5;11;4;1;1;40;34;0;0;0
41;2;9;13;2;3;0;4;1;45;38;1;0;1
45;1;11;9;5;7;4;2;0;40;38;0;0;0
45;5;11;9;0;0;2;4;0;40;38;0;0;0
23;2;15;10;4;7;1;4;0;28;38;0;0;0
39;1;12;14;2;9;0;4;1;72;38;0;0;0
31;2;8;11;2;3;0;4;1;40;38;0;0;0
35;4;9;13;2;4;0;4;1;45;38;0;0;0
54;2;12;14;2;13;0;4;1;60;38;1;0;1
40;1;9;13;0;9;4;4;0;40;38;1;0;0
55;4;9;13;2;3;0;4;1;40;38;0;0;1
31;2;11;9;2;2;0;4;1;40;38;0;0;0
58;3;1;7;2;13;0;4;1;60;38;0;0;0
31;2;10;16;2;9;0;4;1;99;38;0;1;1
46;4;11;9;6;7;2;4;0;40;38;0;0;0
38;2;8;11;2;2;0;4;1;40;38;0;0;0
22;1;15;10;4;9;3;4;0;25;38;1;0;0
48;4;11;9;2;2;0;4;1;60;8;0;0;0
73;2;9;13;2;9;0;4;1;15;38;0;0;0
25;2;9;13;2;0;0;4;1;45;38;0;0;1
53;0;15;10;0;4;1;4;1;40;38;0;0;0
46;2;15;10;2;13;0;4;1;45;38;1;0;1
37;2;9;13;4;9;1;2;0;40;38;0;0;0
30;2;11;9;2;5;0;4;1;50;38;0;0;0
29;2;11;9;2;6;0;4;1;40;38;0;0;0
29;5;15;10;2;10;0;4;1;40;38;0;0;0
58;2;12;14;2;3;0;4;1;40;38;0;0;1
42;4;5;4;2;7;5;2;0;50;38;0;0;0
62;1;6;5;0;10;1;2;1;24;38;0;0;0
45;1;9;13;2;4;0;1;1;40;38;1;0;1
38;2;9;13;2;11;0;4;1;40;38;0;0;1
36;4;9;13;2;11;0;4;1;50;38;0;0;1
42;4;5;4;2;11;0;4;1;30;38;0;0;0
47;1;12;14;2;9;0;4;1;35;38;1;0;1
42;4;15;10;4;2;4;4;1;40;38;0;0;0
43;2;15;10;2;0;5;2;0;38;38;0;0;1
37;2;8;11;2;2;0;4;1;40;38;0;0;1
36;5;15;10;2;3;5;4;0;39;38;1;0;1
27;2;9;13;4;12;1;2;0;40;9;0;0;0
54;2;4;3;3;6;4;4;1;40;25;0;0;0
48;4;11;9;2;2;0;4;1;40;38;0;1;1
29;2;11;9;4;7;4;4;0;30;38;0;0;0
29;2;11;9;2;6;0;4;1;38;38;0;0;0
37;2;15;10;0;7;1;4;1;47;38;0;0;0
55;3;15;10;2;11;0;4;1;40;38;0;0;0
67;2;11;9;2;8;5;2;0;20;38;0;0;0
51;2;11;9;6;5;1;4;1;30;38;0;0;0
35;2;12;14;4;9;4;4;0;32;38;0;0;0
64;4;11;9;6;7;2;4;0;40;38;0;0;0
23;2;4;3;4;5;1;4;1;55;25;0;0;0
49;2;9;13;4;7;1;1;0;35;29;0;0;0
38;4;9;13;2;9;0;4;1;70;38;0;0;0
62;2;11;9;4;5;2;2;0;40;38;0;0;0
62;4;5;4;2;2;0;4;1;10;38;0;0;0
45;4;12;14;0;2;1;4;1;40;38;0;0;0
20;2;7;12;4;11;3;4;0;40;38;0;0;0
38;2;11;9;2;6;0;4;1;48;38;0;0;0
50;3;9;13;2;0;0;4;1;40;38;0;0;0
40;2;15;10;2;0;0;2;1;55;38;0;0;1
30;2;11;9;2;2;0;4;1;70;38;0;0;0
52;0;15;10;5;3;1;4;0;40;38;0;0;0
28;4;9;13;4;9;1;2;1;50;38;0;0;1
62;4;11;9;2;13;0;4;1;30;38;0;0;0
31;2;11;9;0;7;4;4;0;40;38;0;0;0
40;2;11;9;2;3;0;4;1;40;38;0;0;1
34;2;11;9;0;11;1;4;0;40;38;0;1;0
53;2;15;10;2;11;0;4;1;40;38;0;0;1
42;2;2;8;4;4;3;4;1;40;38;0;0;0
26;2;15;10;2;7;0;4;1;25;38;0;0;0
51;2;11;9;2;13;0;4;1;40;38;0;0;1
49;2;12;14;2;9;0;4;1;50;38;0;0;1
43;2;11;9;2;6;0;4;1;40;38;0;0;0
42;2;15;10;0;4;1;4;1;40;38;0;0;0
31;2;1;7;3;11;3;1;0;40;18;0;0;0
26;2;11;9;2;13;0;3;1;40;38;0;0;0
50;2;9;13;5;9;4;1;0;40;29;0;0;0
35;2;11;9;2;6;0;4;1;40;38;0;0;0
37;2;15;10;4;12;2;4;0;40;38;0;0;0
20;2;15;10;4;11;3;4;1;16;38;0;0;0
31;1;14;15;2;9;0;4;1;40;38;0;0;1
28;2;11;9;4;2;1;4;1;35;38;0;0;0
46;2;11;9;2;12;0;2;1;40;38;0;0;1
21;2;15;10;4;9;3;4;0;8;38;0;0;0
41;4;12;14;2;3;0;4;1;70;38;1;0;1
30;2;9;13;4;3;1;4;1;70;38;0;0;1
66;3;9;13;2;3;0;4;1;70;38;0;0;0
37;3;15;10;2;11;0;4;1;60;38;0;0;1
74;5;5;4;6;5;1;4;0;20;38;0;0;0
46;5;15;10;2;10;0;2;1;70;38;0;0;1
51;2;12;14;2;3;0;4;1;50;38;0;1;1
33;2;9;13;2;3;0;4;1;50;38;1;0;1
30;2;4;3;2;6;0;4;1;40;25;1;0;0
47;3;9;13;2;3;0;4;1;50;38;0;0;1
49;2;9;13;0;3;4;4;0;40;38;0;0;0
53;2;11;9;0;2;4;2;0;48;38;0;0;0
24;2;8;11;4;6;1;4;1;40;38;0;0;0
54;2;11;9;2;13;0;4;1;50;38;0;0;0
32;2;15;10;4;2;3;4;1;40;38;0;0;0
45;2;15;10;2;11;0;4;1;45;38;0;0;0
46;3;11;9;3;4;1;4;1;45;38;1;0;0
37;5;15;10;0;7;1;4;1;65;38;0;0;0
48;5;12;14;2;9;0;4;1;61;38;0;0;1
25;2;9;13;4;0;1;4;0;40;38;0;0;0
27;2;15;10;4;0;4;4;0;40;38;0;0;0
69;2;11;9;6;0;4;4;1;8;38;0;0;0
38;2;9;13;2;11;0;4;1;52;38;0;0;1
47;2;2;8;4;0;2;2;0;40;38;0;0;0
30;4;15;10;4;0;1;4;0;60;38;0;0;0
46;2;11;9;4;5;3;4;1;30;38;1;0;0
27;2;14;15;4;9;1;4;0;45;38;0;0;0
19;2;15;10;4;11;3;4;1;35;38;0;0;0
18;2;11;9;2;8;1;4;0;40;38;1;0;0
24;2;1;7;2;2;0;4;1;50;38;0;0;1
32;2;9;13;4;9;1;4;0;40;38;0;0;0
38;2;11;9;2;5;0;2;1;40;38;0;0;0
19;2;13;1;4;4;1;4;1;36;16;0;0;0
28;2;15;10;4;5;1;4;1;40;38;0;0;0
39;1;12;14;4;9;1;4;0;55;38;0;0;0
38;4;15;10;5;11;1;1;1;60;23;0;0;0
42;2;11;9;2;6;5;4;0;40;38;0;0;1
31;2;15;10;2;0;5;4;0;40;38;0;0;1
46;2;6;5;5;6;1;4;0;40;20;0;0;0
53;2;15;10;6;3;1;4;0;54;38;0;0;0
21;2;7;12;4;5;3;4;1;15;38;0;0;0
48;4;11;9;2;11;0;4;1;50;38;0;0;0
46;2;11;9;2;0;5;4;0;52;38;1;0;1
30;2;11;9;2;13;0;4;1;45;38;0;0;0
24;2;11;9;4;0;2;2;1;40;22;0;0;0
32;2;0;6;4;2;1;4;1;50;38;0;0;0
30;2;11;9;0;7;1;4;0;40;38;0;0;0
57;5;10;16;0;9;4;4;0;50;38;0;0;0
56;2;5;4;4;0;1;4;1;40;38;0;0;0
27;2;11;9;4;3;1;2;0;37;38;0;0;0
38;2;9;13;2;6;0;4;1;40;19;0;0;0
19;2;11;9;4;0;3;4;1;40;38;0;0;0
61;4;15;10;2;0;0;4;1;50;38;0;0;1
49;2;8;11;0;12;4;4;0;40;38;0;0;0
28;2;11;9;2;2;0;4;1;38;38;0;0;0
50;3;12;14;2;9;0;4;1;55;38;0;0;1
43;2;9;13;2;2;0;4;1;84;38;0;0;1
34;2;11;9;4;6;4;2;0;48;38;0;0;0
28;2;1;7;2;2;0;4;1;40;38;0;0;0
31;2;15;10;2;2;0;4;1;40;38;0;0;0
55;2;11;9;6;6;4;2;0;44;38;0;0;0
26;2;9;13;2;3;5;4;0;45;38;0;0;1
51;1;10;16;2;9;5;2;0;40;38;0;0;1
35;2;11;9;2;2;0;4;1;40;38;0;0;0
42;2;7;12;3;3;4;1;0;31;24;0;0;0
31;2;12;14;4;9;1;4;1;30;38;0;0;0
22;1;11;9;4;4;3;4;1;20;38;0;0;0
67;2;11;9;0;13;1;4;1;60;38;0;0;0
63;2;11;9;6;7;4;4;0;24;38;0;0;0
31;2;11;9;2;6;0;4;1;40;38;0;0;1
17;2;1;7;4;9;3;4;1;40;38;0;0;0
41;1;11;9;2;13;0;2;1;40;38;0;0;0
53;1;5;4;2;13;0;4;1;38;38;0;0;0
44;1;15;10;2;10;0;2;1;99;38;0;0;0
24;2;9;13;4;4;1;4;1;40;38;0;0;0
35;2;8;11;0;12;3;4;1;35;38;0;0;0
61;2;15;10;2;12;5;4;0;40;38;0;0;1
31;2;7;12;4;9;2;1;0;40;29;0;0;0
44;2;9;13;2;12;0;4;1;40;38;1;0;1
56;2;11;9;2;11;0;4;1;36;38;0;0;1
66;2;7;12;0;0;4;4;0;40;38;0;0;0
45;2;15;10;2;2;0;1;1;40;39;0;0;0
69;4;9;13;2;9;0;4;1;45;38;1;0;1
64;2;11;9;2;2;0;4;1;40;38;0;0;0
38;2;11;9;2;0;5;4;0;36;38;0;0;1
43;1;15;10;5;2;1;2;1;40;38;0;0;0
37;2;11;9;0;2;1;4;1;49;38;0;0;0
19;2;11;9;4;0;3;4;0;16;38;0;0;0
59;4;11;9;2;3;0;4;1;40;38;0;0;0
50;0;15;10;2;0;0;4;1;40;38;0;0;0
33;2;9;13;2;3;0;4;1;50;38;0;0;1
56;2;15;10;2;12;0;4;1;45;38;0;0;1
28;2;8;11;2;11;0;4;1;40;38;0;0;0
27;2;11;9;2;0;5;4;0;34;38;0;0;0
34;2;11;9;2;7;0;4;1;40;38;0;0;0
19;2;1;7;4;11;3;4;1;30;38;0;0;0
68;4;11;9;2;3;0;4;1;40;38;0;0;1
28;2;12;14;2;9;0;4;1;38;38;0;0;1
22;4;11;9;4;4;3;4;1;40;38;0;0;0
58;2;7;12;0;0;1;4;0;40;38;0;0;0
31;2;15;10;4;6;1;4;0;25;38;0;0;0
17;1;1;7;4;10;3;4;1;30;38;0;0;0
25;2;15;10;4;13;1;4;1;50;38;1;0;1
23;2;15;10;4;7;3;1;0;23;38;0;0;0
25;2;2;8;4;7;2;4;1;40;38;0;0;0
47;2;11;9;4;2;1;4;1;40;38;0;0;0
39;2;9;13;2;3;5;4;0;60;38;0;0;1
44;2;11;9;2;2;0;4;1;40;38;0;0;0
46;2;8;11;2;9;0;4;1;40;38;0;0;1
38;4;15;10;2;4;0;4;1;35;38;0;0;0
23;2;11;9;4;6;3;4;1;30;38;0;0;0
34;2;9;13;3;9;1;4;0;35;38;0;0;0
33;2;11;9;4;2;1;4;1;40;38;0;0;1
38;2;11;9;6;7;4;4;0;20;38;0;0;0
52;4;8;11;2;3;0;4;1;40;38;0;0;0
50;2;11;9;0;11;1;4;0;33;38;0;0;0
38;2;9;13;4;11;1;4;0;45;38;0;1;1
35;2;9;13;2;7;0;4;1;40;38;0;0;0
67;4;10;16;2;9;0;4;1;35;38;1;0;1
60;2;11;9;2;6;0;4;1;40;38;1;0;1
44;2;11;9;4;11;2;4;0;15;38;0;0;0
38;4;11;9;0;4;3;4;1;50;38;0;0;0
29;2;11;9;2;9;0;4;1;40;38;0;0;1
65;2;12;14;2;9;0;4;1;50;38;1;0;1
33;2;7;12;4;0;1;4;0;40;38;0;0;0
18;2;1;7;4;11;3;4;0;30;38;0;0;0
43;2;14;15;0;3;1;4;1;40;38;0;0;0
42;2;8;11;0;3;3;0;0;40;38;0;0;0
42;2;11;9;2;13;0;4;1;40;38;0;0;0
32;2;11;9;2;5;0;4;1;30;38;0;0;0
36;2;7;12;4;12;1;4;0;40;38;0;0;0
41;5;9;13;2;4;0;4;1;40;38;0;0;1
30;2;15;10;4;7;3;4;0;40;38;0;0;0
21;2;11;9;4;7;3;4;1;35;38;0;0;0
33;2;15;10;2;13;0;2;1;40;38;0;0;1
19;2;11;9;4;5;3;4;1;25;38;0;0;0
35;2;11;9;0;13;1;4;1;40;38;0;0;0
43;2;11;9;0;12;4;2;0;35;38;0;0;0
45;2;11;9;2;13;0;2;1;24;38;0;0;0
25;2;9;13;4;3;3;2;1;50;38;0;0;0
39;4;9;13;2;3;0;4;1;40;38;0;0;0
26;2;11;9;4;5;1;4;1;40;38;0;0;0
60;2;12;14;2;13;0;4;1;10;38;0;0;0
52;1;10;16;2;9;5;4;0;40;38;0;0;1
22;2;2;8;4;13;4;4;1;30;38;0;0;0
23;2;15;10;4;7;3;4;0;40;38;0;0;0
46;2;11;9;2;7;5;4;0;40;38;0;0;0
34;4;9;13;2;11;0;4;1;30;38;0;0;0
39;2;9;13;2;9;0;4;1;50;38;0;0;1
38;2;11;9;4;9;1;4;0;40;38;0;0;0
56;4;12;14;2;3;0;4;1;25;38;0;0;0
55;0;11;9;0;0;1;4;0;40;38;0;0;0
40;2;15;10;2;3;5;4;0;40;38;1;0;1
23;2;15;10;4;6;1;4;1;40;38;0;0;0
39;2;9;13;0;0;1;4;1;40;38;0;0;0
24;2;9;13;2;11;0;2;1;30;38;0;0;0
51;4;11;9;2;11;0;4;1;40;38;0;0;1
47;3;9;13;2;3;0;4;1;50;4;0;0;1
25;4;11;9;4;4;1;4;1;50;38;0;0;0
34;2;14;15;2;9;0;4;1;55;38;0;0;1
18;2;1;7;4;11;3;2;0;20;38;0;1;0
19;2;15;10;4;3;3;4;0;28;38;0;0;0
32;2;15;10;0;2;4;4;1;40;38;0;0;0
49;2;11;9;2;11;0;4;1;40;38;0;0;1
43;2;11;9;2;2;0;4;1;55;38;0;0;0
71;3;12;14;2;3;0;4;1;40;38;1;0;1
59;2;11;9;4;0;4;4;1;40;38;0;0;0
32;2;9;13;2;3;5;4;0;40;38;0;0;1
25;2;9;13;4;3;1;4;1;40;38;0;0;0
32;2;11;9;2;3;0;4;1;40;20;0;0;0
17;2;1;7;4;5;1;2;0;15;38;0;0;0
57;3;14;15;2;9;0;4;1;35;38;0;0;1
17;4;2;8;4;5;3;4;1;15;38;0;0;0
27;2;9;13;4;12;3;1;0;40;29;0;0;0
41;1;11;9;2;10;0;4;1;40;38;0;0;0
19;2;1;7;4;11;1;4;0;25;38;0;0;0
41;2;4;3;0;7;4;4;0;40;32;0;0;0
39;2;9;13;4;3;1;4;1;50;38;0;0;1
30;2;11;9;4;2;1;4;1;40;38;0;0;0
37;2;9;13;2;6;0;4;1;40;38;0;0;1
18;2;1;7;4;0;3;4;0;15;38;0;0;0
40;4;9;13;2;11;0;4;1;45;38;0;0;1
38;3;15;10;2;11;0;4;1;60;4;0;1;1
24;2;11;9;4;11;2;4;1;40;38;0;0;0
33;2;11;9;2;2;0;4;1;50;38;0;0;0
48;2;9;13;2;5;0;4;1;40;38;0;0;0
51;2;9;13;2;11;0;4;1;40;38;0;0;1
48;2;11;9;2;2;0;4;1;40;38;0;0;0
43;2;5;4;2;2;0;4;1;45;38;0;0;0
34;2;14;15;4;3;3;4;1;50;38;0;0;0
41;2;8;11;5;2;1;4;1;30;38;0;0;0
51;3;14;15;0;9;1;4;1;60;38;1;0;1
25;2;11;9;4;2;3;4;1;40;38;0;0;0
20;2;11;9;4;7;3;4;1;50;38;0;0;0
61;3;11;9;2;3;0;4;1;45;38;1;0;0
35;2;15;10;0;3;1;4;0;70;38;0;0;0
42;1;12;14;0;9;4;4;0;40;38;0;0;0
26;1;11;9;4;7;2;4;1;16;38;0;0;0
46;2;11;9;2;7;0;4;1;50;38;0;0;0
39;5;9;13;4;9;1;4;1;40;38;0;0;1
29;2;15;10;4;11;3;2;1;80;38;0;0;0
39;2;15;10;3;2;4;4;1;40;38;0;0;1
47;2;11;9;2;2;0;4;1;40;38;0;0;1
40;2;15;10;2;13;0;4;1;50;38;0;0;1
43;5;11;9;2;2;0;4;1;40;38;0;0;1
32;2;11;9;0;5;1;4;1;40;38;0;0;0
31;2;0;6;0;11;2;4;0;40;38;0;0;0
44;0;7;12;2;0;0;4;1;40;38;0;0;1
46;1;9;13;2;10;0;4;1;40;38;0;0;1
53;4;12;14;2;9;0;4;1;50;38;0;0;1
43;2;9;13;2;3;0;4;1;40;38;0;0;0
41;5;9;13;4;9;1;4;0;40;38;0;0;0
35;2;11;9;6;7;4;2;1;40;38;0;0;0
48;2;9;13;2;11;0;4;1;45;38;0;0;0
28;5;12;14;2;3;5;4;0;40;38;0;0;0
44;2;9;13;6;9;4;4;0;32;38;0;0;0
51;1;14;15;6;9;1;4;0;40;38;0;0;0
28;2;11;9;4;13;4;4;1;50;38;0;0;0
36;2;9;13;4;2;1;4;1;60;38;0;0;0
28;2;11;9;2;7;0;4;1;35;38;0;0;0
21;2;15;10;4;11;3;4;1;40;38;0;0;0
36;1;15;10;2;2;0;4;1;40;38;0;0;0
31;2;11;9;4;9;1;4;1;43;38;0;0;0
44;4;11;9;2;4;0;4;1;60;38;0;0;0
49;1;1;7;0;5;4;4;1;40;38;0;0;0
40;2;11;9;2;2;0;4;1;40;38;0;0;0
64;0;10;16;2;9;0;1;1;40;2;0;0;1
54;1;12;14;2;9;0;4;1;40;38;1;0;1
27;2;15;10;2;11;0;1;1;55;34;0;0;0
18;2;15;10;4;7;3;4;0;20;38;0;0;0
68;2;6;5;2;2;0;2;1;44;38;0;0;0
64;2;10;16;6;9;1;4;1;80;38;0;0;1
36;2;11;9;2;13;0;0;1;40;38;0;0;0
21;2;11;9;4;4;3;4;1;24;38;0;0;0
22;2;15;10;4;2;3;4;1;30;38;0;0;0
61;2;9;13;2;9;0;4;1;40;38;0;0;0
24;2;15;10;4;11;3;4;1;10;11;0;0;0
49;5;9;13;2;9;0;4;1;50;38;0;0;1
25;2;15;10;5;8;2;4;0;30;7;0;0;0
29;2;15;10;4;9;1;4;1;45;38;0;0;0
22;2;11;9;4;11;3;2;0;40;38;0;0;0
57;0;15;10;2;9;0;0;1;40;38;0;0;0
41;2;9;13;4;9;1;4;0;40;38;0;1;0
29;2;11;9;2;2;0;4;1;40;38;0;0;1
20;2;15;10;4;0;4;2;0;35;38;0;0;0
47;2;14;15;2;11;0;4;1;45;38;0;0;1
22;2;11;9;4;3;1;4;0;55;38;0;0;0
59;3;8;11;0;9;1;4;1;50;38;0;0;1
42;5;12;14;2;0;0;0;1;40;38;0;0;1
64;4;15;10;4;9;1;4;0;35;38;0;0;0
29;0;11;9;3;7;4;2;1;40;38;0;0;0
25;5;15;10;4;2;1;4;1;20;38;0;0;0
62;2;15;10;0;3;1;4;0;40;38;0;0;0
44;2;12;14;0;3;1;4;1;45;38;1;0;1
21;2;11;9;5;7;1;4;0;40;38;0;0;0
60;2;15;10;2;9;0;4;1;40;38;1;0;1
46;2;0;6;0;6;4;2;1;40;38;0;0;0
44;0;9;13;0;12;1;4;1;40;38;0;1;1
21;2;11;9;4;7;3;4;0;19;38;0;0;0
18;2;1;7;4;5;3;4;1;18;38;0;0;0
39;2;9;13;2;9;5;4;0;32;38;1;0;0
33;2;12;14;2;9;0;4;1;45;38;0;0;1
63;2;3;2;0;13;1;4;1;40;38;0;0;0
52;1;11;9;2;10;0;4;1;52;38;0;0;1
17;2;6;5;4;11;3;2;1;22;38;0;0;0
45;3;14;15;2;9;0;4;1;50;38;0;1;1
31;2;11;9;4;11;3;4;1;40;38;0;0;0
35;2;15;10;2;12;0;4;1;40;38;0;0;0
31;2;11;9;2;6;0;4;1;40;38;0;0;1
51;5;15;10;0;9;1;4;0;40;38;0;0;0
48;1;11;9;2;2;0;4;1;60;38;0;0;0
28;2;11;9;2;5;0;0;1;40;38;0;0;0
38;2;15;10;0;0;4;4;0;40;3;0;0;0
43;1;9;13;2;9;0;4;1;40;38;0;0;1
30;2;11;9;2;5;0;4;1;40;38;0;0;0
24;2;2;8;4;11;2;4;1;55;38;0;0;0
46;2;9;13;2;3;0;4;1;60;38;0;0;1
50;2;0;6;2;13;0;4;1;60;38;0;0;0
22;2;11;9;5;7;2;4;1;35;38;0;0;0
18;5;11;9;4;0;3;2;1;15;38;0;0;0
53;2;9;13;2;9;0;4;1;45;38;0;0;1
40;2;9;13;2;9;0;4;1;44;38;0;0;1
36;4;10;16;2;9;0;4;1;35;38;0;0;0
32;2;9;13;2;3;0;4;1;43;38;0;0;1
39;2;11;9;4;4;3;4;1;12;38;0;0;0
46;2;11;9;2;5;0;4;1;40;38;0;0;0
26;1;9;13;4;0;1;4;1;42;38;0;0;0
19;2;15;10;4;11;3;4;1;15;38;0;0;0
24;2;11;9;2;6;1;4;0;40;6;0;0;0
28;2;12;14;4;9;3;4;1;40;38;0;0;0
25;1;12;14;4;9;3;4;0;40;38;0;0;0
44;2;15;10;2;3;0;4;1;40;38;0;0;1
38;2;11;9;2;2;0;4;1;40;26;0;0;0
42;5;12;14;0;3;1;4;1;45;38;0;0;0
28;2;11;9;2;2;3;4;1;40;38;0;0;0
47;2;9;13;4;11;1;2;1;60;38;0;0;1
46;2;11;9;2;6;0;4;1;35;12;1;0;0
21;1;15;10;4;0;3;4;0;40;25;0;0;0
35;2;9;13;4;3;1;4;0;45;38;0;0;0
26;2;11;9;2;2;0;4;1;40;38;0;0;0
21;2;15;10;4;7;1;4;0;30;38;0;0;0
67;4;5;4;2;4;0;4;1;40;38;0;0;0
54;2;11;9;4;3;4;4;1;40;38;0;0;1
26;2;12;14;4;12;2;4;1;25;38;0;0;0
51;2;9;13;0;9;1;4;0;50;38;0;0;0
27;2;15;10;0;2;1;4;1;45;38;0;0;0
39;2;15;10;0;6;3;4;0;40;38;0;0;0
32;2;9;13;0;3;1;4;0;48;38;0;0;1
52;2;11;9;5;2;1;4;1;40;38;0;0;0
21;2;15;10;2;5;0;2;1;40;38;0;0;0
27;1;11;9;4;10;3;4;1;38;38;0;0;0
46;2;5;4;3;13;1;4;1;45;38;0;0;0
42;2;8;11;2;7;0;4;1;30;38;0;0;0
79;3;9;13;2;11;0;4;1;20;38;0;0;1
50;0;9;13;2;3;5;0;0;40;38;0;0;1
43;0;15;10;4;0;2;4;1;40;38;1;0;0
51;1;12;14;2;9;0;4;1;60;38;0;0;0
45;2;15;10;2;13;0;4;1;50;38;1;0;1
65;2;11;9;5;10;1;4;1;20;38;1;0;0
66;2;9;13;2;11;0;4;1;5;38;0;0;1
36;4;8;11;2;4;0;4;1;99;38;0;0;0
26;2;7;12;4;9;3;4;0;36;38;0;0;0
28;2;15;10;4;11;1;2;1;50;38;0;0;0
39;4;14;15;2;9;0;4;1;45;38;0;0;1
43;2;15;10;2;13;0;4;1;60;38;0;0;0
20;2;11;9;4;7;3;4;0;40;25;0;0;0
29;2;15;10;0;12;4;4;1;40;38;0;0;0
32;2;9;13;2;11;0;4;1;50;38;0;1;1
44;4;9;13;0;3;1;4;0;40;38;1;0;0
60;2;15;10;2;5;0;4;1;40;38;0;0;0
34;2;11;9;2;11;0;4;1;40;38;0;0;1
60;2;11;9;6;5;1;4;0;40;38;0;0;0
38;2;1;7;0;11;4;4;0;40;38;0;0;0
29;2;8;11;2;6;0;4;1;40;38;0;0;0
41;2;15;10;4;2;1;4;1;40;38;0;1;0
49;2;9;13;0;3;1;4;0;40;38;0;0;0
37;2;4;3;5;7;4;4;0;40;25;0;0;0
37;4;10;16;4;9;1;4;0;60;38;0;1;1
43;2;15;10;2;11;0;4;1;38;38;0;0;1
41;2;12;14;6;9;1;4;0;55;38;1;0;0
19;2;6;5;4;2;2;4;1;60;38;0;0;0
29;2;15;10;2;13;0;4;1;35;38;0;0;0
40;4;11;9;2;2;0;4;1;15;38;0;0;0
53;2;5;4;2;3;0;4;1;40;38;0;0;1
27;2;9;13;2;11;0;4;1;55;38;0;0;0
44;4;11;9;2;2;0;4;1;50;8;1;0;1
29;2;7;12;0;2;4;4;0;38;38;0;0;0
25;2;4;3;2;6;0;3;1;40;25;0;0;0
38;2;11;9;2;11;0;4;1;55;38;0;0;0
48;3;9;13;2;3;0;4;1;50;38;0;0;1
18;2;15;10;4;7;3;4;0;12;38;0;0;0
50;2;11;9;0;2;4;4;1;50;38;0;1;0
37;2;11;9;2;0;5;4;0;40;38;0;0;1
48;2;9;13;6;7;4;4;0;20;38;0;0;0
50;2;15;10;4;7;1;4;1;32;38;0;0;0
24;2;15;10;4;0;3;4;0;30;38;0;0;0
34;2;15;10;2;12;0;2;1;40;38;0;0;1
19;2;15;10;4;11;3;4;1;40;38;0;0;0
39;2;11;9;4;6;3;4;1;40;38;0;0;0
40;2;15;10;0;7;1;4;0;40;38;0;0;0
30;2;11;9;4;0;4;4;0;40;38;0;0;0
27;2;11;9;4;0;1;4;1;40;38;0;0;0
46;2;15;10;2;0;0;4;1;40;38;0;0;1
24;1;9;13;4;9;3;4;0;50;38;0;0;0
18;2;2;8;4;7;3;4;1;20;38;0;0;0
50;4;10;16;2;9;0;4;1;60;38;0;0;1
42;2;1;7;2;6;0;4;1;40;38;0;0;0
42;2;6;5;2;13;0;4;1;40;38;0;0;0
37;2;8;11;2;0;0;4;1;40;38;1;0;0
57;2;15;10;6;12;1;4;0;16;38;0;0;0
27;2;9;13;2;12;0;1;1;40;18;0;0;1
31;2;0;6;2;6;0;4;1;40;38;0;0;0
34;1;12;14;5;9;4;4;0;40;38;0;0;0
55;4;11;9;0;7;2;4;0;40;38;0;0;0
56;2;1;7;2;6;0;4;1;40;38;0;0;0
36;5;9;13;2;9;5;4;0;38;38;0;1;0
35;5;15;10;4;4;3;4;1;40;38;0;0;0
28;2;12;14;4;9;1;4;1;50;38;0;0;0
38;2;9;13;0;3;1;4;1;40;38;0;0;0
30;3;11;9;2;5;0;4;1;60;38;0;0;0
18;2;15;10;4;7;3;4;0;20;38;0;0;0
35;2;8;11;2;12;0;4;1;40;38;0;0;1
53;2;11;9;0;7;1;4;0;40;38;0;0;0
46;2;14;15;0;9;4;4;0;40;38;0;0;0
45;2;15;10;2;0;0;4;1;40;38;0;0;0
35;2;0;6;2;7;0;1;1;60;18;0;0;0
41;2;11;9;4;0;3;4;1;40;38;0;0;0
60;4;11;9;2;11;0;4;1;70;38;0;0;1
18;2;15;10;4;0;3;4;1;15;38;0;1;0
19;2;11;9;4;6;3;4;1;40;38;0;0;0
24;2;11;9;2;6;0;4;1;50;38;0;1;0
56;1;9;13;2;9;0;4;1;40;38;1;0;1
28;2;11;9;0;13;1;4;1;70;38;0;0;0
29;2;11;9;4;7;1;4;1;32;38;0;0;0
35;4;15;10;4;2;3;4;1;40;38;0;0;0
18;2;11;9;4;0;3;4;1;35;38;0;0;0
53;2;11;9;4;2;1;4;1;40;38;0;0;0
26;2;12;14;2;6;0;4;1;20;1;0;0;0
55;2;15;10;2;12;0;4;1;40;38;0;0;1
45;1;15;10;2;3;0;4;1;40;38;0;0;1
28;2;11;9;4;6;3;4;1;40;38;0;0;0
32;2;9;13;2;3;0;4;1;40;38;0;0;1
27;2;11;9;4;5;3;4;1;40;38;0;0;0
35;2;11;9;0;2;1;4;0;40;38;0;0;0
36;2;11;9;0;5;4;4;0;37;38;0;0;0
41;2;9;13;2;11;0;4;1;45;38;1;0;1
23;2;9;13;4;11;3;4;1;20;38;0;0;0
22;2;2;8;4;13;2;4;1;40;38;0;0;0
36;4;14;15;0;9;4;4;1;40;38;1;0;1
65;3;9;13;2;3;0;4;1;40;38;0;0;1
25;2;11;9;4;11;3;4;0;40;3;0;0;0
33;1;15;10;2;10;0;4;1;40;38;0;1;1
31;2;15;10;2;11;0;4;1;40;38;0;0;0
50;5;9;13;2;3;0;4;1;40;38;0;0;1
49;5;15;10;2;9;0;4;1;50;38;0;0;1
43;2;9;13;0;3;4;4;0;40;38;0;0;0
23;0;15;10;2;0;2;4;0;40;38;0;0;0
34;2;12;14;2;3;0;1;1;40;18;1;0;1
23;2;15;10;0;11;3;2;0;40;38;0;0;0
63;2;0;6;2;2;0;4;1;40;38;0;0;0
33;2;11;9;4;4;1;4;1;40;38;0;0;0
51;3;9;13;0;4;4;4;1;50;38;0;0;0
31;2;11;9;0;2;1;4;1;45;38;0;0;0
32;2;15;10;2;3;3;4;0;40;23;1;0;0
31;2;15;10;4;0;1;2;0;36;22;0;0;0
47;2;8;11;2;11;0;4;1;40;38;0;0;1
54;5;15;10;2;10;0;4;1;40;38;0;0;1
23;2;15;10;4;11;1;4;1;40;38;0;0;0
34;2;11;9;2;3;0;4;1;40;38;0;0;1
46;2;1;7;2;7;5;2;0;35;38;0;0;1
34;2;7;12;0;11;1;4;1;50;38;0;0;1
31;2;11;9;4;7;1;4;1;50;38;0;0;0
41;2;11;9;2;12;0;4;1;40;28;0;0;0
27;4;8;11;4;9;2;4;1;30;38;0;0;0
23;2;15;10;4;2;3;4;1;40;38;0;0;0
59;0;7;12;2;0;0;4;1;40;38;0;0;0
56;2;11;9;2;2;0;4;1;40;38;1;0;0
35;4;11;9;2;13;0;0;1;40;38;0;0;0
59;2;11;9;2;7;0;4;1;45;4;0;0;0
47;2;8;11;2;2;0;4;1;40;38;0;0;1
51;4;11;9;0;11;1;4;0;44;38;0;0;0
42;2;9;13;0;0;4;4;0;45;38;0;0;0
29;0;15;10;3;0;3;4;0;40;38;0;0;0
23;2;11;9;4;2;4;4;1;45;27;0;0;0
43;4;11;9;2;2;0;4;1;60;38;0;0;0
46;2;15;10;2;3;0;4;1;40;38;0;0;0
30;2;15;10;5;0;1;4;0;40;38;0;0;0
23;2;15;10;4;12;3;4;0;20;38;0;0;0
29;5;12;14;4;9;1;4;0;35;38;0;0;0
33;2;11;9;0;3;1;4;0;45;38;0;0;0
33;1;11;9;2;7;0;2;1;40;38;1;0;0
46;1;15;10;0;0;4;4;0;45;38;0;0;0
35;2;15;10;3;0;1;2;0;40;38;0;0;0
36;2;9;13;2;3;0;4;1;40;38;0;1;1
25;2;11;9;5;3;4;4;0;37;38;0;0;0
35;2;9;13;2;11;0;4;1;40;38;0;0;0
30;2;5;4;4;6;4;4;1;42;38;0;0;0
39;2;15;10;2;7;0;1;1;84;38;0;0;1
37;2;15;10;2;2;0;4;1;55;38;0;0;0
22;2;11;9;4;6;1;4;1;42;38;0;0;0
25;2;11;9;2;13;0;4;1;60;38;0;0;0
50;2;11;9;2;11;5;2;0;40;38;0;0;0
33;2;8;11;5;9;1;4;1;45;38;0;0;0
59;3;4;3;2;4;0;4;1;40;21;0;0;0
24;2;11;9;4;0;1;4;0;40;38;0;0;0
41;2;9;13;2;11;0;4;1;55;38;0;0;0
60;2;9;13;0;3;3;4;1;60;38;0;0;0
19;2;11;9;4;6;4;4;1;30;38;0;0;0
23;2;15;10;4;2;2;4;1;40;38;0;0;0
57;3;12;14;2;11;0;4;1;40;38;1;0;1
36;2;12;14;2;0;0;4;1;40;23;0;1;1
24;2;9;13;4;9;3;4;1;40;38;0;0;0
32;2;11;9;2;2;0;4;1;50;38;0;0;1
27;2;9;13;2;11;0;4;1;45;38;0;0;1
43;2;8;11;4;0;3;4;0;55;38;0;0;0
54;2;8;11;6;3;1;4;0;40;38;0;0;0
22;2;11;9;2;4;0;4;1;45;38;0;0;0
29;2;11;9;4;2;1;4;1;50;38;0;0;0
22;2;2;8;4;4;1;0;1;50;38;0;0;0
37;2;9;13;2;11;0;4;1;50;38;0;0;1
38;4;10;16;2;9;0;4;1;50;38;0;0;1
34;2;15;10;2;5;0;4;1;40;38;0;0;0
45;2;15;10;2;6;0;4;1;84;38;0;0;1
28;2;3;2;4;8;1;4;0;40;25;0;0;0
68;2;10;16;0;9;1;4;0;40;4;0;0;0
36;2;11;9;2;6;0;1;1;40;24;0;0;0
20;2;6;5;4;7;4;4;1;30;25;0;0;0
24;2;15;10;4;2;3;4;0;45;38;0;0;0
38;2;15;10;0;3;4;4;0;40;38;0;0;0
32;2;9;13;4;3;1;4;0;40;38;0;0;0
34;2;15;10;2;9;0;4;1;50;38;1;0;1
47;2;11;9;6;0;1;4;0;40;8;1;0;0
28;2;9;13;4;7;1;4;0;50;38;0;0;0
32;2;14;15;2;9;0;4;1;40;38;0;0;1
58;2;11;9;2;6;0;4;1;40;38;0;0;0
64;3;14;15;2;9;0;4;1;35;38;1;0;1
38;2;15;10;4;11;3;4;0;50;38;0;0;0
43;2;11;9;4;0;1;4;0;40;38;0;0;0
28;2;2;8;0;4;1;4;1;40;38;0;0;0
23;2;9;13;4;9;3;1;0;20;38;0;0;0
25;2;6;5;4;5;3;2;1;40;38;1;0;0
41;2;11;9;5;0;1;2;1;40;38;1;0;0
41;2;15;10;2;2;0;2;1;40;38;0;0;0
27;2;9;13;2;9;0;4;1;40;38;0;0;0
54;2;5;4;6;7;4;4;1;30;38;0;0;0
28;1;11;9;5;13;3;4;0;25;38;0;0;0
29;2;5;4;2;4;0;4;1;40;38;0;1;0
36;2;11;9;0;2;1;4;1;30;38;0;0;0
41;3;9;13;2;3;0;1;1;60;35;0;1;1
60;4;15;10;2;3;0;4;1;40;38;0;0;0
34;5;12;14;2;3;0;4;1;38;38;0;0;0
27;2;15;10;2;11;5;4;0;42;38;0;0;1
60;2;0;6;2;11;0;4;1;40;38;0;0;0
39;2;8;11;2;2;0;4;1;40;38;0;0;0
59;2;2;8;0;13;2;2;1;35;38;0;0;0
34;4;10;16;2;9;0;4;1;32;1;0;0;1
36;2;8;11;2;3;0;4;1;40;38;0;0;0
54;2;15;10;2;11;0;4;1;40;38;0;0;1
48;2;8;11;2;12;0;4;1;40;38;0;0;1
19;2;5;4;4;7;3;4;1;33;38;0;0;0
40;2;14;15;2;9;0;4;1;40;38;0;0;1
25;2;11;9;4;5;1;4;1;45;38;0;0;0
39;2;7;12;5;0;4;4;1;40;38;0;0;0
34;4;15;10;2;2;0;4;1;40;38;0;0;0
30;2;11;9;5;7;4;4;0;30;38;0;0;0
43;2;11;9;4;7;4;2;0;24;38;0;0;0
35;2;9;13;2;9;0;1;1;40;29;0;0;1
36;1;10;16;2;9;0;4;1;50;38;0;1;1
59;4;11;9;2;4;0;4;1;65;38;0;0;1
33;4;11;9;2;2;0;4;1;40;38;0;0;0
22;2;15;10;4;5;3;4;1;50;38;0;0;0
48;2;11;9;2;2;0;4;1;45;38;0;0;0
54;2;11;9;6;0;4;4;0;40;38;0;0;0
49;2;15;10;0;0;1;4;0;38;38;0;0;0
37;2;9;13;4;12;1;4;0;40;38;0;0;0
45;2;11;9;2;6;0;2;1;40;38;0;0;0
51;3;15;10;5;11;1;4;0;40;38;0;0;0
46;2;15;10;2;2;0;4;1;40;38;0;0;0
31;4;9;13;2;3;5;4;0;40;38;0;0;1
39;2;15;10;2;0;3;2;0;50;38;0;0;1
35;2;11;9;2;5;0;4;1;40;38;1;0;0
26;2;9;13;4;0;3;4;0;40;38;0;0;1
51;2;15;10;2;0;0;4;1;40;38;1;0;1
31;2;12;14;2;9;0;1;1;6;34;0;0;0
39;2;11;9;2;6;0;4;1;40;38;0;0;1
26;2;1;7;4;7;2;4;1;30;25;0;0;0
25;2;9;13;2;12;0;4;1;35;38;0;0;0
61;0;15;10;2;0;0;4;1;40;38;0;1;1
49;2;11;9;0;11;3;4;0;40;38;0;0;0
53;2;9;13;4;9;1;4;0;45;25;0;0;0
52;2;13;1;2;6;0;4;1;40;7;0;0;0
52;2;11;9;2;13;0;4;1;55;38;0;0;0
50;2;11;9;0;0;1;2;1;40;38;0;0;0
29;2;9;13;4;11;1;4;0;35;38;1;0;1
76;2;5;4;6;10;1;4;1;30;38;0;0;0
19;2;11;9;4;0;3;4;0;15;38;0;0;0
25;2;11;9;2;13;0;4;1;40;38;0;0;0
45;2;11;9;0;0;4;4;0;40;38;0;0;0
34;2;7;12;0;0;3;4;0;35;38;0;0;0
20;2;15;10;4;7;3;4;0;16;38;0;0;0
27;2;15;10;2;12;0;4;1;40;38;0;0;0
41;2;15;10;2;0;0;4;1;40;38;1;0;0
43;2;11;9;2;7;0;4;1;60;26;0;0;0
23;2;11;9;4;0;3;4;0;40;38;0;0;0
37;0;15;10;0;0;4;2;0;40;38;0;0;0
31;2;9;13;2;3;0;4;1;40;38;0;0;0
33;5;15;10;2;2;0;4;1;4;38;0;0;0
28;2;7;12;4;11;3;4;1;20;38;0;0;0
35;2;15;10;0;0;4;4;0;40;38;0;0;0
41;2;7;12;2;12;0;4;1;75;38;0;0;1
17;2;1;7;4;7;2;4;0;12;38;0;0;0
41;1;9;13;2;9;5;2;0;40;38;0;0;1
44;2;8;11;0;11;1;4;1;45;38;0;0;0
47;2;5;4;2;2;0;4;1;40;25;0;0;0
24;2;11;9;4;5;3;2;1;40;38;0;0;0
38;4;8;11;0;7;4;4;0;40;38;0;0;0
34;2;15;10;2;3;0;2;1;52;22;0;0;0
62;1;11;9;0;7;1;2;0;35;38;0;0;0
27;1;11;9;2;0;0;4;1;38;38;0;0;0
59;2;15;10;2;0;5;4;0;40;38;0;0;1
35;2;12;14;2;3;0;4;1;40;38;0;0;0
38;2;11;9;5;7;4;2;0;32;38;0;0;0
28;2;15;10;4;7;3;4;0;50;38;0;0;0
28;2;11;9;4;0;2;4;0;38;38;0;0;0
59;5;6;5;2;13;0;4;1;40;38;0;0;0
42;2;15;10;5;0;3;4;0;40;38;0;0;0
54;1;12;14;4;9;1;4;0;32;38;0;0;1
39;2;11;9;2;9;0;4;1;45;38;0;0;0
41;2;9;13;2;4;0;4;1;40;38;0;0;0
43;2;9;13;0;0;4;4;0;40;10;0;0;0
32;3;9;13;2;7;0;1;1;50;19;0;0;1
62;2;15;10;5;11;4;4;0;33;38;0;1;0
58;2;11;9;0;0;1;4;0;40;38;0;0;0
43;2;11;9;0;2;1;4;1;40;38;0;0;0
31;2;11;9;0;6;4;4;0;40;38;0;0;0
51;1;12;14;2;9;5;4;0;70;38;0;0;1
54;2;9;13;4;7;3;2;0;36;38;0;0;0
20;2;15;10;4;6;1;4;1;70;38;0;0;0
35;2;15;10;2;11;0;4;1;40;38;0;0;1
22;2;11;9;4;7;3;4;0;36;38;0;0;0
38;2;9;13;0;3;1;4;1;60;38;1;0;0
42;2;11;9;2;3;0;4;1;40;38;0;0;0
44;5;12;14;2;0;0;4;1;40;38;0;0;1
28;4;11;9;2;4;0;4;1;70;38;0;0;1
74;3;15;10;2;3;0;4;1;35;38;0;0;1
34;2;11;9;2;3;5;2;0;40;38;0;0;0
50;5;11;9;2;9;0;4;1;52;38;0;0;0
50;2;8;11;6;3;4;4;0;40;38;0;0;0
43;2;11;9;2;5;0;4;1;40;38;0;0;0
29;4;11;9;2;2;0;4;1;40;38;0;0;0
61;2;11;9;2;3;0;4;1;50;38;0;0;1
21;2;15;10;4;0;3;1;0;40;39;0;0;0
47;2;10;16;2;9;0;4;1;40;19;0;0;1
39;2;7;12;0;9;4;4;0;40;38;0;1;0
33;2;11;9;2;2;0;4;1;40;38;0;0;0
22;2;11;9;4;11;2;2;0;37;38;0;0;0
38;2;15;10;0;0;4;2;0;40;38;0;0;0
45;2;15;10;2;2;0;4;1;40;38;0;0;0
42;2;11;9;2;6;0;4;1;45;38;0;0;1
35;2;15;10;4;2;1;4;1;45;10;0;0;0
21;2;11;9;4;0;1;4;0;40;38;0;0;0
49;5;8;11;0;0;1;2;0;44;38;0;0;0
50;2;9;13;5;9;3;3;0;40;38;0;0;0
36;5;10;16;2;9;5;4;0;36;38;0;0;1
20;2;11;9;4;0;3;4;1;20;38;0;0;0
49;2;11;9;5;9;4;2;0;40;38;0;0;0
40;5;9;13;2;9;0;4;1;60;38;0;0;1
22;2;15;10;0;0;4;4;0;40;38;0;0;0
67;2;1;7;6;0;4;4;0;20;38;0;0;0
21;2;15;10;4;0;1;3;0;40;38;0;0;0
60;4;11;9;2;4;0;0;1;50;38;0;0;0
17;2;1;7;4;7;3;4;0;12;38;0;0;0
43;2;12;14;2;3;5;4;0;32;38;1;0;1
49;5;9;13;2;3;0;4;1;45;38;0;0;1
41;2;9;13;5;9;1;2;0;60;38;1;0;1
38;2;15;10;0;2;4;4;1;40;38;0;0;0
38;2;11;9;2;2;0;4;1;40;38;0;0;0
35;2;7;12;2;3;0;4;1;99;38;0;0;1
40;2;15;10;4;11;1;4;1;40;38;0;0;0
40;2;11;9;2;13;0;4;1;60;38;0;0;1
46;5;11;9;0;0;4;4;0;40;38;0;0;0
25;2;15;10;3;0;4;4;0;22;38;0;0;0
36;2;11;9;2;6;0;2;1;40;38;1;0;1
24;2;7;12;4;5;1;4;1;48;38;0;0;0
62;2;11;9;2;6;0;4;1;48;38;0;0;0
54;2;13;1;2;2;0;1;1;40;2;0;0;0
23;2;9;13;2;0;2;4;0;40;38;0;0;0
60;2;11;9;2;0;5;4;0;40;38;0;0;0
18;3;11;9;4;4;3;4;0;8;38;0;0;0
41;1;15;10;2;0;5;2;0;40;38;0;0;0
45;1;12;14;4;9;1;4;0;40;38;0;0;0
62;5;8;11;6;3;4;2;0;40;38;0;0;0
28;2;9;13;3;12;4;2;0;40;38;0;0;0
36;3;15;10;2;3;0;4;1;60;40;0;0;1
31;2;11;9;4;11;2;4;1;40;38;0;0;0
33;4;11;9;5;2;4;4;1;50;38;0;0;0
62;4;14;15;2;9;0;4;1;16;38;0;0;0
27;2;5;4;2;7;5;4;0;40;38;0;0;0
42;0;8;11;0;0;4;2;0;40;38;0;0;1
55;2;6;5;4;5;2;2;1;37;38;0;0;0
41;2;11;9;4;11;1;4;0;50;38;0;0;0
26;2;15;10;2;3;0;4;1;50;38;1;0;0
45;2;15;10;2;0;5;4;0;40;38;0;0;1
67;4;11;9;6;4;1;4;1;65;38;0;0;0
25;2;8;11;2;2;0;4;1;45;38;0;0;0
30;3;11;9;2;2;0;4;1;48;38;0;1;1
22;2;9;13;4;3;4;4;1;40;38;0;0;0
19;2;15;10;4;7;3;4;1;20;38;0;0;0
26;2;9;13;4;3;1;4;0;45;38;0;0;0
61;2;11;9;2;2;0;4;1;50;38;0;0;0
32;2;14;15;4;11;1;4;0;50;38;1;0;1
43;2;11;9;0;0;1;4;0;40;38;0;0;0
53;2;11;9;0;8;1;4;0;20;38;0;0;0
53;0;15;10;0;0;1;4;1;45;38;0;0;0
42;3;2;8;0;2;1;4;1;10;38;0;0;0
36;2;11;9;2;0;5;4;0;40;38;0;0;1
55;4;9;13;2;3;0;4;1;99;38;0;0;0
35;0;9;13;2;9;0;4;1;40;38;1;0;1
17;2;1;7;4;11;3;4;0;16;38;0;0;0
55;4;14;15;0;9;1;4;0;35;38;0;0;0
36;2;11;9;2;3;0;4;1;40;38;0;0;0
40;1;12;14;2;9;5;4;0;40;38;0;0;1
54;4;0;6;0;7;1;2;0;10;38;0;0;0
45;4;9;13;0;9;1;4;1;45;38;0;0;0
48;2;15;10;2;12;0;4;1;40;38;0;0;1
40;1;14;15;4;3;1;4;1;60;38;0;0;1
31;2;9;13;2;9;0;4;1;50;38;0;0;0
26;2;9;13;4;0;3;1;1;40;35;0;0;0
34;2;15;10;2;3;5;4;0;40;38;0;1;1
19;2;11;9;4;0;3;3;0;25;32;0;0;0
31;0;7;12;2;2;0;4;1;40;38;0;0;0
34;2;11;9;4;9;1;4;0;30;38;0;0;0
55;1;12;14;2;3;0;4;1;55;38;0;0;1
38;2;15;10;2;2;0;4;1;40;38;0;0;0
21;2;11;9;4;5;2;4;1;20;25;0;0;0
27;2;5;4;2;2;0;4;1;40;38;0;0;0
35;2;11;9;5;7;1;2;1;40;38;0;0;0
20;2;15;10;4;0;3;3;0;20;38;0;0;0
24;4;8;11;4;7;4;4;0;38;38;0;0;0
18;0;1;7;4;6;3;4;1;4;38;0;0;0
28;1;15;10;3;0;4;4;0;40;38;0;0;0
36;2;11;9;0;13;1;4;0;40;38;0;0;0
66;2;15;10;2;13;0;4;1;20;38;0;1;0
19;2;15;10;4;7;3;4;0;15;38;0;0;0
59;4;0;6;2;3;5;4;0;36;38;0;0;0
33;2;11;9;2;13;0;4;1;46;38;0;0;0
28;2;5;4;5;5;1;4;1;40;25;0;0;0
34;2;9;13;4;7;1;4;1;40;38;0;1;0
41;2;15;10;0;0;1;4;0;55;38;0;0;0
30;2;1;7;2;2;0;4;1;45;38;0;0;0
59;2;11;9;2;2;0;4;1;40;38;0;0;0
42;2;9;13;2;11;0;4;1;60;38;0;0;0
47;2;11;9;5;9;2;2;0;38;38;1;0;1
29;2;0;6;3;0;4;4;0;40;25;0;0;0
60;2;15;10;3;6;1;4;1;50;38;0;0;1
53;1;11;9;2;2;0;4;1;35;38;1;0;0
41;2;5;4;2;3;0;4;1;60;38;0;0;0
32;2;15;10;0;11;4;4;0;30;38;0;0;0
20;2;11;9;4;11;1;4;0;30;38;0;0;0
49;2;12;14;2;11;0;4;1;40;38;0;0;1
36;1;9;13;4;9;4;4;1;40;38;0;0;0
33;5;15;10;0;0;4;4;0;45;38;0;0;0
25;2;15;10;4;7;1;1;0;34;38;0;0;0
40;1;7;12;2;10;0;4;1;40;38;0;0;0
48;2;11;9;2;13;0;4;1;44;38;0;0;0
51;2;15;10;2;5;0;4;1;50;38;0;0;0
22;2;7;12;4;5;3;2;1;20;22;0;0;0
34;2;15;10;2;9;0;2;1;50;38;0;0;0
22;2;0;6;2;11;5;4;0;40;38;0;0;0
34;3;11;9;2;3;0;4;1;40;38;0;1;0
56;2;11;9;0;7;1;4;1;40;38;0;0;0
49;2;11;9;2;6;0;4;1;40;38;0;1;0
36;2;9;13;4;7;1;4;0;40;38;0;0;0
18;2;15;10;4;11;3;4;0;20;38;0;0;0
26;4;11;9;4;2;3;4;1;50;38;0;0;0
48;2;11;9;2;3;0;4;1;50;38;0;0;0
35;4;11;9;2;3;0;4;1;40;38;0;0;0
29;2;11;9;4;5;3;4;1;40;38;0;0;0
47;2;11;9;2;2;0;4;1;40;38;0;0;1
21;2;8;11;2;0;5;4;0;12;38;0;0;0
28;2;15;10;4;11;1;4;0;50;38;0;0;0
53;2;15;10;2;13;0;4;1;40;38;0;0;1
65;0;11;9;0;0;1;4;0;40;38;0;0;0
26;2;15;10;3;0;4;4;0;40;38;0;0;0
50;2;9;13;2;3;0;4;1;50;38;0;1;1
26;2;11;9;2;2;0;4;1;50;38;0;0;0
70;2;11;9;2;9;0;4;1;20;38;0;0;0
55;2;15;10;0;6;3;4;1;40;38;0;0;0
27;0;9;13;4;13;2;4;1;35;38;0;0;0
31;2;15;10;2;3;0;4;1;40;4;0;0;1
43;2;9;13;2;11;0;4;1;55;38;0;1;1
24;2;1;7;2;2;0;4;1;40;38;0;0;0
22;2;5;4;4;7;4;4;0;40;25;0;0;0
26;2;11;9;4;2;4;2;0;40;38;0;0;0
23;2;0;6;4;2;1;4;0;40;38;0;0;0
41;4;11;9;2;4;0;4;1;60;38;0;0;0
52;2;12;14;2;11;0;4;1;40;38;0;0;0
41;4;11;9;2;4;5;4;0;40;38;0;0;0
59;4;0;6;2;4;0;4;1;40;38;0;0;0
56;4;15;10;2;3;5;4;0;50;38;0;1;1
58;2;11;9;0;2;1;4;1;48;38;1;0;1
65;2;9;13;2;3;0;4;1;40;38;0;0;1
24;1;9;13;4;9;1;1;1;40;38;0;0;0
51;2;7;12;2;11;0;4;1;45;38;1;0;1
31;2;15;10;2;5;0;4;1;45;38;0;0;0
84;2;11;9;6;9;1;4;0;16;38;0;0;0
51;2;15;10;2;2;0;4;1;40;38;0;0;0
24;1;9;13;4;9;1;4;1;50;38;0;0;0
30;2;11;9;2;6;0;4;1;45;38;0;0;0
22;2;0;6;4;7;1;4;1;40;25;0;0;0
30;2;12;14;4;9;1;4;1;40;20;0;0;0
47;2;15;10;0;3;4;4;0;40;38;0;0;0
19;2;11;9;4;11;3;4;0;35;38;0;0;0
43;4;15;10;0;0;4;4;0;36;38;0;0;0
30;2;9;13;4;3;1;4;0;50;38;0;0;0
46;2;12;14;0;3;1;4;0;45;38;0;0;0
49;1;9;13;2;9;0;4;1;60;38;0;0;0
37;2;4;3;4;6;4;4;0;40;25;0;0;0
42;2;12;14;4;3;1;4;1;40;38;0;0;0
57;2;15;10;2;11;0;4;1;50;38;1;0;0
46;2;7;12;4;0;1;4;0;40;38;0;0;0
23;2;15;10;4;7;3;4;0;20;38;0;0;0
26;2;9;13;2;2;0;4;1;58;38;0;0;1
64;2;12;14;4;9;2;4;0;8;38;0;0;0
20;2;11;9;4;0;4;4;0;40;10;0;0;0
31;2;11;9;0;13;1;4;1;40;38;0;0;0
38;2;9;13;2;12;0;4;1;40;38;0;1;1
44;2;15;10;0;6;1;4;1;40;38;0;0;0
42;4;8;11;2;2;0;1;1;40;38;1;0;0
23;2;9;13;4;3;4;4;1;40;38;0;0;0
31;1;12;14;2;9;0;4;1;90;38;0;0;1
35;4;1;7;2;2;0;4;1;36;38;0;0;0
30;4;15;10;0;2;1;4;1;35;38;0;0;0
35;2;11;9;0;2;3;4;1;20;38;0;0;0
40;2;11;9;3;0;3;4;0;38;38;0;0;0
18;2;1;7;4;7;3;4;0;20;38;0;0;0
63;2;11;9;2;0;0;2;1;40;38;0;0;0
20;5;11;9;4;13;3;4;1;40;38;0;0;0
50;1;12;14;2;3;0;4;1;60;38;0;0;1
49;2;12;14;2;11;0;4;1;45;38;0;0;0
53;4;0;6;2;4;0;4;1;40;38;0;0;0
34;2;11;9;5;0;3;4;0;40;38;0;0;0
54;2;11;9;0;13;1;4;1;56;38;0;0;1
40;2;15;10;2;0;0;4;1;40;38;0;0;1
22;2;9;13;4;11;1;4;0;40;38;0;0;0
28;2;0;6;4;4;2;4;1;35;25;0;0;0
24;2;11;9;4;2;3;4;1;40;7;0;0;0
37;2;3;2;4;7;4;4;0;48;7;0;0;0
62;2;11;9;2;11;5;4;0;16;38;0;0;0
51;2;8;11;6;9;4;1;0;40;38;0;0;0
65;2;15;10;6;0;1;4;0;40;38;1;0;0
31;2;11;9;4;0;3;4;0;8;38;0;0;0
42;3;15;10;0;3;4;4;1;90;38;0;0;1
42;2;11;9;2;7;5;2;0;35;38;0;0;0
54;2;7;12;2;2;0;4;1;40;4;0;0;0
23;2;9;13;4;3;3;4;0;60;38;0;0;0
28;2;11;9;4;7;1;4;0;46;38;0;0;0
42;2;1;7;0;2;1;4;1;40;38;0;0;0
30;2;11;9;4;3;1;2;1;40;38;0;0;0
33;0;11;9;2;2;0;4;1;40;38;0;0;0
33;2;11;9;0;12;1;4;0;40;38;0;0;0
39;2;11;9;0;6;4;4;1;40;38;1;0;0
27;2;1;7;2;5;0;4;1;40;38;0;0;0
62;2;4;3;2;4;0;1;1;40;29;0;0;0
17;2;0;6;4;11;2;4;1;30;38;0;0;0
58;2;15;10;0;0;1;2;0;55;38;0;0;1
69;3;12;14;2;3;0;4;1;40;38;1;0;1
34;2;9;13;2;9;0;4;1;42;38;0;0;1
34;2;9;13;5;11;1;4;1;50;38;0;1;1
20;2;11;9;4;5;3;4;1;35;38;0;0;0
64;0;15;10;2;0;5;4;0;40;38;0;0;1
41;2;11;9;2;0;5;4;0;40;38;0;0;1
40;2;5;4;2;2;0;4;1;40;7;0;0;0
53;1;12;14;2;0;0;4;1;38;38;0;0;1
44;2;10;16;4;9;1;4;1;45;38;0;0;0
37;2;4;3;4;0;2;4;0;40;25;0;0;0
46;2;9;13;2;12;0;4;1;60;38;0;0;1
17;2;6;5;4;6;3;4;1;20;38;0;0;0
35;2;11;9;0;2;1;4;1;40;38;0;0;0
36;1;7;12;5;0;4;4;0;40;38;0;0;0
49;5;11;9;2;5;0;4;1;40;38;0;0;1
48;2;14;15;0;9;4;4;0;25;38;0;0;0
26;2;9;13;4;11;2;4;1;40;38;0;0;0
26;2;7;12;4;0;1;4;0;8;38;0;0;0
35;5;11;9;2;2;0;4;1;40;38;0;0;0
29;2;6;5;4;6;1;4;1;40;38;0;0;0
54;2;15;10;2;11;0;4;1;50;38;1;0;1
36;1;15;10;5;0;3;2;1;40;38;0;0;0
25;2;9;13;2;9;0;4;1;40;38;0;0;0
18;1;0;6;4;7;3;4;1;25;38;0;0;0
21;2;15;10;4;11;3;2;0;20;38;0;0;0
22;2;11;9;2;7;3;2;1;40;38;0;0;0
52;2;11;9;2;2;0;4;1;45;7;0;0;1
36;4;15;10;2;7;5;4;0;40;38;0;0;0
25;2;9;13;4;3;3;4;0;60;38;0;1;0
49;4;10;16;4;9;1;4;1;70;38;1;0;1
42;2;15;10;2;11;0;4;1;50;38;0;0;1
37;2;8;11;2;11;0;4;1;54;38;0;0;0
39;2;7;12;4;2;3;4;1;40;38;0;0;0
32;2;9;13;4;9;1;4;1;40;38;0;0;0
53;2;11;9;2;3;0;4;1;40;38;0;0;0
30;2;1;7;2;2;0;4;1;40;38;0;0;0
51;2;15;10;2;12;5;4;0;40;38;0;0;1
62;1;8;11;0;0;1;2;0;40;38;0;0;0
38;2;4;3;2;6;0;4;1;40;25;0;0;0
23;2;9;13;4;12;1;4;1;40;38;0;0;0
39;2;11;9;2;6;0;4;1;40;38;0;1;0
37;0;15;10;4;0;3;4;1;40;38;0;0;0
41;2;15;10;2;6;0;4;1;40;38;0;0;0
47;4;9;13;2;11;0;4;1;40;38;0;0;1
25;2;15;10;2;3;5;2;0;40;38;0;0;1
35;2;7;12;0;7;4;4;0;50;38;0;0;0
47;2;11;9;2;2;0;4;1;45;38;0;1;1
30;2;11;9;4;7;1;4;1;40;32;0;0;0
29;2;8;11;2;12;0;4;1;40;38;0;1;0
36;2;8;11;2;3;5;4;0;50;38;0;0;1
42;2;9;13;3;13;1;4;1;60;38;0;0;0
51;2;11;9;2;13;0;2;1;40;38;0;0;0
34;2;11;9;0;0;3;4;1;40;38;0;0;0
44;3;11;9;0;2;1;4;1;60;31;0;0;0
27;2;9;13;4;6;1;4;1;41;38;0;0;0
39;2;11;9;5;5;1;2;1;40;38;0;0;0
46;2;11;9;0;2;1;4;1;40;38;0;1;0
32;4;11;9;0;11;3;4;1;62;38;0;1;0
31;2;9;13;4;11;1;2;0;50;38;0;0;0
23;2;1;7;4;2;4;4;1;35;38;0;0;0
47;2;12;14;2;3;0;4;1;55;38;1;0;1
66;2;9;13;2;9;0;4;1;99;38;0;0;0
26;2;11;9;4;6;3;4;1;40;38;0;0;0
52;2;11;9;2;5;0;4;1;40;38;0;0;1
53;3;1;7;6;3;1;4;0;30;38;0;0;0
48;4;9;13;2;3;0;1;1;40;23;0;0;0
37;3;7;12;5;3;4;4;1;50;38;0;0;0
17;2;1;7;4;7;3;4;0;5;38;0;0;0
50;2;8;11;2;2;0;4;1;40;38;0;0;1
17;0;1;7;4;0;1;2;0;40;38;0;1;0
39;2;15;10;0;2;4;2;1;40;38;0;0;0
28;0;9;13;4;12;1;2;0;40;38;0;0;0
38;2;7;12;0;2;1;4;1;40;38;0;0;0
53;2;11;9;2;13;0;4;1;40;38;0;1;1
28;1;9;13;0;9;1;4;1;40;38;0;0;0
42;2;15;10;2;9;0;4;1;32;38;1;0;1
40;2;6;5;4;13;1;4;1;45;38;0;0;0
20;2;15;10;4;6;3;4;1;40;38;0;0;0
32;5;9;13;2;10;0;4;1;40;38;0;0;1
23;5;9;13;4;0;3;4;1;40;38;0;0;0
25;2;9;13;4;11;3;1;1;40;39;1;0;0
41;2;11;9;2;2;0;1;1;40;35;0;0;0
42;2;9;13;2;9;0;4;1;40;38;1;0;1
18;2;2;8;4;11;3;4;1;14;38;1;0;0
29;1;9;13;2;9;0;4;1;60;10;0;1;1
36;2;11;9;2;11;0;4;1;50;38;0;0;0
34;2;0;6;2;2;0;4;1;40;38;0;0;0
34;2;11;9;0;2;4;4;1;44;38;0;0;0
48;5;14;15;2;9;0;4;1;50;38;1;0;1
36;3;14;15;2;9;0;4;1;80;38;0;0;1
67;0;11;9;6;7;4;4;1;40;38;0;0;0
53;2;11;9;2;2;0;4;1;40;38;1;0;1
53;4;9;13;2;3;0;4;1;40;38;0;1;1
45;2;10;16;0;9;1;4;1;45;38;0;0;1
22;2;0;6;5;7;4;4;0;35;38;0;0;0
25;2;9;13;2;3;0;4;1;43;38;0;0;0
61;2;15;10;0;7;1;4;0;40;38;0;0;0
31;1;15;10;4;0;1;2;0;40;38;0;0;0
47;3;11;9;2;9;0;4;1;38;10;0;0;0
31;2;3;2;2;9;0;4;1;45;38;0;0;0
17;2;6;5;4;11;2;3;0;32;25;0;0;0
38;3;15;10;2;11;0;4;1;50;38;0;0;1
42;2;15;10;6;3;1;0;0;40;38;0;0;0
78;2;4;3;2;13;0;1;1;36;38;0;0;0
54;2;8;11;2;3;0;4;1;40;38;0;0;1
26;1;9;13;4;0;3;1;0;50;38;0;0;0
30;2;11;9;2;9;0;4;1;35;38;0;0;1
46;2;9;13;2;2;0;4;1;40;38;0;0;1
26;2;9;13;4;9;1;2;0;45;38;0;0;0
30;2;11;9;4;11;3;4;0;35;38;0;0;0
66;1;10;16;2;9;0;2;1;35;22;1;0;1
23;2;11;9;4;2;3;2;1;40;38;1;0;0
25;2;15;10;4;12;3;4;1;40;38;0;0;0
32;3;9;13;2;11;0;4;1;40;38;0;0;0
25;1;11;9;2;2;0;4;1;38;38;0;0;0
51;2;1;7;2;6;0;4;1;40;38;0;0;0
24;5;9;13;4;9;1;4;1;40;38;0;0;0
22;2;15;10;4;12;3;4;0;40;38;0;0;0
28;2;11;9;4;3;1;4;0;40;38;0;0;0
29;1;1;7;0;7;4;2;0;20;38;0;0;0
26;2;9;13;4;7;3;4;1;40;38;0;0;0
41;0;9;13;4;3;1;4;1;40;38;0;0;1
19;2;15;10;4;11;3;4;0;35;38;0;0;0
51;2;14;15;2;9;0;4;1;50;38;0;0;1
27;2;4;3;2;4;0;4;1;40;25;0;0;0
33;2;9;13;2;9;0;2;1;40;38;0;0;1
19;2;11;9;4;11;3;4;0;8;38;0;0;0
41;2;9;13;2;9;0;4;1;45;38;0;0;1
29;0;12;14;2;9;0;4;1;40;38;0;0;1
28;2;11;9;2;0;0;2;1;40;38;0;0;0
25;2;15;10;4;3;3;4;1;40;38;0;0;0
21;0;11;9;4;0;3;4;1;36;38;0;0;0
24;1;15;10;4;12;1;4;1;50;38;1;0;1
48;2;1;7;0;7;1;4;0;31;38;0;0;0
46;3;14;15;2;9;0;4;1;60;38;0;0;1
35;2;15;10;2;11;0;4;1;50;38;0;0;0
35;0;9;13;2;3;0;4;1;40;38;0;0;1
50;2;0;6;2;2;0;4;1;40;38;0;0;0
45;2;15;10;2;3;0;4;1;40;38;0;0;0
62;1;9;13;2;9;5;4;0;40;38;0;0;0
39;1;12;14;2;9;0;4;1;45;38;0;1;1
33;1;11;9;0;2;4;4;1;40;38;0;0;0
22;2;15;10;4;5;1;4;0;30;38;0;0;0
50;2;11;9;2;2;0;4;1;48;38;0;0;1
25;2;1;7;0;3;4;4;0;40;38;0;0;0
44;2;15;10;0;7;4;4;0;40;38;0;0;0
26;2;11;9;2;13;0;4;1;40;38;0;0;1
31;5;12;14;0;3;4;4;0;50;38;0;0;1
56;2;11;9;2;11;5;4;0;15;38;0;0;0
49;4;5;4;2;11;0;4;1;40;38;0;0;0
49;2;2;8;2;2;0;4;1;40;38;0;0;1
46;2;11;9;6;0;4;4;0;43;38;0;0;0
33;2;15;10;4;2;1;2;1;40;38;0;0;0
25;2;9;13;4;9;1;4;0;30;38;0;0;0
40;2;7;12;0;3;1;4;0;40;38;0;0;1
32;5;12;14;4;9;1;4;1;10;38;0;0;0
44;2;9;13;2;13;0;4;1;55;38;0;0;0
48;2;11;9;0;0;1;4;0;30;38;0;0;0
17;2;0;6;4;11;3;4;0;12;38;0;0;0
50;2;8;11;2;9;5;4;0;36;38;0;1;1
61;2;15;10;2;0;5;4;0;34;38;1;0;1
22;1;11;9;4;5;3;2;1;40;38;0;0;0
17;2;1;7;4;5;3;4;1;17;38;0;0;0
49;3;14;15;2;9;0;4;1;60;38;0;0;1
26;2;11;9;2;7;0;4;1;50;38;0;0;0
19;5;15;10;4;9;3;4;1;10;38;0;0;0
17;2;2;8;4;7;3;4;0;16;38;0;0;0
38;2;11;9;2;7;0;4;1;40;38;0;0;0
34;1;8;11;0;10;3;1;1;40;38;0;0;0
51;2;11;9;2;2;0;4;1;50;38;1;0;1
48;2;11;9;2;2;0;4;1;42;38;0;0;1
63;2;12;14;2;9;0;4;1;50;38;0;0;1
19;2;11;9;4;6;3;4;0;40;38;0;0;0
73;2;15;10;2;0;5;4;0;36;38;1;0;1
51;2;11;9;0;9;1;4;0;43;38;0;0;0
54;2;15;10;2;9;0;4;1;40;38;0;0;1
41;2;11;9;2;2;0;4;1;40;38;0;1;1
36;4;9;13;2;3;0;4;1;50;38;1;0;1
42;2;5;4;2;2;0;3;1;40;38;0;0;0
38;2;15;10;2;2;0;4;1;40;38;1;0;1
37;5;9;13;2;3;0;4;1;50;38;0;0;1
35;5;11;9;2;2;0;4;1;40;38;0;1;1
51;4;15;10;2;2;0;4;1;40;38;0;0;0
23;2;8;11;4;0;1;4;0;40;38;0;0;0
27;5;9;13;4;9;3;2;0;40;38;0;0;0
37;2;8;11;2;6;0;4;1;42;38;0;0;1
29;2;11;9;2;6;0;4;1;45;38;0;0;0
33;2;3;2;2;2;1;4;1;32;25;0;1;0
60;2;11;9;0;6;1;4;1;40;38;1;0;0
22;2;9;13;4;0;3;4;1;20;38;0;0;0
60;5;8;11;6;7;1;2;0;37;38;0;0;0
35;2;1;7;5;7;4;4;1;20;38;0;0;0
45;2;8;11;0;0;1;4;0;40;38;0;0;0
30;2;11;9;2;6;0;1;1;40;39;0;0;1
43;3;15;10;2;3;0;4;1;70;38;0;0;1
32;5;12;14;4;0;1;4;0;38;38;0;0;0
35;2;11;9;2;2;0;4;1;42;38;0;0;0
32;2;8;11;0;7;4;2;0;40;38;0;0;0
61;2;8;11;2;2;0;1;1;40;38;0;0;1
40;5;12;14;0;3;4;4;0;40;38;1;0;0
42;3;9;13;2;11;0;4;1;60;38;0;0;1
21;2;15;10;4;11;4;4;0;35;38;0;0;0
21;2;15;10;4;11;3;4;0;20;38;0;0;0
26;2;9;13;4;3;1;4;0;40;38;0;0;0
36;5;11;9;2;3;0;4;1;60;38;0;0;1
24;2;9;13;2;11;2;4;1;40;38;0;0;0
47;2;9;13;2;3;0;4;1;57;38;0;0;1
51;2;7;12;0;12;1;4;1;30;38;0;0;0
67;2;15;10;6;11;1;4;0;25;26;0;0;0
49;2;11;9;2;4;0;4;1;25;38;0;0;0
58;2;8;11;2;2;0;4;1;48;38;0;1;1
61;2;5;4;0;6;4;4;0;40;38;0;0;0
36;2;11;9;2;2;0;2;1;35;38;0;0;0
19;2;15;10;4;12;2;1;1;40;39;0;0;0
29;4;15;10;2;2;0;4;1;35;38;0;0;0
43;2;9;13;2;6;0;4;1;40;38;0;1;1
60;4;11;9;0;11;1;2;1;55;38;1;0;0
21;2;15;10;4;11;4;4;1;40;38;0;0;0
22;2;11;9;5;11;4;4;0;40;38;0;0;0
33;2;9;13;2;3;0;4;1;65;38;0;0;1
36;2;9;13;4;11;1;1;0;50;2;0;0;0
37;2;9;13;4;13;1;4;1;46;38;0;0;0
35;2;7;12;1;0;5;4;0;40;38;0;0;0
17;2;0;6;4;8;3;4;1;30;38;0;0;0
37;2;11;9;2;2;0;4;1;60;38;0;0;1
28;2;15;10;2;2;0;4;1;40;38;0;0;1
42;2;15;10;0;6;1;4;0;40;38;0;0;0
57;3;11;9;2;13;0;4;1;60;17;1;0;1
26;2;15;10;4;4;2;4;0;65;38;0;0;0
45;1;1;7;2;7;0;2;1;50;38;0;0;0
32;2;9;13;2;2;0;4;1;44;38;0;0;1
63;2;15;10;6;0;4;4;0;43;38;0;0;0
22;2;15;10;4;9;2;1;0;20;34;0;0;0
36;2;15;10;2;3;0;4;1;55;38;0;0;1
45;5;11;9;2;3;5;4;0;40;38;0;0;0
34;4;14;15;2;9;0;4;1;55;38;0;0;1
27;5;9;13;4;9;1;4;1;60;38;0;0;0
47;4;11;9;2;4;0;4;1;56;38;0;0;1
46;2;5;4;4;7;3;4;1;52;38;0;0;0
28;2;15;10;4;6;3;4;0;40;38;0;0;0
45;2;11;9;4;5;2;4;1;40;38;0;0;0
26;2;9;13;4;0;3;1;0;40;36;0;0;0
32;4;0;6;2;3;0;4;1;45;38;0;0;0
30;1;2;8;2;0;5;4;0;40;38;0;0;0
59;2;0;6;2;13;0;4;1;40;32;0;0;0
58;5;10;16;4;3;1;4;0;43;38;0;0;1
45;2;15;10;0;5;1;4;1;30;38;0;0;0
76;4;15;10;6;13;1;4;1;40;38;0;0;0
38;2;11;9;0;0;3;4;0;40;38;0;0;0
32;2;12;14;4;11;3;2;1;40;38;0;0;0
38;4;11;9;0;4;1;4;1;50;38;0;0;0
30;2;7;12;4;9;4;2;0;36;38;0;0;0
53;3;8;11;2;3;0;4;1;40;11;0;0;1
27;5;9;13;4;9;1;4;1;50;38;0;0;0
44;1;7;12;2;4;0;4;1;30;38;0;0;0
35;2;12;14;2;3;0;1;1;50;38;0;0;1
36;2;3;2;4;7;2;3;0;40;7;0;0;0
51;2;15;10;2;3;5;4;0;10;38;0;0;1
42;1;11;9;2;13;0;4;1;40;38;0;0;0
40;4;9;13;1;9;0;4;1;50;38;1;0;1
45;2;11;9;2;5;0;4;1;40;38;0;0;0
55;2;6;5;0;2;4;4;0;37;38;1;0;1
36;2;5;4;2;6;0;4;1;40;38;0;0;0
57;0;11;9;2;2;0;2;1;40;38;0;0;1
27;2;11;9;0;12;1;4;0;45;38;0;0;0
62;2;12;14;4;5;1;4;1;40;38;1;0;0
29;2;9;13;2;11;0;4;1;55;38;0;0;0
38;4;9;13;4;2;1;0;1;30;38;0;0;0
29;2;11;9;2;2;0;4;1;50;38;0;0;0
32;1;12;14;4;9;1;4;0;40;38;1;0;0
34;2;9;13;4;3;1;4;1;40;38;0;1;0
25;2;7;12;4;9;1;4;1;55;38;0;0;0
34;1;12;14;4;9;1;4;1;35;38;0;0;0
37;5;15;10;2;3;0;4;1;38;38;0;0;0
37;2;11;9;2;2;0;4;1;45;38;0;0;0
18;2;11;9;4;5;3;4;1;25;38;0;0;0
24;2;8;11;4;2;3;4;1;40;38;0;0;0
17;2;2;8;4;7;3;4;0;30;38;0;0;0
35;2;9;13;0;11;1;4;0;40;38;0;0;0
31;2;8;11;5;12;4;2;0;32;38;0;0;0
29;2;7;12;4;2;1;4;1;60;38;0;0;0
49;4;11;9;2;2;0;4;1;40;38;0;0;0
35;0;11;9;2;0;0;4;1;40;38;0;0;0
55;4;11;9;2;2;0;4;1;50;38;0;0;0
37;2;4;3;2;6;0;4;1;40;25;0;0;0
33;1;15;10;4;0;4;2;0;18;38;0;0;0
49;2;9;13;2;11;0;4;1;45;38;0;0;1
32;2;11;9;2;5;0;4;1;45;38;0;0;0
39;2;12;14;4;9;1;4;1;40;38;0;0;0
42;1;11;9;2;4;0;4;1;40;7;0;0;0
30;5;12;14;2;9;5;4;0;50;38;0;0;1
30;2;8;11;4;9;1;4;1;40;38;0;0;0
48;3;11;9;2;4;0;4;1;40;38;0;0;1
57;4;9;13;2;11;0;4;1;10;38;0;0;0
56;2;0;6;0;7;4;2;0;45;38;0;0;0
28;2;15;10;4;10;3;4;1;40;15;0;0;0
43;2;9;13;2;12;0;4;1;24;38;0;0;1
46;2;11;9;2;2;0;4;1;60;38;0;0;0
60;2;9;13;2;3;0;4;1;45;38;1;0;1
50;1;12;14;0;9;4;4;0;65;38;0;0;0
37;2;14;15;2;9;0;4;1;50;38;0;0;1
41;2;11;9;0;8;2;2;0;40;38;0;0;0
38;2;15;10;2;3;5;4;0;38;38;0;0;1
23;2;15;10;4;7;3;4;0;40;38;0;0;0
59;2;15;10;2;3;0;4;1;50;38;0;0;1
72;2;12;14;4;9;1;4;1;60;38;1;0;0
47;1;15;10;0;0;1;4;0;33;38;0;0;0
29;2;8;11;4;2;2;4;1;40;38;0;0;0
35;2;9;13;2;9;0;4;1;60;38;0;0;0
24;2;15;10;2;0;0;4;1;15;38;0;0;0
22;2;11;9;4;11;4;4;0;40;38;0;0;0
24;2;11;9;4;3;3;4;1;40;38;0;0;0
42;2;9;13;2;9;0;4;1;45;38;1;0;1
40;5;12;14;0;9;4;4;0;20;38;0;0;0
61;2;11;9;0;0;1;1;0;40;23;0;0;0
58;4;9;13;4;4;3;4;1;72;38;0;0;0
39;5;11;9;0;9;1;4;1;40;38;0;0;0
45;4;15;10;0;9;1;4;0;50;38;0;0;0
25;2;11;9;4;5;1;4;1;45;38;0;0;0
34;2;8;11;2;2;0;4;1;40;38;1;0;1
45;2;9;13;2;9;0;4;1;45;38;0;0;1
28;2;15;10;5;5;1;2;1;40;38;0;0;0
27;2;15;10;4;0;1;4;0;60;38;0;0;0
41;5;11;9;4;7;1;4;0;40;38;0;0;0
18;5;11;9;4;11;1;2;0;30;38;0;0;0
44;2;9;13;2;12;0;4;1;40;38;0;0;1
47;2;8;11;2;3;5;4;0;45;38;0;0;1
36;1;11;9;2;3;0;4;1;40;38;0;0;0
66;2;13;1;6;8;2;4;0;40;12;0;0;0
33;2;11;9;0;0;4;4;0;45;38;0;0;0
39;1;11;9;0;5;1;4;1;40;38;0;0;1
30;2;11;9;4;13;3;2;1;40;38;0;0;0
34;4;11;9;2;2;0;4;1;40;38;0;0;1
62;4;12;14;0;9;4;4;0;32;38;0;0;0
21;2;15;10;4;0;1;4;0;45;38;0;0;0
50;3;12;14;2;9;0;4;1;50;38;1;0;1
30;2;9;13;2;3;0;4;1;60;38;1;0;1
43;2;11;9;2;3;0;4;1;40;38;0;0;1
19;2;15;10;4;7;2;4;0;40;38;0;0;0
26;0;8;11;4;2;3;4;1;50;23;0;0;0
50;2;5;4;2;13;0;4;1;65;1;0;1;0
45;0;12;14;0;3;1;4;1;40;38;0;0;1
46;3;12;14;2;11;0;4;1;50;38;0;0;1
17;2;0;6;4;7;3;4;1;15;38;0;0;0
56;2;5;4;2;3;0;4;1;40;38;0;0;1
25;2;15;10;2;0;5;2;0;40;38;1;0;1
47;2;12;14;5;6;4;1;0;42;18;0;0;0
23;2;11;9;2;11;0;4;1;45;38;0;0;0
51;4;11;9;5;7;4;4;0;20;38;0;0;0
19;2;15;10;4;12;1;4;0;25;38;0;0;0
33;4;11;9;2;2;0;4;1;40;38;0;0;0
32;2;11;9;0;7;4;4;0;80;38;0;0;0
52;2;11;9;0;13;1;4;1;40;38;0;0;0
36;2;15;10;5;7;2;2;0;40;38;0;0;0
34;2;11;9;0;2;1;4;1;40;38;0;0;0
26;3;2;8;2;11;0;3;1;98;5;0;0;0
35;1;15;10;2;2;0;4;1;40;38;0;0;0
58;0;9;13;2;0;0;4;1;40;38;0;0;1
32;2;1;7;0;2;3;4;1;50;38;0;0;0
23;2;15;10;4;7;2;4;0;40;38;0;0;0
28;4;15;10;4;6;1;2;1;40;38;0;0;0
20;2;0;6;4;7;2;4;1;35;25;0;0;0
17;2;0;6;4;7;3;4;1;20;38;0;0;0
56;2;11;9;2;13;0;4;1;45;38;1;0;1
26;2;11;9;0;0;3;4;0;40;38;0;0;0
43;5;9;13;0;9;4;4;0;36;38;1;0;0
45;4;15;10;4;9;1;4;1;35;38;0;0;0
34;2;15;10;2;3;5;4;0;50;38;1;0;1
54;2;3;2;2;7;0;4;1;35;25;0;0;0
51;1;11;9;6;7;4;4;0;40;38;0;0;0
58;4;15;10;2;4;0;4;1;60;38;0;0;0
49;2;7;12;5;0;1;4;0;40;38;1;0;0
21;2;8;11;4;0;3;4;0;40;38;0;0;0
44;2;15;10;4;7;1;4;0;40;38;0;0;0
26;2;9;13;4;3;1;4;0;50;38;0;0;0
39;2;9;13;2;9;0;4;1;40;38;0;0;0
37;2;15;10;2;5;0;4;1;40;38;0;0;0
49;2;11;9;0;0;1;4;1;32;38;0;0;0
45;2;11;9;5;6;4;2;0;40;38;0;0;0
60;0;11;9;4;0;1;2;0;40;38;0;0;0
28;0;9;13;4;3;1;2;1;40;38;0;0;0
23;2;15;10;2;6;0;0;1;30;38;0;0;0
44;2;9;13;4;9;1;4;0;45;38;0;0;0
19;5;15;10;4;4;3;4;1;12;38;0;0;0
37;2;11;9;2;3;0;4;1;40;38;0;0;1
41;4;11;9;2;4;0;4;1;38;38;0;0;0
56;0;9;13;2;3;0;4;1;40;38;1;0;1
44;2;7;12;2;3;0;4;1;54;38;0;0;1
30;2;9;13;2;2;0;1;1;36;39;0;0;1
23;2;9;13;4;11;1;4;0;40;38;0;0;0
44;2;11;9;2;3;5;4;0;40;38;1;0;1
38;2;11;9;2;3;0;4;1;70;38;1;0;1
32;2;15;10;2;11;0;4;1;50;38;1;0;1
57;4;12;14;4;4;1;4;1;20;38;0;0;0
35;2;14;15;2;9;0;4;1;50;38;1;0;1
48;4;9;13;2;3;0;4;1;50;38;1;0;1
32;1;15;10;2;10;0;4;1;99;38;0;0;0
76;0;12;14;6;9;1;4;0;15;38;0;0;0
57;1;11;9;0;5;1;2;0;30;38;0;0;0
51;2;12;14;2;3;0;4;1;50;38;1;0;1
50;2;0;6;2;7;0;2;1;40;38;0;0;0
38;2;11;9;1;7;5;4;0;25;38;0;0;0
53;2;11;9;2;13;0;4;1;40;38;0;1;0
59;4;5;4;2;2;0;4;1;20;38;0;0;0
23;2;11;9;4;13;3;4;1;40;38;0;0;0
44;2;8;11;0;3;1;4;1;40;38;1;0;1
23;2;9;13;4;11;1;4;0;40;38;0;0;0
23;2;7;12;4;11;3;4;1;20;38;0;0;0
44;2;9;13;2;3;0;4;1;40;38;0;0;1
30;2;11;9;2;12;0;4;1;40;38;0;0;0
28;2;11;9;2;11;0;4;1;40;38;0;0;0
46;2;15;10;0;3;1;4;0;40;38;0;0;0
34;1;13;1;4;0;3;2;0;25;38;0;0;0
38;2;9;13;5;3;1;4;1;45;38;1;0;1
26;2;15;10;4;11;1;2;0;37;38;0;0;0
39;2;11;9;2;2;0;4;1;40;38;0;0;0
28;2;15;10;4;11;3;2;1;40;38;0;0;0
33;5;12;14;2;9;0;1;1;19;18;0;0;0
43;2;12;14;0;9;4;4;0;40;38;0;1;1
30;2;9;13;0;3;1;1;0;40;2;0;0;0
59;5;12;14;2;3;0;4;1;50;38;0;0;1
26;2;11;9;2;6;0;4;1;45;38;0;0;0
28;2;15;10;4;12;3;2;1;24;38;0;0;0
48;4;15;10;4;7;1;4;1;40;38;0;0;0
49;2;9;13;6;9;4;4;0;35;38;1;0;0
41;4;11;9;2;5;0;4;1;40;38;0;1;0
20;2;15;10;4;0;3;4;0;30;38;0;0;0
49;2;11;9;2;10;0;4;1;40;38;0;0;1
37;5;9;13;4;9;2;4;1;40;38;0;0;0
18;2;2;8;4;11;3;4;0;8;38;0;0;0
61;2;11;9;2;12;0;4;1;40;38;0;0;1
26;2;11;9;2;5;0;4;1;48;38;0;0;0
66;2;9;13;6;7;1;4;1;12;38;0;0;0
68;2;12;14;4;9;1;4;0;40;38;1;0;0
27;1;11;9;2;10;5;4;0;40;38;0;0;0
66;4;15;10;2;4;0;4;1;7;38;0;0;0
28;2;0;6;4;7;4;4;0;15;38;0;0;0
26;2;9;13;4;9;1;4;0;40;38;0;0;0
46;2;15;10;2;13;0;4;1;48;38;0;0;0
35;2;11;9;4;6;3;4;1;40;38;0;1;0
26;4;11;9;4;4;3;4;1;60;38;0;0;0
40;2;11;9;5;6;1;4;0;40;38;0;0;0
31;2;15;10;4;3;1;4;1;45;15;0;0;0
52;2;11;9;6;13;1;4;1;40;38;0;0;0
61;4;11;9;2;7;0;2;1;12;38;0;0;0
39;5;1;7;2;2;0;4;1;40;38;0;0;0
25;2;11;9;4;7;3;4;0;40;38;1;0;0
47;2;9;13;2;12;0;4;1;48;38;0;0;0
33;2;9;13;2;6;0;3;1;40;6;0;0;0
17;2;1;7;4;7;3;4;1;25;38;0;0;0
26;2;11;9;2;0;0;4;1;45;38;0;0;0
25;2;11;9;4;5;2;4;1;40;38;0;0;0
39;4;11;9;2;3;0;4;1;16;38;0;0;0
33;2;12;14;2;3;0;4;1;45;38;1;0;1
46;0;15;10;2;3;0;2;1;40;38;0;0;0
27;2;15;10;5;0;4;4;0;20;38;0;0;0
48;2;11;9;2;9;0;4;1;40;38;1;0;1
29;4;1;7;2;7;5;4;0;5;38;0;0;0
40;2;9;13;4;11;3;4;1;40;38;0;0;0
24;2;9;13;4;11;3;2;1;40;38;0;0;0
55;2;9;13;2;3;0;3;1;35;18;0;1;0
56;2;11;9;2;3;0;4;1;40;38;0;0;1
25;2;7;12;4;2;1;4;1;30;38;0;0;0
36;2;15;10;2;2;0;4;1;50;38;0;0;0
26;4;11;9;2;3;0;4;1;45;38;0;0;0
37;2;11;9;2;5;0;4;1;44;38;0;0;1
36;2;11;9;2;2;0;4;1;40;38;0;0;0
23;4;1;7;4;2;3;4;1;50;25;0;0;0
25;2;9;13;2;9;0;4;1;60;38;0;0;0
36;5;11;9;0;0;3;2;0;40;38;0;0;0
39;3;7;12;2;11;0;4;1;48;38;1;0;1
35;2;8;11;4;2;3;2;1;40;38;0;0;0
33;2;1;7;4;5;3;2;1;40;38;0;0;0
31;2;15;10;4;2;1;4;1;46;38;0;0;0
49;2;15;10;2;9;0;4;1;22;38;0;0;0
40;2;11;9;2;13;0;1;1;60;37;0;0;0
27;2;15;10;6;0;4;4;0;40;38;0;0;0
50;4;10;16;2;9;0;4;1;23;38;0;0;0
38;2;2;8;4;6;1;2;0;50;38;0;0;0
55;5;9;13;0;3;4;2;1;40;38;0;0;0
49;4;5;4;2;7;0;4;1;70;21;0;0;0
40;2;9;13;3;7;1;3;1;40;25;0;0;0
42;2;8;11;0;12;1;4;0;30;38;0;0;0
51;2;9;13;2;9;0;4;1;50;38;0;0;1
27;2;9;13;4;0;3;1;0;50;24;0;0;0
30;5;11;9;2;10;0;4;1;40;38;0;0;1
40;2;0;6;4;7;4;2;0;40;38;0;0;0
43;4;9;13;5;2;4;4;1;35;38;0;0;0
24;2;11;9;4;7;1;4;0;40;38;0;0;0
38;2;9;13;2;11;0;4;1;60;38;0;0;1
52;2;11;9;2;2;0;4;1;40;38;0;0;0
32;2;8;11;2;11;0;4;1;50;38;0;0;1
33;2;8;11;5;10;1;4;0;40;38;0;0;0
21;2;11;9;4;6;3;4;1;40;38;0;0;0
27;2;15;10;4;11;1;4;1;50;38;0;0;0
31;2;11;9;0;3;1;4;1;50;38;0;0;0
29;2;12;14;2;9;5;1;0;40;16;0;0;1
49;2;4;3;2;7;0;4;1;40;11;0;1;0
46;2;9;13;2;11;0;4;1;50;10;0;0;1
37;2;1;7;2;2;0;4;1;40;38;0;0;0
56;0;9;13;2;0;0;4;1;40;38;0;0;1
37;2;15;10;2;2;0;4;1;40;38;0;0;0
26;4;11;9;2;0;0;4;1;40;38;0;0;0
31;2;15;10;4;0;4;2;0;35;38;0;0;0
36;2;11;9;2;7;5;1;0;40;34;0;0;0
52;2;0;6;2;5;0;4;1;45;38;0;0;0
40;2;15;10;0;2;1;4;1;60;38;0;0;0
21;2;11;9;3;3;2;4;0;60;38;0;0;0
63;2;0;6;5;6;1;2;1;40;38;0;0;0
30;2;11;9;4;0;1;4;0;40;38;0;0;0
30;2;9;13;2;11;0;4;1;20;28;0;0;0
50;2;9;13;2;3;0;4;1;60;38;0;0;0
41;2;12;14;2;3;0;4;1;45;38;0;0;0
39;3;9;13;2;3;0;4;1;60;38;0;0;1
23;2;11;9;5;6;4;4;0;48;38;0;0;0
52;2;11;9;2;11;0;2;1;40;38;0;1;0
46;2;8;11;0;12;4;2;0;40;38;0;1;0
26;2;15;10;2;0;5;4;0;42;38;0;0;0
30;2;15;10;2;2;0;4;1;40;38;0;1;0
23;2;15;10;0;3;1;4;1;50;38;0;0;0
21;5;15;10;4;0;3;1;0;12;38;0;0;0
39;2;11;9;2;13;0;4;1;55;38;0;0;0
37;1;8;11;2;10;0;2;1;40;38;0;0;0
40;4;12;14;2;3;0;4;1;50;38;1;0;1
38;2;15;10;0;0;4;2;0;20;38;0;0;0
47;2;9;13;2;11;0;4;1;60;38;1;0;0
20;2;15;10;4;7;3;4;1;35;38;0;0;0
35;2;11;9;2;2;0;4;1;40;38;0;0;0
62;5;9;13;0;9;1;4;1;40;38;1;0;1
32;2;1;7;0;7;4;4;0;15;38;0;0;0
42;3;9;13;2;11;0;4;1;60;38;0;0;1
32;2;0;6;4;2;4;4;1;40;38;0;0;0
27;2;15;10;4;7;3;2;0;30;38;0;0;0
53;3;9;13;2;11;0;4;1;45;38;0;0;1
28;4;4;3;2;5;0;4;1;25;25;0;0;0
26;2;11;9;2;11;0;4;1;40;38;0;0;0
47;2;14;15;2;3;0;4;1;45;38;0;0;1
23;2;15;10;4;10;3;2;0;40;38;0;0;0
70;3;15;10;2;3;0;4;1;30;38;0;0;0
41;5;9;13;2;3;0;1;1;40;38;0;0;0
43;5;12;14;4;9;1;4;1;45;38;0;0;0
40;4;11;9;2;2;0;4;1;40;38;0;1;0
64;4;11;9;2;3;0;4;1;45;38;0;0;1
40;2;15;10;0;3;1;4;1;45;38;0;0;0
43;2;9;13;0;3;1;4;1;35;38;0;0;0
50;0;11;9;2;0;0;4;1;48;38;0;0;0
32;2;1;7;2;4;0;4;1;40;38;0;0;0
42;2;1;7;0;11;4;4;1;50;25;1;0;0
41;2;11;9;2;2;0;4;1;40;38;0;0;1
30;2;15;10;4;3;1;4;0;40;8;0;0;0
20;2;15;10;4;7;3;4;1;30;38;0;0;0
45;5;11;9;2;2;0;4;1;40;38;0;0;0
42;2;10;16;2;9;0;4;1;50;38;0;1;1
24;2;7;12;4;6;3;4;1;40;38;0;0;0
43;2;9;13;0;11;1;4;0;50;38;0;0;0
28;2;11;9;2;13;0;2;1;40;38;0;0;0
35;2;11;9;4;6;1;4;0;40;38;0;0;0
38;0;11;9;4;0;4;4;0;40;38;0;0;0
32;1;9;13;0;9;4;4;0;35;38;0;0;0
50;5;11;9;2;10;0;4;1;40;38;0;0;0
34;2;11;9;2;2;0;4;1;55;38;0;0;1
35;2;11;9;4;7;3;4;1;40;38;0;0;0
30;2;12;14;4;0;1;4;0;40;9;0;0;0
61;5;4;3;2;13;0;4;1;40;38;0;0;0
27;2;9;13;4;0;3;4;1;38;38;0;0;0
61;2;11;9;4;6;1;2;0;40;38;0;0;0
18;2;4;3;4;5;2;4;1;40;25;0;0;0
31;1;11;9;2;10;0;4;1;40;38;0;0;1
31;2;9;13;0;9;1;4;1;60;38;0;0;0
20;2;11;9;4;7;1;2;0;40;38;0;0;0
35;2;2;8;2;13;0;4;1;40;38;0;0;0
51;2;11;9;4;2;1;2;1;40;38;0;0;0
43;2;15;10;2;11;0;4;1;40;38;1;0;1
18;2;1;7;4;5;3;4;1;20;38;0;0;0
55;2;14;15;2;3;0;4;1;40;38;1;0;1
59;2;11;9;6;8;1;4;0;40;38;0;0;0
21;2;11;9;4;7;3;4;0;40;38;0;0;0
22;2;0;6;4;7;3;4;0;40;38;0;0;0
60;0;15;10;6;3;1;4;0;40;8;0;0;0
49;0;11;9;2;2;0;4;1;40;38;0;0;1
21;2;11;9;4;5;3;4;0;40;38;0;0;0
61;2;11;9;2;6;0;4;1;40;38;0;0;0
64;2;4;3;0;2;1;4;1;40;38;0;0;0
63;2;11;9;4;2;1;4;1;40;38;0;0;0
27;0;9;13;4;3;1;4;0;40;38;0;0;0
23;2;9;13;4;7;3;2;0;30;38;0;0;0
41;5;11;9;0;3;4;4;0;45;38;0;0;0
40;2;11;9;2;2;5;4;0;40;38;1;0;1
55;4;9;13;2;3;0;4;1;40;38;0;0;1
17;2;0;6;4;7;3;4;0;12;38;0;1;0
34;4;15;10;4;2;1;4;1;60;38;0;1;0
24;2;9;13;4;0;3;4;0;40;38;0;0;0
30;2;14;15;2;9;5;4;0;45;38;0;0;1
29;2;12;14;4;3;1;1;1;60;38;0;0;0
52;2;9;13;2;3;0;4;1;40;38;0;0;1
57;0;15;10;2;3;0;4;1;40;38;0;0;1
38;2;9;13;4;12;1;4;0;45;38;0;0;0
43;2;12;14;0;3;1;4;0;50;38;0;0;1
61;2;15;10;6;0;2;4;0;40;38;0;0;0
38;2;9;13;2;3;0;4;1;65;38;1;0;1
51;2;11;9;2;6;0;2;1;40;38;0;0;1
40;2;9;13;2;0;0;4;1;40;25;0;0;0
41;1;15;10;2;0;0;4;1;40;38;0;0;1
19;2;15;10;4;7;3;4;0;20;38;0;0;0
28;2;5;4;2;4;0;4;1;40;25;0;0;0
59;2;15;10;2;11;0;4;1;40;38;0;0;0
32;5;9;13;4;9;3;4;0;40;38;0;0;0
31;2;11;9;2;3;0;4;1;40;38;0;0;1
30;2;7;12;4;6;1;4;1;48;38;0;0;0
54;4;15;10;2;11;0;4;1;40;38;0;0;0
33;2;8;11;5;2;1;4;1;42;38;0;1;1
20;2;15;10;4;0;3;4;0;10;38;0;0;0
32;4;11;9;2;13;0;4;1;48;38;0;0;0
35;2;11;9;2;13;5;2;0;40;38;0;0;0
27;2;1;7;4;2;1;4;1;45;38;0;0;0
40;2;9;13;2;9;0;4;1;46;38;0;0;1
34;2;8;11;2;11;0;4;1;40;38;0;0;0
34;1;7;12;2;9;0;4;1;40;38;0;0;1
38;2;15;10;4;2;3;4;0;25;38;0;0;0
28;2;11;9;2;7;0;3;1;40;38;0;0;0
65;2;15;10;2;5;0;4;1;27;38;0;0;0
61;2;15;10;4;12;3;4;1;16;38;0;0;0
18;2;1;7;4;11;3;4;0;25;38;0;0;0
35;3;9;13;2;11;3;4;1;50;38;1;0;1
45;2;9;13;0;3;4;4;0;40;38;0;0;0
25;2;15;10;2;3;0;4;1;50;38;0;0;0
48;2;14;15;0;11;1;4;1;13;38;0;0;0
19;2;15;10;4;0;1;4;0;40;38;0;0;0
43;2;9;13;4;3;1;2;0;50;38;0;0;1
54;2;9;13;2;2;0;4;1;45;38;0;0;1
47;4;9;13;0;11;1;4;1;50;38;0;0;0
25;2;8;11;4;0;1;4;0;40;38;1;0;0
30;2;7;12;2;2;0;4;1;40;38;0;0;0
35;2;11;9;0;5;4;4;0;40;38;0;0;0
26;2;15;10;2;11;0;4;1;18;38;0;0;0
61;2;11;9;2;11;0;4;1;40;38;0;0;0
54;2;11;9;0;7;4;4;1;32;38;0;0;0
50;2;2;8;2;11;0;1;1;40;0;0;0;1
32;2;6;5;5;6;4;4;0;40;3;0;0;0
34;2;11;9;0;6;1;4;0;25;38;0;0;0
36;2;11;9;4;7;1;4;1;40;38;0;0;0
50;2;15;10;2;2;0;4;1;40;38;0;0;1
28;2;1;7;2;4;0;4;1;40;38;0;0;0
22;2;11;9;4;7;3;4;0;19;38;0;0;0
58;2;1;7;2;7;0;4;1;20;38;0;0;0
27;2;4;3;4;7;1;4;1;75;25;0;0;0
62;2;9;13;2;12;0;4;1;38;38;0;0;0
36;3;9;13;4;12;1;4;1;55;38;1;0;1
21;1;15;10;4;0;1;4;0;4;38;1;0;0
41;2;12;14;2;9;5;4;0;45;8;0;0;0
28;2;15;10;2;6;0;4;1;45;38;0;0;0
33;2;9;13;2;5;0;4;1;40;38;0;0;0
54;2;9;13;2;3;0;4;1;45;38;0;0;1
19;2;15;10;4;11;3;0;0;25;38;0;1;0
76;4;5;4;4;4;1;4;1;30;38;0;0;0
34;2;9;13;2;3;0;4;1;50;38;0;0;1
40;2;9;13;4;0;1;4;0;40;38;0;0;0
22;2;1;7;4;11;4;4;0;30;38;0;0;0
17;2;1;7;4;5;3;4;1;15;38;0;0;0
55;2;15;10;0;7;1;4;0;20;38;0;0;0
51;1;15;10;2;0;5;4;0;40;38;0;0;0
26;2;4;3;2;5;0;3;1;40;25;0;0;0
44;2;9;13;4;7;1;4;1;48;38;0;0;0
54;2;11;9;2;3;0;4;1;40;38;0;0;1
34;4;7;12;4;2;1;4;1;40;38;0;0;0
42;2;11;9;0;0;4;4;1;40;38;0;0;0
26;2;11;9;4;2;1;4;1;70;38;0;0;0
39;2;4;3;2;7;0;1;1;40;29;0;0;0
34;2;9;13;4;7;1;4;1;40;7;0;0;0
59;2;11;9;0;2;1;4;1;40;38;0;0;0
20;2;11;9;4;7;3;4;1;50;38;0;0;0
34;2;15;10;2;6;0;4;1;45;38;0;0;1
51;2;11;9;2;2;0;4;1;20;38;0;0;0
34;2;15;10;2;5;0;4;1;40;38;0;0;1
47;2;9;13;5;9;4;4;0;50;38;0;0;0
30;4;8;11;0;2;1;4;1;49;38;0;0;0
38;2;11;9;5;11;1;4;1;60;38;0;0;0
45;2;9;13;2;9;5;1;0;40;29;1;0;1
23;2;15;10;4;3;1;4;0;35;38;0;0;0
34;2;15;10;2;2;0;4;1;48;38;0;0;1
22;2;2;8;4;5;1;4;1;40;38;0;0;0
31;2;11;9;4;2;2;4;1;40;38;0;0;0
50;2;11;9;2;2;0;4;1;40;38;0;0;0
19;2;3;2;4;5;2;4;1;52;25;0;0;0
28;2;9;13;2;11;5;2;0;45;38;1;0;1
23;2;11;9;4;0;1;4;0;50;38;0;0;0
35;2;11;9;2;5;0;4;1;40;38;0;0;0
28;2;11;9;2;6;0;2;1;40;38;0;0;0
27;2;15;10;4;0;3;4;1;30;38;0;0;0
46;3;9;13;2;11;0;4;1;55;38;0;0;0
27;2;11;9;0;5;1;4;1;40;38;0;0;0
25;2;0;6;2;7;5;4;0;40;38;0;0;0
34;3;15;10;2;2;0;4;1;70;38;0;0;0
33;2;11;9;4;6;4;4;1;40;38;0;0;0
36;2;15;10;4;2;1;4;0;40;38;0;0;0
30;2;5;4;2;2;0;4;1;48;38;0;0;0
23;2;15;10;2;11;5;4;0;47;38;0;0;0
36;2;4;3;3;2;2;4;1;32;25;0;0;0
29;2;9;13;4;9;1;4;0;45;38;0;0;0
50;4;15;10;2;4;0;4;1;40;38;1;0;1
19;2;2;8;4;5;1;4;1;40;38;0;0;0
52;0;11;9;2;6;0;4;1;40;38;0;0;1
20;2;11;9;2;2;0;4;1;40;38;0;0;0
22;2;8;11;4;0;1;4;0;40;38;0;0;0
34;2;15;10;2;11;0;4;1;55;38;0;0;1
60;2;15;10;2;2;0;4;1;40;38;0;0;0
19;2;1;7;4;7;1;2;1;40;38;0;0;0
59;4;11;9;2;4;0;4;1;20;38;0;0;0
36;2;11;9;4;13;2;4;1;50;38;0;0;0
25;2;11;9;4;2;3;4;1;40;4;0;0;0
49;2;5;4;0;2;1;4;1;70;38;0;0;0
25;4;11;9;4;7;4;4;0;30;38;0;0;0
50;2;1;7;0;7;4;4;0;40;38;0;0;0
44;2;7;12;0;9;1;4;0;43;38;0;0;0
33;2;15;10;2;11;0;4;1;20;38;0;0;0
40;3;9;13;5;2;3;4;1;50;38;0;0;0
56;2;15;10;2;3;0;4;1;45;38;0;0;0
56;4;15;10;2;3;0;4;1;50;38;0;0;1
23;2;9;13;4;9;3;4;1;42;38;0;0;0
21;2;15;10;4;9;3;4;0;10;38;0;0;0
67;2;5;4;2;2;0;4;1;24;38;0;0;0
54;5;8;11;2;10;0;4;1;40;38;0;0;0
50;1;11;9;4;7;1;2;0;40;38;0;0;0
59;2;5;4;2;6;0;4;1;40;38;0;0;0
51;2;1;7;6;5;4;2;0;40;38;0;0;0
30;2;11;9;5;3;4;4;0;29;38;0;0;0
42;2;11;9;2;2;0;4;1;40;38;0;0;1
26;2;9;13;4;11;1;4;1;40;38;0;0;0
47;2;8;11;2;0;0;4;1;40;38;1;0;0
78;4;15;10;2;2;0;4;1;3;38;0;0;1
24;4;11;9;0;2;1;4;1;50;38;0;0;0
27;2;1;7;5;4;2;4;1;40;32;0;0;0
51;2;12;14;2;3;0;4;1;50;38;0;0;1
46;2;11;9;2;6;0;4;1;40;38;0;0;1
55;4;11;9;2;4;0;4;1;60;38;0;0;0
20;2;15;10;4;7;3;4;1;40;38;0;0;0
30;2;11;9;2;3;0;4;1;50;38;0;0;0
19;2;11;9;4;7;3;4;0;20;38;0;0;0
30;2;9;13;2;9;0;4;1;40;38;0;0;1
31;4;7;12;2;2;1;4;1;50;38;0;0;1
26;2;11;9;2;6;0;4;1;96;38;0;0;0
53;2;11;9;2;13;0;4;1;60;38;0;0;1
24;1;15;10;4;0;1;4;0;40;38;0;0;0
24;2;15;10;5;9;3;4;1;54;38;0;0;0
36;2;11;9;0;3;4;4;0;50;38;0;0;0
39;2;12;14;2;3;0;4;1;50;38;0;0;1
53;2;11;9;0;6;4;2;1;32;38;0;0;0
75;3;11;9;6;11;2;1;1;35;38;0;0;1
36;2;11;9;2;3;0;4;1;50;38;0;0;1
46;3;15;10;2;11;0;4;1;40;38;0;0;0
56;3;11;9;2;11;0;4;1;40;38;0;1;1
29;2;11;9;2;5;0;2;1;40;38;0;0;0
60;2;6;5;2;6;0;4;1;49;38;0;0;0
58;2;11;9;6;11;1;4;1;38;38;0;0;0
67;4;11;9;2;4;0;4;1;55;38;0;0;0
35;2;15;10;2;9;0;4;1;38;38;1;0;1
39;4;15;10;2;4;0;4;1;80;38;0;0;0
37;2;15;10;2;13;0;4;1;50;38;0;0;0
63;4;14;15;2;9;0;4;1;30;38;0;0;0
47;2;1;7;0;7;1;4;0;38;38;0;0;0
23;2;9;13;4;0;3;4;0;40;38;0;0;0
55;2;11;9;5;6;1;4;1;45;38;1;0;0
49;2;1;7;2;11;5;4;0;40;38;0;0;0
39;2;8;11;2;6;0;4;1;40;38;1;0;1
23;2;11;9;4;6;3;4;1;40;38;0;0;0
19;2;15;10;4;7;3;4;0;12;38;0;0;0
44;2;12;14;2;3;0;4;1;40;38;0;0;1
25;2;8;11;4;7;4;0;0;40;38;0;0;0
35;2;8;11;0;9;3;2;1;40;38;0;0;0
23;1;11;9;0;0;3;4;0;40;4;0;0;0
48;2;8;11;2;2;0;4;1;40;38;0;0;0
48;2;15;10;0;5;3;4;1;40;38;1;0;0
44;2;11;9;0;0;4;2;0;40;38;0;0;0
55;4;9;13;2;3;5;4;0;25;38;0;0;0
33;4;11;9;2;2;0;4;1;50;38;0;0;0
18;2;2;8;4;5;3;4;1;20;38;0;0;0
24;2;9;13;4;0;3;4;1;30;38;1;0;0
32;1;7;12;2;10;0;4;1;56;8;0;0;1
24;5;9;13;4;9;1;4;0;20;38;0;0;0
44;3;9;13;2;3;0;4;1;70;38;1;0;1
27;2;9;13;2;0;0;4;1;45;38;0;0;0
39;2;7;12;2;12;0;4;1;40;9;0;0;1
26;1;0;6;2;7;0;4;1;40;38;0;0;0
34;2;12;14;2;3;0;4;1;40;38;0;0;1
38;2;12;14;2;9;0;4;1;65;38;1;0;1
41;5;12;14;2;9;0;4;1;75;38;0;0;1
32;3;11;9;2;11;0;4;1;50;38;0;0;0
56;1;12;14;2;3;0;2;1;40;38;0;0;1
59;2;9;13;2;3;0;4;1;50;38;0;1;1
44;2;15;10;2;11;0;4;1;60;38;0;0;1
35;2;9;13;4;11;3;1;1;40;34;0;1;0
52;2;11;9;2;6;0;3;1;40;3;1;0;0
30;2;15;10;4;9;3;4;1;50;38;1;0;0
23;2;9;13;2;11;0;4;1;40;38;0;0;0
43;2;11;9;4;0;4;4;0;43;38;1;0;1
61;2;11;9;2;3;0;4;1;50;38;0;0;0
38;2;11;9;4;0;4;4;0;35;38;0;0;0
68;2;0;6;2;11;0;4;1;16;38;0;0;0
41;2;12;14;4;3;1;4;1;50;38;1;0;1
42;4;15;10;4;9;1;4;1;40;38;0;0;0
19;2;11;9;0;7;1;4;0;40;38;0;0;0
31;2;1;7;3;5;1;1;1;40;18;0;0;0
40;3;7;12;2;2;0;4;1;50;38;0;1;0
32;2;9;13;4;12;1;1;0;40;29;0;0;0
51;3;11;9;0;3;1;4;1;40;38;1;0;1
44;1;9;13;2;9;0;4;1;40;38;0;0;1
23;2;9;13;4;11;3;4;0;30;8;0;0;0
44;2;9;13;4;9;1;4;0;45;38;0;0;0
24;2;11;9;2;4;0;4;1;60;38;0;0;0
34;2;11;9;2;11;0;4;1;60;38;0;0;0
61;2;12;14;2;9;0;1;1;45;18;0;0;1
30;1;9;13;4;3;3;4;1;40;38;0;0;0
45;2;9;13;4;2;1;4;1;40;38;0;0;0
22;2;8;11;4;0;3;4;0;40;38;0;0;0
49;2;15;10;2;7;0;4;1;40;38;0;0;0
39;2;7;12;6;0;4;4;0;45;38;0;0;0
34;2;15;10;4;0;2;4;0;40;38;0;0;0
52;1;15;10;2;3;0;4;1;40;38;0;0;1
24;2;8;11;4;0;1;4;0;40;38;0;0;0
38;2;9;13;2;9;0;4;1;45;38;0;0;1
19;2;1;7;4;6;3;4;1;40;38;0;0;0
24;2;11;9;4;7;1;4;0;30;38;0;0;0
25;2;7;12;4;7;3;4;1;43;38;0;0;0
71;2;5;4;6;13;1;4;1;10;38;0;0;0
27;2;11;9;2;9;5;2;0;40;38;0;0;0
28;2;8;11;4;12;1;2;0;40;38;0;0;0
54;2;8;11;2;10;0;2;1;38;22;1;0;1
18;2;1;7;4;11;3;2;0;10;38;0;0;0
49;2;11;9;2;7;0;2;1;40;38;0;0;0
36;2;11;9;3;7;4;4;0;25;38;0;0;0
57;2;11;9;6;13;4;4;1;50;38;0;0;0
56;0;12;14;2;3;0;4;1;40;31;0;0;1
17;2;0;6;4;7;3;4;1;20;38;0;0;0
30;2;11;9;2;3;0;4;1;50;38;0;0;0
41;2;0;6;4;11;3;4;0;40;38;0;0;0
26;2;11;9;4;5;3;4;1;40;38;0;0;0
61;2;0;6;2;2;0;4;1;48;38;0;0;0
24;2;11;9;4;6;1;4;1;45;38;0;0;0
44;2;1;7;4;7;1;4;0;40;38;0;0;0
38;5;12;14;4;9;2;4;0;40;38;0;0;0
25;2;9;13;4;11;3;4;1;50;38;0;0;0
34;2;11;9;2;11;0;4;1;70;38;0;0;0
38;2;15;10;4;13;1;4;1;40;38;0;0;0
42;2;11;9;2;2;0;4;1;55;38;0;0;0
48;2;5;4;2;6;0;4;1;40;38;0;0;0
38;2;12;14;2;9;0;4;1;40;38;0;0;1
52;2;11;9;2;2;0;4;1;50;38;0;0;1
55;5;8;11;6;9;4;4;0;40;38;1;0;0
41;4;11;9;0;4;2;4;1;20;38;0;0;0
45;2;4;3;4;6;3;4;0;35;38;0;0;0
49;2;5;4;4;6;1;1;1;45;24;0;0;0
19;2;15;10;4;7;1;4;1;20;38;0;0;0
39;2;9;13;2;0;0;4;1;45;38;0;0;0
43;2;15;10;4;7;1;4;1;45;38;1;0;0
42;2;15;10;2;3;0;4;1;65;38;0;0;0
17;2;1;7;4;5;3;4;1;12;38;0;0;0
30;2;7;12;4;9;1;2;0;25;38;0;0;0
61;1;12;14;0;9;1;4;0;70;38;0;0;0
48;2;12;14;2;3;0;4;1;40;38;1;0;1
57;2;11;9;2;13;0;4;1;40;38;0;0;1
27;2;4;3;2;5;0;4;1;45;25;0;0;0
24;2;11;9;2;11;0;4;1;48;38;0;0;0
41;2;2;8;0;13;1;4;1;84;38;0;0;1
42;2;11;9;6;13;4;4;1;40;38;0;0;0
34;2;9;13;4;9;3;4;0;15;38;0;0;0
47;2;11;9;0;3;4;4;0;43;38;0;0;0
50;2;11;9;4;0;1;4;1;40;38;0;1;0
30;2;11;9;4;2;1;4;1;40;38;0;0;0
38;2;9;13;2;2;0;4;1;45;38;0;0;0
31;2;11;9;2;9;0;4;1;55;38;0;0;1
44;2;15;10;2;0;5;4;0;45;38;0;0;1
34;2;15;10;2;2;0;4;1;38;38;0;1;0
52;2;11;9;0;6;1;2;1;40;38;1;0;1
34;2;11;9;2;2;0;4;1;50;38;0;0;0
31;2;15;10;2;3;0;4;1;40;38;0;0;0
68;2;15;10;0;11;1;4;0;20;38;0;0;0
22;2;11;9;4;0;3;4;0;40;25;0;0;0
42;2;9;13;4;3;1;4;0;35;38;0;0;0
37;2;11;9;2;2;0;4;1;35;38;0;0;0
36;4;11;9;2;4;0;4;1;35;38;0;0;0
38;2;15;10;0;0;4;4;0;30;38;0;0;0
72;6;11;9;2;7;0;4;1;55;38;0;0;0
40;2;4;3;2;7;0;4;1;40;25;0;0;0
19;2;15;10;4;11;3;4;1;30;38;0;0;0
55;2;8;11;2;2;0;4;1;50;17;0;0;1
30;2;7;12;2;2;0;4;1;40;38;0;0;0
52;2;9;13;5;0;4;4;0;40;38;0;1;0
29;2;9;13;2;11;0;4;1;45;38;1;0;1
41;2;15;10;2;9;0;2;1;4;38;0;0;0
29;2;9;13;4;0;1;4;0;45;38;0;0;0
24;2;9;13;4;11;1;4;0;20;38;0;0;0
46;4;14;15;2;9;0;4;1;45;38;0;0;1
44;2;11;9;2;3;0;4;1;60;38;0;0;1
17;2;0;6;4;11;3;2;0;15;38;0;0;0
35;2;8;11;0;7;4;4;0;35;38;0;0;0
38;2;11;9;0;2;4;4;1;40;38;0;0;0
36;2;6;5;4;5;3;4;1;40;38;0;0;0
24;2;1;7;2;6;0;4;1;60;38;0;0;0
38;4;9;13;2;4;0;4;1;99;38;0;0;0
19;2;1;7;4;11;1;4;0;40;15;0;0;0
30;2;11;9;2;13;0;4;1;45;38;0;0;0
36;1;8;11;2;13;0;0;1;40;38;0;0;0
27;2;15;10;4;2;1;4;1;45;38;0;0;0
27;2;7;12;2;0;0;4;1;40;38;0;0;1
65;0;15;10;2;3;0;2;1;40;38;0;1;1
37;2;12;14;4;3;1;2;0;40;38;0;0;1
17;2;1;7;4;11;3;4;1;30;38;0;0;0
57;2;4;3;2;13;0;2;1;50;38;0;0;0
54;4;12;14;0;9;1;4;0;30;38;0;0;0
21;2;15;10;4;7;1;4;0;40;38;0;0;0
43;2;11;9;5;5;1;4;1;40;38;0;0;0
50;2;11;9;2;2;0;4;1;40;38;0;0;0
38;2;1;7;2;5;0;4;1;48;38;0;0;1
31;2;11;9;2;9;0;4;1;40;38;1;0;1
41;2;14;15;0;9;4;4;0;38;38;0;0;0
20;2;15;10;4;9;1;4;0;40;38;0;0;0
28;2;9;13;2;0;2;4;0;15;38;0;0;0
62;2;6;5;2;7;0;4;1;35;38;0;0;0
41;2;2;8;0;6;1;2;0;40;38;0;0;0
37;2;11;9;2;2;0;4;1;45;38;0;0;0
53;4;15;10;2;4;0;4;1;30;38;0;0;0
28;2;9;13;2;11;0;4;1;50;38;0;0;1
23;2;12;14;4;9;1;4;0;30;38;0;0;0
46;4;11;9;2;4;0;4;1;35;38;0;0;0
28;2;11;9;4;11;1;4;0;45;38;0;0;0
50;2;0;6;5;0;4;4;0;40;38;0;0;0
19;2;15;10;4;2;1;4;1;45;25;0;0;0
84;2;5;4;2;9;0;2;1;10;38;0;0;0
48;4;14;15;2;9;0;4;1;35;38;0;0;1
61;4;11;9;6;0;4;4;0;20;38;0;0;0
44;2;15;10;0;2;1;4;1;42;38;0;0;0
32;2;11;9;5;5;4;1;0;60;34;0;0;0
25;2;15;10;4;0;3;4;1;35;38;0;0;0
47;5;15;10;0;0;1;4;0;40;38;0;0;0
19;2;15;10;4;11;3;4;0;15;38;0;0;0
37;2;15;10;2;7;0;4;1;17;38;0;0;0
28;2;11;9;0;12;3;1;0;40;38;0;0;0
34;2;7;12;2;0;5;4;0;40;38;0;0;1
32;4;15;10;0;7;1;4;0;35;38;0;0;0
24;2;15;10;4;7;1;4;1;30;38;0;0;0
30;2;15;10;2;3;0;2;1;99;38;0;0;0
56;2;12;14;2;3;0;4;1;40;38;0;0;0
30;2;9;13;2;11;0;4;1;40;38;0;0;1
28;2;15;10;4;0;3;4;0;26;38;0;0;0
40;2;15;10;2;2;0;4;1;68;38;0;1;1
28;2;15;10;4;11;1;4;1;45;38;0;0;0
39;2;2;8;4;5;1;4;1;40;38;0;0;0
33;4;11;9;2;2;0;4;1;40;38;0;0;1
23;2;15;10;4;7;1;1;1;40;5;0;0;0
32;2;15;10;4;6;2;4;1;55;6;0;0;0
37;2;11;9;2;2;0;4;1;40;38;0;0;0
71;2;4;3;6;8;1;1;0;75;38;0;0;0
30;2;15;10;2;0;0;4;1;40;38;0;0;1
20;2;15;10;4;3;1;4;0;40;38;0;0;0
53;0;11;9;2;13;0;4;1;50;38;0;1;0
42;2;11;9;0;2;4;4;1;45;38;0;0;0
44;2;9;13;2;3;0;4;1;56;38;0;1;1
26;2;12;14;4;9;1;4;0;40;38;0;0;0
21;2;15;10;4;7;3;4;0;16;38;0;0;0
37;4;11;9;3;7;4;2;0;40;38;0;0;0
36;1;9;13;0;9;4;4;0;40;38;0;0;0
25;2;11;9;4;11;4;4;0;40;38;0;0;0
54;2;10;16;2;3;0;4;1;43;38;0;1;1
38;3;9;13;2;9;0;4;1;50;38;0;0;1
29;2;11;9;4;7;1;4;1;40;38;0;0;0
20;5;15;10;4;2;3;4;1;38;38;0;0;0
32;2;11;9;4;2;2;4;1;50;38;0;0;0
24;2;7;12;4;3;1;4;1;20;38;0;0;0
59;0;11;9;2;0;0;4;1;40;38;0;0;1
56;4;9;13;2;0;0;4;1;40;38;0;0;1
40;4;11;9;0;13;1;4;1;84;38;0;0;0
35;2;9;13;2;11;0;4;1;40;38;0;0;1
38;2;9;13;2;9;5;4;0;40;38;1;0;1
24;2;15;10;4;11;3;4;0;20;38;0;0;0
30;2;15;10;2;11;0;4;1;40;38;0;1;1
36;2;3;2;4;4;1;4;1;40;25;0;0;0
20;1;15;10;4;10;3;1;0;20;38;0;0;0
36;2;11;9;4;11;3;4;0;40;38;0;0;0
45;0;9;13;4;3;1;4;0;40;38;0;0;0
22;2;9;13;4;0;3;4;0;40;38;0;0;0
31;2;11;9;4;4;1;4;1;40;38;0;1;0
34;2;11;9;4;13;3;4;1;40;38;0;0;0
24;2;1;7;4;2;4;4;1;40;38;0;0;0
23;2;9;13;4;11;1;4;1;25;38;0;0;0
46;0;14;15;5;9;4;4;0;40;10;0;0;1
60;2;14;15;2;9;0;4;1;70;10;0;0;1
40;2;15;10;0;6;4;2;0;40;38;0;0;0
55;2;11;9;0;6;1;4;0;40;38;0;0;0
47;2;12;14;5;12;1;4;1;40;38;1;0;1
28;2;11;9;2;7;0;4;1;43;38;0;0;0
55;2;14;15;2;3;0;4;1;60;38;0;0;1
47;2;12;14;2;9;0;4;1;40;38;0;0;1
54;2;12;14;2;3;0;4;1;52;38;0;0;1
32;2;1;7;2;7;5;4;0;60;38;0;0;0
38;2;7;12;2;3;0;4;1;40;38;0;0;1
61;4;15;10;6;6;1;4;0;40;38;0;0;0
62;3;12;14;2;9;0;1;1;40;34;0;0;0
29;2;15;10;2;2;0;4;1;40;38;1;0;0
26;2;11;9;4;10;1;2;0;32;38;0;0;0
19;2;15;10;4;4;3;4;1;50;38;0;0;0
40;2;0;6;2;2;0;4;1;40;38;0;0;0
36;2;11;9;2;6;0;4;1;40;38;1;0;1
42;2;11;9;2;13;0;4;1;45;38;1;0;0
55;2;12;14;4;9;2;1;0;40;36;0;0;0
55;2;11;9;2;7;5;2;0;35;38;1;0;0
43;4;9;13;2;11;0;4;1;40;38;0;0;1
39;2;11;9;2;2;0;4;1;40;38;0;0;0
38;0;15;10;2;0;0;4;1;45;38;0;0;1
28;2;11;9;4;7;4;4;0;40;25;0;0;0
36;2;15;10;0;12;4;4;0;40;38;0;0;0
49;2;15;10;2;4;0;4;1;50;38;0;0;0
41;2;15;10;0;0;3;2;0;40;38;0;0;0
60;2;5;4;2;6;5;4;0;40;38;0;0;0
35;2;9;13;2;3;0;4;1;70;38;0;0;0
36;5;9;13;0;9;4;4;0;40;38;0;0;0
51;2;11;9;2;0;0;4;1;40;38;0;0;1
23;2;11;9;4;7;1;4;1;40;12;0;0;0
51;2;11;9;2;2;0;4;1;40;38;0;0;0
17;2;1;7;4;11;3;4;0;18;18;1;0;0
33;4;15;10;2;11;0;4;1;25;38;0;0;0
50;2;11;9;0;10;1;4;1;40;38;0;0;0
38;2;2;8;2;2;0;4;1;40;38;0;0;1
18;2;11;9;4;0;3;4;0;35;38;0;0;0
26;2;11;9;4;13;3;4;1;40;38;0;0;0
21;2;15;10;4;11;3;4;0;47;38;0;0;0
26;2;11;9;2;3;0;4;1;52;38;0;0;0
30;1;11;9;2;0;5;4;0;40;38;0;0;1
33;1;11;9;4;7;1;2;1;40;38;0;0;0
42;5;15;10;0;13;4;4;1;38;38;0;0;0
28;2;14;15;4;9;1;4;0;50;38;0;0;0
20;2;11;9;4;7;3;4;1;35;38;0;0;0
66;1;9;13;6;9;1;2;0;25;38;0;1;0
31;2;15;10;2;0;0;1;1;50;18;0;0;0
36;2;15;10;0;0;4;4;1;40;1;0;0;0
39;0;7;12;4;9;1;4;1;40;38;0;0;1
52;2;11;9;2;0;0;4;1;40;38;0;0;0
61;2;5;4;2;2;0;4;1;40;30;1;0;1
27;2;11;9;2;13;0;4;1;40;38;0;0;0
45;2;11;9;0;0;1;4;0;50;38;0;0;0
21;2;6;5;4;7;3;0;1;40;38;0;0;0
25;2;11;9;4;0;3;4;0;40;38;0;0;0
24;2;15;10;4;7;3;4;0;25;38;0;0;0
38;2;7;12;2;3;0;4;1;55;21;0;0;0
29;2;9;13;2;9;5;4;0;50;38;0;1;1
45;2;11;9;0;0;4;4;0;38;38;0;0;0
59;2;0;6;2;13;0;4;1;50;38;0;0;0
41;2;11;9;2;0;3;4;1;40;38;0;0;0
23;2;9;13;4;0;3;4;0;40;38;0;0;0
43;2;15;10;0;0;1;4;1;45;38;0;0;0
17;2;1;7;4;11;3;4;1;20;38;0;0;0
32;2;9;13;2;3;0;4;1;50;38;1;0;1
42;2;8;11;2;6;0;4;1;40;38;0;0;0
68;2;12;14;2;3;0;4;1;40;38;0;1;1
55;0;11;9;2;12;0;4;1;40;38;0;1;1
43;2;11;9;2;0;0;4;1;40;38;0;0;0
61;2;11;9;2;0;0;4;1;40;38;0;0;1
28;2;11;9;2;6;0;4;1;40;38;0;0;0
47;2;11;9;0;6;4;4;0;60;38;0;0;0
21;4;5;4;4;2;1;4;1;40;38;0;0;0
39;2;15;10;4;2;1;4;1;40;38;0;0;0
39;2;1;7;0;2;1;4;1;46;38;0;1;0
34;2;15;10;2;13;0;2;1;40;38;0;1;0
27;2;9;13;0;5;3;2;1;40;38;0;0;0
21;5;15;10;4;7;3;2;0;12;38;0;0;0
25;2;4;3;4;6;1;4;1;40;25;0;0;0
51;3;15;10;2;11;0;4;1;50;38;0;0;1
35;2;9;13;4;11;3;2;0;40;38;0;0;0
19;2;15;10;4;7;3;4;1;12;38;0;0;0
27;2;9;13;2;3;0;4;1;55;38;1;0;1
34;2;15;10;4;11;2;2;0;35;38;0;0;0
36;2;11;9;0;2;4;4;1;40;38;0;0;0
33;4;9;13;2;2;0;4;1;35;38;0;0;0
60;4;9;13;2;2;0;4;1;40;38;0;0;0
42;2;15;10;2;3;0;4;1;50;38;1;0;1
47;0;11;9;2;9;5;2;0;40;38;0;0;0
42;2;11;9;0;2;1;4;1;75;38;0;0;1
34;2;15;10;2;3;0;4;1;65;38;0;0;1
21;2;11;9;4;7;3;4;0;32;38;0;0;0
30;2;12;14;2;7;0;4;1;15;38;0;0;1
53;2;12;14;2;3;5;4;0;50;38;0;0;1
34;2;11;9;2;2;0;4;1;40;10;0;0;0
37;2;9;13;2;5;0;4;1;40;38;0;0;0
27;2;11;9;4;0;3;2;0;40;38;0;0;0
31;2;9;13;4;11;1;4;1;40;38;0;0;0
30;2;15;10;2;0;5;4;0;40;38;0;0;0
33;2;11;9;0;13;1;4;1;45;38;0;0;0
41;1;15;10;2;3;0;4;1;40;38;0;0;0
23;5;15;10;2;9;0;4;1;30;38;0;0;0
65;2;15;10;2;3;5;4;0;40;38;0;0;0
30;2;11;9;4;7;4;4;0;40;38;0;0;0
51;2;8;11;2;7;0;4;1;55;38;1;0;0
30;1;15;10;4;5;3;4;1;40;38;0;0;0
49;2;12;14;0;11;1;4;1;45;38;1;0;1
37;4;11;9;2;9;0;4;1;30;38;1;0;0
42;2;11;9;4;2;1;4;1;40;38;0;0;0
62;2;8;11;2;3;5;4;0;45;38;0;0;1
31;2;15;10;2;13;0;4;1;40;38;1;0;1
50;2;9;13;2;12;0;4;1;20;38;0;0;1
33;2;9;13;2;0;2;1;1;40;18;0;0;0
27;2;15;10;4;13;2;4;1;40;38;0;0;0
31;2;8;11;2;2;0;4;1;40;25;1;0;1
35;2;15;10;4;6;2;0;1;40;38;0;0;0
55;2;15;10;2;13;0;4;1;6;38;0;0;1
54;4;9;13;2;3;5;4;0;35;38;0;1;1
56;2;9;13;2;12;0;4;1;48;38;0;0;1
21;2;8;11;4;0;1;4;0;40;38;0;0;0
66;2;5;4;6;7;1;4;0;20;10;0;0;0
46;2;11;9;2;2;0;4;1;50;38;0;0;0
23;2;9;13;4;3;1;4;0;38;38;0;0;0
43;2;12;14;4;3;1;4;0;45;38;0;0;0
40;2;11;9;2;6;0;4;1;55;38;0;0;0
52;2;4;3;2;2;0;4;1;40;25;0;0;0
59;1;9;13;2;9;0;4;1;50;38;0;0;1
36;1;8;11;5;0;3;2;0;40;38;0;0;0
33;2;11;9;4;13;1;4;1;40;38;0;0;0
20;2;11;9;2;11;0;4;1;40;38;0;0;0
21;2;11;9;4;6;1;4;1;35;38;0;0;0
42;4;12;14;2;3;0;4;1;50;38;0;0;1
62;2;11;9;6;11;1;4;0;43;38;0;0;0
54;2;11;9;4;11;1;4;1;40;38;0;0;0
35;2;5;4;4;6;3;4;0;30;38;0;0;0
36;2;7;12;4;12;1;4;0;40;38;0;0;0
21;2;11;9;4;0;2;4;0;45;38;0;0;0
30;2;11;9;5;4;4;4;0;14;38;0;0;0
46;2;15;10;2;2;0;4;1;40;38;0;0;1
32;2;4;3;2;6;5;1;0;40;24;0;0;1
21;2;15;10;4;11;2;4;1;64;38;0;0;0
39;2;11;9;4;0;1;4;1;40;38;0;0;0
54;2;11;9;3;3;1;4;0;43;38;0;0;0
32;2;15;10;2;6;0;4;1;40;38;1;0;0
23;2;11;9;4;6;3;4;1;40;38;0;0;0
42;2;3;2;2;6;0;4;1;40;21;0;0;0
28;2;15;10;4;7;1;4;1;35;38;0;0;0
28;2;11;9;2;2;0;4;1;40;38;0;0;0
35;2;7;12;2;12;0;4;1;40;38;0;0;0
19;2;15;10;4;3;3;4;0;40;38;0;0;0
27;2;11;9;4;5;1;2;1;35;38;0;0;0
54;2;3;2;2;13;0;4;1;50;38;0;0;0
19;2;11;9;4;11;3;4;0;35;38;0;0;0
27;2;15;10;4;11;1;4;0;30;38;0;0;0
35;2;7;12;4;0;1;4;0;35;38;0;0;0
19;1;15;10;4;9;3;4;0;20;38;0;0;0
30;2;11;9;2;5;0;4;1;40;38;0;0;1
32;2;9;13;4;12;1;4;1;40;38;0;0;0
31;2;15;10;4;11;1;4;0;40;38;0;0;0
26;2;8;11;4;11;2;2;1;65;38;0;0;0
44;2;15;10;6;11;1;4;0;25;38;0;0;0
52;2;9;13;2;3;0;4;1;50;38;0;0;1
30;2;15;10;2;4;0;4;1;40;38;0;0;0
32;4;11;9;4;7;1;4;0;60;38;0;0;0
19;4;11;9;4;2;3;4;1;40;38;0;0;0
33;2;11;9;5;6;1;4;1;30;38;0;0;0
20;2;15;10;4;5;1;4;1;40;38;0;0;0
61;2;5;4;2;6;0;4;1;40;38;0;0;0
33;2;15;10;4;7;1;2;0;35;38;0;0;0
24;2;15;10;4;11;3;4;0;35;38;0;0;0
31;4;9;13;0;2;1;4;1;60;38;0;0;0
32;2;8;11;0;3;4;4;0;50;38;0;0;0
29;2;7;12;2;12;5;4;0;40;38;0;0;0
61;2;0;6;0;7;1;4;1;24;38;0;0;0
48;2;11;9;2;6;5;4;0;50;38;0;0;0
29;0;7;12;0;0;1;4;0;40;38;0;0;0
22;2;7;12;4;0;1;4;0;15;38;0;0;0
32;2;11;9;2;2;0;4;1;40;38;0;1;0
38;2;11;9;2;2;0;4;1;40;38;0;0;0
27;2;15;10;0;6;4;4;0;40;38;0;0;0
26;2;11;9;4;2;2;1;1;40;16;0;0;0
35;2;11;9;4;0;1;4;1;40;38;1;0;1
62;2;11;9;0;0;4;4;0;40;38;0;0;0
28;2;11;9;4;7;4;4;0;40;38;0;0;0
50;2;11;9;5;2;1;2;1;40;38;0;0;0
34;2;9;13;4;11;1;4;1;50;38;1;0;1
37;4;11;9;2;2;0;4;1;40;38;0;0;0
63;2;3;2;6;6;4;4;0;44;31;0;0;0
35;2;6;5;4;5;1;2;1;40;38;0;0;0
55;2;9;13;2;11;0;4;1;40;38;0;0;1
40;2;11;9;2;11;5;4;0;40;38;0;0;1
25;2;11;9;2;11;0;3;1;50;38;0;0;0
51;2;15;10;2;3;0;4;1;40;38;0;0;0
37;2;9;13;2;3;0;4;1;40;38;1;0;1
54;3;9;13;2;3;0;4;1;55;38;1;0;1
47;1;15;10;2;7;0;4;1;40;38;0;0;1
26;2;9;13;4;3;3;4;0;40;38;0;0;0
46;2;8;11;3;2;4;4;1;40;38;0;0;0
24;2;2;8;4;2;2;4;1;40;38;0;0;0
19;2;5;4;4;0;3;4;1;80;38;0;0;0
35;2;11;9;2;11;0;4;1;40;38;0;1;1
36;1;9;13;4;9;3;2;1;35;38;0;0;0
18;2;2;8;4;7;3;4;0;20;38;0;0;0
46;1;12;14;2;9;0;4;1;40;38;0;0;1
30;2;11;9;4;7;4;2;0;32;38;0;0;0
29;2;11;9;4;7;1;2;0;40;38;0;0;0
65;2;11;9;6;7;4;2;0;20;22;0;0;0
41;2;12;14;2;3;5;4;0;40;38;0;0;1
34;2;9;13;2;3;0;4;1;40;38;0;0;0
58;2;5;4;2;13;0;2;1;40;38;0;0;0
39;5;11;9;4;7;4;2;0;40;38;0;0;0
21;2;15;10;4;7;3;4;0;40;38;0;0;0
31;2;11;9;2;13;0;4;1;50;38;0;0;1
33;5;10;16;2;9;0;4;1;50;38;0;0;1
28;2;9;13;2;3;0;4;1;60;38;0;0;0
32;2;11;9;4;0;4;2;0;35;38;1;0;0
32;2;9;13;4;3;1;4;1;55;38;0;0;1
31;2;11;9;5;7;4;2;0;40;38;0;0;0
41;4;14;15;2;3;0;4;1;40;38;1;0;1
48;2;9;13;2;12;0;1;1;45;29;0;0;1
27;2;11;9;4;13;3;4;1;40;38;0;0;0
45;2;11;9;6;2;4;2;0;40;38;0;0;0
34;4;11;9;2;3;0;4;1;50;38;0;0;0
17;2;0;6;4;11;3;4;0;10;38;0;0;0
25;2;11;9;4;5;3;2;1;23;38;0;0;0
34;3;9;13;4;9;1;4;0;62;38;0;0;1
33;2;11;9;0;11;4;4;0;40;38;0;0;0
21;2;15;10;4;0;1;4;0;20;38;0;0;0
22;2;11;9;4;6;1;4;1;50;38;0;0;0
61;2;15;10;2;9;0;4;1;42;38;0;0;0
40;2;11;9;2;0;5;4;0;30;38;0;0;1
58;2;15;10;2;11;0;4;1;12;38;0;0;0
30;2;15;10;2;2;0;4;1;58;38;0;0;0
24;2;11;9;4;2;3;4;1;60;38;0;0;0
52;4;2;8;2;3;0;4;1;50;38;0;0;1
50;2;11;9;6;11;4;4;0;40;38;0;0;0
49;2;15;10;2;2;0;2;1;30;38;0;0;0
22;2;11;9;4;0;3;4;0;40;38;0;0;0
21;2;15;10;4;0;3;4;0;40;38;0;0;0
25;2;15;10;4;6;3;4;0;50;38;0;0;0
34;3;11;9;2;0;0;4;1;45;38;0;0;0
48;2;0;6;2;3;0;4;1;45;38;0;0;1
21;2;15;10;4;0;4;2;0;40;38;0;0;0
20;2;5;4;4;6;3;4;0;52;38;0;0;0
30;5;15;10;2;0;0;4;1;40;38;0;0;1
44;2;11;9;2;11;0;4;1;40;38;0;1;1
44;2;11;9;4;2;1;2;1;60;38;0;0;0
29;2;11;9;2;13;0;4;1;60;38;0;0;0
31;2;14;15;0;12;1;4;0;35;38;0;0;0
35;2;11;9;2;2;0;4;1;40;38;0;0;0
27;2;11;9;4;0;1;4;1;40;38;0;0;0
26;2;9;13;4;3;1;4;0;45;38;0;0;0
37;4;6;5;2;13;0;4;1;70;38;0;0;1
44;2;5;4;2;7;5;4;0;55;38;0;0;0
34;2;9;13;2;3;0;4;1;40;38;0;0;1
28;1;7;12;4;2;3;4;1;5;38;0;0;0
30;2;15;10;2;7;5;4;0;45;38;0;0;0
41;1;9;13;2;9;0;4;1;35;38;0;0;0
23;2;9;13;4;12;3;4;0;40;38;0;0;0
19;2;11;9;4;5;2;4;1;70;38;0;0;0
48;2;3;2;2;4;0;4;1;50;25;1;0;0
26;5;15;10;4;7;1;4;1;20;38;0;0;0
32;2;9;13;2;11;0;2;1;40;38;0;0;1
26;2;11;9;0;0;4;4;0;48;38;0;0;0
36;2;12;14;2;9;0;4;1;55;38;1;0;1
49;2;11;9;2;13;0;4;1;40;38;0;0;0
54;2;12;14;0;12;1;4;1;40;38;0;0;1
36;2;11;9;0;2;1;4;1;55;38;0;0;0
41;2;11;9;0;5;4;4;1;48;38;0;0;0
27;2;9;13;4;7;1;4;1;35;38;0;0;0
40;4;8;11;2;4;0;4;1;60;38;0;0;0
46;2;11;9;0;2;1;4;1;40;38;0;0;0
43;2;6;5;0;13;1;2;1;40;38;0;0;0
46;2;11;9;0;2;2;4;1;40;38;0;0;0
51;4;15;10;2;3;0;0;1;60;38;0;0;0
19;2;15;10;4;0;3;4;0;15;38;0;0;0
67;1;10;16;4;9;1;4;0;50;38;1;0;1
31;2;11;9;2;6;0;4;1;40;38;0;0;0
27;2;9;13;2;11;0;4;1;50;38;0;0;1
21;2;15;10;4;7;3;4;0;40;38;0;0;0
36;2;11;9;2;13;0;4;1;50;38;0;0;0
23;2;11;9;4;6;3;4;0;16;38;0;0;0
62;1;12;14;2;9;5;4;0;40;38;0;0;1
31;1;9;13;2;10;0;2;1;50;38;0;0;1
52;2;9;13;2;3;0;4;1;40;38;0;1;1
39;4;11;9;2;4;0;4;1;40;38;0;0;0
24;2;9;13;4;9;3;4;1;30;38;0;0;0
38;2;11;9;2;6;0;4;1;40;25;0;0;0
36;2;11;9;2;3;0;4;1;40;38;0;0;0
17;2;1;7;4;11;3;2;0;15;38;0;0;0
27;2;11;9;3;7;4;4;0;40;38;0;0;0
30;2;15;10;0;2;1;2;1;40;38;0;0;0
43;5;11;9;0;3;4;4;0;40;38;0;0;0
51;2;1;7;0;7;4;2;0;30;38;0;0;0
47;2;9;13;6;8;4;4;0;35;38;1;0;1
49;5;10;16;4;3;1;4;0;50;38;0;1;1
34;2;11;9;2;2;0;4;1;48;38;0;0;1
79;0;10;16;6;3;1;4;1;6;38;0;0;1
28;5;15;10;0;7;4;4;1;40;38;0;0;0
41;3;15;10;2;3;0;4;1;50;38;0;0;0
21;2;15;10;2;7;0;4;1;50;38;0;0;0
31;4;9;13;4;12;1;4;0;40;38;0;0;0
45;2;11;9;2;3;0;4;1;45;38;0;0;0
23;3;11;9;4;13;1;4;1;50;38;0;0;0
32;2;15;10;2;3;0;4;1;50;10;0;0;0
67;2;1;7;2;13;0;4;1;40;38;0;0;0
32;2;12;14;2;3;0;4;1;55;38;0;0;1
35;4;11;9;2;4;0;4;1;50;38;0;0;0
29;2;15;10;2;9;0;4;1;40;38;0;0;0
38;2;11;9;2;2;0;4;1;40;38;0;0;0
38;2;15;10;2;11;0;4;1;60;38;0;0;0
18;2;11;9;4;9;1;4;1;30;38;0;0;0
47;2;11;9;2;9;0;4;1;24;38;1;0;0
22;2;11;9;4;0;1;4;0;40;38;0;0;0
21;2;15;10;2;3;0;4;1;48;38;0;1;0
40;2;14;15;2;9;0;4;1;55;10;1;0;1
23;2;9;13;4;6;3;4;0;40;38;0;1;0
25;2;15;10;2;6;0;4;1;40;38;0;0;0
44;3;15;10;4;11;1;4;1;60;38;0;1;0
43;2;11;9;2;0;5;4;0;25;38;0;0;1
31;2;9;13;2;3;0;4;1;55;38;0;1;1
33;2;15;10;2;2;0;4;1;40;38;0;0;0
41;2;11;9;2;3;0;4;1;40;38;0;0;1
29;4;12;14;2;2;0;4;1;30;38;0;0;0
78;2;5;4;2;5;0;4;1;15;38;1;0;0
64;3;11;9;2;3;0;4;1;40;38;0;0;1
58;2;9;13;2;3;0;4;1;50;38;0;0;1
20;2;11;9;4;0;3;4;0;40;38;0;0;0
35;2;15;10;2;11;0;4;1;40;38;0;0;0
27;1;11;9;2;6;0;4;1;40;38;0;0;0
37;4;11;9;2;11;0;4;1;50;38;1;0;1
42;2;8;11;4;0;1;4;0;40;38;0;0;0
47;1;2;8;2;0;0;4;1;35;32;0;0;0
29;2;11;9;4;5;1;2;0;40;38;0;0;0
33;2;3;2;4;11;3;4;0;24;38;0;0;0
44;2;15;10;6;3;1;2;0;40;38;0;0;0
25;2;11;9;4;13;1;4;1;78;38;0;0;0
24;5;9;13;4;0;2;4;0;10;38;0;0;0
42;5;9;13;0;0;4;2;0;40;38;1;0;0
53;2;9;13;2;3;0;2;1;50;38;0;0;1
39;2;9;13;0;3;4;2;0;60;38;0;0;0
72;4;11;9;2;4;0;4;1;40;38;0;0;0
43;3;6;5;4;11;3;4;0;44;31;0;0;0
25;5;15;10;2;10;0;4;1;40;38;0;0;0
37;2;7;12;2;9;0;4;1;45;38;0;0;1
27;2;11;9;4;6;1;4;0;40;38;0;0;0
39;2;10;16;2;9;0;4;1;50;38;0;0;1
64;4;11;9;2;2;0;4;1;24;21;1;0;0
29;4;11;9;4;2;1;4;1;50;38;0;0;1
50;2;9;13;2;3;0;4;1;50;38;0;0;1
33;2;4;3;4;7;4;4;0;40;25;0;0;0
18;2;11;9;4;11;1;4;0;20;38;0;0;0
20;2;1;7;4;5;1;4;1;32;25;0;0;0
32;2;15;10;5;12;4;4;0;50;38;0;0;0
45;2;15;10;0;0;4;4;0;40;38;0;0;0
48;2;11;9;2;5;5;2;0;40;38;0;0;0
23;2;11;9;4;6;3;4;0;40;38;0;0;0
34;0;9;13;2;10;0;4;1;48;38;0;1;1
43;2;9;13;5;3;4;4;1;40;38;1;0;1
44;2;9;13;2;11;0;1;1;40;38;0;0;1
47;4;15;10;2;12;0;2;1;40;38;0;0;1
47;2;11;9;3;2;1;2;0;40;38;0;0;0
46;1;3;2;4;7;1;0;0;20;38;0;0;0
19;2;11;9;4;11;3;4;0;40;38;0;0;0
51;2;11;9;2;0;0;4;1;40;38;0;0;0
41;3;11;9;5;3;4;4;1;40;38;0;0;0
37;2;1;7;5;7;4;2;0;40;38;0;0;0
31;2;11;9;4;2;3;4;1;40;38;0;0;0
25;2;11;9;4;7;1;4;1;40;38;0;0;0
46;2;15;10;2;12;0;4;1;40;38;0;0;1
53;3;11;9;2;2;0;4;1;45;38;1;0;1
47;1;10;16;4;9;4;4;0;40;38;0;0;0
28;2;11;9;2;3;0;4;1;50;38;0;0;1
60;4;15;10;2;13;0;4;1;46;38;1;0;0
43;2;11;9;2;6;0;4;1;40;38;0;0;0
45;4;11;9;2;2;0;4;1;50;38;1;0;1
28;2;0;6;4;5;2;4;1;40;25;0;0;0
19;2;1;7;4;5;2;4;1;30;38;0;0;0
51;4;14;15;2;9;0;3;1;70;18;1;0;1
19;2;11;9;4;2;2;4;1;35;38;0;0;0
64;2;10;16;2;9;0;4;1;60;38;0;0;1
44;2;10;16;2;3;0;4;1;60;38;0;0;1
21;2;11;9;4;2;1;4;1;48;38;0;0;0
33;2;11;9;4;9;1;4;1;40;38;0;0;0
63;2;9;13;2;10;0;1;1;40;29;0;0;1
44;1;12;14;2;9;0;4;1;35;38;1;0;1
28;0;11;9;4;3;4;4;0;70;32;0;0;0
24;2;9;13;4;11;3;4;1;40;38;0;0;0
20;0;15;10;4;0;3;2;0;20;38;0;0;0
20;2;11;9;4;5;3;4;1;40;38;0;0;0
21;2;11;9;4;5;3;0;1;40;38;0;0;0
34;0;15;10;2;6;0;2;1;52;38;0;0;0
17;2;1;7;4;11;3;4;0;15;38;0;0;0
35;2;1;7;5;7;4;2;0;40;38;0;0;0
26;2;11;9;4;4;1;4;1;40;38;0;0;0
35;2;11;9;0;4;1;4;1;70;38;0;0;0
25;2;11;9;4;6;1;4;1;40;38;0;0;0
27;4;15;10;2;7;0;4;1;40;38;0;0;0
52;1;8;11;2;10;0;4;1;40;38;0;0;1
43;4;9;13;4;9;4;4;0;50;38;0;0;0
36;2;12;14;2;11;0;4;1;50;38;1;0;1
37;2;11;9;4;6;3;4;1;40;38;0;0;0
58;2;11;9;4;0;1;4;0;40;38;0;0;0
25;2;7;12;4;2;1;4;1;45;38;0;0;0
54;2;12;14;2;7;0;4;1;40;38;0;0;0
65;3;9;13;2;3;0;4;1;65;38;1;0;1
44;2;11;9;4;6;1;1;0;45;24;0;0;0
61;2;4;3;2;2;0;4;1;40;7;0;0;0
29;2;11;9;2;2;0;0;1;40;38;0;0;0
34;2;15;10;2;2;0;4;1;40;38;0;0;1
24;5;15;10;4;7;1;4;0;40;1;0;0;0
40;2;7;12;2;12;0;4;1;42;38;0;0;1
42;3;14;15;2;9;0;4;1;60;4;0;0;1
50;2;11;9;4;6;1;4;1;40;38;0;0;0
49;2;11;9;2;6;0;4;1;40;38;0;0;0
38;2;11;9;0;6;1;4;1;40;38;0;0;0
41;2;11;9;2;0;0;2;1;45;38;0;0;0
70;3;15;10;4;3;1;4;1;5;38;0;0;0
51;2;15;10;2;2;0;4;1;40;38;0;0;1
24;2;9;13;4;9;1;4;0;40;38;0;0;0
57;4;11;9;2;2;0;4;1;48;38;0;0;1
22;2;15;10;4;0;3;4;0;20;38;0;0;0
31;2;15;10;2;2;0;4;1;40;38;0;0;1
28;2;15;10;2;12;5;4;0;40;38;0;0;0
45;4;11;9;2;3;0;4;1;50;38;0;0;0
39;2;11;9;2;2;0;4;1;40;38;0;0;1
26;2;15;10;4;11;1;4;0;40;38;0;0;0
38;2;11;9;2;2;0;2;1;40;38;0;0;0
38;4;12;14;2;9;0;2;1;60;38;1;0;1
19;2;11;9;4;5;3;4;1;20;38;0;0;0
30;2;11;9;2;6;0;4;1;44;38;0;0;0
28;2;12;14;2;9;0;4;1;40;38;0;0;1
53;2;6;5;4;2;1;2;1;40;22;0;0;0
32;2;9;13;4;9;1;4;1;38;38;0;0;0
57;3;14;15;2;9;0;4;1;60;38;1;0;1
47;2;12;14;0;9;1;4;0;40;38;0;0;0
36;2;15;10;2;2;0;4;1;56;38;0;0;0
21;2;1;7;4;11;3;4;0;38;38;0;0;0
25;5;9;13;2;10;0;4;1;40;38;0;0;1
37;2;11;9;0;10;4;4;0;40;38;0;0;0
31;2;11;9;0;7;4;4;0;30;38;0;0;0
43;2;11;9;2;13;0;4;1;50;38;0;0;0
61;2;11;9;0;11;4;4;0;25;38;0;1;0
56;2;15;10;2;0;0;4;1;35;38;0;0;0
59;2;5;4;5;7;3;2;0;38;38;0;0;0
44;4;15;10;2;2;0;4;1;55;38;0;1;1
47;2;12;14;0;9;4;4;0;40;38;0;0;0
44;2;9;13;2;9;0;4;1;55;38;0;0;1
64;2;15;10;2;7;0;4;1;40;38;0;0;0
26;2;11;9;2;2;0;4;1;45;38;0;0;0
53;2;9;13;2;3;0;4;1;40;38;0;0;1
46;2;11;9;0;0;1;4;0;44;38;0;0;0
45;3;11;9;2;11;0;4;1;50;38;0;0;1
44;0;11;9;4;0;4;4;0;40;38;0;0;0
59;3;15;10;2;3;0;4;1;48;38;0;1;1
65;3;10;16;2;3;0;4;1;40;38;1;0;1
23;2;11;9;4;6;3;2;0;40;38;0;0;0
33;2;15;10;0;0;4;2;0;38;38;0;0;0
34;2;11;9;0;11;3;4;0;35;38;0;0;0
38;2;8;11;0;0;4;4;0;40;38;0;0;0
62;2;9;13;2;3;0;4;1;35;38;0;0;1
21;2;15;10;4;11;2;4;1;40;38;0;0;0
41;2;11;9;2;2;0;4;1;8;38;0;0;0
35;2;11;9;4;5;2;4;1;40;28;0;0;0
62;1;15;10;0;7;1;4;1;45;38;0;0;0
53;2;11;9;2;2;0;4;1;40;38;0;0;1
69;5;15;10;2;13;0;4;1;16;38;0;0;0
19;4;15;10;4;11;3;4;0;16;38;0;0;0
47;2;9;13;2;3;0;4;1;40;38;0;0;1
52;3;15;10;2;11;0;4;1;90;38;0;0;1
54;2;11;9;2;2;0;4;1;40;38;0;0;0
30;2;11;9;2;13;0;4;1;73;38;0;0;1
39;2;11;9;2;0;5;4;0;25;38;0;0;0
73;2;9;13;2;9;0;4;1;75;38;1;0;0
64;2;9;13;2;11;0;4;1;40;38;0;0;0
32;2;11;9;4;2;3;4;1;40;38;0;0;0
51;2;11;9;2;9;0;4;1;40;38;0;0;1
57;2;9;13;4;11;1;4;1;40;38;0;0;0
25;2;11;9;4;6;4;4;1;40;38;0;0;0
53;2;11;9;2;7;0;2;1;40;38;0;1;0
39;2;15;10;4;7;1;4;0;25;38;0;0;0
49;2;11;9;0;0;4;4;0;16;38;0;0;0
23;1;9;13;4;9;1;4;0;40;38;0;1;0
28;2;9;13;4;9;1;4;1;55;38;0;0;1
46;2;12;14;2;9;0;4;1;50;38;0;1;1
40;2;15;10;4;2;3;2;1;40;38;0;0;0
24;2;11;9;2;6;0;4;1;50;38;0;0;0
50;2;0;6;2;7;0;4;1;8;7;0;0;0
35;2;11;9;2;3;0;4;1;40;38;0;0;0
33;1;9;13;4;9;1;4;0;46;38;0;0;0
54;0;9;13;0;3;1;4;1;40;38;0;0;0
35;1;11;9;2;13;0;4;1;45;38;0;0;0
31;1;11;9;2;10;0;4;1;40;38;0;0;1
47;3;15;10;2;4;0;4;1;40;38;0;0;0
48;2;11;9;0;11;3;4;0;20;38;0;0;0
33;1;8;11;4;0;3;4;1;55;38;0;1;0
35;2;9;13;2;3;0;4;1;40;38;0;0;1
36;2;13;1;4;6;1;2;1;40;32;0;0;0
30;2;9;13;4;3;1;4;0;55;38;0;0;0
39;2;15;10;2;2;0;4;1;55;38;0;0;1
25;2;15;10;4;5;1;0;1;40;38;0;0;0
40;2;11;9;0;7;1;4;0;35;38;0;0;0
25;3;11;9;2;3;0;4;1;40;38;0;0;0
33;2;11;9;2;6;5;4;0;40;25;0;0;0
53;0;15;10;0;5;1;4;1;40;38;0;0;0
18;2;1;7;4;7;3;4;1;10;38;0;0;0
41;2;11;9;4;6;4;2;1;40;38;0;0;0
25;2;9;13;2;9;0;4;1;50;38;0;0;0
66;4;5;4;6;4;4;4;1;50;38;0;0;0
53;2;15;10;0;0;4;4;0;40;38;1;0;0
27;2;11;9;2;2;0;4;1;40;38;0;0;0
28;2;11;9;5;11;4;2;0;40;38;0;0;0
23;2;11;9;4;5;3;2;1;40;38;0;0;0
29;4;0;6;0;2;1;4;1;80;38;0;0;0
26;2;15;10;2;3;5;4;0;40;38;0;0;0
26;2;11;9;4;5;1;4;1;42;38;0;0;0
26;2;6;5;4;7;1;4;1;35;38;0;0;0
38;2;11;9;2;2;0;4;1;40;38;0;0;0
36;2;4;3;2;2;0;4;1;40;25;0;0;0
34;2;15;10;2;2;0;4;1;45;38;1;0;1
32;0;11;9;4;0;1;4;1;40;38;0;0;0
57;4;11;9;2;2;0;4;1;50;38;0;0;1
31;2;15;10;0;0;4;4;0;40;38;0;0;0
38;2;9;13;4;3;1;4;0;38;38;0;0;0
39;2;11;9;0;7;1;3;0;40;5;0;0;0
35;2;11;9;2;2;0;4;1;40;38;0;1;0
18;2;1;7;4;7;3;4;0;20;38;0;0;0
28;2;11;9;4;7;1;2;1;40;38;0;0;0
41;4;12;14;4;3;1;4;0;55;38;0;0;0
39;0;6;5;2;6;0;4;1;40;38;0;0;1
31;0;15;10;4;12;1;4;1;40;38;0;0;0
38;5;11;9;0;0;1;4;0;38;38;0;0;0
27;2;11;9;2;2;0;4;1;40;38;0;0;0
42;2;12;14;2;9;0;1;1;55;18;0;1;1
46;2;9;13;5;9;4;2;0;36;38;0;0;0
20;2;11;9;4;0;3;4;0;40;38;0;0;0
42;2;15;10;0;9;4;4;0;20;38;0;0;0
69;2;11;9;6;3;1;4;0;40;38;0;0;0
47;0;8;11;2;0;5;4;0;35;38;0;0;0
49;5;11;9;2;2;0;4;1;40;31;0;0;0
20;2;15;10;4;3;3;4;0;30;38;0;0;0
52;2;4;3;2;11;5;4;0;15;7;0;0;0
33;2;4;3;2;7;0;4;1;59;25;0;0;0
18;2;1;7;4;7;3;4;0;6;38;0;0;0
55;4;11;9;5;4;4;4;0;55;38;0;0;0
61;2;5;4;2;4;0;2;1;40;38;0;0;0
61;0;15;10;2;0;0;4;1;40;38;1;0;1
39;2;9;13;0;3;1;4;1;45;38;0;0;1
30;2;15;10;2;2;0;4;1;40;38;0;0;0
61;2;11;9;0;0;4;2;0;40;38;0;0;0
36;2;7;12;2;11;5;4;0;15;38;0;0;0
34;2;15;10;2;2;0;4;1;50;38;0;0;0
53;2;12;14;2;9;0;1;1;40;18;1;0;1
38;2;8;11;2;12;5;4;0;36;38;0;0;1
46;2;9;13;2;3;0;4;1;50;38;1;0;1
27;1;11;9;2;5;0;4;1;40;38;0;0;0
32;4;1;7;5;5;4;4;0;40;26;0;0;0
60;1;9;13;6;9;4;4;0;60;38;0;0;1
23;2;9;13;4;3;3;4;1;40;38;0;0;0
29;2;9;13;4;9;4;4;0;50;38;1;0;1
22;2;11;9;4;2;3;4;1;50;38;0;0;0
25;2;11;9;4;11;3;4;1;35;38;0;0;0
29;2;9;13;2;6;0;4;1;48;38;0;0;0
90;0;11;9;2;2;0;4;1;30;38;0;0;0
37;1;11;9;0;0;4;4;0;40;38;0;0;0
32;2;11;9;4;2;3;2;1;38;38;0;0;0
18;2;11;9;3;7;3;2;1;40;22;0;0;0
35;2;15;10;4;7;1;4;0;65;38;0;0;0
50;2;6;5;2;2;0;4;1;40;38;1;0;0
54;2;11;9;2;2;0;4;1;40;38;1;0;1
43;2;9;13;2;3;0;4;1;45;38;0;0;1
28;3;11;9;4;3;1;4;1;65;38;0;0;1
51;2;6;5;2;4;0;4;1;40;25;0;0;0
31;2;15;10;4;2;4;4;1;42;25;0;0;0
69;2;11;9;5;13;4;2;0;40;38;1;0;0
57;2;9;13;2;3;0;4;1;40;38;0;0;1
28;2;0;6;0;6;3;4;0;40;38;0;0;0
25;2;11;9;4;5;3;4;1;95;38;0;0;0
49;4;7;12;2;2;0;4;1;30;3;0;0;0
52;2;6;5;2;5;0;4;1;40;38;0;0;0
32;2;4;3;3;2;2;4;1;40;7;0;0;0
31;2;15;10;4;11;1;1;0;50;38;0;0;0
30;2;11;9;4;2;3;4;1;50;38;0;0;0
24;2;11;9;2;2;0;4;1;60;38;0;0;0
45;2;7;12;2;2;0;4;1;66;40;0;0;0
30;2;11;9;2;6;0;4;1;40;38;0;0;0
52;2;9;13;2;3;0;4;1;55;38;1;0;1
42;5;11;9;0;0;1;2;0;25;38;0;0;0
49;2;11;9;2;4;0;4;1;40;38;0;0;0
20;2;11;9;4;7;3;4;1;30;38;0;0;0
25;2;9;13;4;0;3;4;0;40;38;0;0;0
41;2;6;5;2;7;0;4;1;55;27;0;0;0
55;2;11;9;0;11;4;2;0;40;38;0;0;0
31;4;8;11;2;3;0;4;1;50;38;1;0;0
25;5;9;13;4;10;1;2;0;40;38;0;0;0
32;2;11;9;2;3;0;4;1;40;38;0;0;0
29;0;15;10;4;0;2;4;1;40;38;0;0;0
52;2;5;4;6;7;1;4;0;40;38;0;0;0
19;2;15;10;4;0;3;4;0;15;38;0;0;0
43;2;7;12;0;2;1;4;1;40;38;0;0;0
40;3;15;10;2;13;0;4;1;40;38;0;0;1
54;2;3;2;5;8;2;4;0;40;25;0;0;0
35;2;9;13;0;11;1;4;1;40;38;0;0;0
34;2;8;11;4;12;1;4;0;40;38;0;1;0
35;2;15;10;2;9;0;4;1;40;38;0;0;1
57;2;10;16;2;9;0;1;1;40;35;0;0;1
26;2;9;13;4;7;2;4;0;40;38;0;0;0
55;4;9;13;6;11;4;4;0;15;38;0;0;0
51;2;9;13;5;0;4;4;0;40;38;0;0;0
35;2;7;12;4;13;1;2;1;30;22;0;0;0
31;2;11;9;2;5;0;4;1;40;38;0;0;0
17;2;1;7;4;0;3;4;0;8;38;0;0;0
38;2;11;9;2;6;5;4;0;40;38;0;0;0
39;0;14;15;2;9;0;4;1;50;38;0;1;1
29;2;11;9;2;2;0;4;1;45;38;0;0;0
39;2;8;11;0;11;4;4;0;40;38;0;0;0
42;2;15;10;2;9;0;4;1;40;38;0;0;1
46;1;12;14;2;3;0;4;1;50;38;0;0;1
73;2;5;4;2;5;0;4;1;25;38;0;0;0
47;1;15;10;0;9;1;4;0;40;38;0;1;0
28;2;11;9;4;11;4;4;0;70;38;0;0;0
27;2;0;6;4;11;2;4;1;40;38;0;1;0
38;2;14;15;4;3;1;4;1;40;38;0;0;1
19;2;11;9;4;11;1;4;1;35;38;0;0;0
60;1;8;11;0;9;4;4;1;40;38;0;0;1
24;2;15;10;4;6;1;4;1;40;38;0;0;0
52;2;1;7;2;6;0;4;1;40;38;0;0;0
36;2;9;13;0;3;1;4;0;45;38;0;0;0
26;1;12;14;4;9;1;4;0;40;1;0;0;0
28;5;9;13;4;9;3;4;1;16;38;0;0;0
38;3;9;13;2;2;0;4;1;50;38;0;0;1
47;2;12;14;2;3;0;4;1;50;38;0;0;1
50;2;9;13;0;3;4;4;0;40;38;0;0;1
27;2;11;9;2;11;0;4;1;40;38;0;0;0
47;2;15;10;6;9;4;4;0;40;38;0;0;0
36;2;0;6;2;6;3;4;0;40;38;1;0;0
49;2;11;9;0;6;1;2;1;40;38;0;0;0
63;2;11;9;0;3;1;4;0;40;38;0;0;0
36;2;11;9;2;13;0;4;1;70;38;0;0;1
42;2;15;10;0;0;4;4;0;35;38;0;0;0
28;2;12;14;4;3;1;2;0;45;38;0;0;0
38;2;11;9;2;0;5;4;0;22;38;0;0;0
43;2;9;13;2;9;0;4;1;40;38;0;1;1
49;2;15;10;2;9;0;4;1;40;38;0;0;1
59;2;11;9;0;6;1;4;0;40;38;0;0;0
25;2;9;13;2;11;0;4;1;40;38;0;0;1
26;2;7;12;4;9;1;4;0;36;38;0;0;0
59;2;15;10;0;9;1;4;0;48;38;0;0;0
34;2;15;10;2;2;0;4;1;45;38;0;0;0
34;2;12;14;2;9;0;1;1;43;18;0;0;1
67;2;11;9;6;7;1;4;0;24;38;0;0;0
45;2;8;11;0;3;1;4;0;44;38;0;0;0
64;2;5;4;2;2;0;2;1;40;38;0;0;0
51;2;12;14;2;9;0;4;1;38;1;0;0;1
31;2;9;13;2;11;0;4;1;55;38;0;0;1
42;3;9;13;2;3;0;4;1;45;38;0;0;1
65;2;4;3;2;7;0;1;1;40;38;0;0;0
23;2;15;10;4;0;1;4;1;20;38;0;0;0
31;2;15;10;2;2;0;4;1;45;38;0;0;0
33;2;0;6;0;6;1;4;0;40;38;0;0;0
17;1;1;7;4;2;3;4;1;35;38;0;0;0
63;2;12;14;2;5;0;4;1;46;38;0;0;0
48;2;11;9;2;6;0;4;1;60;38;0;0;1
45;1;7;12;2;5;0;4;1;40;38;0;0;0
17;2;0;6;4;5;3;4;1;10;38;0;0;0
26;1;11;9;2;2;0;4;1;40;38;0;0;0
38;0;15;10;0;12;4;2;0;40;38;0;0;0
29;2;11;9;2;3;5;4;0;40;27;0;0;0
44;2;15;10;6;0;4;4;0;32;38;0;0;0
43;0;12;14;2;2;0;4;1;40;38;0;0;0
39;5;9;13;2;3;0;4;1;40;38;0;0;0
43;2;11;9;4;7;1;2;1;40;13;0;0;0
23;2;11;9;4;0;4;4;0;45;38;0;0;0
19;2;11;9;4;7;3;1;0;40;38;0;0;0
49;4;6;5;2;2;0;4;1;40;1;0;0;0
52;2;15;10;2;2;0;4;1;40;38;1;0;0
32;2;11;9;2;13;0;4;1;50;38;0;0;0
38;2;9;13;2;13;0;4;1;40;38;1;0;0
44;2;15;10;0;5;3;4;1;40;38;0;0;0
63;2;5;4;2;11;0;4;1;40;38;0;0;0
21;2;15;10;4;11;3;4;1;40;3;0;0;0
32;2;15;10;2;2;0;4;1;40;38;0;0;0
24;4;11;9;5;7;4;4;0;50;38;0;0;0
50;5;11;9;2;13;0;4;1;40;32;0;0;0
26;3;9;13;2;11;0;4;1;80;38;0;0;1
35;2;11;9;2;3;0;4;1;35;38;0;0;0
31;2;9;13;2;2;0;4;1;44;38;0;0;1
24;2;3;2;4;4;1;3;1;66;25;0;0;0
40;2;11;9;2;2;0;4;1;56;38;0;0;0
31;2;9;13;4;3;1;4;1;55;38;0;0;0
43;2;11;9;4;5;3;4;1;40;30;0;0;0
44;2;11;9;2;11;0;4;1;35;38;0;0;1
40;2;9;13;4;9;2;4;0;40;38;0;0;0
52;1;15;10;2;10;0;4;1;42;38;1;0;0
51;4;4;3;2;2;0;4;1;40;38;0;0;0
39;5;9;13;2;9;0;4;1;40;38;0;0;0
40;2;7;12;2;11;0;4;1;50;38;1;0;1
40;4;15;10;4;6;1;4;1;35;38;0;0;0
33;2;11;9;2;2;0;4;1;40;38;0;0;0
38;1;15;10;2;10;0;4;1;60;38;0;0;1
29;2;8;11;0;5;4;4;1;50;38;0;0;0
37;2;15;10;0;0;1;2;0;37;38;0;0;0
37;2;11;9;2;2;0;4;1;45;38;1;0;1
19;2;11;9;4;6;3;4;1;40;38;0;0;0
46;1;11;9;2;6;0;2;1;40;38;0;0;0
46;2;7;12;2;3;0;4;1;40;38;0;0;1
37;2;15;10;4;10;3;2;1;30;38;0;0;0
38;2;15;10;0;0;4;4;0;43;38;0;0;0
26;2;11;9;2;2;0;4;1;40;38;0;0;0
34;2;9;13;4;7;1;4;0;35;38;0;0;0
57;2;9;13;2;9;0;4;1;40;38;0;0;0
33;2;1;7;4;2;1;4;1;65;38;0;0;0
26;1;15;10;4;10;3;4;1;40;38;0;0;0
20;2;11;9;4;11;1;4;0;84;38;0;0;0
38;2;9;13;2;9;0;4;1;60;38;1;0;1
61;2;15;10;2;7;0;4;1;6;38;0;0;0
17;2;15;10;4;2;3;4;1;16;38;0;0;0
40;2;15;10;2;6;0;3;1;40;38;0;0;1
18;2;1;7;4;7;3;4;1;16;38;0;0;0
21;2;7;12;4;11;3;4;0;32;38;0;0;0
41;2;11;9;4;7;3;4;1;40;28;0;0;0
46;2;1;7;5;6;1;4;0;40;38;0;0;0
55;0;11;9;2;3;0;4;1;40;38;0;0;0
27;2;7;12;4;11;1;4;1;52;38;0;0;0
39;2;11;9;2;7;0;4;1;42;38;0;0;0
36;2;11;9;4;13;3;2;1;48;38;0;0;0
51;2;15;10;2;13;0;4;1;40;38;1;0;0
27;2;9;13;4;11;1;4;1;40;38;0;0;0
30;1;9;13;2;9;0;4;1;40;38;0;0;1
42;2;11;9;0;11;1;4;1;47;38;0;0;0
23;2;9;13;4;7;3;4;0;20;38;0;0;0
56;2;8;11;2;3;0;4;1;40;38;1;0;1
41;4;15;10;2;2;0;4;1;50;38;0;0;0
49;2;11;9;2;2;0;4;1;46;38;0;0;0
46;0;8;11;0;2;1;0;0;60;38;0;0;0
54;2;11;9;2;2;0;4;1;40;11;0;0;0
38;2;15;10;2;13;0;4;1;43;38;1;0;1
45;4;14;15;2;9;0;1;1;50;18;0;0;1
50;4;14;15;2;9;0;4;1;30;38;0;1;1
22;2;15;10;4;11;1;4;0;40;38;0;0;0
31;2;11;9;4;4;1;4;1;40;20;0;0;0
27;2;11;9;0;7;1;4;1;30;38;0;0;0
34;2;11;9;2;2;0;4;1;40;38;0;0;0
46;2;1;7;4;13;3;4;1;30;38;0;0;0
47;2;9;13;2;11;0;4;1;60;38;0;0;1
36;5;8;11;2;7;0;1;1;40;38;0;0;0
22;2;11;9;4;5;3;4;1;40;38;0;0;0
51;2;11;9;2;11;0;4;1;45;38;0;1;0
43;2;15;10;0;7;1;4;1;30;38;0;0;0
54;2;15;10;6;9;1;4;1;50;38;0;0;0
24;2;6;5;4;6;3;2;0;40;5;0;0;0
29;2;14;15;4;9;1;1;1;55;38;0;0;0
40;5;15;10;0;0;4;4;0;38;38;0;0;0
18;2;1;7;4;7;3;4;1;20;38;0;0;0
31;2;9;13;4;0;1;4;1;50;38;0;0;0
57;2;10;16;2;12;0;4;1;40;10;0;1;1
32;2;12;14;4;0;1;2;0;40;38;0;0;0
48;2;12;14;2;3;0;4;1;40;38;0;0;1
24;2;15;10;2;2;0;4;1;35;38;0;0;0
24;2;7;12;0;7;1;4;0;22;38;0;0;0
24;2;8;11;2;2;0;4;1;40;12;0;0;0
49;1;9;13;2;9;5;4;0;30;38;1;0;1
27;4;11;9;2;4;0;4;1;70;38;0;1;0
37;2;15;10;0;12;4;4;0;40;38;0;0;0
33;2;15;10;2;2;0;4;1;60;38;0;0;1
19;2;15;10;4;11;3;4;1;25;38;0;0;0
45;2;9;13;2;3;5;4;0;40;38;0;0;1
54;1;12;14;0;9;1;4;0;40;38;0;0;0
47;2;11;9;0;2;4;4;1;40;38;0;1;0
22;2;15;10;3;11;3;3;0;22;5;0;0;0
20;2;11;9;4;7;1;4;1;40;38;0;0;0
36;2;6;5;2;5;0;4;1;40;38;0;0;0
58;4;5;4;2;13;0;4;1;40;38;0;0;1
34;3;9;13;0;11;4;4;0;40;38;0;0;0
36;2;12;14;2;9;5;4;0;44;38;0;1;1
28;1;9;13;4;0;1;2;0;60;38;1;0;0
38;1;8;11;0;3;3;4;1;40;38;0;0;0
32;2;1;7;4;2;1;1;1;40;18;0;0;0
35;3;11;9;2;3;0;4;1;60;38;0;0;0
51;3;7;12;2;11;0;4;1;60;38;0;0;0
33;2;15;10;4;3;1;4;1;45;38;0;0;0
71;2;12;14;0;9;1;4;0;15;10;0;0;0
48;2;12;14;2;9;0;4;1;40;38;0;0;1
53;4;11;9;2;11;0;4;1;50;38;0;0;0
40;2;8;11;2;0;0;4;1;40;38;0;0;1
64;4;11;9;2;11;0;4;1;5;38;0;0;0
42;0;11;9;2;0;0;4;1;48;38;0;0;1
25;2;11;9;2;2;0;4;1;40;38;0;0;1
66;2;15;10;6;11;4;4;0;50;38;0;0;1
42;4;15;10;2;3;0;4;1;55;38;0;0;1
24;2;11;9;4;4;4;4;1;40;38;0;0;0
19;2;11;9;4;5;3;4;0;25;38;0;0;0
26;2;15;10;4;11;3;4;0;24;38;0;0;0
22;2;11;9;4;7;3;2;1;30;38;0;0;0
33;2;15;10;2;11;0;4;1;40;38;0;0;0
63;2;1;7;4;4;1;4;1;12;38;0;0;0
20;2;15;10;4;5;1;4;1;30;38;0;0;0
33;2;4;3;3;2;1;4;1;40;25;0;0;0
56;2;11;9;2;2;0;4;1;40;38;0;0;0
70;4;8;11;2;4;0;4;1;24;38;0;0;1
42;2;11;9;2;12;0;4;1;40;38;0;0;1
25;1;9;13;4;9;1;2;0;40;38;0;0;0
28;2;15;10;2;6;0;4;1;40;38;0;0;1
80;4;11;9;2;7;0;4;1;40;38;1;0;0
36;2;0;6;4;13;1;2;0;40;38;0;0;0
37;2;12;14;2;3;0;4;1;40;38;0;0;1
38;2;11;9;2;0;0;4;1;60;38;0;0;1
52;5;11;9;5;7;1;4;0;35;38;0;0;0
49;2;11;9;6;0;4;4;0;40;38;0;0;0
30;2;11;9;2;13;0;4;1;40;38;0;0;0
36;2;15;10;2;11;0;2;1;50;38;1;0;1
70;3;14;15;2;9;0;4;1;35;38;0;0;1
55;2;15;10;6;4;1;4;1;62;38;0;1;1
25;2;9;13;6;3;1;4;0;40;38;0;0;0
59;2;11;9;2;6;5;4;0;40;21;0;0;1
22;2;15;10;4;2;1;4;1;40;38;0;0;0
41;1;7;12;5;2;1;4;1;50;38;0;0;0
62;2;11;9;2;3;0;4;1;45;38;0;0;1
54;2;11;9;4;0;2;4;0;40;38;0;0;0
38;2;11;9;4;7;4;2;0;40;38;0;0;0
52;2;11;9;2;9;0;4;1;40;38;1;0;1
36;2;1;7;2;6;0;4;1;40;38;0;0;0
74;3;11;9;2;3;0;4;1;30;38;0;0;1
35;4;4;3;2;7;5;4;0;15;25;0;0;0
41;2;2;8;0;0;1;0;1;40;38;0;0;0
30;2;8;11;2;12;5;4;0;40;38;0;0;0
25;2;11;9;2;6;0;4;1;48;38;0;0;0
35;2;15;10;4;3;1;4;1;60;38;1;0;1
38;2;9;13;2;3;0;4;1;50;38;1;0;1
34;5;12;14;2;6;0;4;1;40;38;0;1;1
48;2;12;14;2;3;0;4;1;50;38;0;0;1
50;4;4;3;4;12;1;1;0;15;38;0;0;0
19;2;11;9;4;0;3;4;0;40;38;0;0;0
51;2;15;10;2;11;0;4;1;40;38;0;0;0
39;2;9;13;0;0;4;4;1;40;38;0;0;0
20;2;1;7;4;7;3;4;0;40;38;0;0;0
17;2;1;7;4;5;3;4;1;16;38;0;0;0
42;2;15;10;2;11;0;4;1;50;38;0;0;1
25;2;15;10;4;7;2;3;0;25;6;0;0;0
36;2;11;9;0;0;4;4;0;40;38;0;0;0
65;2;10;16;6;9;1;4;0;40;38;0;0;0
32;4;9;13;2;6;0;4;1;70;38;0;0;1
33;3;9;13;4;9;1;4;1;45;38;0;0;0
32;5;15;10;4;12;4;2;0;20;38;0;0;0
25;2;11;9;2;13;0;4;1;40;38;0;0;0
41;1;15;10;0;10;4;4;0;40;38;0;0;0
44;2;11;9;2;2;0;4;1;40;38;0;0;1
72;2;0;6;2;7;0;4;1;12;38;1;0;0
36;2;11;9;0;3;1;4;1;52;38;0;0;0
67;4;11;9;2;4;0;4;1;20;38;1;0;0
28;2;11;9;2;13;0;4;1;45;38;1;0;0
24;2;1;7;2;5;0;3;1;40;38;0;0;0
17;2;5;4;4;11;3;4;1;8;38;0;0;0
32;4;9;13;0;3;4;2;0;30;38;0;0;0
67;2;1;7;6;7;1;4;0;40;38;0;0;0
51;2;12;14;2;9;0;1;1;40;18;1;0;0
32;2;3;2;4;2;1;4;1;40;12;1;0;0
39;2;15;10;2;3;0;4;1;40;38;0;0;1
18;4;15;10;4;2;1;4;0;35;38;0;0;0
50;4;9;13;2;2;0;4;1;45;38;0;0;1
24;2;0;6;4;11;1;4;0;15;38;0;0;0
21;1;15;10;4;0;1;4;0;40;38;0;0;0
24;2;9;13;4;0;2;1;0;16;38;0;0;0
34;2;8;11;4;7;3;4;1;40;38;0;0;0
49;4;0;6;4;2;1;2;1;32;38;0;0;0
50;2;11;9;0;6;1;0;0;40;38;0;0;0
33;2;7;12;0;3;3;4;0;40;38;0;0;0
18;2;15;10;4;0;3;4;1;40;38;0;0;0
45;2;8;11;0;0;4;4;0;55;38;0;0;1
20;2;11;9;4;11;1;4;0;35;38;0;0;0
46;3;9;13;2;3;0;4;1;37;38;1;0;1
64;1;11;9;6;0;1;4;0;40;38;0;0;0
39;2;10;16;4;9;1;4;1;45;38;0;0;0
35;2;11;9;4;2;1;4;1;70;38;0;0;0
21;2;15;10;4;7;1;4;1;32;38;0;0;0
29;2;7;12;4;12;1;4;1;45;38;0;0;0
38;5;9;13;2;3;5;2;0;30;38;0;0;1
45;2;11;9;0;7;4;4;0;40;38;0;0;0
30;4;12;14;0;9;1;1;1;50;18;0;0;1
41;2;15;10;2;0;5;4;0;40;38;0;0;1
37;2;11;9;4;2;1;1;1;40;16;0;0;0
45;2;9;13;2;11;0;4;1;60;38;0;1;1
45;3;11;9;2;3;0;4;1;48;38;0;0;1
20;0;11;9;4;0;2;4;1;20;38;0;0;0
63;3;15;10;6;11;1;4;0;60;38;1;0;1
35;4;15;10;2;3;0;4;1;40;38;0;0;0
24;2;9;13;2;9;0;4;1;50;38;0;0;0
19;2;15;10;4;13;1;4;1;50;38;0;0;0
23;2;11;9;4;7;3;4;1;35;38;0;0;0
34;2;9;13;4;9;1;4;0;45;38;0;0;0
36;4;4;3;2;13;0;4;1;50;25;0;0;1
46;2;11;9;4;5;2;4;1;5;38;0;0;0
38;1;9;13;2;3;0;4;1;42;38;0;0;1
55;1;2;8;6;0;1;4;0;40;38;0;0;0
27;2;15;10;4;0;2;1;1;40;18;0;0;0
48;2;15;10;2;2;0;4;1;45;38;0;0;1
35;2;11;9;0;7;3;4;0;50;38;0;0;0
53;2;15;10;2;2;0;2;1;40;38;1;0;1
47;2;11;9;2;2;0;4;1;40;38;0;0;0
50;2;15;10;0;2;1;4;1;22;38;1;0;0
32;2;15;10;2;11;0;4;1;40;38;0;0;0
40;2;11;9;2;5;0;4;1;46;38;0;0;0
41;2;15;10;2;11;0;4;1;50;38;0;0;1
47;0;9;13;0;9;1;4;1;40;38;0;0;0
21;2;15;10;4;11;3;2;0;25;38;0;0;0
45;1;12;14;2;0;0;4;1;35;38;0;0;0
33;2;5;4;4;7;4;2;0;14;37;0;0;0
68;6;15;10;3;4;4;4;0;25;38;0;0;0
44;2;14;15;2;3;0;4;1;55;38;0;0;1
49;2;0;6;2;6;0;4;1;50;38;0;0;0
45;2;10;16;2;9;0;4;1;40;30;0;0;1
41;2;15;10;2;13;0;4;1;65;38;0;1;1
29;2;5;4;2;13;0;4;1;40;25;0;0;0
19;2;11;9;4;2;2;4;1;25;25;0;0;0
56;2;0;6;2;5;0;4;1;40;38;0;0;0
55;4;11;9;2;2;0;4;1;60;38;0;0;0
29;2;11;9;4;2;1;4;1;50;38;0;0;0
21;2;11;9;4;8;1;4;0;25;38;0;0;0
52;2;4;3;4;5;1;4;1;50;38;0;0;0
22;2;11;9;4;7;3;4;0;40;38;0;0;0
20;2;11;9;2;0;0;4;1;60;38;0;0;0
31;2;11;9;4;2;3;2;1;50;8;0;0;0
39;2;11;9;2;2;0;4;1;40;38;0;0;0
55;2;15;10;0;12;1;4;0;40;38;0;0;0
35;2;7;12;5;11;4;4;1;40;38;0;0;0
45;2;9;13;2;2;0;4;1;55;38;1;0;1
61;2;12;14;2;3;0;4;1;60;38;0;0;1
18;2;11;9;4;5;3;4;1;30;38;0;0;0
51;5;9;13;6;0;1;4;1;40;38;0;0;0
37;4;11;9;2;6;0;4;1;40;38;0;0;0
32;2;15;10;4;7;3;4;0;38;38;0;0;0
48;2;11;9;5;2;4;2;1;45;38;0;0;0
62;2;5;4;2;13;0;4;1;53;38;0;0;0
28;2;11;9;4;13;1;4;1;45;38;0;0;0
19;2;0;6;4;5;2;4;1;45;38;0;1;0
20;2;15;10;4;0;3;4;0;15;38;0;0;0
41;2;9;13;2;4;0;4;1;40;38;0;0;0
29;2;9;13;4;0;1;2;0;40;38;0;0;0
47;2;9;13;2;3;0;4;1;50;38;1;0;1
43;5;9;13;2;9;0;4;1;37;38;0;0;1
20;2;15;10;4;5;2;4;1;20;38;0;0;0
29;2;9;13;2;3;0;2;1;55;38;0;0;1
51;0;9;13;6;9;1;2;0;40;38;0;0;0
40;2;8;11;2;2;0;4;1;40;38;0;0;1
26;2;4;3;4;13;1;4;1;40;25;0;0;0
30;2;9;13;4;9;3;4;0;40;38;0;0;0
36;2;11;9;6;7;1;4;0;40;38;0;0;0
68;1;11;9;6;10;1;4;1;20;38;0;1;0
42;2;15;10;4;12;1;4;0;40;38;0;0;1
41;2;11;9;2;5;0;4;1;40;38;0;0;0
43;2;9;13;2;3;0;4;1;45;38;0;0;1
20;2;15;10;4;5;3;4;1;20;38;0;0;0
43;2;9;13;0;12;3;4;1;40;38;0;0;0
53;2;11;9;2;11;0;4;1;60;38;1;0;1
45;2;15;10;2;9;0;4;1;40;38;0;0;1
39;2;11;9;4;4;4;4;1;40;38;0;0;0
31;1;12;14;2;9;0;4;1;45;38;0;0;0
23;2;15;10;4;11;2;1;1;25;29;0;0;0
38;5;12;14;0;0;1;4;0;40;38;0;0;0
37;4;11;9;2;13;0;4;1;45;4;0;0;1
18;2;11;9;4;6;2;4;0;40;38;0;0;0
41;4;11;9;2;3;0;4;1;45;25;0;0;0
30;2;9;13;2;11;5;4;0;55;38;1;0;1
26;2;9;13;4;9;3;4;1;30;38;0;0;0
37;2;11;9;2;2;0;4;1;40;38;0;0;0
25;2;15;10;4;12;1;2;0;50;38;1;0;0
33;2;15;10;2;9;0;4;1;40;28;0;0;1
37;2;9;13;2;3;0;4;1;40;38;1;0;1
31;2;9;13;4;12;1;4;1;40;38;0;0;0
27;2;15;10;2;3;0;4;1;80;38;0;0;0
35;2;12;14;2;11;0;4;1;40;38;0;0;1
28;4;15;10;2;0;5;4;0;30;38;0;0;1
59;2;11;9;4;0;1;4;1;50;12;0;0;0
42;2;9;13;2;9;0;4;1;40;38;0;0;0
50;2;11;9;2;13;0;4;1;40;38;0;0;1
32;2;15;10;0;6;4;4;0;40;38;0;0;0
27;2;11;9;5;2;4;2;1;40;38;0;0;0
43;2;9;13;0;6;2;4;1;40;38;0;0;0
46;2;1;7;0;9;4;0;1;40;38;0;0;1
41;2;15;10;2;11;0;4;1;50;38;0;0;1
59;1;12;14;0;9;4;4;0;60;38;1;0;1
20;2;15;10;4;11;3;4;0;30;38;0;0;0
46;4;11;9;2;4;0;4;1;70;38;1;0;0
45;2;5;4;2;6;0;2;1;40;38;0;0;0
29;1;11;9;4;5;4;1;1;45;38;0;1;0
23;2;1;7;2;5;0;4;1;40;25;0;0;0
46;2;11;9;4;13;1;4;1;48;38;0;1;0
58;2;15;10;2;2;0;4;1;40;38;0;0;1
38;2;8;11;4;3;2;1;0;40;38;0;0;0
29;2;15;10;4;11;2;4;1;50;38;0;0;0
26;1;9;13;4;9;1;4;0;40;38;0;0;0
42;2;9;13;2;0;0;1;1;40;29;0;0;1
61;2;11;9;5;13;4;1;1;45;38;0;0;1
31;2;15;10;2;11;0;4;1;45;38;1;0;1
43;2;11;9;0;6;3;4;1;40;38;0;0;0
47;2;9;13;2;2;0;4;1;50;38;1;0;1
51;5;11;9;2;2;0;4;1;56;38;0;0;1
23;2;11;9;4;5;1;4;1;40;38;0;0;0
24;2;11;9;4;6;4;4;0;40;38;0;0;0
38;2;8;11;2;2;0;4;1;50;38;0;0;0
48;2;11;9;2;5;5;4;0;16;38;0;0;1
33;2;11;9;4;2;1;4;1;30;38;0;0;0
18;2;5;4;4;7;2;1;0;40;29;0;0;0
52;2;11;9;2;2;0;4;1;40;38;0;0;0
46;2;9;13;2;9;0;4;1;45;38;0;1;1
28;2;11;9;4;9;1;4;1;40;38;0;0;0
37;2;15;10;4;7;2;1;1;30;39;0;0;0
45;1;12;14;2;9;0;4;1;50;38;0;0;1
17;2;0;6;4;11;3;4;0;16;38;0;0;0
56;2;12;14;2;9;0;4;1;40;38;0;0;1
38;3;7;12;0;3;4;4;1;45;38;0;0;0
81;2;5;4;2;13;0;4;1;10;38;0;0;0
22;2;15;10;4;6;3;4;0;30;38;0;0;0
43;5;15;10;0;0;4;4;0;40;38;0;0;0
31;2;7;12;2;0;5;4;0;40;38;0;1;0
42;4;9;13;2;9;0;4;1;40;38;0;1;1
50;2;11;9;2;13;0;4;1;40;38;0;0;1
31;2;15;10;5;5;1;4;1;40;38;0;0;0
35;2;15;10;0;3;1;4;0;40;38;0;0;0
36;2;9;13;5;7;4;2;0;35;38;0;0;0
33;2;5;4;2;4;0;4;1;40;25;0;0;0
36;2;9;13;0;9;4;2;0;40;38;0;1;0
50;2;11;9;4;5;3;4;1;25;38;0;0;0
55;2;15;10;2;9;0;4;1;40;38;0;0;1
29;2;11;9;0;6;4;4;0;40;38;0;0;0
24;2;15;10;4;7;2;2;0;30;13;0;0;0
39;0;15;10;0;0;1;4;1;40;38;0;0;1
34;2;9;13;4;11;1;4;1;40;38;0;0;0
29;2;5;4;0;2;4;4;0;55;38;0;0;0
60;2;15;10;2;2;0;3;1;32;38;0;0;1
33;2;12;14;2;3;5;4;0;50;38;0;0;1
58;2;6;5;4;5;3;4;1;40;7;0;0;0
27;2;15;10;5;11;1;4;1;40;38;0;0;0
46;5;15;10;0;10;4;0;0;40;38;0;0;0
63;2;11;9;0;10;1;4;1;40;38;0;0;0
38;4;15;10;0;7;4;4;0;40;38;0;0;0
23;2;15;10;4;2;3;4;1;15;38;0;0;0
29;2;9;13;4;9;1;4;0;40;38;1;0;1
31;2;14;15;2;9;5;4;0;60;38;0;0;1
49;3;11;9;2;3;0;4;1;40;38;0;0;1
45;3;10;16;2;9;0;4;1;60;38;0;0;1
42;2;6;5;2;13;0;4;1;40;38;0;0;0
48;2;11;9;2;6;0;4;1;40;38;0;0;0
33;2;11;9;2;2;0;4;1;40;38;0;0;0
24;2;15;10;4;0;3;4;1;40;38;0;0;0
49;4;15;10;2;11;0;4;1;50;38;0;0;0
40;2;15;10;2;6;0;4;1;40;38;1;0;0
57;2;8;11;2;9;0;4;1;45;38;0;1;0
50;2;11;9;0;0;1;4;0;40;38;0;0;0
46;2;9;13;2;3;0;4;1;55;38;1;0;1
35;4;15;10;2;3;0;4;1;60;38;1;0;0
19;2;15;10;4;7;3;4;0;20;38;0;0;0
18;2;0;6;4;7;3;4;0;28;38;0;0;0
20;2;11;9;4;2;1;4;1;40;38;0;0;0
42;2;11;9;0;13;1;4;1;40;38;0;0;0
46;2;11;9;2;6;0;1;1;40;0;0;0;1
40;0;11;9;2;0;5;4;0;20;38;0;0;1
54;2;12;14;2;3;0;1;1;45;38;0;0;1
28;2;11;9;2;2;0;4;1;45;38;0;0;0
38;2;15;10;2;2;0;4;1;40;38;0;0;1
28;2;15;10;4;8;1;4;0;40;38;0;0;0
22;2;1;7;4;2;3;4;1;40;38;0;0;0
31;2;9;13;2;3;0;4;1;50;38;0;0;1
27;2;11;9;2;2;0;4;1;40;38;0;0;0
45;2;9;13;2;9;0;4;1;42;38;0;0;1
38;2;9;13;2;3;0;4;1;40;38;0;0;1
67;4;7;12;2;3;5;4;0;4;38;1;0;1
75;2;12;14;4;10;1;4;1;16;38;0;0;0
41;2;12;14;0;3;4;2;0;60;38;0;0;1
37;2;9;13;2;11;0;4;1;60;38;0;0;1
47;2;11;9;4;3;3;4;0;50;4;0;0;0
34;1;9;13;2;9;0;4;1;45;25;0;0;1
25;2;11;9;2;2;3;4;1;40;38;0;0;0
52;2;11;9;6;0;1;4;0;40;38;0;0;0
27;5;11;9;4;10;3;4;1;40;38;1;0;0
35;2;11;9;4;4;1;3;1;40;32;0;0;0
44;1;2;8;2;7;2;4;0;35;25;0;0;0
27;1;11;9;2;3;0;4;1;80;38;0;0;1
42;2;15;10;4;12;1;4;1;33;38;0;0;0
26;2;6;5;4;7;3;4;0;38;7;0;0;0
23;2;11;9;4;9;1;4;1;40;1;0;0;0
28;2;11;9;4;9;1;0;0;40;38;0;0;0
38;4;11;9;2;2;0;4;1;50;38;0;0;0
28;2;15;10;4;2;3;4;1;50;38;0;0;0
29;2;11;9;4;0;2;4;0;40;38;0;0;0
56;4;6;5;2;3;2;4;1;50;3;1;0;0
30;2;15;10;4;3;3;2;0;40;38;0;0;0
48;2;15;10;2;5;0;4;1;40;38;0;0;0
38;2;12;14;2;3;0;4;1;60;4;0;0;1
24;2;11;9;4;5;2;4;1;40;38;0;0;0
47;5;10;16;2;9;0;4;1;40;38;0;0;1
29;2;15;10;4;9;2;4;0;40;38;0;0;0
45;2;7;12;0;2;1;4;1;40;38;0;0;0
24;2;11;9;4;2;3;4;1;40;38;0;0;0
40;2;11;9;2;6;0;4;1;40;38;0;0;0
28;1;6;5;2;2;0;2;1;40;37;0;0;1
46;0;9;13;0;9;4;4;0;50;38;0;0;1
32;2;15;10;2;6;0;4;1;40;38;0;0;0
20;2;11;9;4;11;1;4;1;40;38;0;0;0
23;2;15;10;4;7;4;4;1;35;25;0;0;0
46;2;11;9;2;7;0;4;1;40;38;0;0;0
21;2;11;9;4;11;3;4;0;35;38;0;0;0
59;2;12;14;2;3;0;1;1;40;38;0;0;1
31;2;15;10;2;9;0;4;1;50;38;0;0;0
48;2;15;10;0;3;1;4;0;40;38;0;0;0
34;2;5;4;2;13;0;4;1;40;38;0;0;0
19;2;15;10;4;7;3;4;1;25;38;0;0;0
20;2;15;10;4;11;3;4;1;35;38;0;0;0
29;2;9;13;4;9;3;4;1;50;38;0;0;0
54;2;15;10;2;2;0;4;1;40;38;0;0;1
36;2;11;9;2;2;0;4;1;52;38;0;0;0
43;2;9;13;4;11;1;4;1;50;38;0;0;1
46;0;9;13;2;12;0;4;1;40;38;1;0;1
33;2;12;14;2;9;0;4;1;45;38;0;0;1
33;2;0;6;0;7;4;4;0;45;38;0;0;0
36;2;15;10;2;13;0;4;1;40;38;0;0;0
37;2;11;9;2;5;0;4;1;40;38;1;0;1
45;4;11;9;2;2;0;4;1;60;38;0;0;0
25;2;9;13;4;0;1;4;0;40;38;0;0;0
28;2;8;11;2;6;0;4;1;40;38;0;0;0
26;2;11;9;4;0;3;4;0;40;38;1;0;0
23;2;11;9;4;8;3;4;1;40;38;0;0;0
24;2;11;9;4;3;1;4;0;40;38;0;0;0
58;4;15;10;0;9;1;4;0;40;38;0;0;0
36;2;8;11;0;12;4;4;0;40;38;0;0;0
46;2;15;10;2;11;0;4;1;50;38;0;0;0
32;2;15;10;2;11;0;4;1;50;38;1;0;0
26;2;11;9;4;7;4;2;1;40;38;0;0;0
52;2;4;3;4;5;1;4;0;40;38;0;0;0
19;2;11;9;4;7;1;4;0;45;38;0;0;0
33;2;9;13;2;9;0;4;1;60;38;0;0;1
60;2;11;9;2;2;0;4;1;40;38;0;0;0
39;2;15;10;0;3;1;4;1;38;38;0;0;0
45;2;9;13;0;3;1;4;1;45;38;0;0;0
37;1;15;10;3;0;4;2;0;40;38;0;0;0
29;2;7;12;4;12;3;4;1;40;38;0;0;0
53;2;15;10;2;2;0;4;1;66;38;0;0;0
46;5;15;10;2;3;0;4;1;40;38;0;1;0
20;2;15;10;4;13;3;4;1;40;38;0;0;0
39;2;12;14;4;9;3;4;0;40;38;0;0;0
48;2;15;10;2;9;5;4;0;40;38;1;0;1
38;2;11;9;2;2;0;2;1;48;38;1;0;0
36;2;11;9;2;2;0;4;1;45;38;0;0;0
53;2;5;4;0;6;4;2;0;56;38;0;0;0
29;2;11;9;4;2;1;4;1;35;38;0;1;0
64;2;5;4;2;0;0;4;1;50;38;1;0;0
34;2;15;10;2;3;0;4;1;50;38;0;0;1
41;1;9;13;0;9;4;4;0;40;38;0;0;0
34;2;11;9;0;3;4;4;0;38;38;0;0;0
22;2;15;10;2;12;0;4;1;40;38;0;0;0
43;2;2;8;2;2;0;4;1;40;38;0;0;0
36;2;15;10;4;3;1;4;1;40;38;0;0;0
47;2;11;9;2;11;0;4;1;55;38;0;0;1
33;2;15;10;5;6;1;4;1;40;38;0;0;0
27;2;15;10;4;6;2;4;0;40;38;0;0;0
33;2;15;10;4;12;1;4;1;70;38;0;0;0
24;2;11;9;2;13;3;4;0;40;38;0;0;0
47;1;15;10;0;9;1;4;0;40;38;0;0;0
48;3;0;6;2;3;0;4;1;40;38;0;0;0
28;2;11;9;2;11;0;4;1;50;38;0;0;0
33;1;9;13;2;9;0;4;1;40;38;0;0;1
44;2;9;13;2;6;0;4;1;40;38;0;1;1
33;1;8;11;4;10;1;4;1;56;38;0;0;0
26;2;15;10;4;0;1;4;0;25;38;0;0;0
22;2;8;11;4;3;3;4;1;40;38;0;0;0
34;2;15;10;2;3;0;4;1;55;38;0;0;1
31;3;15;10;4;3;3;4;1;45;38;0;0;0
38;1;8;11;2;3;0;4;1;40;38;0;0;0
51;4;15;10;2;9;5;4;0;40;38;0;0;1
36;2;15;10;2;3;0;4;1;40;38;0;0;0
29;2;15;10;2;10;0;4;1;54;38;1;0;1
64;4;11;9;2;11;0;4;1;15;38;0;0;1
24;2;15;10;4;6;3;4;1;55;38;0;0;0
21;5;15;10;4;3;3;4;0;20;38;0;0;0
28;2;15;10;2;2;0;4;1;60;38;0;0;1
41;3;11;9;2;2;0;4;1;50;38;0;0;0
17;2;6;5;4;7;3;4;1;16;38;0;0;0
58;2;10;16;2;9;0;4;1;50;38;0;0;1
50;4;9;13;2;11;0;4;1;8;38;0;0;0
30;2;1;7;3;5;1;0;1;40;25;0;0;0
47;2;11;9;2;2;0;4;1;40;38;0;0;0
24;2;15;10;4;11;3;4;1;20;38;0;0;0
50;0;15;10;2;3;0;2;1;40;38;0;0;0
29;2;12;14;4;9;1;4;1;55;33;0;0;0
31;4;10;16;2;9;0;4;1;40;38;0;0;1
40;4;11;9;2;4;0;4;1;70;38;0;0;1
31;2;15;10;4;11;1;4;0;60;38;0;0;0
53;2;6;5;2;6;0;2;1;40;38;0;0;0
33;2;11;9;4;0;1;4;0;40;38;0;0;0
43;2;9;13;2;7;0;4;1;40;38;0;0;0
56;2;15;10;2;3;5;4;0;50;38;1;0;1
38;2;9;13;2;3;5;4;0;50;38;0;0;1
18;2;1;7;4;11;3;4;0;30;38;0;0;0
50;2;11;9;2;3;0;4;1;40;38;0;0;1
78;2;11;9;6;11;4;4;0;12;38;1;0;0
27;2;1;7;2;2;0;4;1;40;38;0;0;0
19;2;15;10;4;11;3;4;0;25;38;0;0;0
24;5;9;13;4;12;1;4;0;40;38;0;0;0
20;2;15;10;4;11;3;4;1;15;38;0;1;0
25;2;12;14;4;9;3;4;1;35;38;0;0;0
34;2;9;13;0;11;1;4;0;50;38;0;0;1
30;3;8;11;2;11;0;4;1;35;38;0;0;0
37;0;12;14;0;9;1;4;0;40;38;0;0;0
38;2;11;9;2;6;0;4;1;48;38;0;0;1
67;6;11;9;2;0;0;1;1;12;29;0;0;0
35;2;11;9;2;13;0;4;1;30;38;0;0;0
75;4;11;9;2;4;0;4;1;30;38;0;0;0
47;2;15;10;2;3;5;4;0;50;38;0;0;0
23;2;0;6;2;5;0;4;1;40;38;0;0;0
51;0;11;9;0;0;1;4;0;8;38;0;0;0
42;1;11;9;0;7;1;2;1;40;38;0;0;0
32;2;15;10;2;12;5;4;0;32;38;0;0;1
54;2;11;9;5;11;4;4;0;35;38;0;0;0
20;2;15;10;4;5;3;4;0;40;38;0;0;0
39;2;11;9;2;2;0;4;1;40;38;0;0;1
41;2;11;9;2;2;0;4;1;38;38;1;0;1
35;2;11;9;4;6;1;4;0;40;38;0;0;0
45;1;9;13;2;2;0;4;1;35;38;0;0;1
27;2;9;13;4;11;1;4;0;40;38;0;0;0
61;4;5;4;2;11;0;4;1;30;38;0;0;1
41;2;11;9;4;11;1;4;1;50;38;0;0;0
22;2;15;10;4;12;3;4;1;40;38;0;0;0
55;2;15;10;2;2;0;2;1;40;38;1;0;1
25;2;15;10;2;2;0;4;1;40;38;0;0;0
20;2;15;10;4;7;3;4;0;35;38;0;0;0
20;2;15;10;4;6;2;2;0;35;38;0;0;0
67;3;9;13;2;3;0;4;1;16;38;0;0;0
44;2;15;10;2;11;0;4;1;60;38;0;0;1
42;2;11;9;2;11;0;4;1;60;38;0;0;1
29;1;15;10;4;0;1;3;1;40;6;0;0;0
48;2;15;10;4;2;4;4;0;38;38;0;0;1
25;2;11;9;4;0;2;2;0;40;38;0;0;0
31;2;11;9;0;7;4;4;0;99;38;0;0;1
48;2;9;13;3;11;4;4;0;70;38;0;1;1
40;2;12;14;0;9;1;4;1;20;38;0;0;0
26;2;15;10;2;11;0;4;1;40;38;0;0;0
28;2;11;9;2;7;3;4;0;35;38;0;0;0
52;2;15;10;2;2;0;4;1;40;38;0;0;1
41;4;11;9;2;9;0;4;1;40;38;0;0;0
39;4;9;13;2;4;5;4;0;50;38;0;0;0
48;2;11;9;4;0;1;2;0;16;37;0;0;0
19;2;11;9;4;11;1;4;0;30;38;0;0;0
27;2;15;10;2;6;0;4;1;40;38;0;1;0
59;2;8;11;2;11;0;4;1;50;38;0;1;0
19;2;15;10;4;11;2;4;1;40;38;0;0;0
32;2;11;9;4;5;3;4;1;50;38;0;0;0
39;2;11;9;4;5;2;4;1;40;38;0;0;0
33;2;11;9;2;2;0;4;1;40;38;0;0;0
38;2;11;9;4;5;1;4;1;40;38;0;0;0
27;2;15;10;4;4;3;4;1;45;38;0;0;0
23;2;11;9;4;3;3;4;0;45;38;0;0;0
25;1;9;13;4;0;1;1;1;20;18;0;0;0
37;3;7;12;2;11;0;4;1;68;38;0;0;0
31;2;11;9;2;13;0;4;1;65;38;0;0;0
24;2;7;12;4;11;3;4;0;37;38;0;0;0
53;1;9;13;0;0;4;4;0;38;5;0;0;0
25;2;15;10;2;0;5;4;0;40;38;0;0;1
59;2;1;7;4;6;1;4;1;40;38;0;0;0
39;0;11;9;0;0;4;4;0;40;38;0;0;0
28;2;15;10;4;5;3;4;1;40;38;0;0;0
22;2;11;9;4;5;1;4;1;40;38;0;0;0
20;2;11;9;4;2;2;4;1;40;7;0;0;0
25;2;15;10;4;7;3;4;0;40;38;0;0;0
27;2;15;10;4;2;4;4;1;50;38;0;0;0
20;2;11;9;4;11;4;4;1;40;38;0;0;0
43;4;0;6;0;4;4;4;1;25;38;0;0;0
39;2;15;10;0;0;1;4;0;40;38;0;0;0
27;2;9;13;4;9;1;4;1;45;38;0;0;0
17;2;0;6;4;11;3;4;0;5;38;0;0;0
40;5;14;15;2;9;0;4;1;72;38;0;0;0
50;2;15;10;2;2;0;4;1;48;38;0;0;1
23;3;9;13;4;0;3;4;0;35;38;0;0;0
60;2;11;9;2;11;0;4;1;65;38;1;0;1
30;2;11;9;4;3;1;4;0;40;38;0;0;0
24;2;11;9;2;5;0;4;1;50;38;0;0;0
23;2;9;13;4;0;3;4;0;20;38;0;0;0
24;2;9;13;2;9;0;4;1;30;38;1;0;0
45;4;9;13;2;2;0;4;1;20;38;0;0;0
58;3;15;10;2;3;0;4;1;60;38;1;0;1
22;2;15;10;4;11;2;4;1;20;38;0;0;0
41;2;15;10;4;5;1;4;1;40;38;0;0;0
48;2;5;4;2;6;0;4;1;40;38;0;0;1
31;2;11;9;0;6;2;4;1;40;38;0;0;0
33;2;14;15;2;9;0;4;1;50;38;0;1;1
49;3;9;13;2;3;0;4;1;50;38;0;0;0
30;2;9;13;2;9;0;4;1;50;38;1;0;1
38;2;11;9;4;2;1;4;1;40;38;0;0;0
58;1;11;9;2;13;0;4;1;48;38;0;0;0
58;2;9;13;0;9;1;4;0;50;38;0;0;0
61;4;11;9;2;3;0;4;1;40;38;0;0;0
58;2;11;9;2;11;0;4;1;40;38;1;0;1
32;2;8;11;2;12;0;4;1;45;38;0;0;1
33;4;11;9;0;2;1;4;1;50;38;0;0;0
28;2;9;13;5;3;1;4;0;50;38;0;0;1
22;2;15;10;4;7;3;4;0;11;38;0;0;0
35;2;11;9;2;2;0;4;1;40;38;0;0;1
59;2;11;9;2;11;0;4;1;55;38;0;0;0
50;4;11;9;2;11;0;2;1;40;38;0;0;0
56;3;2;8;6;3;1;4;0;40;38;0;0;0
36;4;11;9;4;2;1;4;1;40;38;0;0;0
28;2;15;10;2;11;0;0;1;60;38;0;0;0
42;2;8;11;2;9;0;2;1;40;38;0;0;1
60;2;11;9;2;7;0;4;1;40;38;0;0;0
41;3;15;10;2;11;0;4;1;91;38;0;0;0
42;2;9;13;2;12;0;4;1;45;38;1;0;1
36;2;11;9;2;2;0;4;1;55;38;0;0;1
52;1;12;14;2;9;0;4;1;40;38;0;0;1
42;4;11;9;2;13;0;4;1;40;38;0;0;0
26;1;15;10;2;10;0;4;1;55;38;0;0;1
31;1;9;13;0;9;4;4;0;40;38;0;0;0
47;2;4;3;5;11;4;4;0;40;25;0;0;0
35;2;15;10;2;6;0;4;1;50;38;0;0;0
19;2;6;5;4;5;3;4;1;25;38;0;0;0
59;4;15;10;2;11;5;4;0;80;38;0;0;1
38;2;9;13;2;3;0;4;1;40;38;0;0;1
36;2;9;13;2;3;0;4;1;50;38;0;0;0
35;2;12;14;4;3;1;4;0;55;38;0;0;0
39;2;11;9;2;4;0;4;1;30;38;0;0;0
64;2;15;10;5;7;1;4;1;40;38;0;0;0
17;1;0;6;4;7;3;4;0;25;38;0;0;0
49;2;15;10;2;7;0;4;1;32;38;0;0;0
19;2;15;10;4;7;3;4;0;25;38;0;0;0
36;4;11;9;2;9;5;4;0;40;38;1;0;0
26;2;11;9;4;5;1;4;1;45;38;0;0;0
27;2;4;3;4;8;2;4;0;40;7;1;0;0
66;2;9;13;2;9;0;4;1;40;38;1;0;1
38;2;5;4;2;0;0;4;1;40;38;0;0;0
25;2;9;13;4;3;2;4;0;25;38;0;0;0
19;2;11;9;4;9;1;4;0;40;38;0;0;0
30;2;7;12;4;2;1;4;1;50;38;1;0;1
22;2;8;11;4;3;4;1;1;40;34;0;0;0
60;2;15;10;0;2;3;4;1;44;38;0;0;1
54;2;15;10;2;12;0;4;1;18;38;0;1;1
46;2;11;9;5;2;1;4;1;37;38;0;0;0
33;5;15;10;4;7;3;4;1;40;38;0;0;0
51;1;12;14;0;3;1;4;0;40;38;0;0;0
43;2;14;15;2;9;0;4;1;60;38;1;0;1
60;3;11;9;2;4;0;4;1;25;38;0;0;0
39;4;11;9;2;4;0;4;1;60;38;0;0;0
23;2;9;13;4;12;3;4;0;40;38;1;0;0
39;2;7;12;4;12;1;4;0;40;38;0;0;0
40;1;15;10;4;3;1;4;1;40;38;0;0;0
48;2;15;10;2;3;0;4;1;65;38;0;0;1
24;2;11;9;4;5;2;4;1;40;38;0;0;0
32;2;11;9;0;5;1;4;1;40;38;0;0;0
31;4;15;10;2;2;0;4;1;60;38;0;0;0
39;2;11;9;4;6;1;2;1;40;38;0;0;0
27;2;12;14;4;3;3;4;0;40;38;0;0;0
45;5;12;14;4;0;1;2;1;38;38;0;0;0
31;2;9;13;4;2;1;1;1;40;39;0;0;0
63;2;11;9;0;3;1;4;0;40;38;0;0;0
45;2;9;13;2;3;0;4;1;50;38;0;0;1
28;5;15;10;5;0;4;4;0;50;38;0;0;0
23;2;9;13;4;11;3;4;0;40;38;0;0;0
50;2;11;9;2;2;0;4;1;44;38;0;0;1
33;2;2;8;2;10;0;4;1;40;38;0;0;0
27;2;9;13;4;11;1;4;1;46;38;1;0;1
29;2;15;10;2;13;0;4;1;40;38;0;0;0
36;2;11;9;0;0;4;4;0;35;38;0;0;0
60;2;3;2;2;2;0;4;1;40;25;0;0;1
23;2;9;13;4;11;3;4;1;55;38;0;0;0
38;3;11;9;2;3;0;4;1;50;38;0;0;0
60;2;14;15;2;3;0;4;1;40;38;0;0;1
20;4;15;10;4;2;1;4;0;35;38;0;0;0
37;2;15;10;6;6;4;2;0;48;38;0;0;0
37;2;11;9;4;2;4;4;1;40;38;0;0;0
58;2;11;9;2;2;0;4;1;40;38;0;0;0
25;2;9;13;4;2;3;4;1;30;1;0;0;0
27;2;15;10;4;0;4;4;0;60;38;0;0;0
33;2;15;10;2;6;0;4;1;55;38;0;0;0
43;5;15;10;0;0;1;4;0;40;38;0;0;0
21;0;15;10;4;12;3;2;1;20;38;0;0;0
45;2;11;9;2;2;0;3;1;40;25;0;0;0
44;2;4;3;2;6;0;2;1;40;38;0;0;0
53;2;11;9;0;9;1;4;1;46;38;1;0;1
31;2;11;9;4;7;3;2;0;20;38;0;0;0
18;0;1;7;4;7;3;1;1;15;29;0;0;0
20;2;11;9;4;7;3;4;0;30;38;0;0;0
32;2;11;9;4;6;1;4;1;40;38;0;0;0
48;2;0;6;2;13;0;2;1;40;38;0;0;0
46;2;11;9;2;7;0;2;1;40;38;0;0;0
28;2;11;9;2;6;0;4;1;50;38;0;0;0
27;4;11;9;4;11;1;2;1;40;38;0;0;0
18;0;15;10;4;11;3;4;0;32;38;0;0;0
69;4;11;9;2;3;0;4;1;12;38;1;0;1
50;3;12;14;2;11;0;4;1;40;38;0;0;1
43;2;11;9;2;6;5;4;0;40;11;0;0;0
32;2;9;13;0;11;4;4;0;30;38;0;0;0
43;2;11;9;5;3;1;4;0;48;38;0;0;0
52;4;11;9;2;11;0;4;1;55;38;1;0;1
35;2;15;10;0;3;1;4;0;40;38;0;0;1
46;2;11;9;0;0;3;4;0;45;38;0;0;0
58;2;11;9;2;13;0;4;1;60;38;0;0;1
46;3;14;15;2;9;0;4;1;60;38;1;0;1
40;2;11;9;4;2;1;4;1;50;38;0;0;0
25;2;9;13;4;0;3;4;1;40;38;0;0;0
22;2;7;12;4;0;1;4;0;25;38;0;0;0
33;0;9;13;2;9;0;4;1;40;38;0;0;0
49;0;8;11;2;2;0;4;1;40;38;0;0;0
62;2;0;6;0;9;4;4;0;40;38;0;0;0
56;1;15;10;0;10;1;2;1;48;38;0;0;0
24;2;11;9;4;13;4;4;0;40;25;0;0;0
42;2;11;9;4;7;1;4;0;40;38;0;0;0
41;2;12;14;0;3;4;4;0;40;38;0;0;0
23;2;9;13;4;7;1;4;1;66;6;0;0;0
35;2;9;13;4;0;2;4;1;40;38;0;0;0
22;2;11;9;4;6;3;4;1;40;25;0;0;0
32;4;11;9;2;2;0;4;1;50;38;0;0;0
25;2;11;9;4;2;3;4;1;40;38;0;0;0
66;2;4;3;0;8;1;2;0;15;38;0;0;0
26;5;11;9;2;10;0;4;1;38;38;0;0;0
46;2;15;10;0;13;3;4;1;55;38;1;0;0
55;2;9;13;2;3;0;4;1;45;38;0;0;1
24;2;11;9;2;2;0;4;1;40;38;0;0;0
25;2;11;9;4;11;4;4;1;40;38;0;0;0
22;2;15;10;4;0;1;4;0;40;38;0;0;0
31;2;11;9;4;7;1;4;1;40;38;0;0;0
30;2;11;9;0;0;1;4;0;40;38;0;0;0
54;2;11;9;4;7;1;4;1;15;38;0;0;0
56;2;6;5;0;2;1;4;0;40;38;0;0;1
47;2;11;9;2;2;0;1;1;60;23;0;0;0
29;2;11;9;2;2;0;2;1;40;38;0;0;0
53;2;11;9;2;2;0;4;1;40;38;0;0;0
22;2;11;9;4;6;4;2;0;40;38;0;0;0
42;2;11;9;0;3;1;4;0;40;38;0;0;1
21;2;15;10;4;11;2;4;1;40;38;0;0;0
36;3;11;9;4;7;1;4;0;70;38;0;0;0
69;2;8;11;6;11;1;4;0;25;38;0;0;0
31;2;11;9;2;13;0;0;1;40;38;0;0;0
48;2;15;10;0;0;4;4;0;55;38;0;0;0
23;2;11;9;4;3;1;4;0;40;38;0;0;0
24;2;7;12;5;2;4;1;1;40;38;1;0;1
47;2;11;9;2;0;0;2;1;40;38;0;0;1
36;2;11;9;4;6;4;0;0;40;38;0;0;0
39;2;7;12;2;3;0;4;1;50;38;0;0;1
22;2;11;9;4;13;1;4;0;46;38;0;0;0
27;2;9;13;4;11;1;4;1;45;38;1;0;1
36;2;11;9;2;6;0;4;1;40;38;0;0;0
54;2;3;2;2;7;0;4;1;40;25;0;0;0
33;0;11;9;0;0;4;4;0;40;38;0;0;0
42;2;11;9;2;9;0;4;1;50;38;1;0;1
52;2;15;10;2;11;0;4;1;65;38;0;0;0
23;2;9;13;4;11;3;4;1;32;38;0;0;0
33;2;3;2;2;5;0;4;1;40;25;0;0;0
30;2;8;11;0;0;1;4;0;38;38;0;0;0
35;2;8;11;2;12;0;2;1;38;22;0;0;0
27;2;11;9;4;5;3;4;1;37;38;0;0;0
24;2;11;9;4;7;3;4;1;35;38;0;0;0
44;1;11;9;2;6;0;4;1;40;38;0;0;0
62;2;8;11;5;8;1;2;0;20;38;0;0;0
45;2;9;13;2;3;0;4;1;40;38;1;0;1
75;4;11;9;2;4;0;4;1;20;38;0;0;0
47;2;9;13;2;9;0;4;1;50;38;0;0;0
64;2;14;15;2;3;0;4;1;60;38;0;0;0
54;2;11;9;0;12;1;4;1;42;38;0;0;1
41;0;9;13;2;3;0;4;1;40;38;0;0;1
33;2;7;12;2;2;0;4;1;40;38;0;0;0
20;2;15;10;4;0;3;4;0;10;38;0;0;0
51;2;9;13;0;11;1;4;1;50;38;0;0;1
45;3;14;15;4;2;1;4;1;50;38;0;0;1
43;2;0;6;2;13;0;4;1;40;40;0;0;0
30;2;11;9;4;2;3;4;1;40;38;0;1;0
32;2;11;9;0;0;3;4;0;40;38;0;0;0
61;2;15;10;0;11;1;4;0;40;38;0;0;0
21;2;3;2;2;7;2;4;1;40;8;0;0;0
56;2;1;7;0;2;1;4;1;49;38;0;0;0
28;2;11;9;4;5;2;4;1;60;38;0;0;0
23;2;15;10;4;5;3;2;0;40;38;0;0;0
55;2;15;10;2;13;0;4;1;84;38;0;0;0
33;2;11;9;4;13;1;4;1;70;38;0;0;0
22;2;15;10;4;0;3;4;0;20;38;0;0;0
43;1;8;11;2;3;0;4;1;40;38;0;0;0
32;4;11;9;0;3;4;4;0;40;38;0;0;0
38;2;15;10;2;11;5;4;0;40;38;0;0;0
18;2;6;5;4;4;3;4;1;20;38;0;0;0
35;2;15;10;2;2;0;4;1;50;38;0;0;1
29;2;11;9;0;6;3;4;0;40;38;0;0;0
19;2;3;2;4;5;1;4;1;55;25;0;0;0
39;2;1;7;2;2;0;4;1;35;38;0;0;0
29;2;15;10;2;3;0;4;1;50;38;0;1;1
45;3;14;15;2;9;0;4;1;55;38;0;0;1
44;2;15;10;2;6;0;4;1;40;38;1;0;1
42;1;5;4;2;2;0;4;1;40;38;0;0;0
34;2;9;13;4;11;1;4;1;40;38;0;0;0
52;1;9;13;2;12;0;4;1;40;38;0;0;0
64;2;11;9;2;4;0;4;1;25;9;0;0;0
30;2;9;13;2;11;0;4;1;45;38;0;0;1
43;1;9;13;0;3;4;4;1;42;10;0;0;0
49;4;15;10;4;2;4;4;1;40;38;0;0;0
35;2;15;10;2;9;0;4;1;40;38;0;0;1
37;4;14;15;2;9;0;4;1;50;38;0;0;1
49;2;5;4;2;5;0;4;1;40;38;0;0;0
19;2;1;7;5;7;3;4;0;40;38;0;0;0
22;2;9;13;4;3;3;4;1;4;38;1;0;0
31;2;11;9;4;7;3;2;1;40;38;0;0;0
26;2;15;10;2;2;0;4;1;40;38;0;0;0
44;2;15;10;2;11;0;4;1;55;38;0;0;0
38;2;15;10;2;7;5;4;0;40;38;0;0;0
33;4;11;9;2;11;0;4;1;60;38;0;0;0
18;2;2;8;4;7;3;4;1;20;38;0;0;0
32;2;8;11;6;12;4;2;0;40;38;0;0;0
27;2;11;9;0;0;1;4;0;40;38;0;0;0
28;5;12;14;2;3;0;2;1;40;22;0;0;0
30;4;8;11;4;2;1;4;1;40;38;0;0;0
33;2;11;9;4;7;1;2;1;38;38;0;0;0
74;2;12;14;0;11;1;4;0;10;38;0;0;0
36;2;11;9;4;2;1;1;1;70;34;0;0;0
36;2;7;12;2;12;0;4;1;55;38;0;0;0
29;2;11;9;2;0;5;4;0;20;38;0;1;0
39;2;9;13;0;3;4;4;0;45;38;0;0;0
25;3;9;13;4;11;1;4;1;80;38;0;0;0
21;2;11;9;5;4;3;4;1;40;38;0;0;0
39;5;8;11;4;3;4;4;0;50;38;0;0;0
38;2;15;10;0;9;1;4;0;32;38;0;0;0
20;2;11;9;4;11;1;1;0;25;38;0;0;0
51;2;11;9;0;2;1;4;1;40;38;0;0;0
21;2;11;9;4;0;4;4;0;40;38;0;0;0
36;2;15;10;4;9;1;4;0;40;38;0;0;0
50;2;11;9;5;7;4;2;0;40;38;0;0;0
38;2;11;9;2;3;0;4;1;55;38;0;0;1
25;1;9;13;4;9;1;4;0;40;38;0;0;0
23;2;15;10;4;11;3;4;0;15;38;0;0;0
36;2;9;13;2;3;0;4;1;55;38;0;0;1
41;2;9;13;2;9;0;4;1;40;10;0;0;0
34;2;12;14;4;3;1;4;0;50;38;0;0;0
19;5;15;10;4;7;3;4;1;10;38;0;0;0
18;2;0;6;4;7;3;4;0;3;38;0;0;0
36;2;0;6;0;11;3;4;1;40;38;0;0;0
46;2;15;10;2;13;0;4;1;40;38;0;1;1
29;2;15;10;4;2;3;4;1;45;38;0;0;0
23;2;11;9;4;3;1;4;0;32;38;0;0;0
35;2;11;9;2;5;0;4;1;40;38;0;0;0
35;2;11;9;4;13;3;4;1;40;38;0;0;0
40;2;11;9;2;13;0;4;1;40;38;0;0;0
22;2;15;10;4;13;3;1;1;40;38;0;0;0
19;5;15;10;4;0;3;4;0;15;38;0;0;0
70;2;1;7;2;13;0;4;1;40;38;0;0;0
38;2;15;10;0;13;1;2;1;55;38;0;0;0
35;2;15;10;2;11;0;4;1;50;38;0;0;0
25;2;15;10;4;7;3;4;0;35;38;0;0;0
39;2;15;10;2;2;0;4;1;45;38;0;0;1
43;2;7;12;2;9;0;4;1;50;38;0;0;0
37;0;15;10;2;0;0;4;1;40;29;0;0;1
51;2;11;9;2;7;0;4;1;40;7;1;0;1
20;2;11;9;4;7;3;2;1;40;38;0;0;0
21;2;15;10;4;0;1;4;0;40;38;0;0;0
47;2;11;9;2;5;5;2;0;40;38;0;0;0
44;2;7;12;0;12;4;4;0;40;38;0;0;0
17;2;6;5;4;5;3;4;1;15;38;0;1;0
25;2;1;7;4;7;1;4;1;40;38;0;0;0
43;5;10;16;4;9;1;4;0;40;38;0;0;0
46;0;8;11;2;0;0;4;1;40;38;0;0;1
42;2;15;10;2;6;0;4;1;60;38;0;0;0
46;1;12;14;0;9;1;0;1;40;38;0;0;0
22;2;15;10;4;7;1;4;0;30;38;0;0;0
49;2;11;9;2;13;0;2;1;40;38;0;0;0
21;2;11;9;2;6;0;4;1;50;38;0;0;0
53;2;12;14;2;0;5;4;0;40;38;0;0;1
43;2;15;10;0;2;4;4;1;42;38;0;0;0
22;2;11;9;4;7;3;4;1;50;38;0;0;0
33;2;9;13;4;9;1;4;0;45;38;1;0;1
28;2;8;11;4;0;3;4;0;40;38;0;0;0
25;2;15;10;4;12;4;4;0;24;38;0;0;0
40;2;9;13;2;3;0;1;1;40;2;0;0;1
50;2;15;10;2;12;0;4;1;45;38;0;0;1
48;4;15;10;0;11;4;4;1;65;38;0;0;1
30;2;11;9;2;6;0;4;1;40;38;0;0;0
33;2;11;9;3;7;4;2;0;38;38;0;0;0
34;2;15;10;2;2;0;1;1;40;29;0;0;0
42;2;9;13;2;0;0;1;1;40;38;0;0;1
48;4;15;10;2;3;0;1;1;65;38;0;0;0
38;2;9;13;2;9;0;4;1;45;38;1;0;1
29;2;11;9;2;6;0;4;1;40;38;0;0;0
33;2;0;6;4;5;1;4;1;40;38;0;0;0
64;2;9;13;0;3;1;4;1;55;38;1;0;1
44;2;8;11;2;13;5;4;0;25;38;0;0;0
42;0;9;13;2;3;0;4;1;50;38;1;0;1
49;2;11;9;2;6;0;4;1;45;38;0;0;0
25;2;11;9;2;5;0;4;1;40;38;0;0;0
33;2;9;13;4;3;1;4;0;40;38;0;0;0
38;2;15;10;2;11;0;4;1;60;38;0;0;0
20;2;11;9;4;11;1;4;0;38;38;0;0;0
44;2;11;9;4;5;1;4;1;50;38;0;0;0
45;2;9;13;2;13;0;4;1;40;38;0;0;1
27;3;11;9;4;11;1;4;1;50;38;0;0;0
18;2;11;9;4;6;3;4;1;40;38;0;0;0
38;2;11;9;0;2;4;4;1;50;38;0;0;0
45;2;1;7;2;2;0;4;1;42;38;0;0;0
27;1;11;9;4;10;1;2;1;40;38;1;0;0
64;2;4;3;6;7;1;2;0;16;38;0;0;0
66;1;11;9;2;3;0;4;1;20;38;1;0;0
34;2;9;13;4;11;1;4;0;35;38;0;0;0
45;4;9;13;2;13;0;4;1;40;38;0;0;1
42;4;11;9;0;2;1;4;1;40;38;0;0;0
32;2;9;13;2;3;0;4;1;60;38;0;1;1
26;2;0;6;4;0;1;2;1;20;38;0;0;0
27;2;8;11;4;2;2;4;1;40;38;0;0;0
21;2;15;10;4;11;2;4;0;40;38;0;0;0
47;2;15;10;2;2;0;4;1;40;38;0;0;0
20;5;15;10;4;0;3;4;0;40;38;0;0;0
46;5;9;13;2;9;0;4;1;38;38;0;0;1
55;2;9;13;2;3;0;4;1;40;38;0;1;1
28;2;15;10;4;12;3;4;0;24;38;0;0;0
21;2;15;10;4;11;3;4;0;40;38;0;0;0
36;2;11;9;4;6;1;4;1;40;38;0;0;0
29;2;10;16;0;9;1;4;0;60;38;0;0;1
37;2;9;13;2;3;0;4;1;50;38;0;0;1
81;4;3;2;6;11;2;4;1;45;25;0;0;0
41;2;15;10;0;3;1;4;0;40;38;0;0;0
29;2;9;13;4;11;3;4;0;40;38;0;0;0
30;4;7;12;0;0;1;4;0;40;38;0;0;0
25;2;11;9;4;0;1;4;1;40;38;0;0;0
42;0;11;9;4;0;4;4;0;40;38;0;0;0
30;2;11;9;0;13;3;2;1;40;38;0;0;0
18;2;11;9;4;7;3;4;1;35;38;0;0;0
26;2;1;7;4;6;4;4;1;48;38;1;0;0
30;2;15;10;4;10;3;4;1;48;38;0;0;0
61;2;7;12;2;3;0;4;1;42;38;0;0;0
21;2;11;9;4;6;1;4;1;45;38;0;0;0
53;2;11;9;2;6;0;4;1;48;38;0;0;0
41;3;14;15;2;3;5;4;0;55;38;0;1;1
43;3;15;10;2;3;0;4;1;45;38;1;0;1
60;2;5;4;5;8;4;2;0;15;38;0;0;0
47;2;0;6;2;2;0;4;1;40;38;0;0;0
48;2;15;10;0;0;1;2;1;40;38;0;0;0
32;2;9;13;4;9;4;4;0;40;38;0;0;0
31;2;9;13;4;9;4;4;1;40;38;0;0;0
33;5;12;14;4;9;1;4;1;30;38;0;0;0
27;4;11;9;2;4;0;4;1;50;38;0;0;0
44;2;11;9;0;0;4;4;0;40;38;0;0;1
44;2;15;10;2;9;0;4;1;45;38;1;0;1
37;2;15;10;2;6;0;4;1;40;38;0;0;0
34;2;11;9;0;5;1;2;1;40;38;0;0;0
51;0;15;10;2;9;0;4;1;40;38;0;0;1
51;2;12;14;0;10;4;4;1;40;38;0;0;0
25;1;9;13;2;9;0;4;1;60;38;0;0;0
25;2;9;13;4;7;1;2;0;24;22;0;0;0
29;0;9;13;1;9;0;4;1;50;38;0;0;1
36;4;11;9;4;4;1;4;1;70;38;0;0;1
55;2;11;9;0;6;1;4;0;40;38;0;0;0
39;2;9;13;0;11;4;4;0;40;38;0;0;0
31;2;0;6;0;5;1;4;1;40;38;0;0;0
31;2;14;15;2;12;0;1;1;40;18;0;0;0
51;3;8;11;4;0;3;4;0;40;38;0;0;0
30;2;8;11;4;0;2;1;1;40;39;1;0;0
62;2;11;9;4;0;1;4;0;32;38;0;0;0
37;2;9;13;2;11;0;4;1;60;38;1;0;1
30;3;9;13;2;11;0;4;1;50;38;1;0;1
27;2;9;13;0;3;1;4;1;52;38;0;0;0
32;2;9;13;2;3;0;4;1;45;38;1;0;1
23;2;15;10;4;0;3;4;1;30;38;0;0;0
35;4;6;5;2;2;0;4;1;50;38;0;0;0
46;2;7;12;4;9;4;4;0;36;38;0;0;0
45;3;9;13;0;3;4;4;1;50;38;0;0;1
27;2;11;9;2;5;0;4;1;40;38;0;0;0
46;2;11;9;2;11;0;4;1;40;38;0;0;1
22;2;1;7;2;0;5;4;0;20;38;0;0;0
37;5;15;10;0;9;4;4;0;30;38;0;0;0
42;2;15;10;2;3;0;4;1;40;32;0;0;0
45;2;11;9;0;6;4;4;0;40;38;0;0;0
33;5;8;11;2;9;0;4;1;40;38;0;0;0
46;2;8;11;3;6;4;4;1;40;38;0;0;0
24;2;11;9;4;13;3;4;1;50;38;0;0;0
56;2;11;9;5;2;1;4;0;40;38;0;0;0
34;2;15;10;4;9;1;4;0;12;38;0;0;1
50;2;11;9;2;6;0;4;1;40;38;0;0;1
48;3;9;13;2;3;0;4;1;50;38;0;0;1
45;2;1;7;2;7;5;4;0;36;38;0;0;0
55;2;8;11;2;13;0;4;1;50;38;1;0;1
41;5;15;10;0;0;1;4;0;40;38;0;0;0
66;2;15;10;2;3;0;4;1;24;38;0;0;0
29;0;15;10;4;9;1;4;0;40;38;0;1;0
37;2;15;10;2;12;5;4;0;40;38;1;0;0
61;2;7;12;2;11;0;4;1;40;38;1;0;1
64;2;9;13;0;3;4;4;1;50;38;1;0;1
35;2;11;9;2;5;0;4;1;35;38;0;0;0
22;2;15;10;4;0;3;4;0;40;38;0;0;0
58;2;5;4;2;6;0;4;1;50;25;1;0;0
58;2;15;10;2;11;0;4;1;45;38;0;0;1
24;2;11;9;4;5;3;4;0;48;38;0;0;0
34;2;15;10;0;9;4;4;0;6;38;0;0;0
33;1;12;14;4;9;1;4;0;50;38;0;0;0
33;4;11;9;2;13;0;4;1;60;38;0;0;0
17;2;1;7;4;7;3;4;0;15;38;0;0;0
27;2;9;13;2;11;2;4;1;40;38;0;0;1
20;3;15;10;4;0;3;4;0;20;38;0;0;0
52;2;9;13;0;9;4;4;0;40;38;0;1;1
30;2;5;4;0;13;1;4;1;40;38;0;0;0
22;2;9;13;4;9;1;4;1;40;38;0;0;0
20;2;7;12;4;7;1;4;0;40;38;0;0;0
49;2;12;14;2;3;0;4;1;50;38;1;0;1
46;0;11;9;2;0;0;2;1;80;38;0;0;1
17;2;0;6;4;7;3;4;1;20;38;0;0;0
45;2;3;2;2;6;0;4;1;40;25;0;0;0
27;2;9;13;4;3;3;4;0;40;38;0;0;0
45;3;8;11;0;11;4;4;0;30;38;0;0;0
26;3;11;9;0;3;1;4;1;78;38;0;0;1
23;2;7;12;4;0;3;4;0;20;38;0;1;0
44;1;9;13;0;9;4;4;1;45;38;0;0;0
36;2;9;13;0;3;1;4;1;40;38;0;1;0
35;2;6;5;4;3;1;4;0;40;38;0;0;0
56;2;9;13;3;9;4;4;0;40;38;0;0;0
47;2;12;14;0;12;1;4;1;40;38;0;0;0
32;2;9;13;2;5;0;4;1;50;38;0;0;1
29;2;9;13;4;3;3;4;0;10;38;1;0;0
35;3;9;13;2;3;0;4;1;50;38;0;0;1
37;2;11;9;2;2;0;4;1;68;38;0;0;0
36;4;8;11;2;4;0;4;1;75;38;1;0;0
33;2;11;9;2;11;5;4;0;45;38;0;0;0
34;2;11;9;0;13;1;4;1;50;38;0;0;0
24;2;15;10;4;5;3;4;1;40;38;0;0;0
25;2;11;9;4;0;1;4;0;40;38;0;0;0
31;3;11;9;4;2;1;4;1;45;38;0;0;0
38;2;8;11;2;2;0;4;1;40;38;0;0;0
30;2;9;13;2;11;0;4;1;40;25;0;0;1
35;2;11;9;2;2;0;4;1;32;38;0;0;0
34;2;9;13;2;9;5;4;0;40;38;0;0;0
46;2;11;9;2;0;5;4;0;40;38;0;0;0
19;1;15;10;4;11;3;4;0;16;38;0;0;0
26;2;7;12;4;7;3;2;0;15;38;0;0;0
28;2;15;10;4;9;1;2;1;40;38;0;0;0
47;2;15;10;2;2;0;4;1;40;38;0;0;0
49;1;12;14;2;0;0;4;1;40;21;0;0;1
33;4;14;15;2;9;0;4;1;40;38;0;1;1
44;2;9;13;2;9;0;4;1;40;38;0;0;1
30;2;11;9;4;8;3;4;0;40;12;0;0;0
18;2;15;10;4;7;3;1;1;16;38;0;0;0
60;4;11;9;2;13;0;4;1;60;38;1;0;1
44;2;12;14;4;3;1;4;1;56;38;1;0;1
43;5;15;10;4;7;1;4;0;40;38;0;0;0
35;2;2;8;4;4;1;4;1;20;38;0;0;0
58;4;11;9;2;4;0;4;1;72;38;0;0;0
32;2;9;13;2;9;0;1;1;40;18;0;0;0
40;2;11;9;2;13;0;4;1;35;38;0;0;0
32;2;11;9;4;7;3;2;0;40;38;0;0;0
21;2;15;10;4;0;3;4;0;35;38;0;1;0
44;2;11;9;2;7;0;4;1;25;25;0;0;0
33;2;9;13;2;0;0;4;1;45;38;0;1;1
25;2;15;10;4;11;3;4;0;40;38;0;0;0
42;2;11;9;0;6;1;4;1;40;38;0;0;0
27;2;11;9;4;13;3;4;1;40;38;0;0;0
33;5;9;13;4;9;2;2;0;40;38;0;0;0
50;4;15;10;2;2;0;4;1;55;38;0;0;0
50;2;12;14;2;9;0;4;1;50;38;1;0;1
46;2;8;11;2;9;0;4;1;60;38;0;0;0
22;2;7;12;4;7;4;4;0;35;38;0;0;0
66;5;14;15;2;3;0;2;1;55;38;1;0;1
52;2;11;9;4;7;4;4;0;45;38;0;0;0
57;4;3;2;6;2;2;4;0;45;3;0;1;0
41;4;8;11;0;4;1;4;1;40;38;0;0;0
42;2;11;9;2;6;0;4;1;42;38;0;1;0
19;2;2;8;4;7;2;4;0;30;38;0;0;0
45;1;9;13;0;3;4;2;0;60;38;0;0;0
51;4;2;8;2;7;0;4;1;99;38;0;0;0
45;4;9;13;2;9;0;4;1;30;38;0;0;0
48;2;15;10;0;0;1;4;0;50;38;0;0;0
60;0;15;10;2;0;0;4;1;40;38;1;0;1
42;2;11;9;4;11;3;4;0;40;38;0;0;0
19;5;15;10;4;0;3;4;0;10;38;0;0;0
39;4;11;9;2;11;0;4;1;70;38;0;0;0
46;2;11;9;2;6;0;4;1;50;38;0;0;1
58;1;11;9;2;10;0;4;1;40;38;1;0;0
36;2;15;10;0;9;4;4;0;45;38;0;0;0
21;2;11;9;4;2;4;4;1;35;38;0;0;0
41;2;14;15;2;3;0;4;1;40;38;0;0;1
17;2;1;7;4;7;3;4;0;20;38;0;0;0
29;2;11;9;2;6;0;4;1;40;38;0;0;0
52;2;15;10;0;0;1;4;0;60;38;0;0;0
33;2;7;12;2;11;0;4;1;40;25;0;0;0
38;2;12;14;4;3;4;2;0;35;38;0;0;0
42;2;9;13;2;11;0;4;1;40;38;0;0;1
24;5;7;12;2;0;0;4;1;30;38;0;0;0
59;2;15;10;2;3;0;4;1;60;38;0;0;1
36;2;9;13;2;11;0;4;1;45;38;0;1;1
54;2;15;10;2;12;0;4;1;40;38;1;0;1
39;2;9;13;2;11;0;4;1;50;38;1;0;1
42;4;11;9;2;13;0;4;1;96;38;0;0;0
54;4;9;13;2;2;0;4;1;50;38;0;0;0
50;2;11;9;2;5;0;4;1;40;38;0;0;1
42;2;8;11;2;7;0;4;1;45;38;0;0;0
48;0;9;13;2;0;5;4;0;40;38;1;0;1
31;2;9;13;6;7;1;4;0;30;38;0;0;0
56;2;11;9;4;9;1;4;0;45;38;0;0;0
28;1;7;12;2;0;5;4;0;40;38;0;0;1
34;2;11;9;2;0;0;4;1;45;38;0;0;1
28;2;11;9;4;13;1;4;0;40;38;0;0;0
44;2;15;10;2;13;0;4;1;60;38;0;1;1
34;2;7;12;2;2;0;4;1;65;38;0;0;0
26;2;12;14;4;9;1;4;1;55;38;0;0;1
37;2;9;13;4;3;1;4;1;40;38;0;1;1
25;2;8;11;0;0;4;4;0;40;38;0;0;0
48;4;15;10;2;2;0;4;1;40;38;0;0;0
47;2;15;10;0;0;1;4;0;40;38;0;0;0
17;2;1;7;4;7;2;4;0;20;38;0;0;0
44;2;4;3;2;6;0;4;1;40;25;0;0;0
46;1;15;10;0;13;1;4;0;40;38;0;0;0
42;0;15;10;2;13;0;2;1;40;38;0;0;0
33;4;9;13;0;11;1;4;1;50;38;0;0;1
61;2;11;9;0;7;1;2;0;40;38;0;0;0
47;2;9;13;2;2;0;4;1;40;38;0;0;0
35;2;9;13;4;11;1;4;0;45;38;1;0;1
62;2;0;6;2;2;0;2;1;40;38;0;0;0
62;4;9;13;2;3;0;4;1;40;38;0;0;0
38;2;14;15;2;9;0;4;1;60;38;1;0;1
33;2;9;13;2;9;0;4;1;40;38;0;0;0
39;1;9;13;2;9;5;4;0;42;38;0;0;0
17;2;1;7;4;5;3;4;1;10;38;0;0;0
58;2;15;10;2;3;0;4;1;40;38;0;0;0
35;3;9;13;5;9;1;4;0;50;38;0;0;0
34;1;11;9;2;10;0;4;1;50;38;1;0;0
32;2;15;10;2;2;0;4;1;40;38;0;0;0
19;3;11;9;4;11;3;4;1;40;38;0;0;0
41;2;11;9;2;6;0;4;1;40;38;0;0;0
24;2;11;9;0;7;4;4;0;40;38;0;0;0
48;1;9;13;2;9;0;4;1;40;38;0;0;0
32;2;15;10;0;9;1;4;0;30;38;0;0;0
47;1;11;9;0;0;4;4;0;35;38;0;0;0
38;2;14;15;2;11;5;4;0;40;38;0;0;0
18;2;11;9;4;5;3;2;1;40;38;0;0;0
25;2;11;9;2;2;0;4;1;40;38;0;0;0
36;2;9;13;2;9;5;4;0;32;38;0;0;1
40;2;8;11;0;9;1;4;0;20;38;0;0;0
56;4;1;7;2;2;0;4;1;20;38;0;0;0
50;2;8;11;0;9;4;4;0;40;38;0;0;1
55;2;11;9;2;0;0;4;1;50;38;1;0;1
32;1;11;9;2;10;0;4;1;40;38;0;0;0
41;2;8;11;2;2;0;4;1;43;38;0;0;1
28;2;15;10;4;0;1;4;0;52;38;0;0;0
53;2;15;10;2;3;0;4;1;55;38;0;0;0
60;1;9;13;5;9;4;4;0;55;38;1;0;0
21;2;15;10;4;7;3;4;1;20;38;0;0;0
29;2;11;9;2;13;0;4;1;40;38;0;0;0
73;2;15;10;2;9;0;4;1;50;38;0;1;1
43;3;9;13;2;11;0;4;1;45;38;0;0;1
45;2;15;10;2;11;0;4;1;45;38;0;0;0
36;2;11;9;0;9;3;4;0;40;38;0;0;1
25;2;11;9;4;11;2;4;0;50;38;0;0;0
38;2;15;10;2;5;0;2;1;40;38;0;0;0
30;1;15;10;0;0;4;4;0;40;38;0;0;0
49;2;15;10;2;3;0;4;1;40;38;1;0;1
41;1;11;9;2;2;0;4;1;40;38;0;0;0
27;2;15;10;2;3;0;4;1;40;38;0;0;0
64;2;15;10;2;3;0;4;1;20;38;0;0;0
41;4;11;9;2;13;0;4;1;45;38;0;0;0
37;2;9;13;2;3;0;4;1;47;38;0;1;1
51;2;4;3;5;6;4;4;0;40;25;0;0;0
35;2;15;10;0;9;4;4;0;40;38;1;0;0
61;1;3;2;2;7;0;4;1;40;25;0;0;0
52;2;5;4;0;8;3;2;0;16;38;0;0;0
40;2;7;12;2;11;0;4;1;60;38;0;0;1
20;2;11;9;4;5;3;4;1;40;38;0;0;0
52;1;12;14;2;9;0;4;1;40;38;0;0;0
50;2;15;10;2;12;0;4;1;40;38;0;0;1
49;2;9;13;0;3;4;4;0;40;38;0;0;1
36;5;9;13;4;9;4;2;0;40;38;0;0;0
33;2;12;14;4;3;4;4;1;40;38;0;0;0
40;2;11;9;2;9;0;0;1;50;38;0;0;0
45;2;9;13;2;3;0;4;1;50;38;0;0;1
22;2;15;10;4;2;3;4;0;35;38;0;0;0
47;2;12;14;2;9;5;4;0;2;38;0;0;1
24;2;11;9;4;11;1;4;1;30;38;0;0;0
19;2;15;10;4;11;1;4;0;30;38;0;0;0
40;2;11;9;0;2;1;4;0;40;38;0;0;0
40;2;15;10;4;12;1;4;0;50;38;0;0;1
54;2;11;9;2;11;0;4;1;50;38;1;0;1
43;4;14;15;2;9;0;3;1;35;38;0;0;1
63;1;9;13;2;13;0;4;1;40;4;0;0;0
18;2;1;7;4;7;3;4;0;20;38;0;0;0
19;2;3;2;4;6;2;4;1;40;25;0;0;0
49;4;11;9;2;3;0;4;1;45;38;0;0;0
27;2;12;14;2;3;0;4;1;45;38;0;0;1
49;1;12;14;0;3;1;4;0;40;38;0;0;0
60;2;11;9;2;2;0;4;1;50;38;0;0;0
34;2;11;9;2;13;0;4;1;40;38;0;0;0
29;2;9;13;2;9;5;4;0;46;38;0;0;1
30;2;15;10;2;11;0;4;1;44;38;0;0;0
46;2;11;9;4;5;3;4;1;17;38;0;0;0
32;4;8;11;2;2;0;4;1;40;38;0;0;0
25;2;11;9;4;2;1;4;1;75;38;0;0;0
22;2;15;10;1;7;5;4;0;40;38;0;0;1
32;2;15;10;2;13;0;4;1;50;38;0;0;0
40;2;10;16;2;9;5;4;0;30;38;0;0;1
51;2;12;14;4;9;1;4;1;40;38;1;0;1
20;2;11;9;4;2;3;4;1;30;38;0;0;0
34;2;11;9;0;3;1;4;0;48;38;0;0;0
40;2;15;10;4;3;1;4;1;50;38;0;0;0
34;5;8;11;4;0;4;4;0;40;38;0;0;0
19;2;0;6;4;5;3;4;1;25;38;0;0;0
53;2;0;6;2;2;0;2;1;40;38;0;0;0
42;0;15;10;2;0;0;4;1;40;38;0;0;1
38;2;12;14;2;3;0;4;1;65;38;0;0;1
41;2;11;9;2;2;0;4;1;60;38;0;0;1
30;5;15;10;4;9;1;4;1;40;38;0;0;0
20;2;1;7;2;4;3;4;1;40;25;0;0;0
19;2;11;9;4;7;3;4;0;30;38;0;0;0
20;2;11;9;4;11;2;4;1;60;38;0;0;0
35;2;9;13;2;3;0;4;1;45;38;0;0;0
33;4;11;9;2;2;0;4;1;40;38;0;0;0
43;4;15;10;2;3;0;4;1;15;38;0;1;1
38;0;15;10;0;3;4;4;0;38;38;0;0;0
50;4;15;10;2;3;5;4;0;30;38;0;0;0
23;2;11;9;0;7;3;4;0;10;38;0;0;0
30;1;15;10;4;0;3;4;0;10;38;0;0;0
33;2;9;13;5;3;4;2;0;40;38;0;0;0
48;2;11;9;0;6;1;4;1;40;38;0;0;0
43;2;9;13;0;9;4;4;0;24;27;0;0;0
33;2;15;10;4;12;1;2;1;40;29;0;0;0
50;1;12;14;2;3;0;2;1;45;38;0;0;1
23;2;15;10;2;0;0;4;1;40;38;0;0;1
36;1;15;10;0;5;1;4;1;50;38;0;0;0
50;5;11;9;0;0;4;4;0;46;38;0;0;0
26;2;11;9;2;11;5;4;0;20;38;0;0;0
55;1;12;14;2;9;5;4;0;40;38;0;1;0
37;2;11;9;2;4;0;4;1;40;38;0;0;0
43;2;11;9;2;6;0;4;1;40;38;0;0;0
38;4;15;10;2;13;0;4;1;40;38;0;0;0
42;2;5;4;2;5;0;4;1;30;25;0;0;0
47;4;10;16;2;13;0;4;1;45;38;0;1;0
44;2;9;13;2;3;0;1;1;40;38;0;0;0
28;4;11;9;2;2;0;4;1;40;38;0;0;0
51;2;15;10;6;0;1;4;0;40;38;0;0;0
51;2;11;9;2;2;0;4;1;40;38;0;0;0
49;2;9;13;2;3;0;4;1;40;38;0;0;0
62;2;10;16;2;9;0;4;1;50;38;1;0;1
31;2;15;10;4;0;4;4;0;40;38;0;0;0
29;2;1;7;2;5;5;1;0;14;29;1;0;0
23;2;15;10;4;4;1;4;1;30;38;0;0;0
40;5;15;10;0;11;1;4;0;40;38;0;0;0
66;3;5;4;2;3;0;4;1;50;38;0;0;0
17;2;1;7;4;7;1;4;0;20;38;0;0;0
37;2;15;10;2;2;0;4;1;40;38;0;0;1
69;2;14;15;2;9;0;4;1;3;38;0;0;0
23;2;9;13;4;0;1;4;0;40;38;0;0;0
38;0;11;9;2;3;0;4;1;42;38;0;0;1
37;0;11;9;2;2;0;4;1;40;38;0;0;0
38;2;15;10;0;11;1;4;0;40;38;0;0;0
38;2;6;5;2;4;0;4;1;54;25;0;0;0
37;5;9;13;4;9;1;4;0;40;38;0;0;0
37;3;11;9;2;3;0;4;1;50;38;0;0;1
23;2;6;5;4;4;4;4;1;70;38;0;0;0
17;2;0;6;4;7;3;4;0;15;38;0;0;0
48;2;9;13;2;9;0;4;1;35;38;0;0;0
17;2;1;7;4;0;3;4;0;23;38;0;0;0
55;2;12;14;2;3;0;4;1;60;38;0;1;1
35;2;15;10;2;3;0;4;1;40;38;0;0;1
35;4;9;13;2;2;0;4;1;45;38;0;0;0
53;2;9;13;2;3;0;4;1;60;38;0;0;1
43;2;11;9;2;6;0;4;1;48;38;0;0;0
36;2;12;14;4;9;3;4;1;40;38;0;0;0
24;2;11;9;5;7;4;2;0;40;38;0;0;0
45;2;15;10;2;13;0;4;1;48;38;0;0;0
34;2;15;10;2;0;5;4;0;40;38;0;1;0
56;2;11;9;4;0;1;4;0;38;38;0;0;0
36;2;11;9;2;2;0;4;1;45;38;0;0;1
22;2;15;10;4;9;3;4;1;50;38;0;0;0
33;2;11;9;4;7;3;2;1;36;38;0;0;0
48;2;11;9;4;7;1;4;0;32;3;0;0;0
20;2;15;10;4;7;3;4;0;30;38;0;0;0
64;3;7;12;2;11;0;4;1;50;38;0;1;1
47;2;1;7;2;2;0;4;1;40;5;0;0;0
20;2;15;10;4;7;1;4;0;25;38;0;0;0
44;0;9;13;0;3;1;2;0;40;38;0;0;0
45;4;9;13;2;4;0;4;1;77;38;0;0;0
45;1;11;9;2;13;5;4;0;40;38;1;0;1
45;1;12;14;2;9;0;4;1;37;38;0;0;1
27;5;9;13;4;9;1;2;1;40;38;0;0;0
41;2;11;9;2;2;0;4;1;72;38;0;0;1
20;2;11;9;4;4;1;4;1;55;38;0;0;0
17;2;0;6;4;7;3;4;0;10;38;0;1;0
50;2;11;9;2;9;0;4;1;40;38;0;0;1
31;5;12;14;4;12;1;4;1;40;38;0;0;0
49;4;11;9;4;2;1;4;1;30;38;0;0;0
44;2;12;14;2;0;0;4;1;40;38;0;0;0
49;2;11;9;0;2;1;4;1;50;38;0;0;0
28;1;9;13;4;9;1;4;1;52;38;0;0;0
43;1;15;10;2;12;0;4;1;99;38;1;0;1
33;2;7;12;0;6;4;0;0;40;38;0;0;0
35;2;15;10;0;6;4;2;0;55;38;0;0;0
17;2;1;7;4;11;3;4;0;20;38;0;0;0
25;2;11;9;2;5;0;4;1;40;38;0;0;0
41;2;11;9;0;2;4;4;0;40;38;0;0;0
30;2;12;14;4;12;4;4;1;45;26;0;0;0
48;2;8;11;2;7;0;1;1;56;29;0;0;1
61;1;15;10;2;0;0;4;1;35;38;0;0;0
41;2;11;9;5;2;1;4;1;40;38;0;0;0
36;2;11;9;4;12;1;4;1;50;38;0;0;0
24;1;15;10;4;10;1;4;1;40;38;0;0;0
27;2;11;9;4;0;3;2;1;40;38;0;0;0
18;2;1;7;4;9;3;4;0;2;38;0;0;0
20;2;15;10;4;9;3;4;0;15;38;0;0;0
18;2;15;10;4;7;3;4;1;12;38;0;0;0
23;2;11;9;2;2;0;4;1;40;38;0;0;0
43;5;12;14;2;9;0;4;1;45;38;0;1;1
38;5;15;10;2;3;5;2;0;40;37;0;0;0
36;2;15;10;0;0;4;4;0;40;38;0;0;0
28;4;9;13;4;3;1;4;1;50;38;0;0;0
51;2;10;16;2;3;0;4;1;84;38;1;0;1
35;2;9;13;2;3;0;4;1;40;38;0;0;1
38;5;9;13;2;10;0;4;1;60;38;0;0;0
47;0;15;10;2;0;0;2;1;40;38;0;0;1
26;2;1;7;0;2;1;4;0;40;38;0;0;0
31;5;15;10;0;10;1;4;1;40;38;0;0;1
46;2;15;10;0;0;4;2;0;35;37;0;0;0
49;2;15;10;4;3;4;4;0;40;38;0;0;0
19;2;11;9;4;11;3;4;0;30;38;0;0;0
45;3;15;10;2;4;0;4;1;50;38;0;0;0
46;2;9;13;2;9;0;4;1;45;38;1;0;1
70;4;15;10;2;12;0;4;1;20;38;0;0;0
19;2;15;10;4;0;3;4;0;20;38;0;0;0
46;2;8;11;2;2;0;4;1;50;38;0;0;0
20;2;15;10;4;13;3;4;1;35;38;0;0;0
17;2;1;7;4;7;2;4;0;22;38;0;0;0
43;2;15;10;2;3;0;4;1;49;38;0;0;1
19;2;15;10;4;7;3;4;0;15;38;0;0;0
37;2;11;9;2;2;0;4;1;40;38;0;0;0
51;2;11;9;6;9;4;4;0;40;38;0;0;0
40;1;9;13;2;9;0;4;1;40;38;0;0;1
24;2;15;10;4;2;3;4;1;60;1;0;0;0
31;2;7;12;2;9;0;4;1;40;38;0;0;0
59;2;8;11;2;9;0;4;1;50;38;1;0;1
27;2;11;9;4;7;4;2;0;40;38;0;0;0
40;2;9;13;2;9;0;4;1;99;38;1;0;1
30;4;11;9;2;2;0;4;1;40;38;0;0;0
28;2;7;12;4;0;3;4;1;32;38;0;0;0
25;2;11;9;4;2;3;2;1;50;38;0;0;0
22;2;9;13;4;11;1;4;0;20;38;0;0;0
21;5;15;10;4;3;3;4;1;40;38;0;0;0
35;3;9;13;4;3;1;4;0;60;38;0;0;1
54;1;11;9;2;3;0;4;1;56;38;0;0;0
36;2;11;9;2;6;0;4;1;40;38;0;0;0
29;2;9;13;2;11;0;4;1;40;38;0;0;0
32;0;11;9;4;3;4;4;0;40;38;0;1;0
55;2;11;9;0;13;1;4;1;40;38;0;0;0
56;0;12;14;0;0;4;4;0;40;38;0;0;0
19;2;15;10;4;7;3;2;1;25;38;0;0;0
36;2;11;9;4;7;1;2;0;40;38;0;1;0
58;2;11;9;6;0;1;4;0;40;38;0;0;1
35;2;11;9;0;0;4;4;0;40;38;0;0;0
44;2;0;6;5;6;4;2;0;40;38;0;0;0
40;3;11;9;2;3;0;4;1;40;38;0;0;0
18;2;11;9;4;7;3;4;0;20;38;0;0;0
71;4;11;9;2;4;0;0;1;35;38;0;0;0
51;0;11;9;2;3;0;4;1;57;38;0;0;1
20;2;2;8;4;7;3;4;1;35;38;0;0;0
34;2;8;11;0;12;4;2;0;40;38;0;0;0
28;2;8;11;2;7;0;4;1;40;38;0;0;1
23;2;15;10;4;0;1;4;0;24;11;0;0;0
36;2;15;10;2;2;0;4;1;50;7;1;0;0
42;2;14;15;0;9;1;4;0;39;38;0;0;1
31;1;9;13;4;2;1;4;1;40;38;1;0;1
38;1;12;14;0;9;1;2;1;40;22;0;0;0
22;2;11;9;4;0;4;4;0;40;38;0;0;0
36;2;8;11;0;0;4;2;0;54;38;0;0;0
36;2;12;14;2;11;0;4;1;50;38;0;1;1
17;2;1;7;4;5;3;4;1;18;38;0;1;0
30;0;15;10;4;0;3;2;0;40;38;0;0;0
35;4;6;5;2;2;0;4;1;30;38;1;0;0
32;2;12;14;4;3;1;4;1;40;38;1;0;1
42;2;9;13;2;3;0;4;1;40;38;1;0;1
54;2;15;10;4;3;1;4;0;45;38;0;0;1
36;2;9;13;2;11;0;4;1;35;38;0;1;1
58;2;0;6;4;7;1;4;1;40;38;0;0;0
39;2;8;11;2;7;0;4;1;40;38;0;0;0
62;1;11;9;6;0;1;4;0;38;38;0;0;0
51;2;11;9;0;9;4;4;1;40;38;0;0;0
52;2;15;10;0;3;1;4;0;50;38;0;0;0
25;2;11;9;4;11;3;4;0;30;38;0;0;0
26;2;9;13;4;0;1;4;0;40;38;0;0;0
26;2;0;6;2;2;3;2;1;40;38;0;0;0
59;5;9;13;4;3;1;2;0;40;27;0;0;0
21;2;11;9;4;4;2;4;1;50;38;0;0;0
45;2;12;14;2;12;0;4;1;18;38;0;0;1
26;2;11;9;2;2;0;4;1;36;38;0;0;0
68;4;0;6;6;4;4;4;1;20;38;0;0;0
60;2;11;9;2;7;0;4;1;40;38;0;0;1
65;2;11;9;2;11;0;4;1;18;38;0;0;0
41;2;12;14;0;3;4;4;0;45;38;0;0;0
34;2;11;9;2;13;0;4;1;50;38;0;0;0
28;2;11;9;2;0;0;2;1;40;38;0;0;0
40;2;8;11;4;0;1;4;0;40;38;0;0;0
57;2;12;14;2;9;0;4;1;60;38;0;0;1
37;2;1;7;2;2;0;4;1;50;38;0;0;0
34;2;0;6;0;6;1;2;1;60;38;0;0;0
57;0;9;13;2;12;0;4;1;48;38;0;0;1
55;2;9;13;2;3;0;4;1;40;38;0;1;1
56;2;9;13;2;0;0;4;1;40;38;0;0;1
32;2;15;10;4;3;1;4;1;60;38;0;0;0
18;2;15;10;4;11;3;4;1;15;38;0;0;0
48;2;8;11;3;9;1;4;1;40;38;0;0;0
41;0;14;15;2;9;0;4;1;50;18;0;0;1
33;2;11;9;2;13;0;4;1;20;38;0;0;0
33;2;11;9;4;5;3;4;1;40;38;0;0;0
47;2;4;3;3;6;2;4;1;40;25;0;0;0
46;3;11;9;2;3;5;0;0;40;38;1;0;1
40;2;11;9;0;0;4;4;0;38;38;0;0;0
42;2;11;9;2;6;0;4;1;40;25;0;0;0
31;5;9;13;2;9;0;4;1;55;38;1;0;1
51;2;1;7;2;5;0;4;1;40;38;0;0;0
44;2;15;10;0;0;4;4;0;57;38;0;0;0
37;2;11;9;5;12;4;4;0;40;38;0;0;0
25;2;1;7;4;6;3;2;0;40;38;0;0;0
63;4;5;4;2;4;0;4;1;60;38;1;0;1
52;2;11;9;0;11;1;4;1;45;38;0;0;0
42;1;15;10;0;12;1;4;0;40;38;1;0;0
28;2;11;9;4;0;1;4;0;40;38;0;0;0
30;2;12;14;4;9;1;4;1;40;38;1;0;1
34;2;9;13;2;11;0;4;1;50;38;0;0;0
37;0;7;12;2;3;5;4;0;40;38;0;0;1
31;2;11;9;2;6;0;4;1;45;38;0;0;0
35;2;15;10;0;11;1;4;0;35;38;0;0;0
25;2;15;10;4;0;3;4;0;40;38;0;0;0
38;2;11;9;0;3;1;4;1;40;38;0;0;0
43;4;11;9;4;4;1;4;1;60;38;0;0;0
22;2;15;10;4;2;2;1;0;40;39;0;0;0
18;2;1;7;4;7;3;4;1;20;38;0;0;0
26;2;11;9;4;0;1;4;0;40;38;0;0;0
36;2;11;9;2;13;0;4;1;60;38;0;0;1
43;2;11;9;0;11;1;4;1;20;38;0;0;0
21;2;15;10;4;0;1;4;0;25;38;0;0;0
62;0;15;10;6;10;1;4;0;40;38;0;0;0
26;2;11;9;2;2;0;4;1;40;38;0;0;0
54;4;9;13;2;3;0;4;1;40;38;0;0;1
18;2;1;7;4;11;3;4;0;20;38;0;0;0
65;4;11;9;2;11;0;4;1;55;38;0;0;0
41;2;11;9;4;2;1;4;1;50;38;1;0;0
31;2;6;5;4;7;4;4;0;20;38;0;0;0
56;2;6;5;0;11;4;4;0;40;38;0;0;0
50;2;9;13;2;3;0;4;1;50;38;0;0;1
22;2;9;13;4;0;3;4;0;35;38;0;0;0
36;1;15;10;2;10;0;4;1;48;38;0;0;0
48;2;10;16;2;9;0;1;1;40;18;0;0;1
30;2;11;9;2;7;5;4;0;30;38;0;0;0
35;2;15;10;2;12;0;4;1;45;38;0;0;0
37;4;11;9;2;13;0;4;1;30;38;0;0;0
56;2;12;14;2;3;5;4;0;50;38;0;0;0
41;2;7;12;0;11;4;4;1;40;38;0;0;0
38;5;11;9;4;7;1;4;1;40;38;0;0;0
34;2;6;5;5;6;4;4;0;35;5;0;0;0
54;5;2;8;4;7;3;4;1;40;38;1;0;0
42;2;8;11;0;9;1;4;0;40;38;0;0;0
33;2;11;9;2;4;0;4;1;50;38;0;0;0
21;2;11;9;4;9;3;4;0;30;38;0;0;0
69;1;0;6;2;13;0;4;1;10;38;0;0;0
32;2;7;12;4;11;1;2;0;46;37;0;0;0
50;2;11;9;2;2;0;4;1;40;38;0;0;0
45;2;11;9;0;7;1;4;0;40;38;0;0;0
31;2;11;9;2;0;0;4;1;35;38;0;0;0
24;2;9;13;2;9;5;4;0;40;38;0;0;0
28;2;9;13;4;9;1;4;1;60;38;0;0;1
21;2;7;12;4;7;3;4;0;5;38;0;0;0
43;4;8;11;0;3;1;4;1;25;38;0;0;0
22;2;11;9;4;11;1;4;0;25;38;0;0;0
62;4;11;9;2;2;0;4;1;40;38;0;1;0
21;4;15;10;4;12;1;4;1;25;38;0;0;0
37;2;15;10;2;13;0;4;1;45;38;0;0;0
34;2;15;10;0;7;4;2;0;40;38;0;0;0
74;4;9;13;2;3;0;4;1;12;38;0;1;1
43;2;15;10;0;6;4;2;0;38;38;0;0;0
25;2;15;10;4;9;1;4;0;40;38;0;0;0
43;2;1;7;2;5;0;4;1;40;38;0;0;0
23;2;1;7;2;7;0;4;1;40;38;0;0;0
33;2;11;9;5;6;4;2;0;40;38;0;0;0
51;5;9;13;2;3;0;4;1;35;38;0;0;1
64;2;9;13;4;11;4;4;0;40;28;0;0;0
35;2;15;10;4;3;1;4;1;50;38;0;0;0
69;4;0;6;3;4;1;4;1;45;38;1;0;0
32;2;9;13;2;3;0;4;1;48;38;0;0;1
20;2;15;10;4;7;3;4;0;40;38;0;0;0
66;3;11;9;2;13;0;4;1;50;38;0;0;1
31;2;15;10;4;2;1;4;1;40;21;0;0;0
22;2;15;10;4;7;3;4;0;24;38;0;0;0
32;2;14;15;4;9;1;4;1;40;38;0;0;0
23;2;7;12;4;11;3;4;0;40;38;0;0;0
21;2;15;10;4;0;3;4;1;40;38;0;0;0
36;2;11;9;2;7;5;1;0;2;35;0;0;0
62;1;5;4;2;2;0;4;1;40;38;1;0;0
24;2;11;9;4;5;1;4;1;40;38;0;0;0
45;2;15;10;2;13;0;4;1;50;38;1;0;1
27;2;1;7;2;5;0;4;1;40;38;1;0;0
38;2;14;15;2;9;0;4;1;90;38;0;1;1
30;2;15;10;2;6;0;4;1;30;38;0;0;0
21;4;8;11;2;4;0;4;1;40;38;0;0;0
56;4;11;9;2;11;0;4;1;40;38;0;0;0
59;1;12;14;6;9;4;4;0;60;38;1;0;1
37;4;15;10;0;3;4;4;0;40;38;0;0;0
52;2;15;10;0;3;4;4;0;40;38;0;0;0
50;0;15;10;2;3;0;4;1;40;38;0;0;1
55;2;9;13;2;3;0;4;1;60;38;1;0;1
55;2;9;13;2;9;0;4;1;40;38;0;0;1
72;2;15;10;2;9;0;4;1;20;38;1;0;0
39;2;15;10;0;3;1;4;0;40;38;0;0;0
28;2;2;8;0;6;1;4;0;40;38;0;0;0
38;2;9;13;0;12;2;4;1;40;38;0;0;0
44;2;15;10;5;2;1;4;1;55;38;0;1;0
51;4;11;9;4;11;1;4;1;40;38;0;0;0
20;2;15;10;4;7;3;4;1;36;38;0;1;0
25;2;15;10;4;13;1;4;0;45;38;0;0;0
52;2;15;10;0;11;2;4;0;20;38;0;0;1
45;2;11;9;6;2;1;4;0;40;38;0;0;0
17;2;1;7;4;0;3;4;0;12;38;0;0;0
64;1;12;14;2;9;0;4;1;25;38;0;0;0
34;2;11;9;2;0;0;4;1;40;38;0;1;0
74;4;15;10;2;3;0;4;1;4;38;0;0;0
58;0;1;7;0;2;1;2;0;40;38;1;0;1
44;2;12;14;2;9;0;4;1;40;38;0;0;1
23;5;7;12;4;0;1;4;0;25;38;0;0;0
23;2;11;9;4;5;3;4;1;50;38;0;0;0
27;2;8;11;4;12;2;4;0;36;38;0;0;0
34;2;9;13;2;11;0;4;1;45;38;0;0;1
18;2;11;9;4;11;3;4;0;24;38;0;0;0
33;2;1;7;4;11;4;2;0;17;38;0;0;0
50;4;15;10;2;2;0;4;1;48;38;0;0;0
47;2;11;9;0;11;1;4;1;50;38;0;0;0
50;3;14;15;2;9;0;4;1;55;38;1;0;1
18;2;1;7;4;11;3;4;0;15;38;0;0;0
49;1;14;15;2;9;5;4;0;60;38;0;1;1
34;2;15;10;2;5;0;4;1;50;38;0;0;0
51;2;12;14;2;9;0;4;1;45;38;1;0;1
56;5;15;10;2;3;0;4;1;40;38;0;0;1
64;2;11;9;6;0;4;4;0;8;38;0;0;0
23;2;15;10;4;4;1;4;0;50;38;0;0;0
33;2;15;10;2;13;0;4;1;40;38;0;0;0
43;2;12;14;2;3;0;4;1;45;38;0;0;0
60;0;11;9;0;3;1;4;1;40;38;1;0;1
57;5;2;8;0;7;4;4;0;40;38;0;0;0
22;2;9;13;4;11;1;4;1;45;38;0;0;0
23;2;9;13;4;6;3;4;1;40;38;0;0;0
54;2;15;10;2;11;0;4;1;50;38;0;1;1
39;0;11;9;2;0;0;2;1;52;38;1;0;1
32;4;12;14;4;9;1;4;1;40;38;0;0;0
20;2;15;10;4;12;3;4;1;15;38;0;0;0
30;2;15;10;4;3;1;4;1;52;38;0;0;0
56;4;11;9;2;4;0;4;1;45;38;0;0;0
34;2;11;9;2;5;0;4;1;40;38;0;0;0
32;2;11;9;4;2;4;4;1;40;38;0;0;0
59;2;12;14;2;9;0;4;1;50;38;0;0;1
19;2;15;10;4;9;3;4;1;11;38;0;0;0
29;2;11;9;2;5;0;4;1;42;38;0;0;0
24;2;15;10;2;2;0;4;1;60;38;0;0;0
41;5;12;14;0;9;1;4;1;35;38;0;0;0
23;2;5;4;2;5;2;3;0;30;7;0;0;0
32;2;11;9;2;11;0;4;1;50;38;0;1;1
18;2;11;9;4;11;3;4;1;10;38;0;0;0
38;2;11;9;5;13;4;2;0;30;38;0;0;0
29;2;9;13;4;9;1;4;1;50;8;0;0;0
25;2;11;9;2;13;0;4;1;45;38;0;0;0
31;2;14;15;4;12;1;4;1;55;38;0;0;0
34;2;9;13;3;0;1;4;0;25;38;0;0;0
34;2;11;9;2;3;0;4;1;45;38;0;1;1
66;5;11;9;2;3;0;4;1;40;38;0;1;1
41;2;4;3;2;5;0;4;1;40;12;0;0;0
62;2;5;4;2;9;0;4;1;20;38;0;0;0
58;2;11;9;2;2;0;2;1;40;38;0;0;0
40;2;11;9;5;3;4;4;0;40;1;0;0;0
24;2;9;13;4;3;3;1;0;40;29;0;0;0
47;2;11;9;2;3;0;4;1;40;38;0;0;1
19;2;11;9;4;7;3;2;1;25;38;0;0;0
32;2;15;10;2;2;0;4;1;45;38;0;0;0
51;5;15;10;0;0;1;4;0;40;38;0;0;0
25;2;6;5;2;13;0;4;1;45;38;0;0;0
22;2;15;10;4;13;1;4;1;40;38;0;0;0
29;2;9;13;2;3;5;4;0;50;38;0;0;1
20;2;11;9;2;11;3;4;1;40;38;0;0;0
42;2;5;4;0;2;4;4;1;40;32;0;0;0
18;2;11;9;4;6;3;4;1;20;38;0;0;0
23;2;0;6;2;6;3;1;0;40;39;0;0;0
55;2;9;13;0;9;1;4;0;40;38;0;0;1
40;2;11;9;0;6;1;2;1;40;38;0;0;0
52;2;15;10;0;11;1;4;1;50;38;0;0;0
37;2;11;9;0;6;4;4;1;40;38;0;0;1
21;2;15;10;4;11;3;4;0;22;38;0;1;0
35;2;8;11;4;7;1;4;1;60;38;0;0;0
45;2;15;10;0;6;4;4;1;48;38;0;0;0
39;2;11;9;0;0;4;2;0;40;38;0;0;0
54;2;11;9;2;2;0;4;1;44;38;0;0;0
42;2;5;4;0;11;1;4;0;40;38;0;0;0
59;3;7;12;2;2;0;4;1;40;38;0;0;0
42;2;11;9;2;11;5;4;0;40;38;0;0;1
22;2;15;10;4;10;3;2;0;20;38;0;0;0
33;2;9;13;4;9;1;4;0;40;38;0;0;0
39;2;15;10;2;6;0;4;1;40;38;0;0;1
18;3;1;7;4;4;3;4;1;70;38;0;0;0
46;2;15;10;2;11;0;2;1;60;38;0;0;1
24;2;9;13;4;7;1;4;1;40;38;0;0;0
28;2;8;11;2;5;5;4;0;30;6;0;0;0
21;5;11;9;4;0;3;4;0;43;38;0;0;0
22;2;1;7;4;2;3;4;1;30;38;0;0;0
61;2;4;3;2;5;0;1;1;40;29;1;0;1
56;0;15;10;2;0;0;1;1;40;24;0;0;0
21;2;15;10;4;11;3;4;0;20;38;0;0;0
17;2;0;6;4;5;3;4;1;26;38;0;0;0
28;1;11;9;2;10;0;4;1;40;38;0;0;1
62;2;11;9;6;0;1;4;0;38;38;0;0;0
39;2;11;9;5;6;1;2;1;40;38;1;0;0
30;1;11;9;4;10;1;4;1;40;38;0;0;0
18;1;1;7;4;0;3;4;1;12;38;0;0;0
54;2;11;9;4;5;3;4;1;40;38;0;0;0
49;2;15;10;2;13;0;4;1;40;38;0;0;1
33;5;10;16;2;9;0;1;1;50;16;0;0;0
50;2;9;13;2;11;0;4;1;40;38;0;0;1
57;2;11;9;2;7;0;4;1;78;38;0;0;0
50;5;11;9;0;0;3;4;0;40;38;0;0;0
45;2;9;13;2;3;0;4;1;40;38;0;0;1
41;2;15;10;2;3;3;4;1;40;38;0;0;1
23;2;11;9;2;6;0;4;1;48;38;0;0;0
23;2;9;13;4;11;1;4;0;40;38;0;0;0
47;2;11;9;2;0;5;4;0;40;17;0;0;0
39;4;9;13;2;3;0;1;1;50;34;0;0;0
29;2;8;11;2;6;0;4;1;48;38;0;1;1
46;2;11;9;2;6;0;2;1;40;38;0;0;0
18;2;4;3;4;5;3;4;1;40;38;0;0;0
68;2;5;4;2;2;0;4;1;40;38;0;0;0
62;2;8;11;2;12;0;4;1;40;38;0;0;1
43;2;7;12;2;12;0;4;1;40;38;0;0;0
35;2;11;9;2;2;0;4;1;40;38;0;0;0
21;2;11;9;4;0;3;4;0;40;38;0;0;0
21;5;15;10;4;5;3;4;1;40;38;0;0;0
41;1;8;11;0;2;4;4;0;45;38;0;0;0
61;2;11;9;2;13;0;4;1;40;38;0;0;0
24;2;11;9;4;2;1;4;1;50;38;0;0;0
21;2;11;9;4;10;3;2;1;40;38;0;0;0
36;5;4;3;2;7;0;4;1;40;25;0;0;0
37;1;8;11;4;10;1;4;0;40;38;0;0;0
69;2;2;8;2;13;0;4;1;60;38;1;0;1
49;0;15;10;0;3;1;4;0;50;38;0;0;0
55;2;11;9;2;4;0;4;1;53;38;0;0;1
21;2;11;9;2;6;0;4;1;40;38;0;0;0
18;2;0;6;4;7;3;4;1;40;38;0;0;0
26;2;11;9;2;9;1;2;1;40;38;0;0;0
46;2;11;9;2;4;0;4;1;55;38;1;0;0
23;2;0;6;4;2;1;4;1;40;38;0;0;0
48;2;11;9;2;2;0;4;1;40;38;0;0;1
36;2;11;9;2;2;0;4;1;48;38;0;1;1
42;5;12;14;0;9;1;4;1;40;38;0;0;0
41;1;12;14;2;9;0;4;1;38;38;0;0;1
45;2;7;12;6;11;4;4;0;40;4;0;0;0
52;2;11;9;0;2;1;4;1;40;38;1;0;0
22;1;9;13;4;9;3;2;0;18;38;0;0;0
20;2;15;10;4;6;1;4;0;40;38;1;0;0
27;2;11;9;5;6;1;4;1;43;38;0;0;0
36;2;11;9;0;3;1;4;1;40;38;0;0;0
34;2;11;9;2;13;0;0;1;52;38;0;0;0
38;2;12;14;2;9;0;4;1;50;38;0;0;1
47;2;11;9;0;11;4;4;0;45;38;0;0;0
21;2;11;9;2;2;0;4;1;50;38;0;0;0
33;2;11;9;4;13;1;4;1;40;38;0;0;0
31;1;7;12;4;10;4;4;1;40;38;0;0;0
61;2;2;8;2;2;0;4;1;40;25;0;0;0
46;2;0;6;2;5;0;2;1;45;38;0;0;0
55;1;12;14;2;9;0;2;1;40;38;0;0;1
19;5;15;10;4;9;3;4;1;40;38;0;0;0
39;2;11;9;2;6;0;4;1;40;38;0;0;1
61;2;11;9;2;7;0;4;1;40;38;0;0;0
28;2;15;10;2;5;0;4;1;40;38;0;0;0
28;2;0;6;2;13;0;4;1;40;38;0;0;0
61;2;11;9;2;2;0;4;1;37;38;0;0;0
54;2;15;10;2;11;0;4;1;40;38;0;0;0
50;3;15;10;2;6;0;4;1;70;10;0;0;0
37;1;12;14;2;9;5;4;0;45;38;0;0;1
56;2;11;9;2;11;5;4;0;4;38;0;0;0
31;2;9;13;0;3;1;4;0;50;38;0;0;1
32;5;9;13;2;3;5;4;0;55;38;0;0;1
28;2;1;7;0;7;4;4;0;40;38;0;0;0
34;2;8;11;2;12;0;4;1;40;38;0;0;0
33;2;0;6;4;7;3;4;0;25;38;0;0;0
42;2;8;11;0;0;1;4;0;35;38;0;0;0
64;2;8;11;2;2;0;4;1;48;38;0;0;0
29;2;15;10;2;5;0;4;1;20;38;0;0;0
45;2;15;10;2;13;0;4;1;40;38;0;0;0
48;2;12;14;2;9;0;4;1;45;38;0;0;1
44;2;15;10;5;12;1;4;0;38;38;0;0;0
34;0;15;10;4;0;1;4;1;40;38;0;0;0
40;2;11;9;4;6;1;4;1;45;38;0;0;0
45;2;11;9;2;2;0;4;1;40;38;0;1;0
23;2;15;10;4;7;3;4;0;20;38;0;0;0
51;2;9;13;2;9;0;4;1;55;38;0;0;1
24;2;11;9;2;2;0;4;1;50;38;1;0;0
57;2;9;13;6;9;4;4;1;40;38;1;0;1
23;2;15;10;4;0;1;4;0;40;38;0;1;0
34;2;15;10;2;4;0;4;1;40;38;0;0;1
36;2;11;9;0;6;1;4;1;40;38;1;0;0
56;3;14;15;2;9;0;4;1;32;38;0;0;1
42;2;11;9;0;3;4;4;0;40;38;0;0;0
45;3;9;13;2;3;0;4;1;60;38;0;0;0
38;2;9;13;2;9;0;4;1;70;38;1;0;1
29;1;8;11;2;10;0;4;1;40;38;1;0;1
54;2;9;13;0;9;1;4;1;40;38;0;1;0
40;2;11;9;2;6;0;4;1;40;38;0;0;1
29;2;11;9;2;13;0;4;1;40;38;0;0;0
35;0;9;13;4;3;3;4;1;40;38;0;0;0
47;2;11;9;5;3;4;4;0;37;38;0;0;0
51;2;8;11;4;3;1;4;0;43;38;0;0;0
28;2;11;9;4;7;2;4;1;40;25;0;0;0
58;2;11;9;2;6;0;4;1;45;38;0;0;1
24;2;11;9;4;6;3;4;0;25;38;0;0;0
46;5;11;9;0;3;1;4;1;40;38;0;0;0
57;2;0;6;2;6;0;2;1;48;38;0;0;0
22;2;11;9;4;5;2;4;1;20;38;0;0;0
28;2;9;13;4;12;1;2;1;30;22;0;0;0
23;2;11;9;4;11;3;4;1;60;38;0;0;0
19;2;11;9;4;5;1;4;1;40;38;0;0;0
66;5;11;9;6;9;4;2;0;35;38;0;0;0
38;2;15;10;2;3;0;4;1;55;38;0;0;0
39;0;15;10;0;3;4;2;0;40;38;0;0;0
47;2;11;9;2;6;0;4;1;40;38;1;0;1
39;2;11;9;0;13;3;4;1;60;38;0;0;0
22;2;15;10;4;13;3;4;1;40;38;0;0;0
36;2;11;9;4;2;3;2;1;30;38;0;0;0
32;2;15;10;2;6;0;1;1;40;29;0;0;0
43;1;9;13;4;9;1;4;1;40;38;0;0;0
51;2;11;9;2;2;0;4;1;40;38;0;0;0
42;2;4;3;2;2;0;4;1;60;38;0;0;0
32;5;2;8;4;0;4;4;0;40;38;0;0;0
34;2;15;10;4;0;3;4;1;40;38;0;0;0
51;2;8;11;2;2;0;4;1;57;38;0;0;0
38;2;9;13;2;11;0;4;1;44;38;0;0;0
21;2;11;9;4;5;3;2;1;20;38;0;0;0
33;4;9;13;4;7;1;4;0;15;38;0;0;0
34;2;11;9;2;2;0;4;1;40;38;0;0;0
32;2;11;9;2;3;0;4;1;40;38;0;0;0
27;4;11;9;2;7;0;2;1;60;38;0;0;1
35;3;15;10;2;11;0;4;1;50;38;0;0;1
29;5;9;13;4;9;1;4;1;50;38;0;0;0
40;2;11;9;2;2;0;4;1;40;38;0;0;0
46;2;5;4;2;4;0;2;1;30;38;0;0;0
37;2;11;9;4;7;4;2;0;30;38;0;0;0
38;4;11;9;2;2;0;4;1;25;38;1;0;0
37;2;15;10;2;3;0;2;1;60;4;0;1;1
44;2;9;13;2;9;0;4;1;45;38;0;0;1
25;2;12;14;4;9;1;4;1;30;38;0;0;0
38;2;11;9;4;11;4;4;1;42;38;0;0;0
34;1;7;12;0;0;4;4;0;10;38;0;0;0
50;4;11;9;2;11;0;4;1;60;38;0;1;1
46;2;15;10;2;3;0;4;1;50;38;0;0;1
20;2;4;3;4;5;4;4;1;30;12;0;0;0
47;5;8;11;2;3;0;4;1;38;38;0;0;1
46;2;10;16;2;9;0;4;1;60;38;0;0;1
34;2;7;12;0;11;1;4;1;40;38;0;0;0
61;2;11;9;2;13;0;4;1;40;38;0;0;0
55;5;15;10;0;9;1;2;0;37;38;0;0;0
36;2;11;9;4;13;1;4;1;35;38;0;0;0
28;2;15;10;4;3;1;4;0;40;38;1;0;1
22;2;11;9;4;7;1;4;1;40;38;0;0;0
34;2;15;10;4;11;3;2;0;35;38;0;0;0
33;2;15;10;4;6;1;2;1;40;38;0;0;0
27;2;11;9;4;7;3;4;0;32;38;0;0;0
43;0;12;14;2;5;0;4;1;12;38;1;0;0
55;2;0;6;2;2;0;4;1;40;38;1;0;1
39;4;0;6;3;7;1;4;0;15;38;0;1;0
20;2;15;10;4;7;3;4;1;33;7;0;0;0
38;2;11;9;4;5;1;2;1;40;38;0;0;0
30;2;15;10;4;2;1;4;1;40;38;0;0;0
21;2;1;7;4;7;3;4;1;42;7;0;0;0
60;2;11;9;2;9;0;4;1;30;38;0;0;0
43;2;15;10;4;5;1;4;1;40;38;0;0;0
36;2;11;9;2;2;0;4;1;45;38;0;0;1
23;2;15;10;4;7;4;4;0;48;7;0;0;0
57;1;15;10;2;5;0;2;1;40;38;1;0;1
25;1;11;9;4;5;2;2;1;40;38;0;0;0
38;2;11;9;0;7;4;2;0;32;38;0;0;0
22;2;11;9;2;2;0;4;1;35;38;0;0;0
23;2;4;3;4;2;1;4;1;40;25;0;0;0
61;4;11;9;4;11;1;4;0;44;38;0;0;0
28;2;15;10;0;2;1;4;1;46;38;0;0;0
21;2;15;10;4;7;3;4;0;25;38;0;0;0
49;2;12;14;2;9;0;4;1;40;38;0;0;0
37;2;2;8;0;2;3;4;1;35;38;0;0;0
23;2;15;10;4;7;3;4;0;40;5;0;0;0
38;4;15;10;2;9;0;4;1;50;38;1;0;0
34;1;9;13;2;9;5;4;0;46;38;0;0;1
21;2;11;9;4;6;3;4;0;40;28;0;0;0
27;5;15;10;2;3;0;2;1;40;38;0;0;1
57;2;11;9;2;2;0;4;1;84;38;0;0;1
22;2;11;9;4;5;3;2;1;25;38;0;0;0
20;2;15;10;4;0;1;3;0;35;38;0;0;0
49;3;15;10;2;9;5;4;0;65;38;0;0;1
38;2;11;9;2;2;0;4;1;40;38;0;0;0
40;2;9;13;2;12;0;4;1;40;38;0;0;0
44;2;11;9;2;2;0;2;1;40;13;0;1;0
37;4;15;10;2;0;5;4;0;20;38;0;0;0
57;2;12;14;0;9;1;4;1;30;38;0;0;0
56;2;5;4;4;7;3;4;0;30;38;0;0;0
41;2;7;12;0;9;1;4;1;80;38;0;0;0
50;4;11;9;2;7;0;1;1;60;34;0;0;0
33;2;6;5;4;6;1;4;1;50;38;0;0;0
29;2;12;14;2;11;0;4;1;20;38;0;0;0
28;0;9;13;2;3;0;4;1;40;38;1;0;1
35;2;0;6;2;6;0;4;1;50;38;0;0;0
36;2;11;9;0;2;4;4;1;40;38;0;0;0
45;2;10;16;0;9;4;2;0;35;38;0;1;1
30;4;7;12;4;2;3;4;1;40;38;0;0;0
35;3;11;9;2;7;0;4;1;60;38;0;0;0
27;2;8;11;2;11;0;4;1;40;38;0;0;0
22;2;11;9;4;3;1;4;1;40;40;0;0;0
24;2;15;10;4;5;3;4;1;30;38;0;0;0
47;2;9;13;2;9;0;4;1;50;38;0;0;1
47;2;15;10;2;3;0;4;1;40;38;0;0;1
18;2;1;7;4;7;3;4;0;15;38;0;0;0
18;2;15;10;4;0;3;4;1;30;38;0;0;0
31;1;11;9;0;10;1;4;1;47;38;0;0;1
43;4;12;14;0;7;4;4;0;30;38;0;0;0
45;2;11;9;2;13;0;3;1;40;38;1;0;0
39;2;11;9;2;13;0;4;1;40;38;0;0;0
30;2;9;13;4;0;1;4;1;50;38;0;0;0
22;2;15;10;4;0;1;4;0;35;38;0;0;0
30;4;11;9;2;4;0;4;1;85;38;0;0;0
36;2;10;16;2;9;0;4;1;60;38;0;0;1
20;5;7;12;4;9;1;4;1;30;38;0;0;0
27;2;11;9;2;13;0;4;1;45;38;0;1;0
59;1;15;10;2;3;0;4;1;60;38;0;0;1
60;2;11;9;2;2;0;4;1;40;38;0;0;0
43;2;9;13;0;3;1;4;0;40;38;0;0;0
35;2;11;9;0;13;1;4;1;60;38;0;0;0
40;2;9;13;2;0;0;4;1;50;38;0;0;1
20;2;1;7;2;5;2;4;1;35;38;1;0;0
47;2;12;14;2;3;0;4;1;40;38;0;0;0
40;2;7;12;0;9;1;4;1;50;38;0;0;0
20;2;11;9;4;6;3;4;1;40;38;0;0;0
25;2;15;10;4;0;3;4;0;40;38;0;0;0
47;2;8;11;2;9;0;4;1;40;38;0;0;1
29;4;7;12;6;11;4;4;0;40;38;0;0;1
34;2;11;9;2;13;0;4;1;45;38;0;0;0
45;5;9;13;5;9;1;4;0;40;38;0;0;0
23;2;15;10;4;5;3;4;1;50;38;1;0;0
46;2;7;12;6;0;4;4;0;40;38;0;0;0
41;5;15;10;0;6;1;2;0;38;38;0;0;0
29;2;9;13;2;9;0;4;1;40;38;0;0;1
17;2;1;7;4;5;3;0;1;20;38;0;0;0
39;2;6;5;2;2;0;4;1;40;38;0;0;0
37;2;11;9;4;6;4;2;0;40;38;0;0;0
20;2;11;9;4;2;1;4;1;40;38;0;0;0
52;2;8;11;2;2;0;4;1;40;38;0;0;1
42;1;7;12;2;9;5;0;0;40;38;0;0;0
22;2;4;3;2;2;0;4;1;35;25;0;0;0
66;5;15;10;0;3;1;4;0;55;38;0;0;0
35;2;11;9;2;13;0;4;1;65;38;0;0;0
40;1;7;12;4;9;1;4;1;40;38;0;0;1
21;2;11;9;0;11;4;0;0;38;38;0;0;0
51;1;11;9;0;10;4;4;1;52;38;0;0;0
34;2;0;6;2;2;0;4;1;40;38;0;0;0
24;2;11;9;2;2;0;4;1;40;38;0;0;0
43;2;9;13;3;0;4;4;0;40;38;0;0;0
34;2;9;13;2;3;5;4;0;40;38;0;0;1
42;1;12;14;4;9;4;4;0;40;38;0;0;0
41;2;8;11;4;2;1;4;1;30;38;0;0;0
21;2;11;9;4;13;3;4;0;40;38;0;0;0
64;1;5;4;2;10;0;4;1;10;38;0;0;0
24;0;11;9;4;0;1;4;0;40;38;0;1;0
23;2;15;10;4;5;3;4;1;10;38;0;0;0
29;2;11;9;2;11;0;4;1;50;38;0;0;0
44;4;11;9;0;3;4;4;0;60;38;0;0;0
28;2;9;13;2;9;0;4;1;55;38;0;0;0
33;3;11;9;2;11;0;4;1;50;38;0;0;1
35;2;15;10;2;2;0;4;1;40;38;0;0;0
41;2;0;6;3;2;1;4;0;40;38;0;0;0
42;2;9;13;2;11;0;2;1;40;38;0;0;1
51;4;15;10;2;3;0;4;1;99;38;0;0;1
32;2;1;7;4;7;4;2;0;40;22;0;0;0
37;2;11;9;4;2;3;4;1;40;38;0;0;0
18;2;1;7;4;11;3;4;0;25;38;0;0;0
24;2;8;11;4;7;3;4;0;35;38;0;0;0
45;2;15;10;2;0;0;4;1;40;38;0;0;0
52;0;9;13;2;3;0;4;1;45;38;0;0;1
35;2;11;9;4;7;1;4;0;40;38;0;0;0
46;3;9;13;0;3;1;4;0;50;38;0;0;0
63;2;11;9;6;3;4;4;1;50;38;0;0;1
32;1;9;13;2;9;5;4;0;35;38;0;0;1
24;2;11;9;4;7;3;4;0;15;38;1;0;0
29;2;9;13;4;0;1;4;0;40;38;0;0;0
35;2;9;13;2;3;0;4;1;50;38;1;0;1
70;2;0;6;2;5;0;4;1;32;38;0;0;0
36;2;11;9;4;6;1;4;0;30;38;0;0;0
53;2;11;9;2;7;0;2;1;30;38;1;0;1
49;1;11;9;2;13;0;4;1;40;38;0;0;0
60;2;14;15;2;3;0;4;1;40;38;0;1;1
18;2;1;7;4;5;3;4;1;40;38;0;0;0
21;2;15;10;4;7;3;4;1;35;21;0;0;0
42;2;0;6;4;13;1;2;1;40;38;0;0;0
25;5;12;14;4;9;1;4;0;37;38;0;0;0
32;2;11;9;2;2;0;4;1;40;38;0;0;0
47;2;9;13;2;0;0;4;1;40;38;1;0;1
30;2;8;11;4;9;1;4;0;40;38;0;0;0
38;4;9;13;2;4;0;4;1;60;38;0;0;0
34;2;11;9;2;13;0;4;1;55;38;0;1;0
37;2;7;12;4;7;1;4;0;30;38;0;0;0
56;2;11;9;2;3;5;4;0;40;38;0;0;1
52;5;8;11;2;3;0;4;1;40;38;0;0;0
23;2;9;13;4;9;3;4;1;40;38;0;0;0
29;5;11;9;2;10;0;4;1;42;38;0;0;0
45;2;11;9;2;2;0;4;1;40;38;0;0;1
23;1;9;13;4;9;1;4;0;40;38;0;0;0
45;2;12;14;2;3;0;4;1;65;38;0;0;1
30;2;9;13;4;3;1;4;1;42;38;0;0;0
45;2;9;13;2;11;0;4;1;50;38;0;0;0
26;2;11;9;2;6;0;4;1;40;38;0;0;0
23;2;15;10;2;6;0;4;1;40;38;0;0;0
43;2;12;14;6;3;4;4;1;40;38;1;0;1
42;2;11;9;0;5;4;4;1;40;38;0;0;0
72;2;15;10;6;0;1;4;0;25;38;0;0;0
57;2;9;13;2;3;0;4;1;60;38;1;0;1
24;2;9;13;2;11;0;4;1;45;38;0;0;0
27;2;11;9;2;5;0;4;1;40;38;0;0;0
54;2;11;9;2;11;0;4;1;40;38;0;0;0
42;1;11;9;2;3;0;4;1;60;38;0;0;1
17;2;6;5;4;7;3;2;1;40;38;0;0;0
48;2;9;13;2;3;0;4;1;55;38;0;0;1
39;2;9;13;0;11;1;4;0;40;38;0;0;0
41;3;9;13;2;3;0;4;1;70;38;1;0;1
57;2;11;9;0;13;1;4;1;45;38;0;0;0
44;1;10;16;2;9;0;4;1;36;38;0;0;1
49;2;11;9;2;11;0;4;1;40;38;0;0;0
44;2;7;12;4;9;4;2;0;50;38;1;0;0
42;2;8;11;4;2;1;4;1;44;38;0;0;0
18;2;2;8;4;7;3;4;1;18;38;0;0;0
51;2;11;9;6;12;4;2;0;40;38;0;0;0
28;2;9;13;4;9;1;4;0;40;38;0;0;0
39;2;7;12;2;3;5;4;0;45;38;1;0;1
25;2;11;9;2;11;0;4;1;52;38;0;0;0
41;2;14;15;2;9;0;4;1;50;38;0;1;1
39;2;15;10;2;11;0;4;1;40;38;0;0;1
42;4;1;7;5;7;4;4;0;30;38;0;0;0
33;2;11;9;4;0;1;4;0;40;38;0;1;0
47;2;15;10;0;11;4;4;0;45;38;0;0;1
27;1;9;13;2;10;0;4;1;68;38;0;0;0
39;2;12;14;2;3;0;4;1;45;38;0;1;1
20;2;15;10;4;4;3;4;1;40;38;0;0;0
49;2;11;9;4;7;1;4;0;40;38;0;0;0
46;2;11;9;2;5;0;4;1;35;38;0;1;0
47;2;11;9;2;11;0;4;1;30;38;0;0;1
35;2;6;5;4;2;1;4;1;40;38;0;0;0
24;2;11;9;4;5;1;4;1;40;38;0;0;0
43;2;9;13;0;7;1;4;0;35;38;0;0;0
53;2;1;7;2;6;0;4;1;48;38;0;0;1
47;2;15;10;0;3;4;4;0;40;38;0;0;0
34;2;15;10;2;5;0;4;1;40;38;0;0;0
37;2;8;11;4;7;1;4;1;40;38;0;0;0
35;2;11;9;4;7;3;4;1;30;38;0;0;0
23;2;15;10;4;3;1;4;0;40;38;0;0;0
29;2;11;9;4;13;2;4;1;50;38;0;0;0
23;2;15;10;4;2;1;4;1;40;38;0;0;0
35;2;11;9;0;7;1;4;0;35;38;0;0;0
27;1;9;13;4;9;1;4;0;40;38;0;0;0
40;2;11;9;4;0;1;4;0;70;38;0;0;0
31;2;9;13;2;11;0;4;1;65;38;0;0;0
18;2;15;10;4;11;4;4;1;40;38;1;0;0
25;2;7;12;4;9;1;4;0;40;38;0;0;0
36;2;15;10;4;10;4;2;0;40;38;0;0;0
38;2;0;6;0;2;1;4;1;40;38;0;0;0
52;2;11;9;6;2;1;4;1;40;38;0;0;0
23;2;11;9;4;7;4;4;1;35;25;0;0;0
48;4;15;10;2;3;0;4;1;30;38;0;0;1
46;2;11;9;2;0;0;4;1;40;38;0;0;1
26;2;11;9;3;10;1;4;1;40;38;0;0;0
47;2;11;9;2;6;0;4;1;40;38;0;0;0
65;2;9;13;0;9;1;4;1;40;38;1;0;0
31;1;11;9;2;13;0;2;1;40;38;0;0;0
38;2;11;9;2;3;5;4;0;40;38;1;0;1
68;2;11;9;2;3;0;4;1;40;38;0;0;0
26;2;9;13;4;0;2;1;0;40;16;0;0;0
42;2;11;9;0;7;1;4;1;40;38;0;0;0
49;2;11;9;2;2;0;4;1;40;38;0;0;1
42;2;9;13;2;0;5;1;0;40;29;0;1;1
39;2;12;14;2;3;0;4;1;65;38;1;0;1
31;4;6;5;2;2;0;4;1;40;38;0;0;0
28;5;9;13;2;9;0;4;1;20;38;0;0;0
36;2;9;13;0;9;1;4;0;50;38;0;0;0
42;5;15;10;2;3;5;4;0;40;38;0;0;1
62;2;11;9;2;6;0;4;1;40;38;0;0;0
21;2;11;9;4;4;3;4;1;24;38;0;0;0
21;2;15;10;4;0;3;3;0;20;4;0;0;0
22;2;15;10;4;7;3;4;0;25;38;0;0;0
30;2;0;6;2;2;0;4;1;40;38;0;0;0
64;2;11;9;6;0;1;4;0;40;38;0;0;0
28;2;9;13;2;3;5;4;0;28;38;1;0;1
41;4;7;12;2;2;0;4;1;40;38;0;1;1
25;2;11;9;4;2;2;4;1;40;38;0;0;0
27;2;11;9;2;4;0;4;1;40;38;0;0;0
40;2;7;12;2;12;0;4;1;44;38;0;0;0
58;2;15;10;2;3;0;4;1;40;38;0;0;1
31;2;14;15;4;9;1;4;0;99;38;0;0;0
50;1;11;9;6;13;4;4;0;40;38;0;0;0
27;2;11;9;5;5;4;4;1;40;38;0;0;0
50;2;9;13;2;11;0;4;1;40;38;0;0;0
45;2;11;9;2;10;0;2;1;40;38;0;0;1
33;2;2;8;4;10;3;2;1;40;38;0;0;0
62;2;15;10;0;0;1;4;1;40;38;0;1;0
38;2;11;9;2;2;0;4;1;40;30;0;1;0
19;2;15;10;4;7;3;4;0;35;38;0;0;0
30;2;1;7;2;7;5;2;0;30;38;0;0;0
38;2;15;10;0;11;3;4;0;25;38;0;0;0
42;4;11;9;2;4;0;4;1;99;38;0;0;1
49;3;15;10;0;11;1;4;1;25;38;0;0;0
53;2;12;14;2;3;0;4;1;50;38;0;1;1
45;1;15;10;2;2;0;4;1;40;25;0;1;1
24;2;15;10;4;0;3;2;0;40;38;0;0;0
29;2;8;11;4;0;3;4;0;35;38;0;0;0
24;2;15;10;4;11;3;4;0;30;38;1;0;0
25;3;8;11;4;13;4;4;1;55;38;0;0;0
51;5;0;6;2;2;0;0;1;40;38;0;0;0
19;2;15;10;4;0;3;4;0;8;38;0;0;0
38;2;15;10;2;2;0;4;1;52;38;0;0;1
60;2;11;9;0;7;1;4;0;40;38;0;0;0
29;4;11;9;4;11;1;4;1;40;38;0;0;0
28;0;0;6;2;7;5;0;0;40;38;0;0;0
36;2;11;9;2;9;0;4;1;45;6;0;0;1
24;2;7;12;4;2;3;4;1;40;38;0;0;0
43;2;7;12;4;0;1;4;0;38;38;0;0;0
29;3;14;15;2;9;0;4;1;55;38;0;0;1
67;4;14;15;2;9;0;4;1;25;38;1;0;1
20;2;11;9;4;10;3;4;1;40;38;0;0;0
21;2;15;10;4;7;3;1;1;20;38;0;0;0
20;2;0;6;4;5;3;4;1;40;38;0;0;0
42;2;7;12;2;3;0;4;1;60;38;0;0;1
20;2;15;10;4;7;3;4;0;10;38;0;0;0
19;1;11;9;4;0;3;4;1;35;38;0;0;0
34;2;11;9;2;2;0;4;1;45;38;0;0;0
40;1;9;13;4;9;4;4;0;45;38;0;0;0
33;2;15;10;5;7;4;2;0;25;38;0;0;0
36;2;15;10;0;2;1;4;0;37;38;0;0;0
43;2;7;12;0;2;1;4;1;70;38;0;1;1
41;1;11;9;5;7;4;2;0;40;38;0;0;0
34;5;11;9;2;12;0;4;1;40;38;0;0;1
33;2;7;12;2;11;0;3;1;40;23;0;0;1
47;2;11;9;2;6;0;4;1;40;38;0;0;0
41;2;3;2;2;11;0;4;1;50;25;0;0;0
40;2;11;9;3;2;1;4;1;40;38;0;0;1
28;2;9;13;4;2;3;2;1;40;38;0;0;0
62;4;11;9;2;11;0;4;1;90;38;0;0;1
29;2;11;9;0;0;4;4;0;50;38;0;0;0
46;2;15;10;0;0;1;4;0;40;38;0;0;0
28;2;11;9;4;7;1;4;1;60;38;0;0;0
57;0;11;9;0;0;1;4;0;40;38;0;0;0
22;2;15;10;4;11;3;4;0;40;38;0;0;0
28;1;7;12;4;0;1;4;0;40;38;0;0;0
24;2;9;13;4;0;1;4;0;45;38;0;0;0
54;4;9;13;0;4;1;4;1;50;38;1;0;1
22;2;1;7;5;2;1;4;1;40;38;0;0;0
36;5;9;13;4;10;4;2;0;40;38;0;0;0
50;2;15;10;0;0;4;4;0;40;38;0;0;0
18;2;1;7;4;5;3;4;1;24;38;0;0;0
52;5;7;12;2;11;0;4;1;40;38;0;0;1
36;2;9;13;4;11;1;4;0;40;38;0;1;0
34;4;9;13;4;9;1;4;0;55;38;0;0;1
21;2;8;11;4;2;3;4;1;40;38;0;0;0
46;2;11;9;4;3;1;4;1;40;38;0;0;0
61;1;12;14;4;9;4;4;0;25;38;0;0;0
22;5;15;10;4;13;3;4;1;25;38;0;0;0
36;5;14;15;2;9;5;4;0;50;38;1;0;1
43;1;12;14;0;9;4;4;0;40;38;1;0;0
25;2;7;12;2;0;5;1;0;37;18;0;0;1
17;2;0;6;4;8;2;4;1;30;38;0;0;0
45;2;8;11;2;2;0;4;1;38;38;1;0;1
30;2;14;15;4;9;1;4;1;80;38;0;1;0
40;2;12;14;4;9;1;4;1;35;38;0;0;0
31;1;12;14;4;3;1;4;1;45;38;0;0;0
42;2;9;13;2;3;0;4;1;40;38;0;0;1
53;2;11;9;2;2;0;4;1;40;38;0;0;1
37;2;3;2;2;13;0;4;1;40;4;0;0;0
37;5;11;9;3;7;4;4;0;20;38;0;0;0
54;2;15;10;2;11;5;4;0;40;38;0;0;1
36;2;11;9;0;7;3;4;0;30;38;0;0;0
46;2;15;10;0;0;4;4;0;40;38;0;0;0
46;2;9;13;2;11;0;4;1;48;38;0;0;0
32;2;6;5;2;13;0;4;1;50;38;0;0;0
17;2;1;7;4;2;3;4;1;40;38;1;0;0
42;5;9;13;0;9;1;2;1;40;38;0;0;0
37;1;11;9;4;2;1;4;1;40;38;0;0;0
29;2;11;9;2;6;0;4;1;48;38;0;0;0
54;2;9;13;2;3;0;4;1;40;38;0;0;1
38;2;2;8;2;2;0;4;1;48;38;0;0;0
46;1;11;9;2;13;0;4;1;40;38;0;0;0
24;2;11;9;2;5;0;4;1;40;38;0;0;0
57;2;3;2;2;5;0;4;1;40;31;0;0;0
59;2;3;2;2;6;0;4;1;40;38;0;0;0
33;2;9;13;2;3;0;4;1;40;38;0;0;1
35;2;11;9;0;7;4;2;0;40;38;0;1;0
53;2;11;9;2;6;0;4;1;40;38;1;0;0
26;2;11;9;4;6;2;4;1;40;38;0;0;0
55;4;12;14;2;11;0;4;1;50;38;1;0;0
46;2;11;9;5;7;1;2;0;45;22;0;0;0
44;5;9;13;2;9;0;0;1;38;38;0;0;1
30;4;8;11;2;11;0;4;1;60;10;1;0;0
24;2;15;10;4;5;3;4;1;24;38;0;0;0
32;2;0;6;3;7;1;2;0;37;38;0;0;0
35;2;9;13;4;11;1;4;0;40;38;0;0;0
67;2;12;14;2;11;0;4;1;30;38;0;0;1
56;4;9;13;2;3;0;4;1;20;38;0;0;1
26;2;12;14;4;9;1;1;1;20;18;0;0;0
46;2;7;12;6;12;4;4;0;40;38;1;0;0
52;2;11;9;2;2;0;4;1;48;38;0;0;1
38;4;15;10;0;2;1;4;1;40;38;0;0;0
31;2;11;9;0;11;4;2;1;50;38;0;0;0
53;2;11;9;5;13;1;4;1;30;38;0;0;0
27;2;11;9;4;5;1;2;1;40;38;0;0;0
39;2;9;13;4;0;1;4;0;40;38;0;0;0
22;2;11;9;4;6;3;4;1;40;38;0;0;0
37;2;15;10;2;2;0;4;1;35;38;0;0;1
20;2;11;9;4;0;3;4;1;30;26;0;0;0
60;1;11;9;2;10;0;4;1;40;38;0;0;0
51;2;8;11;0;12;4;2;0;48;38;0;0;0
57;0;14;15;0;9;1;4;0;50;38;0;0;1
59;2;15;10;2;2;0;4;1;40;38;0;0;1
37;2;11;9;2;2;0;4;1;40;38;0;0;0
35;2;11;9;2;5;5;4;0;40;38;0;0;0
43;2;15;10;2;11;0;4;1;72;38;0;0;1
17;2;2;8;4;7;3;4;1;35;38;0;0;0
45;2;9;13;2;9;0;4;1;50;38;0;0;1
18;2;11;9;4;11;3;4;0;40;38;0;0;0
52;2;2;8;5;6;2;4;0;40;4;0;0;0
18;2;15;10;4;5;3;4;1;9;38;0;0;0
20;2;15;10;4;5;3;2;1;40;10;0;0;0
34;2;11;9;4;12;1;4;1;40;38;0;0;0
19;2;11;9;4;6;3;2;0;20;38;0;0;0
17;1;6;5;4;7;3;4;1;45;38;0;0;0
30;0;9;13;4;0;1;4;0;35;38;0;0;0
29;2;9;13;4;2;1;4;0;45;38;0;0;0
30;2;15;10;0;3;1;4;1;50;38;1;0;1
50;5;9;13;0;0;1;2;0;37;38;0;0;0
22;2;11;9;4;11;2;4;1;40;38;0;0;0
21;2;11;9;4;0;3;4;0;35;38;0;0;0
39;4;6;5;2;4;2;4;1;40;4;0;0;0
20;2;15;10;4;7;2;4;0;25;38;1;0;0
62;2;7;12;6;7;1;4;0;7;38;0;0;0
32;2;15;10;0;3;1;4;0;38;38;0;0;0
38;2;7;12;2;12;0;4;1;40;38;0;0;1
32;2;15;10;5;12;4;2;0;40;38;1;0;0
55;2;9;13;2;0;5;4;0;40;38;1;0;0
38;2;12;14;2;3;0;4;1;70;38;1;0;1
34;2;1;7;4;7;1;4;1;30;38;0;0;0
28;2;11;9;4;7;3;4;1;20;38;0;0;0
26;2;15;10;4;11;1;4;0;37;38;0;0;0
41;2;11;9;2;11;0;4;1;40;38;0;0;0
61;5;10;16;2;9;0;4;1;40;38;0;1;1
75;4;11;9;2;4;0;4;1;40;38;1;0;0
21;2;8;11;2;7;2;4;0;50;25;0;0;0
50;2;11;9;2;5;0;4;1;40;38;0;0;1
26;2;11;9;2;13;0;4;1;65;38;0;0;0
39;2;5;4;4;7;3;4;1;40;25;0;0;0
24;4;15;10;4;9;1;1;1;40;38;0;0;0
56;2;11;9;2;5;0;4;1;18;38;0;0;0
17;2;1;7;4;7;3;2;1;17;38;0;0;0
37;2;11;9;2;2;0;4;1;52;38;0;0;1
23;2;8;11;2;6;3;4;0;30;38;0;0;0
57;4;11;9;2;4;0;4;1;60;38;0;0;0
42;1;9;13;2;0;0;4;1;45;38;0;0;1
25;2;9;13;0;11;1;4;0;40;38;0;0;0
22;2;9;13;4;4;1;4;1;20;38;0;0;0
39;2;11;9;2;2;0;2;1;40;38;0;0;0
54;2;1;7;2;7;5;2;0;40;38;0;0;1
41;3;9;13;0;3;1;4;1;50;38;0;0;0
43;0;11;9;2;3;0;0;1;40;38;0;0;0
19;2;11;9;4;2;1;4;0;40;38;0;0;0
35;2;15;10;2;9;0;4;1;40;38;0;0;0
34;2;11;9;2;9;0;4;1;60;29;0;0;1
19;2;11;9;5;0;4;4;0;30;38;0;0;0
33;2;15;10;0;3;4;4;0;40;38;0;0;0
33;2;15;10;4;9;1;4;1;52;38;0;0;0
49;2;12;14;2;3;0;4;1;65;38;0;0;1
31;2;11;9;0;0;4;4;0;50;38;0;0;0
41;2;8;11;2;11;0;4;1;60;38;1;0;1
24;2;11;9;5;6;4;3;0;40;38;0;0;0
45;5;11;9;0;3;4;4;0;38;38;0;0;1
63;2;9;13;2;9;0;4;1;45;38;1;0;1
75;2;15;10;2;13;0;4;1;16;38;0;0;0
34;2;11;9;4;6;4;2;1;40;38;0;0;0
69;2;9;13;2;3;0;2;1;50;38;1;0;1
33;2;12;14;4;9;1;4;0;40;38;0;0;0
44;2;11;9;4;0;1;4;0;43;38;0;0;0
45;2;9;13;2;2;0;4;1;40;38;1;0;1
18;2;1;7;4;11;3;4;0;20;38;0;0;0
48;2;11;9;0;11;1;4;0;52;38;0;0;0
43;2;11;9;2;2;0;4;1;40;38;0;0;1
26;2;11;9;2;2;0;2;1;60;38;0;1;1
35;2;11;9;4;2;4;4;1;50;38;0;0;0
34;2;15;10;4;0;4;2;0;40;38;0;0;0
48;2;11;9;2;0;0;4;1;70;38;0;0;1
54;1;11;9;6;7;4;2;0;40;38;0;0;0
57;2;11;9;2;11;0;4;1;40;38;0;0;0
21;2;11;9;4;6;3;4;1;60;38;0;0;0
28;2;15;10;2;3;0;0;1;55;38;0;0;0
51;2;8;11;2;2;0;4;1;40;1;0;0;1
34;1;11;9;2;10;0;4;1;53;38;0;0;1
41;1;15;10;2;10;0;4;1;45;38;0;0;1
21;2;15;10;4;0;1;4;0;27;38;0;0;0
26;2;9;13;2;9;0;4;1;58;38;0;0;1
66;2;11;9;4;0;1;1;0;40;38;0;0;0
40;2;10;16;2;9;0;1;1;45;16;0;1;1
48;2;7;12;0;0;4;4;0;40;38;0;0;0
41;2;11;9;2;6;0;4;1;40;38;0;0;0
41;2;9;13;2;10;0;4;1;60;38;1;0;1
55;1;7;12;2;9;0;1;1;40;38;0;0;1
43;2;9;13;0;11;1;4;1;40;38;0;0;1
51;2;8;11;2;7;0;4;1;50;10;0;0;1
31;2;1;7;2;2;0;4;1;40;38;0;0;0
30;4;9;13;3;2;1;4;1;60;38;1;0;0
51;2;11;9;2;0;5;4;0;40;38;0;0;0
31;1;11;9;0;7;4;0;1;40;38;0;0;0
18;2;15;10;4;7;3;4;1;37;38;0;0;0
60;2;11;9;0;3;1;4;0;40;38;0;1;0
29;2;11;9;4;3;1;1;0;40;38;0;0;0
33;2;11;9;4;13;1;4;1;40;38;0;0;0
34;2;4;3;2;4;0;4;1;40;25;0;0;0
40;3;12;14;4;7;3;4;1;99;38;0;0;0
57;2;15;10;0;7;1;4;0;38;38;0;0;0
55;1;9;13;2;9;5;4;0;60;38;0;0;0
40;4;7;12;2;3;0;4;1;60;38;0;0;0
26;5;9;13;4;3;1;4;0;35;38;0;0;0
29;2;15;10;2;0;0;0;1;40;38;0;0;0
30;2;9;13;2;0;5;4;0;40;25;0;0;0
29;2;12;14;4;11;1;4;1;50;38;0;0;1
43;2;15;10;2;13;0;4;1;50;38;0;0;1
65;2;1;7;6;0;1;4;0;8;38;0;0;0
19;2;15;10;4;11;3;1;1;35;24;0;0;0
35;2;11;9;2;11;0;1;1;50;19;0;1;1
28;2;11;9;2;13;0;4;1;40;38;0;0;0
34;2;11;9;2;3;0;4;1;40;38;0;0;0
61;2;8;11;2;2;0;4;1;60;38;0;1;1
63;1;11;9;2;3;5;4;0;32;38;0;0;0
47;5;9;13;2;3;0;4;1;40;38;0;0;1
31;2;15;10;0;2;1;4;1;40;38;0;0;0
18;2;15;10;4;13;3;4;1;30;38;1;0;0
29;2;9;13;2;11;0;4;1;45;38;0;0;1
59;2;11;9;2;2;0;4;1;40;38;0;0;0
50;2;12;14;0;3;1;4;1;62;38;0;0;1
49;2;5;4;2;13;0;4;1;50;38;1;0;0
60;2;9;13;2;3;0;4;1;45;38;0;0;1
35;4;12;14;2;11;0;4;1;40;38;0;0;1
48;0;11;9;0;5;1;4;1;40;38;0;0;0
41;2;11;9;5;5;1;2;1;40;38;0;0;0
56;2;15;10;2;2;0;4;1;50;38;0;0;0
26;2;2;8;4;7;4;2;1;40;38;0;0;0
53;2;11;9;0;0;4;4;0;40;38;0;0;0
23;2;11;9;4;5;1;2;1;40;38;0;0;0
58;2;5;4;2;4;0;4;1;50;38;0;0;0
61;2;11;9;2;2;0;4;1;40;38;0;0;0
29;2;15;10;2;5;0;4;1;60;38;0;0;0
22;2;11;9;4;13;3;4;1;40;38;0;0;0
43;2;9;13;2;3;0;4;1;50;38;0;1;1
31;2;15;10;4;7;1;4;1;30;38;0;0;0
90;2;11;9;2;6;0;4;1;40;38;0;0;0
53;2;8;11;0;9;4;4;0;40;38;0;0;0
55;2;11;9;2;13;0;2;1;40;22;1;0;0
34;5;10;16;4;9;1;4;0;60;38;0;0;0
28;2;15;10;2;5;0;4;1;55;38;1;0;0
36;2;11;9;4;0;1;2;0;40;38;0;0;0
33;2;9;13;5;9;2;2;0;40;22;0;0;0
17;2;0;6;4;7;3;4;0;12;38;0;0;0
38;2;1;7;0;2;1;4;1;40;38;0;0;0
60;2;8;11;2;2;0;4;1;60;38;0;0;0
34;2;9;13;2;3;0;4;1;50;38;0;0;1
57;2;4;3;2;7;0;4;1;40;21;0;0;0
39;2;11;9;0;11;1;4;1;60;38;0;0;0
50;4;9;13;2;4;0;4;1;80;38;0;0;0
45;2;9;13;2;9;0;1;1;40;2;0;0;0
37;2;9;13;5;3;1;4;1;35;38;0;0;0
27;2;15;10;4;5;1;4;1;48;38;0;0;0
43;2;9;13;0;3;1;4;0;45;38;0;0;1
41;2;15;10;0;12;4;2;0;36;38;0;0;0
20;2;12;14;4;3;3;4;1;25;38;0;0;0
44;2;12;14;5;3;4;4;0;20;38;0;0;0
50;2;8;11;2;3;0;4;1;50;38;0;0;1
54;2;11;9;6;3;4;4;0;45;38;0;0;0
31;2;9;13;4;3;1;4;0;60;38;0;1;1
33;2;15;10;4;0;4;4;0;35;32;0;0;0
22;2;6;5;4;7;3;4;1;50;38;0;0;0
46;2;15;10;2;2;0;4;1;40;38;0;0;0
30;2;9;13;2;0;5;1;0;40;29;0;0;1
57;4;15;10;6;3;2;4;1;25;38;0;0;0
26;2;11;9;4;6;1;4;1;40;38;0;0;0
52;1;7;12;2;10;0;4;1;40;38;0;0;1
55;1;12;14;0;9;4;4;0;45;38;0;0;0
47;2;9;13;2;11;0;4;1;40;38;0;0;1
19;2;11;9;4;2;3;4;1;40;38;0;0;0
26;2;11;9;4;13;3;4;1;40;38;0;0;0
44;2;7;12;0;9;1;4;0;40;38;0;0;1
42;2;12;14;4;3;1;4;1;40;38;0;0;1
39;2;15;10;2;3;0;4;1;60;38;0;0;0
26;2;11;9;4;0;1;4;0;50;38;0;0;0
26;2;12;14;2;9;0;4;1;20;38;0;0;0
50;3;12;14;2;11;0;4;1;55;38;0;0;0
46;4;12;14;2;3;0;4;1;50;38;0;0;1
18;2;15;10;4;12;3;4;1;20;38;1;0;0
26;2;9;13;4;3;4;1;1;60;39;0;0;0
32;2;9;13;2;11;0;4;1;40;38;0;1;1
50;2;4;3;3;7;4;4;0;34;25;0;0;0
47;1;15;10;2;10;0;4;1;40;38;0;0;1
52;2;11;9;2;7;5;4;0;25;38;0;0;0
25;0;15;10;2;3;0;4;1;40;38;0;0;1
42;1;1;7;2;13;0;4;1;40;38;0;0;0
53;2;11;9;2;3;0;4;1;45;38;0;0;0
30;2;11;9;4;5;3;0;0;8;38;0;0;0
23;2;3;2;4;4;1;4;1;36;25;0;0;0
32;2;15;10;2;4;0;4;1;60;38;0;0;0
29;3;11;9;5;9;2;4;1;25;38;0;0;0
40;2;7;12;2;7;0;4;1;40;38;0;0;0
45;5;12;14;2;9;0;4;1;40;38;0;0;1
55;2;9;13;2;9;0;4;1;40;38;0;0;1
59;1;12;14;2;9;0;4;1;40;38;0;0;1
56;2;8;11;2;11;0;4;1;40;38;1;0;1
23;2;2;8;4;2;1;4;1;50;38;0;0;0
37;1;11;9;2;10;0;4;1;40;38;0;0;0
25;2;11;9;2;2;0;4;1;48;38;0;0;0
27;2;6;5;4;8;4;4;0;24;25;0;0;0
21;2;11;9;4;7;4;4;0;40;38;0;0;0
47;1;11;9;2;13;0;4;1;40;38;1;0;1
38;2;15;10;2;6;0;4;1;60;38;0;0;0
62;1;12;14;0;9;1;4;0;33;38;1;0;1
27;2;15;10;2;11;0;4;1;40;38;0;0;0
27;2;11;9;4;7;3;2;0;40;38;0;0;0
40;2;15;10;2;0;5;4;0;40;38;0;0;1
22;4;15;10;4;11;3;2;1;55;38;1;0;1
33;2;11;9;0;3;1;4;1;60;38;0;0;0
28;2;8;11;2;9;5;4;0;5;38;0;0;0
28;2;11;9;2;6;0;4;1;40;38;0;0;0
29;2;11;9;4;13;4;4;1;55;38;0;0;0
46;2;6;5;0;3;4;4;0;40;38;0;0;0
30;2;11;9;2;6;0;4;1;40;38;0;0;0
28;2;15;10;4;2;1;2;1;40;38;0;0;0
39;2;9;13;2;0;0;4;1;40;38;0;0;0
35;2;15;10;4;11;1;4;1;40;38;0;0;0
50;2;15;10;2;11;5;4;0;39;38;0;0;0
63;2;6;5;6;7;1;4;0;20;38;0;0;0
56;2;8;11;2;2;0;4;1;48;38;0;0;1
46;2;15;10;2;0;0;4;1;40;38;0;0;1
19;2;15;10;4;7;3;4;0;30;38;0;0;0
31;2;11;9;0;7;3;4;0;15;38;0;0;0
51;5;12;14;2;3;0;4;1;40;38;0;0;1
17;2;1;7;4;11;3;4;1;5;38;0;0;0
27;1;15;10;4;10;4;1;0;40;38;0;0;0
30;2;15;10;4;0;3;4;1;45;38;0;0;0
18;2;15;10;4;10;3;4;0;20;38;0;0;0
41;2;15;10;0;3;1;4;1;40;38;1;0;0
40;1;12;14;2;9;5;4;0;40;38;0;0;1
35;2;9;13;4;11;1;4;1;50;38;0;0;0
29;2;11;9;4;11;1;4;0;10;38;0;0;0
27;2;9;13;2;11;0;4;1;55;38;0;1;1
25;2;0;6;4;13;1;4;1;50;38;1;0;0
53;2;3;2;0;7;4;2;0;40;5;0;0;0
53;2;9;13;2;7;0;4;1;35;38;0;0;0
26;5;11;9;4;2;4;4;1;50;38;0;0;0
41;2;9;13;2;9;0;4;1;70;38;0;0;0
28;2;11;9;2;3;0;4;1;70;38;0;0;0
48;5;12;14;5;9;1;4;1;60;38;0;0;0
22;2;9;13;4;3;1;4;1;30;38;0;0;0
40;0;14;15;2;9;0;4;1;40;38;1;0;1
52;3;9;13;2;3;0;4;1;60;4;0;1;1
53;1;12;14;6;9;4;2;0;35;38;0;1;0
40;2;15;10;2;2;0;4;1;50;38;1;0;1
57;2;7;12;0;6;1;4;1;75;38;0;0;0
53;4;8;11;5;2;1;4;1;40;30;0;0;0
23;2;15;10;4;0;1;4;0;8;38;0;0;0
31;4;15;10;2;2;0;4;1;40;38;0;0;0
20;2;6;5;4;5;3;4;1;28;38;0;0;0
25;2;14;15;4;9;1;4;0;20;38;0;0;0
37;2;15;10;4;3;4;2;0;40;38;0;0;0
50;2;11;9;2;2;0;4;1;40;38;0;0;1
34;4;11;9;2;13;0;4;1;35;38;0;0;0
37;2;9;13;2;3;0;4;1;50;38;0;0;1
52;2;9;13;2;3;0;4;1;45;38;0;0;1
29;4;8;11;2;4;0;4;1;90;38;0;0;0
49;2;15;10;2;3;0;4;1;40;38;0;1;1
31;2;15;10;2;7;5;4;0;40;38;0;0;0
47;2;11;9;2;2;0;4;1;40;38;0;0;0
51;4;11;9;2;2;0;4;1;70;38;0;0;0
27;2;11;9;2;11;5;4;0;50;38;0;0;0
23;2;9;13;4;3;1;4;1;40;38;0;0;0
55;2;11;9;2;9;0;4;1;46;38;0;0;0
28;2;15;10;2;3;0;4;1;50;38;0;0;1
31;1;9;13;4;9;1;4;0;40;10;0;0;0
30;2;11;9;4;13;3;2;1;40;38;0;0;0
23;2;9;13;4;9;3;4;1;60;38;0;0;0
19;2;11;9;4;11;3;4;1;50;38;0;0;0
22;2;15;10;4;11;3;4;1;25;38;0;0;0
50;2;11;9;0;7;4;4;0;25;38;0;0;0
21;2;11;9;4;7;3;4;1;35;38;0;0;0
75;3;15;10;6;11;1;4;1;40;38;0;0;1
29;2;11;9;4;6;3;1;1;40;10;0;0;0
47;2;15;10;2;2;0;4;1;40;38;0;0;1
20;2;11;9;4;6;1;4;1;40;38;0;0;0
33;2;11;9;4;7;3;4;1;40;38;0;0;0
45;2;10;16;2;9;0;1;1;45;2;0;0;1
41;2;8;11;0;9;4;4;0;43;38;0;0;0
23;2;11;9;4;6;3;4;1;40;38;0;0;0
38;2;9;13;2;0;0;4;1;50;38;1;0;1
67;5;15;10;2;10;0;4;1;41;38;0;0;1
21;2;15;10;4;12;3;4;1;35;38;0;0;0
38;2;15;10;4;9;1;4;1;45;38;0;0;0
31;2;11;9;2;2;0;4;1;40;38;0;0;0
59;4;15;10;2;11;0;4;1;40;38;0;0;0
36;2;11;9;4;7;1;4;1;40;38;0;0;0
50;1;15;10;6;9;4;4;1;40;38;0;0;0
60;3;0;6;2;2;0;4;1;40;38;0;0;0
30;2;12;14;2;3;0;4;1;45;38;0;0;1
28;3;9;13;4;11;1;4;1;50;38;0;0;0
36;2;15;10;2;2;0;4;1;60;38;0;0;1
27;2;11;9;2;7;0;4;1;40;30;0;0;0
18;2;2;8;4;7;3;4;0;20;38;0;0;0
44;1;15;10;2;3;0;4;1;40;38;0;1;1
56;2;5;4;2;7;0;2;1;40;38;0;0;0
51;3;9;13;2;10;0;2;1;40;38;0;0;1
48;2;9;13;2;9;0;4;1;45;21;0;0;1
31;2;8;11;2;9;0;4;1;45;38;0;0;0
35;2;8;11;4;13;1;4;1;40;38;0;0;0
35;2;11;9;0;5;2;4;1;40;38;0;0;0
36;2;15;10;2;2;0;4;1;40;38;0;0;0
47;4;7;12;2;2;0;4;1;65;38;0;1;0
23;2;15;10;4;7;1;4;1;25;38;0;0;0
21;2;15;10;4;11;2;2;0;20;38;0;0;0
49;2;15;10;5;3;4;2;0;60;38;0;0;0
51;3;14;15;2;9;0;4;1;60;38;1;0;1
46;2;8;11;2;2;0;4;1;40;38;0;0;0
31;2;11;9;2;4;0;4;1;45;38;1;0;0
27;2;11;9;2;6;0;4;1;40;38;0;0;0
48;2;15;10;2;2;0;4;1;40;38;0;0;0
30;2;15;10;0;0;4;2;0;40;38;0;0;0
29;1;9;13;0;9;1;4;1;50;38;0;0;0
50;0;12;14;4;3;1;4;0;50;38;0;0;0
18;2;11;9;4;13;1;2;1;35;38;0;0;0
37;2;11;9;2;3;0;4;1;55;38;0;1;1
51;4;11;9;2;11;0;4;1;60;38;0;0;1
31;2;11;9;2;2;0;4;1;47;38;0;0;0
29;2;8;11;0;12;1;2;1;40;38;1;0;1
39;2;0;6;2;2;0;4;1;40;38;0;1;0
48;2;15;10;2;11;0;2;1;40;38;0;0;1
44;2;9;13;2;11;0;4;1;50;38;1;0;1
39;2;0;6;2;6;0;4;1;40;38;0;0;0
22;1;1;7;4;5;3;4;1;35;38;0;0;0
42;2;6;5;0;2;1;4;1;40;38;0;0;0
18;2;11;9;4;11;3;4;0;33;38;0;0;0
27;2;15;10;3;11;1;4;0;25;38;0;0;0
51;2;0;6;5;6;4;2;0;40;38;0;0;0
27;4;15;10;2;3;0;4;1;40;38;0;0;0
60;4;1;7;2;4;0;4;1;50;38;0;0;0
36;2;3;2;2;5;0;4;1;40;21;0;0;0
45;2;9;13;2;3;0;1;1;60;2;0;0;1
40;2;11;9;2;11;0;4;1;52;38;0;0;1
63;2;15;10;2;9;0;4;1;40;38;1;0;1
41;2;11;9;3;13;4;2;1;50;38;0;0;0
34;2;11;9;0;13;4;4;0;48;10;1;0;0
34;2;15;10;2;0;0;4;1;40;38;0;0;0
31;2;9;13;2;0;5;4;0;40;38;0;0;1
22;5;7;12;4;9;1;4;0;15;38;0;0;0
49;2;15;10;2;3;0;4;1;50;38;0;0;1
36;2;14;15;2;9;0;4;1;50;38;0;0;1
27;2;9;13;4;12;1;4;1;37;38;0;0;0
52;4;11;9;2;4;0;4;1;60;38;0;1;1
29;2;11;9;2;7;0;2;1;50;38;0;0;0
27;2;0;6;5;6;3;4;1;35;25;0;0;0
42;2;11;9;4;7;1;4;0;65;38;0;0;0
49;4;9;13;6;11;4;4;0;40;38;0;0;0
24;2;15;10;4;2;4;4;1;50;38;0;0;0
22;2;11;9;4;11;4;4;1;20;38;0;0;0
30;4;9;13;4;11;4;4;1;40;38;0;0;0
28;2;15;10;4;7;1;4;1;40;38;0;0;0
20;2;8;11;4;7;3;4;1;40;38;0;0;0
45;3;14;15;2;9;0;4;1;43;38;1;0;1
39;2;11;9;0;11;1;4;0;50;38;1;0;1
43;2;14;15;4;9;1;4;1;66;9;0;0;0
18;2;11;9;4;11;3;4;0;20;38;0;0;0
53;2;11;9;2;6;0;4;1;40;38;0;0;0
74;2;15;10;2;11;0;4;1;20;38;0;0;1
39;2;9;13;2;9;0;1;1;48;29;0;0;1
49;2;11;9;2;2;0;4;1;42;38;0;0;1
21;2;0;6;2;5;0;4;1;35;38;0;0;0
39;2;11;9;4;2;1;4;1;50;38;0;1;1
49;2;8;11;2;11;0;4;1;25;38;0;0;0
47;2;9;13;2;3;0;4;1;44;38;1;0;1
46;4;11;9;2;3;0;4;1;40;38;0;0;0
29;2;8;11;2;2;0;1;1;32;38;1;0;1
61;4;11;9;6;9;4;4;0;16;38;0;0;0
48;2;15;10;0;3;1;4;0;38;38;0;0;0
44;2;6;5;0;2;1;4;1;40;38;0;0;0
37;3;9;13;2;2;0;4;1;60;38;0;0;0
45;2;15;10;2;11;0;4;1;50;38;0;1;0
51;4;9;13;2;9;0;4;1;45;38;0;0;1
33;1;9;13;4;3;1;4;0;50;38;0;0;0
55;4;9;13;2;9;5;4;0;8;38;0;0;0
25;2;15;10;2;7;5;4;0;60;38;0;0;0
26;2;11;9;0;4;1;1;1;40;29;0;0;0
54;2;11;9;2;3;0;4;1;40;38;0;0;1
38;2;11;9;4;11;1;4;0;33;38;0;0;0
39;1;12;14;2;9;5;4;0;20;38;0;1;1
20;5;15;10;4;9;3;4;1;40;38;0;0;0
30;2;11;9;0;0;1;4;0;40;38;0;0;0
29;0;11;9;0;0;1;3;1;45;38;0;0;0
42;2;11;9;0;5;1;4;0;40;38;0;0;0
24;2;7;12;4;0;1;4;1;40;38;0;0;0
36;2;11;9;2;6;0;4;1;50;38;0;0;1
60;2;12;14;2;0;0;1;1;50;34;0;0;1
42;2;11;9;0;4;1;4;1;44;38;0;0;0
42;2;0;6;2;2;0;4;1;45;38;0;0;0
46;2;11;9;3;6;1;4;0;40;3;0;0;0
52;5;12;14;3;3;4;4;0;44;38;1;0;1
43;2;15;10;0;0;4;2;0;35;38;0;0;0
43;5;9;13;4;9;1;4;0;40;38;0;0;0
27;2;1;7;0;2;3;4;1;40;38;0;0;0
52;1;12;14;2;3;0;4;1;60;38;1;0;1
31;2;15;10;2;13;0;4;1;50;38;0;0;0
44;2;6;5;4;7;4;2;0;40;38;0;0;0
27;2;15;10;0;9;3;4;0;40;38;0;0;0
50;2;15;10;0;3;1;4;1;40;38;0;0;0
23;2;15;10;4;12;1;4;0;40;38;0;0;0
22;2;15;10;4;0;4;2;0;30;38;0;0;0
36;5;15;10;4;3;4;4;0;40;38;0;0;0
24;2;9;13;4;12;1;4;0;40;38;1;0;0
59;2;15;10;2;11;0;4;1;40;38;0;0;1
39;2;8;11;2;2;0;4;1;50;38;0;0;1
23;2;9;13;4;3;3;4;1;40;38;0;0;0
37;2;9;13;4;9;1;4;0;42;38;0;1;0
25;1;7;12;4;0;3;2;0;38;38;0;0;0
40;2;11;9;2;2;5;4;0;45;38;0;1;0
38;5;9;13;2;9;0;1;1;60;18;1;0;1
31;2;11;9;2;7;0;4;1;35;38;0;0;0
28;1;10;16;0;9;1;4;0;40;38;0;0;0
24;2;11;9;4;11;4;2;1;25;38;0;0;0
46;1;7;12;2;10;0;4;1;50;38;0;1;1
29;2;11;9;2;6;5;1;0;40;24;0;0;0
38;0;14;15;2;9;0;4;1;50;38;0;0;1
53;2;15;10;5;3;4;2;0;40;38;0;0;0
33;2;11;9;2;12;5;4;0;40;38;0;1;1
44;2;11;9;2;6;0;4;1;48;38;0;0;0
46;2;9;13;0;9;1;4;1;45;8;0;0;1
30;2;9;13;4;11;3;4;1;40;38;0;0;0
24;2;15;10;2;11;0;4;1;40;38;0;0;0
29;2;11;9;4;0;3;4;0;40;38;0;0;0
62;4;15;10;2;3;0;4;1;70;38;0;0;0
25;2;11;9;3;3;1;4;1;45;38;0;0;0
45;2;15;10;4;7;1;4;1;40;38;0;0;0
21;2;15;10;4;2;3;4;1;40;38;0;0;0
64;0;15;10;2;13;0;4;1;40;38;0;0;1
39;2;9;13;0;12;1;4;1;40;38;0;0;0
60;2;11;9;2;11;0;4;1;40;38;0;0;0
35;2;11;9;4;12;1;4;1;40;38;0;0;0
27;2;9;13;4;12;1;4;1;40;38;0;0;0
41;2;11;9;0;2;3;4;1;40;38;0;0;0
32;5;12;14;2;9;0;4;1;50;38;0;0;0
24;2;11;9;2;2;0;4;1;40;38;0;0;0
32;2;9;13;2;2;0;4;1;40;38;0;0;1
42;1;15;10;2;3;0;4;1;45;38;0;0;1
58;2;12;14;6;11;1;4;0;27;38;0;0;0
23;2;12;14;2;9;0;1;1;50;18;0;1;1
31;0;11;9;2;4;0;0;1;40;38;0;0;0
37;2;9;13;2;9;5;4;0;16;38;0;0;1
19;2;11;9;4;11;3;4;1;38;38;0;0;0
27;4;9;13;4;9;1;4;0;20;38;0;0;0
61;4;6;5;2;11;0;4;1;58;38;0;0;1
39;2;9;13;2;9;0;4;1;45;38;0;0;1
25;2;9;13;4;5;4;2;1;40;38;0;0;0
58;2;15;10;2;11;0;4;1;40;38;0;0;1
27;4;15;10;2;13;2;3;1;50;6;0;0;1
51;2;4;3;2;5;0;2;1;52;38;0;0;0
43;1;12;14;2;9;0;4;1;40;38;1;0;1
46;2;11;9;0;0;4;4;0;40;38;0;0;0
50;1;11;9;2;5;0;4;1;40;38;0;0;0
20;2;11;9;4;5;3;4;1;15;38;0;0;0
35;2;9;13;6;9;4;4;0;32;38;0;0;1
57;2;3;2;2;5;0;4;1;40;21;0;0;0
40;2;14;15;2;0;2;1;0;40;29;0;0;0
42;1;0;6;4;4;4;4;1;35;38;0;0;0
67;3;0;6;2;2;0;4;1;40;38;0;0;0
47;2;9;13;2;6;0;4;1;44;38;1;0;1
30;2;11;9;4;5;1;4;1;50;38;0;0;0
26;2;1;7;4;6;4;4;0;15;38;0;0;0
51;2;11;9;2;2;0;4;1;40;38;0;0;0
38;2;15;10;6;7;2;2;0;45;13;0;0;0
24;2;11;9;2;5;3;4;1;35;38;0;0;0
48;4;11;9;2;11;5;4;0;50;38;0;0;0
70;2;9;13;2;5;0;4;1;40;38;1;0;1
35;2;11;9;2;2;0;4;1;40;38;0;0;0
26;2;15;10;2;2;0;4;1;45;38;0;0;1
64;2;11;9;4;3;1;4;1;3;38;0;0;0
26;2;11;9;4;0;4;4;0;35;38;0;0;0
39;4;11;9;2;13;0;4;1;30;38;0;0;0
55;2;15;10;4;0;3;4;0;36;38;0;0;0
33;4;11;9;2;2;0;4;1;40;38;0;0;0
31;2;9;13;2;3;0;4;1;55;38;0;0;1
28;1;11;9;4;0;2;4;1;20;38;0;0;0
50;2;12;14;2;6;0;4;1;30;38;0;0;0
26;1;9;13;2;9;5;4;0;55;38;0;0;1
44;0;7;12;0;0;1;2;0;40;38;0;1;0
51;2;11;9;3;2;1;4;1;40;38;0;0;0
34;2;11;9;2;7;0;4;1;50;38;0;0;0
37;2;9;13;2;9;0;4;1;39;38;1;0;1
29;2;14;15;2;9;0;4;1;50;38;0;0;1
24;2;9;13;4;9;1;2;1;40;38;0;0;0
27;2;8;11;0;0;4;4;0;40;38;0;0;0
44;2;15;10;2;2;0;4;1;45;38;0;0;0
24;2;11;9;4;6;1;4;1;40;38;0;0;0
54;2;11;9;2;3;0;4;1;55;38;0;0;1
47;2;15;10;5;0;4;4;0;50;38;0;0;1
30;2;11;9;4;7;1;4;1;30;38;0;0;0
35;2;15;10;0;0;1;4;0;40;38;0;0;0
39;0;15;10;2;0;0;2;1;40;38;0;0;0
42;2;7;12;5;0;4;2;0;40;38;0;0;0
70;3;9;13;2;3;0;4;1;50;38;0;1;1
41;2;14;15;2;0;0;1;1;40;29;0;0;0
36;2;11;9;4;3;1;4;0;38;38;0;0;0
44;2;12;14;2;9;0;4;1;42;38;0;0;1
20;2;15;10;4;13;3;4;0;17;38;0;0;0
29;2;0;6;4;9;1;4;1;40;38;0;0;0
27;2;11;9;2;12;5;4;0;40;38;0;0;0
30;2;12;14;2;9;0;1;1;40;38;0;0;1
59;4;15;10;2;4;0;4;1;60;38;0;1;0
31;2;9;13;4;7;1;4;0;25;38;0;0;0
21;2;11;9;4;7;2;4;1;40;25;0;0;0
26;2;15;10;4;2;4;1;1;37;35;0;0;0
57;3;11;9;2;11;0;4;1;45;38;0;0;1
59;4;15;10;2;2;0;4;1;20;38;0;0;1
25;2;15;10;4;13;1;4;1;55;38;0;0;0
39;2;12;14;2;9;0;4;1;45;38;1;0;1
53;2;12;14;2;9;0;4;1;40;38;1;0;1
32;5;11;9;4;0;1;4;0;40;38;0;0;0
38;2;1;7;2;2;0;4;1;40;38;0;0;0
21;2;8;11;4;0;4;2;0;35;38;0;0;0
17;2;1;7;4;5;3;4;1;30;38;0;0;0
44;2;1;7;4;6;4;2;0;40;38;0;0;0
23;2;15;10;4;5;3;4;1;20;38;0;0;0
57;2;15;10;2;2;5;4;0;40;38;1;0;1
30;5;1;7;2;13;0;4;1;40;38;0;0;0
51;4;11;9;2;4;0;4;1;55;38;0;0;0
54;4;11;9;2;2;0;4;1;35;38;0;0;0
44;2;15;10;0;0;1;4;0;40;10;0;0;0
60;2;15;10;2;10;0;4;1;16;38;0;0;1
28;2;9;13;2;11;0;4;1;42;38;1;0;1
39;2;11;9;2;6;0;4;1;50;38;0;0;1
55;2;12;14;2;9;0;4;1;40;38;0;0;1
36;2;12;14;2;9;5;4;0;50;38;0;0;1
55;1;12;14;2;9;5;4;0;45;38;1;0;1
33;2;11;9;2;6;0;4;1;55;38;0;0;1
30;2;11;9;2;0;5;4;0;40;38;1;0;1
40;1;9;13;2;9;0;4;1;20;38;0;0;0
30;2;12;14;2;3;0;4;1;50;38;0;0;1
40;2;15;10;0;12;1;4;1;30;12;0;0;1
24;2;11;9;4;13;1;4;0;50;38;0;0;0
18;2;1;7;4;11;3;4;1;20;38;0;0;0
18;2;11;9;4;5;3;4;0;25;38;0;0;0
49;2;11;9;2;2;0;4;1;45;38;0;0;1
42;2;11;9;2;2;0;4;1;50;38;0;0;0
28;1;11;9;2;5;0;4;1;40;38;0;0;0
32;2;7;12;2;2;0;4;1;40;38;0;0;0
48;4;15;10;5;11;4;4;0;50;38;0;0;0
24;2;5;4;4;8;3;4;0;32;7;0;0;0
73;4;11;9;2;11;5;4;0;25;38;0;0;0
23;2;15;10;2;13;0;4;1;60;38;0;0;1
19;2;15;10;4;8;1;4;0;40;38;0;0;0
27;2;11;9;2;11;0;4;1;35;25;0;0;0
27;2;2;8;4;7;1;4;1;40;38;0;0;0
41;4;14;15;2;9;0;4;1;50;38;0;0;1
31;2;11;9;2;2;0;4;1;20;38;0;0;0
64;3;11;9;2;2;0;4;1;40;38;0;0;1
45;2;2;8;4;7;3;4;1;10;25;0;0;0
47;2;11;9;2;7;5;4;0;35;38;0;0;0
22;2;11;9;4;6;2;4;1;35;38;0;0;0
24;2;9;13;4;13;4;2;0;40;38;0;0;0
69;5;11;9;2;7;0;4;1;20;38;0;0;0
40;4;8;11;2;3;0;4;1;40;38;0;0;1
45;2;11;9;2;2;0;4;1;40;38;0;0;0
47;4;7;12;4;4;2;4;1;45;38;1;0;1
31;2;11;9;4;6;1;4;0;40;38;0;0;0
48;2;7;12;0;3;4;4;0;42;38;0;0;0
41;2;9;13;2;9;5;2;0;35;13;0;0;1
34;2;9;13;4;0;3;4;1;40;38;0;0;0
48;2;15;10;2;9;0;4;1;40;38;0;0;0
28;1;8;11;2;9;5;4;0;36;38;1;0;1
20;2;7;12;4;3;3;4;0;40;38;0;0;0
39;2;9;13;2;0;0;1;1;40;29;0;0;1
40;0;15;10;0;3;1;2;0;40;38;0;0;0
28;2;0;6;4;13;1;4;1;45;38;0;0;0
20;2;15;10;4;11;1;4;0;25;38;0;0;0
41;2;9;13;0;9;1;2;1;40;38;0;0;0
49;3;15;10;2;11;0;4;1;50;38;0;0;1
24;2;11;9;2;6;0;4;1;40;38;0;0;0
35;5;11;9;2;10;0;4;1;40;38;0;0;0
22;2;15;10;4;11;3;4;1;40;38;0;0;0
23;2;9;13;4;7;1;4;0;30;38;0;0;0
23;2;11;9;0;3;4;4;0;40;38;0;0;0
42;4;8;11;2;13;0;4;1;80;38;1;0;1
34;2;15;10;2;9;0;4;1;64;38;0;0;1
32;0;8;11;4;12;3;2;1;40;38;1;0;0
54;2;11;9;2;0;0;4;1;54;38;0;0;1
48;2;9;13;5;0;4;1;0;40;29;0;0;0
38;2;9;13;2;9;0;4;1;40;38;0;0;1
48;5;9;13;0;0;4;4;0;40;38;0;0;0
22;2;4;3;2;7;0;4;1;40;7;0;0;0
42;2;9;13;2;12;0;4;1;50;38;0;0;1
31;2;10;16;2;9;0;1;1;40;2;0;0;0
27;2;11;9;4;7;1;4;0;50;38;0;0;1
57;2;12;14;5;9;1;4;1;32;38;1;0;1
46;5;8;11;0;12;1;4;0;42;38;1;0;0
44;0;8;11;2;2;0;4;1;40;38;0;0;1
42;1;15;10;2;10;0;4;1;40;38;0;0;1
24;2;9;13;4;3;1;4;1;40;38;0;0;0
38;2;3;2;3;2;1;4;1;40;25;0;0;0
29;2;9;13;2;3;0;4;1;52;40;0;0;1
38;2;11;9;2;2;0;4;1;55;38;0;0;0
33;2;15;10;0;3;4;4;0;40;38;0;0;0
61;2;11;9;2;7;5;4;0;4;38;0;0;0
49;1;8;11;2;2;0;4;1;40;38;0;0;1
51;4;7;12;2;3;0;4;1;40;38;0;0;1
42;2;11;9;0;7;2;2;0;35;38;0;0;0
21;2;11;9;4;5;3;4;1;40;38;0;0;0
54;2;15;10;2;4;0;4;1;50;38;0;0;0
23;2;15;10;4;0;1;4;0;30;38;0;0;0
52;2;0;6;2;2;0;4;1;40;38;0;0;0
28;1;12;14;2;9;5;4;0;40;38;1;0;1
23;2;15;10;0;5;3;4;1;40;38;0;0;0
43;2;11;9;2;11;0;4;1;80;38;0;0;1
45;2;15;10;2;2;0;4;1;50;38;0;0;1
51;4;5;4;2;3;0;4;1;42;38;0;0;0
23;2;15;10;4;11;3;1;0;40;38;0;0;0
73;4;9;13;2;4;0;4;1;30;38;0;0;0
47;4;1;7;0;3;4;4;0;55;38;0;0;0
26;2;8;11;4;3;1;2;0;40;38;0;0;0
40;2;11;9;2;5;0;4;1;40;38;0;0;1
32;4;9;13;2;11;0;4;1;47;38;0;0;0
39;2;0;6;0;7;4;2;0;40;38;0;0;0
33;0;9;13;4;9;1;4;0;40;38;0;0;0
35;2;11;9;2;4;0;4;1;35;38;0;0;0
42;2;11;9;0;3;3;4;1;40;38;0;0;0
46;2;15;10;2;2;0;4;1;44;38;0;0;0
33;2;11;9;4;0;3;4;1;40;38;0;0;0
47;2;4;3;4;6;3;4;1;20;38;0;0;0
33;2;9;13;2;3;0;4;1;40;38;0;0;0
26;2;11;9;0;0;3;4;0;40;38;0;0;0
42;5;15;10;0;0;4;2;0;40;38;0;0;0
28;2;9;13;2;9;0;4;1;50;38;0;0;0
18;2;2;8;4;11;3;4;0;20;38;0;0;0
33;4;15;10;2;3;0;4;1;45;38;0;0;0
36;2;9;13;6;9;4;4;0;44;38;0;0;0
33;2;11;9;2;10;0;4;1;48;38;1;0;1
40;2;11;9;3;0;4;4;0;40;38;0;0;0
57;4;10;16;2;11;0;4;1;40;38;0;1;1
40;2;11;9;0;13;4;4;1;45;38;0;0;0
36;2;11;9;2;12;0;4;1;50;38;0;0;0
45;2;9;13;4;0;1;2;0;40;38;0;0;1
52;2;9;13;2;3;0;4;1;50;38;0;0;0
24;2;11;9;5;6;1;4;1;40;38;0;0;0
30;2;11;9;3;0;1;4;0;40;38;0;0;0
46;4;10;16;4;9;1;4;0;45;38;0;0;0
36;2;11;9;5;11;4;2;0;40;38;0;0;0
48;2;11;9;4;3;1;4;0;50;38;0;0;0
36;2;8;11;0;0;4;4;0;40;38;0;0;0
48;2;11;9;2;13;0;4;1;40;38;0;0;1
21;2;15;10;4;12;3;4;0;9;38;0;1;0
18;2;11;9;4;0;1;4;0;40;38;0;0;0
38;2;9;13;0;9;1;4;0;50;38;0;0;1
36;5;9;13;2;10;0;4;1;55;38;1;0;1
38;2;11;9;4;13;1;4;0;40;38;0;0;0
55;4;14;15;6;9;1;4;1;55;38;0;0;1
27;2;11;9;2;2;0;4;1;45;38;0;0;1
22;5;7;12;4;0;1;4;1;40;38;0;0;0
29;2;15;10;4;5;2;4;1;40;38;0;0;0
40;2;15;10;4;3;4;4;0;40;38;0;0;0
21;2;15;10;4;11;3;4;0;20;38;0;0;0
49;2;11;9;0;0;1;4;0;40;38;0;0;0
29;2;9;13;2;9;5;4;0;50;38;0;0;1
28;2;9;13;4;3;1;4;1;50;38;0;0;1
26;2;11;9;2;10;0;4;1;40;38;0;0;0
33;2;11;9;4;0;1;4;0;41;38;0;0;0
59;2;12;14;2;12;0;4;1;40;19;0;0;0
37;2;8;11;2;0;0;4;1;40;38;0;0;0
27;2;15;10;4;2;1;4;1;40;38;0;0;0
39;2;12;14;2;9;0;1;1;40;29;0;0;1
49;1;12;14;4;9;1;4;0;80;38;0;0;0
30;2;11;9;2;11;3;1;0;40;38;0;0;0
28;2;6;5;2;10;5;2;0;40;38;0;0;0
25;5;9;13;4;10;3;4;1;40;38;0;0;0
18;2;0;6;4;6;3;4;1;40;38;0;0;0
25;2;7;12;4;5;3;4;1;26;38;0;0;0
36;2;15;10;4;6;3;4;1;40;38;0;0;0
52;2;11;9;2;6;0;4;1;40;38;0;0;1
25;2;11;9;0;2;1;4;1;40;38;0;0;0
26;2;9;13;4;9;3;4;1;40;38;0;0;0
50;2;9;13;2;3;5;4;0;20;38;0;1;1
48;2;7;12;2;3;0;4;1;40;38;0;0;1
39;2;11;9;2;5;0;4;1;40;38;0;0;0
30;1;9;13;2;9;0;4;1;40;38;0;0;0
26;2;11;9;2;2;0;4;1;60;38;0;0;0
36;2;15;10;2;2;0;4;1;40;38;0;1;1
49;2;10;16;2;11;0;4;1;60;38;0;0;0
34;1;9;13;2;9;0;4;1;60;38;0;0;0
28;2;11;9;4;7;2;3;1;48;25;0;0;0
28;4;11;9;4;7;1;4;1;40;38;0;0;0
42;2;15;10;2;2;0;4;1;40;38;1;0;1
26;4;11;9;2;2;0;4;1;40;38;0;0;0
54;2;11;9;2;2;0;2;1;40;38;0;0;1
61;4;11;9;2;11;0;4;1;53;38;0;0;0
45;4;14;15;4;9;1;4;1;30;38;0;0;1
29;2;9;13;4;0;1;4;0;35;38;0;0;0
74;2;11;9;0;5;1;4;0;16;38;0;0;0
61;1;11;9;6;9;1;4;0;40;38;0;0;0
27;2;15;10;4;11;3;4;1;22;38;0;0;0
53;0;9;13;2;9;0;4;1;40;38;0;0;1
57;4;11;9;2;4;0;1;1;40;38;0;0;0
41;2;15;10;2;2;0;4;1;40;38;0;0;0
45;2;9;13;2;9;0;4;1;50;38;0;0;0
43;2;11;9;2;11;0;4;1;40;38;0;0;0
29;2;11;9;2;7;3;1;1;25;29;0;0;0
41;2;9;13;2;3;5;4;0;40;38;0;0;0
50;2;11;9;0;6;1;4;0;40;38;0;0;0
52;2;11;9;2;11;0;4;1;60;38;0;0;1
18;3;11;9;4;13;3;4;1;60;38;0;0;0
57;2;11;9;2;2;0;4;1;40;38;0;0;0
63;5;15;10;2;0;0;4;1;40;38;0;1;0
29;2;11;9;4;0;2;4;1;40;25;0;0;0
32;4;9;13;2;9;0;4;1;40;38;1;0;1
34;2;11;9;2;6;0;4;1;40;38;0;0;1
43;2;11;9;0;0;4;4;0;58;38;0;0;0
39;2;15;10;2;6;0;4;1;40;38;0;0;1
28;2;11;9;4;6;3;4;1;45;38;0;0;0
32;2;9;13;4;0;1;4;0;40;38;0;0;0
28;5;14;15;4;9;1;4;1;90;38;0;0;0
40;2;15;10;2;6;0;4;1;50;38;1;0;1
25;2;9;13;4;12;1;4;1;60;38;0;0;1
54;1;12;14;2;9;0;4;1;50;38;0;0;1
48;3;9;13;2;4;0;4;1;70;38;0;0;1
51;2;15;10;0;3;1;4;0;36;38;0;0;0
67;5;5;4;2;13;0;4;1;35;38;0;0;0
17;2;0;6;4;11;4;4;0;24;38;0;0;0
24;5;15;10;4;7;1;4;1;40;38;0;0;0
25;2;11;9;2;5;0;4;1;40;38;0;0;0
54;2;15;10;0;7;1;4;0;47;38;0;0;0
32;2;11;9;0;9;3;4;0;40;38;0;0;0
41;0;11;9;4;0;3;4;1;40;38;0;0;0
53;2;11;9;0;7;1;4;0;40;38;0;0;0
45;2;8;11;0;9;1;4;0;32;38;0;0;0
51;2;11;9;2;6;0;4;1;40;38;0;0;1
41;5;12;14;2;9;0;4;1;60;38;1;0;1
40;0;8;11;2;9;5;4;0;65;38;0;0;1
27;2;11;9;4;4;2;4;1;40;25;0;0;0
41;2;9;13;2;0;0;1;1;35;29;1;0;1
51;2;9;13;2;3;0;4;1;60;38;0;0;1
36;2;15;10;0;0;4;4;0;40;38;0;0;0
34;3;11;9;4;4;3;4;1;55;38;0;0;0
43;2;11;9;2;0;0;4;1;40;38;0;0;0
61;0;11;9;0;0;3;2;0;20;38;0;0;0
31;2;0;6;5;13;4;4;1;40;38;0;0;0
34;2;11;9;2;11;0;4;1;65;38;0;0;1
43;2;11;9;2;2;0;4;1;99;38;0;1;1
52;2;2;8;2;2;0;4;1;40;38;0;0;0
18;2;1;7;4;7;3;4;0;20;38;0;0;0
37;0;15;10;2;9;0;4;1;40;38;0;0;1
60;2;11;9;2;0;0;4;1;40;38;0;0;0
47;2;15;10;6;13;4;4;0;25;27;0;0;0
21;2;15;10;4;0;3;4;1;30;38;0;0;0
34;3;9;13;2;3;0;4;1;55;38;1;0;1
28;2;11;9;0;7;1;4;0;52;38;0;1;0
40;1;8;11;2;10;0;4;1;40;38;0;0;1
26;2;7;12;4;7;1;4;1;40;38;0;0;0
48;2;15;10;4;7;4;2;0;40;38;0;0;0
46;2;15;10;2;4;0;4;1;40;38;0;0;0
58;2;15;10;2;11;0;4;1;48;38;0;0;0
32;3;11;9;4;2;1;4;1;40;38;0;0;0
38;2;15;10;2;2;0;1;1;40;38;0;0;1
43;4;15;10;2;4;0;4;1;99;38;0;0;0
17;2;1;7;4;8;3;4;0;12;38;0;0;0
36;2;11;9;2;2;0;4;1;40;21;1;0;0
30;2;11;9;2;13;0;4;1;70;38;1;0;1
45;2;11;9;2;2;0;4;1;40;38;0;0;0
51;4;11;9;2;13;0;4;1;50;38;0;0;0
29;2;15;10;2;3;0;4;1;48;38;0;0;0
35;4;8;11;4;4;3;4;1;65;38;0;0;0
19;2;15;10;4;11;3;4;0;20;38;0;0;0
56;2;6;5;2;11;0;4;1;40;38;0;0;0
24;2;11;9;2;6;5;4;0;24;38;0;0;0
33;2;7;12;2;10;0;4;1;40;38;0;0;0
43;2;9;13;4;11;4;2;0;35;38;0;0;1
22;5;15;10;4;7;3;4;1;45;38;0;0;0
44;2;15;10;4;7;1;2;1;55;38;0;0;0
37;2;11;9;5;2;1;4;1;50;38;0;0;0
34;3;15;10;4;11;1;4;1;75;38;0;0;0
43;2;8;11;5;11;4;4;0;45;38;0;0;0
39;2;11;9;0;0;4;4;0;40;38;0;0;0
30;2;15;10;2;5;0;4;1;32;38;0;0;0
58;2;5;4;4;5;1;4;0;33;38;0;0;0
45;1;11;9;0;0;4;4;0;35;38;0;0;0
30;2;15;10;0;0;4;2;0;40;38;0;0;0
42;2;15;10;2;9;5;4;0;36;38;0;0;0
50;2;12;14;2;3;0;4;1;50;38;0;0;1
25;1;8;11;4;10;3;4;1;30;38;0;0;0
34;2;9;13;2;3;0;4;1;40;38;0;0;1
50;2;15;10;2;11;0;4;1;40;38;0;0;1
60;5;10;16;2;9;0;4;1;55;38;0;0;0
41;2;7;12;2;9;0;4;1;60;38;1;0;1
71;4;5;4;2;4;0;4;1;10;38;0;0;0
40;4;14;15;0;7;1;4;0;35;38;0;1;0
22;2;9;13;4;3;3;4;0;30;38;0;0;0
52;2;9;13;4;9;1;4;1;38;38;0;0;0
30;2;15;10;4;5;1;4;1;55;38;0;0;0
40;2;15;10;2;6;0;4;1;40;38;0;0;0
31;0;7;12;2;11;0;1;1;40;38;0;0;0
44;2;9;13;2;3;0;4;1;45;38;1;0;1
38;1;14;15;2;9;0;2;1;40;38;0;0;1
46;2;14;15;4;3;1;4;1;50;38;0;0;1
57;0;14;15;0;3;1;2;1;55;38;0;0;1
39;2;1;7;2;13;0;4;1;40;38;0;0;0
42;2;9;13;0;3;1;4;0;55;38;0;0;1
43;2;8;11;2;11;0;4;1;40;38;0;0;1
22;2;15;10;4;11;1;4;0;17;38;0;0;0
44;2;9;13;2;2;0;4;1;50;38;0;0;1
37;2;15;10;2;11;5;4;0;40;38;0;0;1
26;5;9;13;4;0;1;4;0;80;38;0;0;0
35;2;11;9;4;7;1;4;1;30;38;0;0;0
28;2;11;9;4;5;3;4;0;40;38;0;0;0
34;2;15;10;4;0;1;1;0;35;23;0;0;0
18;2;11;9;4;6;1;4;1;40;38;0;0;0
25;2;11;9;4;6;3;4;1;40;38;0;0;0
44;3;9;13;2;2;0;4;1;50;38;0;0;1
61;2;3;2;6;5;1;4;0;40;38;0;0;0
39;2;15;10;2;3;0;4;1;50;38;0;0;1
61;2;9;13;2;9;0;4;1;40;38;0;1;1
22;2;11;9;6;0;3;4;0;40;38;0;0;0
19;2;15;10;4;5;3;4;1;25;38;0;0;0
45;2;9;13;4;12;3;4;1;40;38;0;0;0
20;2;15;10;4;0;3;4;0;25;38;0;0;0
37;2;11;9;0;6;1;1;0;40;29;0;0;0
26;2;15;10;4;2;1;4;1;40;38;0;0;0
26;2;9;13;2;3;5;4;0;55;38;0;0;1
58;2;11;9;5;7;4;4;0;40;5;0;0;0
64;2;11;9;6;11;1;4;0;50;9;1;0;1
19;2;11;9;2;11;2;4;0;25;38;0;0;0
36;2;9;13;0;5;1;4;1;30;38;0;0;0
47;2;7;12;4;0;1;4;0;40;38;0;0;0
62;2;15;10;2;11;0;4;1;40;38;0;0;0
36;5;14;15;4;9;1;4;1;40;38;0;0;0
38;4;15;10;4;11;1;4;1;60;38;0;0;0
54;2;11;9;2;2;0;4;1;48;38;0;0;1
31;2;9;13;4;3;1;4;1;50;38;0;0;0
26;2;15;10;5;4;3;4;1;40;38;0;0;0
50;2;11;9;2;3;0;4;1;40;38;0;1;1
41;2;15;10;4;12;4;1;0;40;29;0;0;0
52;1;9;13;2;10;0;4;1;40;38;0;0;1
28;2;11;9;2;7;5;2;0;23;38;0;0;0
46;4;15;10;2;3;0;4;1;40;38;1;0;0
30;3;15;10;2;3;0;4;1;36;38;0;0;1
58;1;12;14;2;9;0;2;1;30;38;1;0;1
36;2;15;10;2;6;0;4;1;48;38;0;0;0
31;5;13;1;4;7;1;4;1;24;38;0;0;0
52;4;14;15;2;9;0;4;1;70;38;0;0;1
29;2;15;10;2;3;0;4;1;70;25;1;0;0
48;4;12;14;2;11;0;4;1;50;8;0;0;0
30;2;12;14;2;3;0;4;1;60;38;1;0;1
58;2;1;7;2;13;0;4;1;50;38;0;0;0
20;0;15;10;4;10;3;2;1;40;38;0;0;0
19;2;15;10;4;7;3;4;1;3;38;0;0;0
63;2;11;9;0;7;1;4;0;40;38;0;0;0
51;4;9;13;2;12;0;4;1;45;38;0;0;1
53;2;7;12;0;0;4;4;0;48;38;0;0;0
54;0;11;9;2;3;0;4;1;40;38;1;0;1
26;2;11;9;4;5;3;2;1;48;38;0;0;0
47;4;15;10;2;7;5;4;0;52;38;0;0;0
44;2;9;13;2;3;0;4;1;45;38;0;0;0
80;4;5;4;4;4;4;4;1;20;38;0;0;0
55;2;10;16;2;9;0;4;1;40;38;0;0;1
43;2;12;14;2;9;0;4;1;45;38;0;0;1
49;2;9;13;3;13;4;4;1;30;3;0;0;0
27;2;14;15;4;9;3;1;1;40;38;0;0;0
42;2;8;11;2;3;0;4;1;55;38;1;0;1
39;2;6;5;2;5;0;4;1;40;38;0;0;0
32;2;11;9;5;0;4;4;0;40;38;0;0;0
58;1;15;10;2;0;5;2;0;55;38;0;0;0
63;2;6;5;5;4;1;2;1;40;38;0;0;0
49;2;15;10;2;0;0;4;1;40;38;0;0;1
36;3;15;10;2;10;0;4;1;60;38;0;0;1
46;2;15;10;2;3;0;4;1;50;38;0;0;0
47;2;12;14;2;3;0;4;1;55;38;1;0;1
39;2;11;9;4;0;1;4;1;45;38;0;0;0
33;2;14;15;2;3;0;1;1;65;23;0;0;1
43;1;11;9;2;3;0;3;1;40;38;0;1;1
30;2;15;10;2;9;0;4;1;68;38;0;0;0
39;1;8;11;2;0;5;4;0;37;38;0;0;0
44;2;15;10;0;0;1;4;0;40;38;0;0;0
27;2;9;13;4;12;1;4;1;45;38;0;0;0
31;2;7;12;4;9;3;4;1;3;38;0;0;0
34;1;11;9;2;9;0;4;1;40;7;0;0;0
28;2;7;12;4;13;3;4;1;60;38;0;0;0
55;2;11;9;2;6;0;4;1;40;38;0;0;1
36;2;11;9;0;2;1;4;0;40;38;0;0;0
42;2;15;10;2;13;0;2;1;45;38;1;0;1
67;1;9;13;2;9;0;4;1;10;38;0;0;0
53;3;15;10;6;11;1;4;0;60;38;0;0;0
43;2;15;10;2;2;0;4;1;40;38;0;1;1
29;1;9;13;4;12;1;4;0;42;38;0;0;0
19;2;15;10;4;7;3;4;1;30;38;0;0;0
51;2;8;11;2;11;0;4;1;40;38;0;0;1
21;4;8;11;4;4;3;4;1;98;38;0;0;0
54;2;15;10;5;3;1;4;0;40;38;0;0;0
42;4;14;15;0;9;4;4;1;40;38;1;0;1
41;2;15;10;0;11;4;4;0;48;38;0;0;0
28;2;11;9;4;2;3;4;1;40;38;0;0;0
31;2;8;11;0;5;4;4;0;40;38;0;0;0
82;4;11;9;2;4;0;4;1;20;38;0;0;0
23;2;9;13;4;9;1;4;0;16;38;0;0;0
40;1;11;9;2;3;0;4;1;40;38;0;0;0
35;2;11;9;2;11;0;4;1;50;38;0;0;0
24;2;11;9;4;11;4;4;1;45;38;0;0;0
21;2;15;10;4;11;3;4;0;40;38;0;0;0
27;2;15;10;2;5;0;4;1;30;38;0;0;0
40;4;9;13;2;3;0;4;1;45;38;0;0;0
17;2;2;8;4;0;3;4;0;25;38;0;0;0
27;2;3;2;4;2;1;4;1;40;25;0;0;0
34;2;11;9;4;6;3;4;1;40;38;0;0;0
18;2;0;6;4;7;2;2;1;15;38;0;0;0
39;2;9;13;0;12;4;4;0;40;38;0;0;0
34;3;15;10;2;3;0;4;1;65;38;0;0;1
44;2;11;9;2;2;0;4;1;40;38;0;0;0
39;2;9;13;2;3;0;4;1;60;38;1;0;1
28;2;3;2;3;7;3;3;0;35;5;0;0;0
30;2;11;9;4;6;1;4;0;40;38;0;0;0
60;2;11;9;0;0;2;4;0;40;38;0;0;0
58;2;11;9;2;7;0;4;1;24;38;0;0;0
49;2;9;13;2;2;0;4;1;60;38;0;0;0
61;3;11;9;2;11;0;4;1;55;38;0;0;1
27;2;11;9;0;0;1;4;1;38;38;0;0;0
59;4;7;12;0;12;1;4;1;40;38;0;0;0
52;0;15;10;2;3;5;1;0;40;38;0;0;1
42;0;9;13;4;3;1;4;0;40;38;0;0;0
27;2;15;10;4;7;1;4;0;34;38;0;0;0
41;3;12;14;2;3;0;4;1;50;38;0;0;1
50;1;9;13;2;9;5;4;0;24;38;0;0;0
36;2;0;6;2;2;0;4;1;40;38;0;0;0
21;2;11;9;4;4;3;4;1;45;38;0;0;0
38;2;7;12;2;2;0;4;1;45;38;0;0;0
46;2;15;10;0;9;1;4;0;40;38;0;0;0
59;2;15;10;2;11;0;4;1;50;38;0;0;0
55;2;11;9;4;0;1;4;0;45;38;0;0;0
49;1;12;14;6;9;4;4;0;20;38;0;1;0
59;3;15;10;2;2;0;4;1;50;38;0;0;1
38;2;15;10;2;11;0;4;1;55;38;0;0;1
22;2;15;10;4;13;3;4;1;25;38;0;0;0
28;2;2;8;4;11;4;2;0;40;38;0;0;0
47;2;9;13;2;3;0;4;1;60;38;0;1;1
59;2;15;10;2;10;0;4;1;56;38;0;0;0
37;2;11;9;0;5;1;4;1;40;38;0;0;0
33;2;9;13;4;11;1;4;0;40;38;0;0;0
34;2;0;6;2;5;0;4;1;40;31;0;0;0
35;1;12;14;2;9;0;4;1;40;38;0;1;1
55;2;0;6;4;7;1;4;1;40;38;0;0;0
18;2;2;8;4;7;3;4;1;30;38;0;0;0
48;2;7;12;2;9;5;4;0;30;38;0;0;1
48;2;12;14;2;9;0;4;1;40;4;0;0;1
27;2;11;9;2;2;0;4;1;40;38;0;0;0
43;2;12;14;6;9;4;2;0;37;38;0;0;0
32;2;15;10;2;9;0;4;1;38;38;0;0;1
50;2;9;13;5;11;1;4;1;40;38;0;0;1
38;4;11;9;4;2;1;0;1;15;38;0;0;0
18;2;6;5;4;7;3;2;1;35;38;0;0;0
46;2;6;5;0;11;1;4;1;35;38;0;0;0
26;2;15;10;4;6;1;1;1;45;38;0;0;1
44;2;5;4;2;6;5;4;0;40;5;0;0;0
32;2;15;10;4;0;1;4;0;60;38;0;0;0
25;2;9;13;2;0;5;4;0;40;38;0;0;0
55;2;11;9;0;0;4;4;0;40;38;0;0;0
55;0;15;10;4;0;4;4;1;40;38;0;0;0
25;2;15;10;2;0;5;4;0;40;38;0;0;0
40;2;9;13;2;9;0;4;1;50;38;0;0;0
29;2;8;11;4;2;1;4;1;50;38;0;0;0
60;2;1;7;2;2;0;4;1;40;38;0;0;0
45;2;11;9;2;13;0;4;1;45;38;0;0;0
43;4;11;9;2;4;0;4;1;30;38;0;0;0
24;2;11;9;4;11;3;4;0;55;38;0;0;0
34;2;9;13;0;11;1;4;0;40;38;0;0;0
47;4;15;10;4;4;1;4;1;60;38;0;0;0
24;2;11;9;0;0;1;4;0;32;38;0;0;0
47;5;15;10;2;7;0;4;1;38;38;0;0;0
18;2;1;7;4;11;3;4;0;40;38;0;0;0
50;3;15;10;2;11;0;4;1;40;38;0;1;0
22;2;15;10;4;0;2;4;1;40;38;0;0;0
49;4;9;13;2;9;0;4;1;60;38;0;0;1
41;2;11;9;2;3;0;4;1;40;38;0;1;1
68;4;11;9;2;2;0;4;1;15;38;0;0;0
62;4;5;4;6;4;2;4;0;35;38;0;0;0
25;1;9;13;4;9;3;4;0;40;38;0;0;0
24;2;15;10;4;6;1;4;0;24;25;0;0;0
32;2;6;5;2;4;0;2;1;40;38;0;0;0
49;2;12;14;2;9;0;4;1;43;38;0;0;1
68;2;15;10;0;11;1;4;0;40;38;0;0;0
25;2;7;12;4;11;3;4;0;40;28;0;0;0
47;0;9;13;2;9;0;4;1;50;38;0;0;0
35;2;9;13;2;3;0;4;1;40;38;0;0;1
37;4;1;7;2;13;0;4;1;40;38;0;0;0
57;2;11;9;2;3;0;4;1;50;38;0;0;0
37;2;9;13;2;3;5;4;0;40;38;0;1;1
34;2;0;6;4;7;4;2;0;40;22;0;0;0
46;1;8;11;0;3;1;4;0;36;38;0;0;0
21;2;1;7;4;0;2;4;0;40;38;0;0;0
26;2;11;9;2;7;5;4;0;30;38;0;0;0
45;2;11;9;0;4;1;4;1;44;38;0;1;1
17;2;11;9;4;3;3;4;0;35;38;0;0;0
36;3;7;12;2;9;0;4;1;70;38;0;0;0
33;2;2;8;0;3;1;4;1;40;38;0;0;0
27;2;11;9;4;6;3;2;1;40;38;0;0;0
32;2;11;9;2;2;0;4;1;48;38;0;0;0
24;2;11;9;4;6;4;2;0;40;38;0;0;0
37;2;11;9;0;7;4;2;0;30;38;0;0;0
53;5;10;16;2;9;0;4;1;50;38;0;0;1
44;2;15;10;0;0;3;4;1;40;38;1;0;1
43;1;11;9;2;10;0;4;1;45;38;0;0;1
29;2;11;9;4;7;2;2;0;52;38;0;0;0
47;2;9;13;2;4;0;4;1;65;38;0;0;0
37;4;12;14;4;3;1;4;1;60;38;0;0;0
43;3;14;15;2;3;0;4;1;40;38;1;0;1
23;2;15;10;4;11;1;2;0;20;38;0;0;0
50;2;9;13;2;11;0;4;1;35;38;0;0;0
25;2;15;10;4;9;3;4;1;40;38;0;0;0
40;2;15;10;4;3;1;4;1;50;38;0;0;0
39;2;8;11;2;2;0;4;1;40;38;1;0;1
41;2;11;9;2;2;0;4;1;52;38;0;0;1
32;2;11;9;2;13;3;4;1;40;38;0;0;0
19;2;15;10;4;7;1;4;0;40;38;0;0;0
26;2;11;9;4;7;3;4;1;40;38;0;0;0
30;1;9;13;2;9;0;4;1;40;38;0;0;0
34;2;15;10;2;3;0;4;1;40;38;0;0;0
41;2;15;10;4;0;1;4;0;40;25;0;0;0
42;4;9;13;0;3;1;3;1;30;19;0;0;0
45;2;8;11;2;9;0;4;1;40;38;0;0;1
22;2;15;10;4;3;1;4;1;35;38;0;0;0
25;2;15;10;2;0;0;4;1;40;38;0;0;0
22;0;15;10;4;0;3;2;1;20;38;0;0;0
46;5;14;15;2;3;0;4;1;40;38;1;0;1
48;3;15;10;0;4;1;4;1;45;38;0;0;0
45;2;11;9;2;6;0;4;1;52;38;0;0;1
19;2;15;10;4;7;3;4;1;14;38;0;0;0
31;2;1;7;2;6;0;4;1;40;38;0;0;0
30;3;15;10;2;2;0;2;1;70;38;0;0;0
40;4;7;12;2;4;0;4;1;50;38;0;0;1
22;2;15;10;4;11;3;4;0;15;38;0;0;0
25;2;15;10;0;7;3;2;1;38;38;0;0;0
51;1;12;14;2;9;0;4;1;80;38;0;0;1
32;2;7;12;2;6;0;4;1;62;38;0;0;0
51;3;9;13;2;3;0;4;1;25;38;0;0;0
42;2;15;10;0;11;1;4;1;50;38;0;0;1
39;2;11;9;2;6;0;4;1;40;38;0;1;1
24;2;11;9;2;2;0;4;1;45;38;0;0;0
52;2;11;9;0;0;4;4;0;38;38;0;1;0
43;2;12;14;2;9;0;4;1;55;38;0;0;0
31;2;11;9;2;6;0;4;1;40;38;0;0;0
28;2;11;9;2;11;0;4;1;40;38;0;0;0
31;0;12;14;2;3;0;4;1;60;38;1;0;1
61;2;11;9;2;2;0;4;1;20;38;0;1;0
26;2;9;13;4;9;3;4;0;40;38;0;0;0
46;2;9;13;4;7;1;4;1;40;38;0;0;0
50;2;12;14;0;9;1;4;0;35;38;0;0;0
18;2;1;7;4;0;3;4;0;5;38;0;0;0
23;2;9;13;4;11;1;4;1;48;38;0;0;0
21;2;15;10;4;11;3;4;0;28;38;0;1;0
46;2;7;12;2;13;0;3;1;36;38;0;0;0
38;2;11;9;0;11;4;4;0;40;38;0;0;0
53;2;2;8;0;4;3;4;1;40;38;0;0;0
53;2;11;9;2;11;0;4;1;40;38;0;0;1
50;2;15;10;2;2;0;4;1;40;38;0;0;1
26;2;11;9;4;7;4;4;1;25;38;0;0;0
46;1;12;14;0;9;1;4;0;55;38;1;0;1
44;1;9;13;2;9;0;4;1;40;38;0;0;1
36;1;12;14;2;9;0;4;1;50;38;0;0;1
20;2;15;10;4;7;1;4;0;30;38;0;0;0
35;2;5;4;2;12;0;4;1;40;25;0;0;0
40;5;9;13;2;3;5;4;0;20;38;0;0;0
70;2;11;9;2;11;0;4;1;40;38;0;0;0
57;2;5;4;2;11;0;4;1;50;38;0;0;0
40;2;13;1;2;7;0;4;1;40;25;0;1;0
18;2;1;7;4;2;3;4;1;5;38;0;0;0
45;4;9;13;2;11;0;4;1;60;38;1;0;0
52;2;9;13;2;9;0;4;1;40;38;0;0;1
42;3;9;13;2;2;0;2;1;60;38;0;0;0
28;1;11;9;5;13;3;4;1;45;38;0;0;0
32;2;8;11;4;12;4;4;0;60;38;0;0;0
56;0;9;13;0;0;1;4;1;40;38;0;0;0
44;2;3;2;2;7;5;1;0;40;39;0;0;0
20;2;15;10;4;11;4;2;0;30;38;0;0;0
32;2;9;13;2;3;0;4;1;60;38;0;0;1
59;2;15;10;5;0;2;4;1;40;38;1;0;0
21;2;11;9;4;5;2;2;1;40;38;1;0;0
32;2;12;14;2;9;0;4;1;40;38;0;0;1
49;2;11;9;2;11;0;4;1;40;38;1;0;0
22;2;9;13;4;0;3;4;0;30;38;1;0;0
51;3;15;10;2;3;0;4;1;50;38;0;0;1
33;2;11;9;2;2;0;4;1;40;38;1;0;0
23;2;9;13;4;11;1;4;1;50;38;0;0;0
34;2;11;9;4;7;4;2;1;30;38;0;0;0
53;2;2;8;0;13;1;4;0;40;38;0;0;0
44;2;9;13;2;0;0;4;1;45;38;0;0;0
60;2;15;10;6;10;1;2;0;40;38;0;0;0
55;2;15;10;2;2;0;4;1;38;38;0;0;0
57;4;11;9;2;4;0;4;1;30;38;0;0;0
59;2;10;16;2;9;0;4;1;50;38;0;0;0
30;2;8;11;2;9;3;4;0;16;38;1;0;1
49;2;9;13;2;3;5;4;0;43;38;0;0;0
45;2;2;8;2;2;0;4;1;40;38;0;0;0
29;3;9;13;4;11;3;4;0;40;38;0;0;0
37;4;11;9;2;4;0;4;1;60;38;0;0;1
21;2;2;8;4;4;1;4;1;40;38;0;0;0
36;5;11;9;2;3;0;4;1;40;38;0;0;0
37;2;9;13;4;11;1;4;1;45;38;0;0;0
19;2;11;9;4;0;1;4;0;40;38;0;0;0
30;2;8;11;2;12;5;4;0;35;10;0;0;0
59;0;15;10;2;12;0;4;1;40;38;0;0;1
32;2;8;11;2;7;0;4;1;60;38;0;0;1
25;2;9;13;4;0;1;4;1;40;38;0;0;0
40;2;9;13;2;5;0;4;1;80;38;0;0;1
49;1;9;13;0;9;4;4;0;40;38;0;0;1
49;2;15;10;2;0;0;4;1;40;38;0;0;0
48;2;6;5;6;13;4;4;1;40;38;0;0;1
42;2;15;10;2;9;0;4;1;45;38;0;0;0
53;2;1;7;2;2;0;4;1;40;38;0;0;0
29;4;11;9;4;2;1;4;1;45;38;0;0;0
54;4;11;9;2;13;0;4;1;15;38;0;0;0
34;2;9;13;4;0;1;4;0;40;38;0;0;0
39;2;9;13;2;3;0;4;1;40;38;0;1;1
30;2;11;9;2;5;0;4;1;40;38;0;0;0
27;2;9;13;4;3;1;4;0;40;38;0;0;0
25;2;8;11;4;2;3;4;1;40;38;0;0;0
26;2;11;9;5;4;1;4;1;40;38;0;0;0
45;2;11;9;2;2;0;4;1;60;38;1;0;1
55;2;15;10;5;3;4;4;0;10;38;0;0;0
26;2;11;9;4;7;2;4;1;40;38;0;0;0
45;2;9;13;5;9;4;4;0;56;10;0;0;0
61;1;12;14;0;9;1;4;0;40;38;0;0;1
26;2;11;9;2;3;0;2;1;60;38;0;0;0
44;0;12;14;4;9;1;4;0;40;38;0;0;0
45;4;15;10;0;2;1;4;1;30;38;0;0;0
55;2;15;10;0;0;1;4;0;40;38;0;0;0
20;2;15;10;4;7;2;1;1;30;38;0;0;0
48;2;7;12;2;3;0;4;1;50;38;0;0;1
33;2;11;9;0;2;1;4;1;60;38;0;0;0
44;2;6;5;2;6;0;2;1;40;38;0;0;0
32;3;9;13;2;2;0;4;1;50;1;0;0;0
54;2;5;4;2;2;0;4;1;40;38;0;0;0
40;2;12;14;2;3;0;4;1;40;38;0;0;1
29;2;11;9;2;9;5;1;0;10;2;0;0;1
56;2;0;6;2;0;0;2;1;40;38;0;0;0
47;2;11;9;2;2;0;4;1;40;38;0;0;1
22;2;15;10;4;12;1;4;0;40;38;0;0;0
46;2;15;10;2;13;0;4;1;45;38;0;0;1
24;0;15;10;4;3;3;4;1;40;38;0;0;0
37;2;11;9;0;2;1;4;1;40;38;0;0;0
49;2;11;9;0;2;4;4;1;40;38;0;0;0
44;0;15;10;4;0;1;4;1;50;38;1;0;1
21;2;11;9;4;2;3;4;1;40;38;0;0;0
55;2;11;9;2;3;0;4;1;40;38;0;0;1
23;5;9;13;4;9;1;4;0;32;38;0;0;0
50;2;1;7;0;11;1;4;0;40;38;0;0;0
44;2;8;11;2;0;2;4;0;20;38;0;0;0
48;2;15;10;2;2;2;1;1;40;0;0;0;1
38;4;12;14;2;3;0;4;1;70;38;0;0;1
48;2;14;15;2;9;0;4;1;45;38;0;1;1
39;2;15;10;4;2;1;4;1;50;38;0;0;0
52;0;11;9;2;0;0;4;1;44;38;0;0;1
63;2;11;9;6;7;2;4;0;40;38;0;0;0
48;2;11;9;0;3;1;4;0;40;38;0;1;1
37;2;12;14;4;9;1;4;0;40;38;0;0;0
26;5;12;14;4;3;1;4;0;40;38;0;0;0
50;3;1;7;4;3;2;4;1;40;38;0;1;1
47;4;14;15;2;9;0;4;1;40;38;1;0;1
19;2;11;9;4;2;2;4;0;15;38;0;0;0
34;2;15;10;4;0;4;4;0;40;10;0;0;0
29;1;15;10;0;0;4;4;0;40;38;0;0;0
33;2;11;9;4;12;1;4;1;45;38;0;0;0
53;2;15;10;2;9;5;4;0;24;38;0;0;0
24;2;11;9;2;2;0;4;1;40;38;0;0;0
39;2;15;10;0;13;1;4;1;65;38;0;0;0
50;4;7;12;4;11;1;4;0;5;38;0;1;0
31;2;9;13;2;9;0;4;1;40;38;0;0;0
22;2;8;11;4;11;1;2;0;25;38;0;0;0
42;1;9;13;2;10;0;4;1;42;38;0;0;0
23;2;2;8;4;11;3;4;0;25;38;0;0;0
22;2;1;7;0;11;3;4;1;50;38;0;0;0
65;2;4;3;6;6;1;4;0;10;21;0;0;0
34;2;11;9;2;2;0;4;1;44;38;0;0;0
23;2;15;10;4;0;3;4;1;20;38;1;0;0
38;2;9;13;2;11;0;4;1;40;38;1;0;1
45;4;15;10;2;3;0;4;1;80;38;0;0;0
19;2;11;9;4;7;1;4;1;40;38;0;0;0
46;2;9;13;4;6;1;4;0;8;38;0;1;0
23;2;15;10;4;0;3;4;0;20;38;0;0;0
37;2;11;9;2;3;0;4;1;60;38;0;0;1
59;2;9;13;2;0;0;4;1;40;38;0;0;0
36;5;9;13;2;11;0;4;1;40;38;0;0;0
35;2;9;13;4;11;1;4;1;45;38;1;0;1
51;2;15;10;4;3;1;4;0;12;38;0;0;0
42;1;9;13;0;9;4;2;0;30;38;0;0;0
35;2;12;14;4;11;1;4;0;40;38;0;0;0
20;2;11;9;4;7;3;4;0;38;38;0;0;0
41;2;0;6;4;6;1;4;1;40;38;0;0;0
40;2;11;9;0;13;1;4;1;35;38;0;0;0
36;2;7;12;2;3;5;4;0;37;38;0;0;0
34;3;12;14;2;11;0;4;1;60;38;0;0;1
44;4;9;13;4;11;1;4;1;42;38;0;0;0
31;0;9;13;5;9;1;4;1;40;38;0;0;0
41;1;11;9;2;2;0;4;1;40;38;0;0;0
43;2;15;10;2;6;0;4;1;40;38;0;0;0
43;2;12;14;4;12;1;4;0;40;38;0;0;0
58;2;0;6;2;2;0;4;1;40;38;1;0;1
19;2;15;10;4;11;3;4;0;30;38;0;0;0
43;1;9;13;2;10;0;4;1;55;38;0;0;1
50;2;11;9;2;5;0;4;1;45;38;0;0;0
44;3;15;10;2;3;0;4;1;50;38;0;0;1
46;2;11;9;0;6;4;4;1;38;38;0;0;0
52;4;9;13;2;3;0;4;1;50;38;0;0;1
52;4;11;9;4;9;1;4;1;50;38;0;0;0
18;2;2;8;4;0;3;4;0;12;38;0;0;0
29;2;9;13;4;3;1;4;0;55;38;0;0;0
34;2;9;13;4;3;3;4;1;40;38;0;0;0
23;1;15;10;2;10;0;2;1;40;38;0;0;0
64;5;15;10;5;0;1;4;0;65;38;0;0;0
68;2;0;6;0;13;1;4;1;20;38;0;0;0
42;5;11;9;4;0;4;2;0;40;38;0;0;0
41;2;11;9;2;2;0;4;1;60;38;0;0;1
41;3;11;9;2;4;0;4;1;50;38;0;0;0
22;5;15;10;2;0;5;4;0;20;38;0;0;0
67;3;15;10;2;3;0;4;1;20;38;1;0;1
27;2;15;10;2;2;0;1;1;40;29;0;0;1
25;2;12;14;2;9;0;4;1;40;38;0;0;0
28;2;7;12;4;5;1;4;1;45;38;0;0;0
51;0;10;16;2;9;0;1;1;40;39;1;0;1
23;1;9;13;4;9;3;1;0;35;2;0;0;0
19;2;2;8;4;7;3;4;0;15;38;0;0;0
33;2;15;10;4;7;1;4;1;35;38;0;0;0
53;2;15;10;0;2;1;4;1;20;38;0;0;0
35;2;8;11;4;12;1;4;1;40;38;0;0;0
31;2;9;13;2;11;0;4;1;40;38;0;0;0
18;2;2;8;4;11;3;4;0;20;38;0;0;0
45;2;8;11;0;5;1;4;0;40;38;0;0;0
22;1;4;3;4;5;2;4;1;40;12;0;0;1
55;2;15;10;0;12;1;4;1;40;38;0;0;0
45;2;11;9;2;7;0;4;1;40;38;0;1;1
22;2;11;9;4;11;1;4;0;37;38;0;0;0
37;2;11;9;2;13;0;4;1;60;38;0;1;0
28;2;11;9;2;6;3;4;1;40;38;0;0;0
19;2;1;7;4;11;3;2;0;35;38;0;0;0
37;4;11;9;2;11;0;4;1;45;38;0;1;1
50;2;10;16;2;9;0;4;1;40;38;0;0;1
31;2;11;9;0;0;4;4;0;35;38;0;0;0
40;2;13;1;4;7;1;4;0;20;38;0;0;0
51;2;6;5;2;6;0;4;1;45;38;0;0;0
56;2;11;9;0;0;1;4;0;40;38;0;0;0
21;2;15;10;4;12;3;4;0;35;38;0;0;0
40;2;8;11;2;3;0;4;1;44;38;1;0;1
22;2;15;10;4;3;4;2;0;40;22;0;0;0
47;3;14;15;2;9;0;4;1;45;38;0;1;1
44;2;11;9;2;3;0;0;1;40;38;0;0;0
44;1;15;10;0;7;4;4;0;40;38;0;0;0
41;2;11;9;2;11;0;4;1;40;38;0;0;1
47;2;7;12;0;11;3;4;1;44;38;0;0;0
26;2;15;10;2;3;0;4;1;45;10;0;0;1
34;2;8;11;4;12;1;2;1;40;38;0;0;0
47;2;14;15;2;3;0;4;1;40;38;1;0;1
36;2;11;9;5;0;1;4;0;38;38;0;0;0
21;2;8;11;2;4;0;4;1;46;38;0;0;0
45;5;9;13;0;10;1;4;1;40;38;0;0;0
33;2;11;9;5;2;1;0;1;35;16;0;0;0
33;2;11;9;4;6;1;4;1;65;38;0;0;0
58;4;11;9;0;4;4;4;0;10;38;0;0;0
31;2;7;12;0;2;1;4;1;50;38;0;0;1
32;4;15;10;2;4;0;4;1;50;38;0;0;1
44;0;9;13;6;3;4;4;0;40;38;0;0;1
24;2;12;14;4;9;1;4;0;40;38;0;0;0
35;2;9;13;2;7;0;0;1;20;38;1;0;1
43;2;9;13;2;3;0;4;1;50;38;0;1;1
49;2;11;9;2;6;0;4;1;40;38;0;0;0
37;4;9;13;2;11;5;4;0;50;38;0;0;0
42;4;9;13;4;4;3;4;1;35;38;0;0;0
19;2;11;9;4;7;3;4;0;25;38;0;0;0
41;2;10;16;4;6;1;4;0;40;38;0;0;1
51;3;11;9;2;7;0;4;1;30;38;0;0;0
51;3;14;15;2;9;0;4;1;60;38;0;0;1
63;2;0;6;6;7;1;4;0;31;38;0;0;0
39;0;15;10;2;0;0;4;1;40;38;0;0;1
30;2;11;9;4;11;3;4;1;40;38;0;0;0
62;6;15;10;2;0;5;4;0;16;38;0;0;0
27;2;11;9;4;2;2;3;1;40;26;0;0;0
32;2;1;7;2;2;0;4;1;30;38;0;1;0
37;1;9;13;2;7;0;4;1;40;38;0;0;1
47;1;12;14;2;9;0;4;1;50;38;0;1;1
31;2;12;14;2;9;0;4;1;43;38;0;1;1
42;2;11;9;2;11;0;4;1;40;38;0;0;0
37;2;8;11;3;11;4;2;0;32;38;0;0;0
60;2;11;9;2;10;0;4;1;34;38;0;1;0
42;1;15;10;2;10;0;4;1;72;38;0;0;1
38;2;15;10;2;2;0;4;1;36;38;0;0;1
24;2;7;12;4;9;3;2;1;20;38;0;0;0
34;2;11;9;2;6;0;4;1;45;38;0;0;0
29;1;15;10;4;10;3;4;1;48;38;0;0;0
90;2;11;9;6;0;4;4;0;25;38;0;0;0
55;2;2;8;0;6;1;4;0;40;21;0;0;0
36;2;11;9;4;5;1;4;1;40;38;0;0;0
49;2;15;10;0;0;1;4;0;60;38;0;0;0
50;2;9;13;2;9;0;4;1;50;38;0;0;0
17;2;1;7;4;7;3;4;1;25;38;0;0;0
54;2;11;9;2;13;0;4;1;70;38;0;0;0
26;2;9;13;4;3;1;4;1;10;38;0;0;0
44;2;7;12;4;3;1;1;0;50;38;0;0;0
28;2;9;13;4;9;3;2;0;40;38;0;0;0
54;1;10;16;2;3;0;4;1;60;38;0;0;1
21;2;6;5;4;6;3;2;1;20;38;0;0;0
24;2;8;11;4;13;1;4;1;40;38;0;0;0
31;2;11;9;4;7;1;4;0;56;38;0;0;0
41;2;15;10;2;13;0;4;1;48;38;0;0;1
29;2;11;9;0;7;1;4;0;40;38;0;0;0
50;2;9;13;2;12;0;4;1;40;38;0;0;0
32;2;15;10;2;13;0;4;1;50;38;0;0;1
42;2;15;10;0;6;1;4;0;40;38;0;0;0
47;2;11;9;2;3;5;4;0;30;38;0;0;1
44;2;15;10;0;0;4;4;0;40;38;0;0;0
49;2;9;13;2;9;0;4;1;40;3;0;0;0
61;2;12;14;2;9;0;4;1;50;38;0;0;0
65;1;5;4;2;3;0;4;1;40;38;0;1;0
45;1;11;9;2;10;0;4;1;40;38;0;0;1
59;2;11;9;0;6;1;4;1;40;38;0;0;0
34;2;15;10;2;11;0;4;1;45;38;0;0;1
24;2;3;2;2;5;2;4;1;40;25;0;0;0
37;2;15;10;2;2;0;4;1;40;38;1;0;1
36;2;0;6;2;2;0;4;1;40;38;0;0;0
54;2;12;14;0;9;1;4;0;40;38;0;1;1
34;2;2;8;3;5;4;4;1;35;25;0;0;0
41;2;15;10;0;6;3;4;1;40;21;0;0;0
26;2;11;9;2;2;0;4;1;48;38;0;0;0
23;0;11;9;4;1;1;4;1;8;38;0;0;0
34;2;9;13;2;2;0;4;1;40;38;0;0;1
54;2;11;9;6;11;1;4;0;37;38;0;0;0
37;2;11;9;2;2;0;4;1;72;25;0;0;0
54;5;11;9;2;9;0;4;1;40;38;0;0;0
22;1;15;10;4;10;2;4;0;43;38;0;0;0
32;2;11;9;2;2;0;4;1;40;38;0;0;0
42;5;15;10;0;0;3;4;1;40;38;0;0;0
31;5;15;10;4;7;3;4;0;37;38;0;0;0
48;2;10;16;2;9;0;4;1;45;38;0;0;1
28;2;9;13;4;9;1;1;1;40;16;0;0;0
31;2;0;6;0;2;1;4;1;38;38;0;0;0
28;2;9;13;2;3;0;4;1;40;38;0;0;0
24;2;2;8;2;6;0;4;1;40;38;0;0;0
50;2;11;9;0;2;1;4;0;45;38;0;0;0
26;2;11;9;2;2;0;4;1;72;25;0;0;0
37;3;15;10;2;3;0;4;1;50;38;0;0;1
24;2;4;3;3;4;1;4;1;40;25;0;0;0
32;2;11;9;4;7;4;2;0;40;38;0;0;0
23;2;9;13;4;9;1;1;1;55;20;0;0;0
33;1;11;9;0;13;1;4;0;35;38;0;0;0
49;2;11;9;2;2;0;4;1;40;38;0;0;0
75;4;12;14;6;11;1;4;1;45;38;0;0;0
74;4;9;13;6;2;1;4;1;8;10;1;0;1
26;2;15;10;2;6;0;2;1;40;38;0;0;0
34;2;9;13;3;0;1;4;0;45;38;0;0;0
18;2;2;8;4;7;3;4;1;12;38;0;0;0
33;2;11;9;2;2;0;4;1;40;38;0;0;0
36;5;9;13;2;0;5;4;0;20;38;0;0;1
44;2;9;13;2;13;0;4;1;55;38;0;0;0
36;2;1;7;4;2;1;2;0;40;38;0;0;0
53;2;8;11;2;2;0;4;1;40;38;0;0;0
60;2;5;4;3;6;1;4;1;40;38;0;0;0
28;2;11;9;2;2;0;4;1;40;31;0;0;0
36;2;0;6;0;13;4;4;1;48;38;0;0;0
35;2;8;11;0;0;1;4;0;40;38;1;0;0
45;4;8;11;2;9;0;4;1;20;38;0;0;0
23;2;15;10;4;0;3;4;1;15;38;0;0;0
35;2;15;10;0;0;4;4;0;55;38;0;0;0
34;2;15;10;2;3;0;4;1;42;38;0;0;1
46;2;13;1;2;6;2;2;1;75;5;0;0;0
58;5;11;9;2;2;0;4;1;40;38;0;0;0
55;1;12;14;4;9;1;4;0;45;38;0;0;0
63;2;11;9;2;2;0;4;1;40;38;0;0;0
41;4;15;10;2;11;0;4;1;40;38;0;0;0
45;2;8;11;2;2;0;4;1;76;38;0;0;0
41;2;12;14;2;9;0;4;1;40;38;1;0;1
42;2;11;9;4;11;4;4;0;40;38;0;0;0
90;1;5;4;2;10;0;4;1;40;38;1;0;0
41;2;11;9;4;11;3;4;1;40;38;0;0;0
22;2;11;9;4;2;1;4;1;50;38;0;0;0
53;4;14;15;4;9;1;1;1;40;29;1;0;1
49;4;9;13;2;3;0;4;1;60;33;0;0;1
51;2;15;10;2;3;0;4;1;60;38;0;0;1
22;2;9;13;4;3;1;4;0;40;38;0;0;0
23;2;8;11;4;7;1;4;0;40;38;0;0;0
59;2;11;9;2;5;0;4;1;40;38;0;0;1
40;2;11;9;0;2;1;1;0;40;23;0;0;0
28;2;11;9;2;13;0;4;1;70;38;0;0;0
39;2;11;9;5;7;1;4;0;40;7;0;0;0
25;2;11;9;4;2;3;4;1;37;38;0;0;0
48;5;15;10;0;3;1;4;0;40;38;0;0;0
62;2;6;5;2;7;0;2;1;42;38;0;0;0
44;1;11;9;0;0;4;4;0;40;38;0;0;0
28;0;9;13;4;9;1;4;1;50;38;0;0;0
62;2;15;10;2;2;0;4;1;45;38;0;0;0
32;2;11;9;2;2;0;4;1;40;38;0;0;0
59;0;11;9;2;11;5;4;0;40;38;0;0;1
20;2;15;10;4;0;2;4;0;20;38;0;0;0
40;2;7;12;5;12;4;4;0;32;38;1;0;0
47;2;15;10;2;7;0;4;1;47;38;0;0;1
60;2;15;10;2;11;0;4;1;40;38;0;0;0
55;2;11;9;5;10;1;4;1;81;38;0;0;0
18;2;2;8;4;0;3;4;1;35;38;0;0;0
43;2;9;13;4;0;1;4;1;40;38;0;1;0
31;4;11;9;0;7;1;4;1;35;38;0;0;0
22;2;11;9;4;2;1;4;1;50;38;0;0;0
56;2;11;9;0;12;1;2;0;40;38;0;0;0
41;2;11;9;5;0;4;4;0;40;38;0;0;0
24;2;11;9;4;7;2;4;1;30;38;0;0;0
42;2;9;13;2;11;0;4;1;40;38;1;0;1
53;1;15;10;2;10;0;4;1;40;38;0;1;1
52;1;5;4;4;7;2;2;0;40;38;0;0;0
42;2;15;10;2;2;0;4;1;89;38;0;0;1
48;2;3;2;2;6;0;4;1;40;31;0;0;0
35;2;11;9;0;7;1;4;0;40;38;0;0;0
33;2;1;7;2;7;0;4;1;40;38;0;0;0
20;2;15;10;4;0;3;4;0;40;38;0;0;0
33;2;15;10;4;11;3;4;1;45;38;0;0;0
30;2;9;13;4;11;1;4;1;40;38;0;0;0
31;2;15;10;2;11;0;4;1;40;38;0;0;0
29;2;11;9;4;11;1;4;0;25;38;0;0;0
26;2;11;9;4;2;3;4;1;48;38;0;0;0
61;2;15;10;0;7;1;2;1;40;38;0;0;0
29;2;11;9;0;7;4;4;0;45;38;0;0;0
57;4;11;9;2;2;0;4;1;50;38;0;0;1
33;2;7;12;2;2;0;4;1;50;38;0;1;1
20;2;15;10;4;11;1;4;0;56;38;0;0;0
26;2;9;13;4;9;1;4;0;40;38;0;0;0
36;2;9;13;2;3;0;4;1;55;38;0;0;1
23;2;9;13;4;3;1;4;0;50;38;0;0;0
31;2;11;9;2;7;5;2;0;35;38;0;0;0
47;2;11;9;0;7;4;4;0;32;38;0;0;0
61;2;1;7;6;5;1;4;0;30;38;0;0;0
35;2;9;13;2;3;0;4;1;45;38;0;0;0
23;2;3;2;2;6;5;0;0;35;25;0;0;0
41;2;11;9;0;7;4;4;0;32;38;0;0;0
39;0;9;13;2;0;5;1;0;40;29;0;0;0
51;1;10;16;0;3;1;4;0;45;38;0;0;1
61;4;5;4;2;4;0;4;1;56;38;0;0;0
51;2;5;4;0;6;1;4;0;48;38;0;0;0
36;2;13;1;0;7;1;3;1;72;25;0;0;0
41;4;9;13;2;9;0;4;1;50;38;0;0;0
34;2;11;9;4;5;4;4;0;35;38;1;0;0
25;2;11;9;2;13;0;4;1;40;38;0;0;0
37;2;14;15;2;9;0;4;1;50;38;0;0;1
19;2;11;9;4;2;1;4;1;49;38;0;0;0
66;4;12;14;2;3;0;4;1;20;38;0;0;1
23;2;9;13;4;9;3;4;1;40;38;0;0;0
30;4;15;10;3;2;3;4;1;60;38;0;0;1
53;2;15;10;2;13;0;4;1;45;38;0;1;1
25;2;15;10;4;7;1;2;1;40;38;0;0;0
18;2;11;9;4;11;3;4;0;20;38;0;1;0
51;2;11;9;2;2;0;4;1;40;38;0;0;0
61;2;11;9;6;2;1;2;0;50;38;0;1;0
53;2;11;9;6;6;4;2;0;38;38;0;0;0
17;2;0;6;4;7;3;4;1;20;38;0;0;0
61;2;5;4;2;2;0;4;1;40;38;0;0;0
38;2;6;5;2;13;0;2;1;40;38;0;0;0
40;2;15;10;5;3;4;4;0;20;38;0;0;0
32;2;15;10;2;11;0;4;1;32;38;0;0;0
46;2;15;10;2;11;0;4;1;45;38;0;0;1
50;2;15;10;0;0;1;4;0;40;38;0;0;0
36;4;9;13;2;11;0;4;1;50;38;0;0;1
30;4;1;7;3;2;1;4;1;30;15;0;0;0
33;2;12;14;2;12;0;1;1;50;38;0;0;1
36;2;9;13;2;9;0;4;1;45;38;0;1;1
85;2;9;13;2;3;0;4;1;3;30;0;0;0
62;2;11;9;6;0;1;4;0;32;38;0;0;0
24;2;9;13;4;6;1;4;0;32;38;0;0;0
48;3;11;9;2;2;0;4;1;50;38;1;0;1
58;1;11;9;2;7;0;4;1;40;38;0;0;0
45;3;9;13;2;3;0;4;1;45;38;0;0;1
66;2;11;9;6;3;1;4;0;25;38;0;0;0
37;2;14;15;2;9;0;4;1;45;38;1;0;1
55;2;6;5;2;2;0;4;1;48;38;0;0;0
39;4;11;9;4;3;1;4;1;65;38;0;0;0
50;2;10;16;0;9;1;4;0;50;38;0;0;0
28;2;15;10;0;5;1;4;1;50;38;0;0;0
34;2;12;14;2;9;0;4;1;55;38;0;0;0
41;0;12;14;0;9;4;4;0;40;38;1;0;0
36;2;7;12;2;2;0;4;1;52;38;0;0;1
22;2;11;9;4;5;4;4;1;45;38;0;0;0
35;2;2;8;2;2;0;4;1;84;38;0;0;0
21;2;7;12;4;7;3;4;1;40;38;0;0;0
64;5;5;4;2;7;5;2;0;40;38;0;0;0
41;2;12;14;2;3;0;4;1;40;38;0;0;1
52;2;8;11;5;11;4;4;0;40;38;0;0;0
32;2;15;10;2;9;0;4;1;40;38;0;0;0
27;2;15;10;4;7;1;4;0;25;38;0;0;0
48;2;15;10;0;3;1;4;0;40;38;0;0;0
28;2;11;9;2;6;5;4;0;40;38;0;0;0
24;2;15;10;2;7;3;1;0;35;38;0;0;0
51;2;15;10;2;11;0;4;1;60;38;0;0;0
32;2;15;10;4;3;3;4;1;40;38;0;0;0
61;2;11;9;2;11;0;2;1;40;38;0;0;0
33;2;11;9;0;0;4;2;0;40;38;0;0;0
24;2;1;7;0;6;4;4;0;40;38;0;0;0
26;2;15;10;4;2;1;4;1;65;38;0;0;0
18;2;1;7;4;9;3;4;1;20;38;0;0;0
34;2;11;9;4;7;1;4;0;28;38;0;0;0
57;2;11;9;2;13;0;4;1;40;38;0;0;0
25;2;11;9;4;2;2;2;1;40;38;0;0;0
34;2;1;7;0;13;4;4;1;60;38;0;1;0
71;2;6;5;2;7;0;4;1;40;38;0;0;0
35;1;9;13;2;9;0;4;1;50;38;0;0;0
47;2;11;9;2;2;0;4;1;40;38;0;0;0
50;2;12;14;0;11;1;4;0;50;38;0;0;1
33;2;0;6;4;0;1;2;1;40;38;0;0;0
38;2;8;11;2;2;0;4;1;55;38;0;0;1
50;2;9;13;2;9;0;4;1;40;38;0;0;0
45;2;0;6;0;7;1;2;0;38;5;0;0;0
32;2;11;9;5;11;1;4;0;45;38;0;0;0
25;1;9;13;4;0;3;2;0;40;38;0;0;0
20;2;11;9;4;6;3;4;1;40;38;0;0;0
46;2;12;14;2;9;5;4;0;22;38;0;0;1
40;2;8;11;2;2;0;2;1;45;38;0;0;0
66;0;0;6;2;2;0;4;1;40;38;1;0;0
30;2;8;11;0;0;4;4;0;24;38;0;0;0
36;2;5;4;2;2;0;4;1;40;38;0;0;0
57;1;11;9;2;2;0;4;1;40;38;1;0;1
46;2;15;10;2;3;0;4;1;48;38;0;0;1
27;2;11;9;4;7;4;4;0;64;38;0;0;0
33;2;11;9;2;2;0;2;1;40;38;0;0;0
58;2;1;7;2;11;0;4;1;40;38;0;0;0
30;2;11;9;0;13;1;4;1;55;38;0;0;0
26;2;7;12;4;6;2;4;0;15;38;0;0;0
32;2;0;6;2;13;0;4;1;40;38;0;0;0
22;2;15;10;4;0;3;4;1;40;38;0;0;0
31;2;11;9;2;6;5;4;0;40;38;0;0;0
29;2;11;9;5;11;4;4;0;35;38;0;0;0
34;2;10;16;2;9;0;4;1;60;38;0;0;1
54;2;9;13;2;3;0;1;1;50;23;0;0;1
37;2;15;10;0;0;4;4;0;39;38;0;0;0
22;2;2;8;4;10;3;2;1;35;38;0;0;0
34;2;9;13;4;3;1;4;0;55;38;0;0;1
30;2;11;9;4;2;1;2;1;46;38;0;0;0
38;2;9;13;0;9;4;2;0;45;38;1;0;1
45;5;11;9;5;0;3;4;0;40;38;0;0;0
45;1;7;12;0;9;4;4;0;48;38;0;0;0
31;2;12;14;0;7;1;3;0;30;38;0;0;0
39;1;7;12;2;0;5;4;0;20;38;0;0;1
37;2;7;12;0;12;1;4;0;40;38;0;0;0
43;2;11;9;2;6;0;4;1;40;25;0;0;0
65;4;14;15;4;9;1;4;1;60;38;1;0;0
43;5;15;10;0;0;2;4;0;40;38;0;0;0
43;4;15;10;2;2;0;4;1;50;38;0;0;0
32;2;0;6;2;5;0;0;1;40;38;0;0;0
43;2;8;11;2;11;0;4;1;45;38;0;0;0
32;2;12;14;4;12;1;1;1;11;35;0;0;0
53;2;12;14;2;3;0;4;1;40;38;0;0;1
22;2;15;10;4;10;1;4;1;40;38;0;0;0
27;2;7;12;2;12;5;4;0;38;38;0;0;0
40;2;11;9;2;6;0;4;1;40;38;0;0;1
58;2;11;9;6;0;4;4;0;40;38;0;0;0
22;2;11;9;4;0;3;4;1;20;38;0;0;0
52;3;11;9;2;3;5;4;0;40;38;1;0;1
